[{"address":"吉林省","access_date":"2017-01-11 11:32:23","account":"1***1","quantity":1,"handle_status":8,"order_type":"53","areaid":"220102","item_id":137},{"address":"云南省","access_date":"2017-01-11 11:32:23","account":"y***0","quantity":1,"handle_status":8,"order_type":"53","areaid":"530521","item_id":137},{"address":"陕西省","access_date":"2017-01-11 11:32:23","account":"t***8","quantity":1,"handle_status":8,"order_type":"53","areaid":"610113","item_id":137},{"address":"辽宁省","access_date":"2017-01-11 11:32:23","account":"1***8","quantity":1,"handle_status":8,"order_type":"53","areaid":"211004","item_id":137},{"address":"江西省","access_date":"2017-01-11 11:32:21","account":"张***稠","quantity":1,"handle_status":8,"order_type":"53","areaid":"360782","item_id":137},{"address":"辽宁省","access_date":"2017-01-11 11:32:21","account":"1***8","quantity":1,"handle_status":8,"order_type":"53","areaid":"210381","item_id":137},{"address":"江苏省","access_date":"2017-01-11 11:32:21","account":"y***i","quantity":1,"handle_status":8,"order_type":"53","areaid":"320114","item_id":137},{"address":"浙江省","access_date":"2017-01-11 11:32:21","account":"h***g","quantity":1,"handle_status":8,"order_type":"53","areaid":"330621","item_id":137},{"address":"四川省","access_date":"2017-01-11 11:32:21","account":"w***1","quantity":1,"handle_status":8,"order_type":"53","areaid":"511102","item_id":137},{"address":"江西省","access_date":"2017-01-11 11:32:21","account":"d***5","quantity":1,"handle_status":8,"order_type":"53","areaid":"361026","item_id":137},{"address":"江苏省","access_date":"2017-01-11 11:32:21","account":"1***2","quantity":1,"handle_status":8,"order_type":"53","areaid":"321101","item_id":137},{"address":"江苏省","access_date":"2017-01-11 11:32:21","account":"l***x","quantity":1,"handle_status":8,"order_type":"53","areaid":"320321","item_id":137},{"address":"黑龙江省","access_date":"2017-01-11 11:32:21","account":"1***5","quantity":1,"handle_status":8,"order_type":"53","areaid":"230126","item_id":137},{"address":"广东省","access_date":"2017-01-11 11:32:21","account":"1***6","quantity":1,"handle_status":8,"order_type":"53","areaid":"440307","item_id":137},{"address":"江苏省","access_date":"2017-01-11 11:32:20","account":"1***1","quantity":1,"handle_status":8,"order_type":"53","areaid":"321012","item_id":137},{"address":"山东省","access_date":"2017-01-11 11:32:20","account":"1***7","quantity":1,"handle_status":8,"order_type":"53","areaid":"370602","item_id":137},{"address":"江苏省","access_date":"2017-01-11 11:32:20","account":"1***0","quantity":1,"handle_status":8,"order_type":"53","areaid":"320281","item_id":137},{"address":"福建省","access_date":"2017-01-11 11:32:20","account":"1***8","quantity":1,"handle_status":8,"order_type":"53","areaid":"350525","item_id":137},{"address":"山东省","access_date":"2017-01-11 11:32:20","account":"l***4","quantity":1,"handle_status":8,"order_type":"53","areaid":"371721","item_id":137},{"address":"浙江省","access_date":"2017-01-11 11:32:20","account":"t***g","quantity":1,"handle_status":8,"order_type":"53","areaid":"330483","item_id":137},{"address":"辽宁省","access_date":"2017-01-11 11:32:20","account":"4***7","quantity":1,"handle_status":8,"order_type":"53","areaid":"210603","item_id":137},{"address":"安徽省","access_date":"2017-01-11 11:32:20","account":"九***生","quantity":1,"handle_status":8,"order_type":"53","areaid":"340124","item_id":137},{"address":"吉林省","access_date":"2017-01-11 11:32:20","account":"龚***革","quantity":1,"handle_status":8,"order_type":"53","areaid":"220106","item_id":137},{"address":"吉林省","access_date":"2017-01-11 11:32:18","account":"j***g","quantity":1,"handle_status":8,"order_type":"53","areaid":"220202","item_id":137},{"address":"广西壮族自治区","access_date":"2017-01-11 11:32:18","account":"p***r","quantity":1,"handle_status":8,"order_type":"53","areaid":"450103","item_id":137},{"address":"北京市","access_date":"2017-01-11 11:32:18","account":"8***3","quantity":1,"handle_status":8,"order_type":"53","areaid":"110106","item_id":137},{"address":"辽宁省","access_date":"2017-01-11 11:32:18","account":"1***4","quantity":1,"handle_status":8,"order_type":"53","areaid":"210381","item_id":137},{"address":"山东省","access_date":"2017-01-11 11:32:18","account":"1***9","quantity":1,"handle_status":8,"order_type":"53","areaid":"370202","item_id":137},{"address":"河北省","access_date":"2017-01-11 11:32:18","account":"青***春","quantity":1,"handle_status":8,"order_type":"53","areaid":"130302","item_id":137},{"address":"江苏省","access_date":"2017-01-11 11:32:18","account":"g***c","quantity":1,"handle_status":8,"order_type":"53","areaid":"320581","item_id":137},{"address":"北京市","access_date":"2017-01-11 11:32:18","account":"x***m","quantity":1,"handle_status":8,"order_type":"53","areaid":"110108","item_id":137},{"address":"江苏省","access_date":"2017-01-11 11:32:18","account":"刘***芬","quantity":1,"handle_status":8,"order_type":"53","areaid":"320506","item_id":137},{"address":"辽宁省","access_date":"2017-01-11 11:32:18","account":"w***5","quantity":1,"handle_status":8,"order_type":"53","areaid":"210402","item_id":137},{"address":"海南省","access_date":"2017-01-11 11:32:18","account":"j***2","quantity":1,"handle_status":8,"order_type":"53","areaid":"460106","item_id":137},{"address":"天津市","access_date":"2017-01-11 11:32:17","account":"1***0","quantity":1,"handle_status":8,"order_type":"53","areaid":"120104","item_id":137},{"address":"江苏省","access_date":"2017-01-11 11:32:17","account":"z***6","quantity":1,"handle_status":8,"order_type":"53","areaid":"320581","item_id":137},{"address":"江苏省","access_date":"2017-01-11 11:32:17","account":"y***9","quantity":1,"handle_status":8,"order_type":"53","areaid":"321282","item_id":137},{"address":"浙江省","access_date":"2017-01-11 11:32:17","account":"1***7","quantity":1,"handle_status":8,"order_type":"53","areaid":"330381","item_id":137},{"address":"重庆市","access_date":"2017-01-11 11:32:17","account":"h***3","quantity":1,"handle_status":8,"order_type":"53","areaid":"500103","item_id":137},{"address":"山东省","access_date":"2017-01-11 11:32:17","account":"g***m","quantity":1,"handle_status":8,"order_type":"53","areaid":"370523","item_id":137},{"address":"四川省","access_date":"2017-01-11 11:32:17","account":"h***d","quantity":1,"handle_status":8,"order_type":"53","areaid":"513401","item_id":137},{"address":"浙江省","access_date":"2017-01-11 11:32:17","account":"1***3","quantity":1,"handle_status":8,"order_type":"53","areaid":"330682","item_id":137},{"address":"浙江省","access_date":"2017-01-11 11:32:17","account":"历***中","quantity":1,"handle_status":8,"order_type":"53","areaid":"330302","item_id":137},{"address":"北京市","access_date":"2017-01-11 11:32:17","account":"英***娇","quantity":1,"handle_status":8,"order_type":"53","areaid":"110105","item_id":137},{"address":"浙江省","access_date":"2017-01-11 11:32:15","account":"1***8","quantity":1,"handle_status":8,"order_type":"53","areaid":"330483","item_id":137},{"address":"江苏省","access_date":"2017-01-11 11:32:15","account":"z***8","quantity":1,"handle_status":8,"order_type":"53","areaid":"321202","item_id":137},{"address":"辽宁省","access_date":"2017-01-11 11:32:15","account":"我***福","quantity":1,"handle_status":8,"order_type":"53","areaid":"210602","item_id":137},{"address":"陕西省","access_date":"2017-01-11 11:32:15","account":"z***6","quantity":1,"handle_status":8,"order_type":"53","areaid":"610126","item_id":137},{"address":"黑龙江省","access_date":"2017-01-11 11:32:15","account":"王***6","quantity":1,"handle_status":8,"order_type":"53","areaid":"230104","item_id":137},{"address":"湖南省","access_date":"2017-01-11 11:32:15","account":"w***8","quantity":1,"handle_status":8,"order_type":"53","areaid":"431202","item_id":137},{"address":"上海市","access_date":"2017-01-11 11:32:14","account":"谭***环","quantity":1,"handle_status":8,"order_type":"53","areaid":"310115","item_id":137},{"address":"河北省","access_date":"2017-01-11 11:32:14","account":"g***0","quantity":1,"handle_status":8,"order_type":"53","areaid":"130603","item_id":137},{"address":"江苏省","access_date":"2017-01-11 11:32:14","account":"高***日","quantity":1,"handle_status":8,"order_type":"53","areaid":"320582","item_id":137},{"address":"辽宁省","access_date":"2017-01-11 11:32:14","account":"我***7","quantity":1,"handle_status":8,"order_type":"53","areaid":"210105","item_id":137},{"address":"江西省","access_date":"2017-01-11 11:32:14","account":"1***9","quantity":1,"handle_status":8,"order_type":"53","areaid":"361026","item_id":137},{"address":"山东省","access_date":"2017-01-11 11:32:14","account":"q***w","quantity":1,"handle_status":8,"order_type":"53","areaid":"371323","item_id":137},{"address":"浙江省","access_date":"2017-01-11 11:32:14","account":"1***1","quantity":1,"handle_status":8,"order_type":"53","areaid":"330602","item_id":137},{"address":"浙江省","access_date":"2017-01-11 11:32:14","account":"懒***人","quantity":1,"handle_status":8,"order_type":"53","areaid":"330106","item_id":137},{"address":"北京市","access_date":"2017-01-11 11:32:12","account":"1***1","quantity":1,"handle_status":8,"order_type":"53","areaid":"110229","item_id":137},{"address":"江苏省","access_date":"2017-01-11 11:32:12","account":"h***i","quantity":1,"handle_status":8,"order_type":"53","areaid":"320102","item_id":137},{"address":"湖南省","access_date":"2017-01-11 11:32:12","account":"1***4","quantity":1,"handle_status":8,"order_type":"53","areaid":"430524","item_id":137},{"address":"上海市","access_date":"2017-01-11 11:32:12","account":"j***7","quantity":1,"handle_status":8,"order_type":"53","areaid":"310115","item_id":137},{"address":"广东省","access_date":"2017-01-11 11:32:12","account":"1***4","quantity":1,"handle_status":8,"order_type":"53","areaid":"440303","item_id":137},{"address":"江西省","access_date":"2017-01-11 11:32:12","account":"w***g","quantity":1,"handle_status":8,"order_type":"53","areaid":"361128","item_id":137},{"address":"广东省","access_date":"2017-01-11 11:32:12","account":"8***0","quantity":1,"handle_status":8,"order_type":"53","areaid":"440306","item_id":137},{"address":"新疆维吾尔自治区","access_date":"2017-01-11 11:32:12","account":"l***8","quantity":1,"handle_status":8,"order_type":"53","areaid":"652201","item_id":137},{"address":"云南省","access_date":"2017-01-11 11:32:12","account":"l***1","quantity":1,"handle_status":8,"order_type":"53","areaid":"530502","item_id":137},{"address":"吉林省","access_date":"2017-01-11 11:32:12","account":"h***3","quantity":1,"handle_status":8,"order_type":"53","areaid":"220303","item_id":137},{"address":"山东省","access_date":"2017-01-11 11:32:11","account":"l***g","quantity":1,"handle_status":8,"order_type":"53","areaid":"371302","item_id":137},{"address":"湖北省","access_date":"2017-01-11 11:32:11","account":"1***6","quantity":1,"handle_status":8,"order_type":"53","areaid":"421201","item_id":137},{"address":"辽宁省","access_date":"2017-01-11 11:32:11","account":"w***1","quantity":1,"handle_status":8,"order_type":"53","areaid":"210702","item_id":137},{"address":"福建省","access_date":"2017-01-11 11:32:11","account":"e***6","quantity":1,"handle_status":8,"order_type":"53","areaid":"350503","item_id":137},{"address":"陕西省","access_date":"2017-01-11 11:32:10","account":"z***p","quantity":1,"handle_status":8,"order_type":"53","areaid":"610113","item_id":137},{"address":"四川省","access_date":"2017-01-11 11:32:10","account":"x***3","quantity":1,"handle_status":8,"order_type":"53","areaid":"511302","item_id":137},{"address":"辽宁省","access_date":"2017-01-11 11:32:10","account":"1***9","quantity":1,"handle_status":8,"order_type":"53","areaid":"211002","item_id":137},{"address":"北京市","access_date":"2017-01-11 11:32:10","account":"s***u","quantity":1,"handle_status":8,"order_type":"53","areaid":"110105","item_id":137},{"address":"山东省","access_date":"2017-01-11 11:32:10","account":"g***r","quantity":1,"handle_status":8,"order_type":"53","areaid":"370213","item_id":137},{"address":"江苏省","access_date":"2017-01-11 11:32:10","account":"郑***泳","quantity":1,"handle_status":8,"order_type":"53","areaid":"320706","item_id":137},{"address":"浙江省","access_date":"2017-01-11 11:32:09","account":"史***安","quantity":1,"handle_status":8,"order_type":"53","areaid":"330324","item_id":137},{"address":"福建省","access_date":"2017-01-11 11:32:09","account":"e***g","quantity":1,"handle_status":8,"order_type":"53","areaid":"350104","item_id":137},{"address":"河南省","access_date":"2017-01-11 11:32:09","account":"李***9","quantity":1,"handle_status":8,"order_type":"53","areaid":"410105","item_id":137},{"address":"浙江省","access_date":"2017-01-11 11:32:09","account":"m***y","quantity":1,"handle_status":8,"order_type":"53","areaid":"330283","item_id":137},{"address":"云南省","access_date":"2017-01-11 11:32:09","account":"z***1","quantity":1,"handle_status":8,"order_type":"53","areaid":"530501","item_id":137},{"address":"重庆市","access_date":"2017-01-11 11:32:09","account":"1***2","quantity":1,"handle_status":8,"order_type":"53","areaid":"500107","item_id":137},{"address":"辽宁省","access_date":"2017-01-11 11:32:09","account":"u***9","quantity":1,"handle_status":8,"order_type":"53","areaid":"210111","item_id":137},{"address":"北京市","access_date":"2017-01-11 11:32:07","account":"龙***跃","quantity":1,"handle_status":8,"order_type":"53","areaid":"110108","item_id":137},{"address":"广西壮族自治区","access_date":"2017-01-11 11:32:07","account":"1***0","quantity":1,"handle_status":8,"order_type":"53","areaid":"450302","item_id":137},{"address":"山西省","access_date":"2017-01-11 11:32:07","account":"1***0","quantity":1,"handle_status":8,"order_type":"53","areaid":"140202","item_id":137},{"address":"新疆维吾尔自治区","access_date":"2017-01-11 11:32:07","account":"a***0","quantity":1,"handle_status":8,"order_type":"53","areaid":"650203","item_id":137},{"address":"上海市","access_date":"2017-01-11 11:32:07","account":"a***o","quantity":1,"handle_status":8,"order_type":"53","areaid":"310115","item_id":137},{"address":"浙江省","access_date":"2017-01-11 11:32:07","account":"姜***萍","quantity":1,"handle_status":8,"order_type":"53","areaid":"330302","item_id":137},{"address":"河北省","access_date":"2017-01-11 11:32:07","account":"1***6","quantity":1,"handle_status":8,"order_type":"53","areaid":"130603","item_id":137},{"address":"山东省","access_date":"2017-01-11 11:32:07","account":"未***好","quantity":1,"handle_status":8,"order_type":"53","areaid":"371324","item_id":137},{"address":"上海市","access_date":"2017-01-11 11:32:07","account":"j***i","quantity":1,"handle_status":8,"order_type":"53","areaid":"310114","item_id":137},{"address":"北京市","access_date":"2017-01-11 11:32:07","account":"c***t","quantity":1,"handle_status":8,"order_type":"53","areaid":"110105","item_id":137},{"address":"内蒙古自治区","access_date":"2017-01-11 11:32:07","account":"g***u","quantity":1,"handle_status":8,"order_type":"53","areaid":"150105","item_id":137},{"address":"湖南省","access_date":"2017-01-11 11:32:06","account":"代***恒","quantity":1,"handle_status":8,"order_type":"53","areaid":"431102","item_id":137},{"address":"江西省","access_date":"2017-01-11 11:32:06","account":"1***0","quantity":1,"handle_status":8,"order_type":"53","areaid":"360103","item_id":137},{"address":"江苏省","access_date":"2017-01-11 11:32:06","account":"唯***0","quantity":1,"handle_status":8,"order_type":"53","areaid":"320506","item_id":137},{"address":"广东省","access_date":"2017-01-11 11:32:06","account":"不***喝","quantity":1,"handle_status":8,"order_type":"53","areaid":"440307","item_id":137},{"address":"黑龙江省","access_date":"2017-01-11 11:32:06","account":"1***6","quantity":1,"handle_status":8,"order_type":"53","areaid":"230103","item_id":137},{"address":"浙江省","access_date":"2017-01-11 11:32:06","account":"y***1","quantity":1,"handle_status":8,"order_type":"53","areaid":"330205","item_id":137},{"address":"四川省","access_date":"2017-01-11 11:32:06","account":"钱***移","quantity":1,"handle_status":8,"order_type":"53","areaid":"510107","item_id":137},{"address":"江苏省","access_date":"2017-01-11 11:32:06","account":"1***7","quantity":1,"handle_status":8,"order_type":"53","areaid":"320506","item_id":137},{"address":"山东省","access_date":"2017-01-11 11:32:06","account":"w***7","quantity":1,"handle_status":8,"order_type":"53","areaid":"371302","item_id":137},{"address":"福建省","access_date":"2017-01-11 11:32:06","account":"初***者","quantity":1,"handle_status":8,"order_type":"53","areaid":"350981","item_id":137},{"address":"安徽省","access_date":"2017-01-11 11:32:06","account":"q***7","quantity":1,"handle_status":8,"order_type":"53","areaid":"341221","item_id":137},{"address":"江苏省","access_date":"2017-01-11 11:32:06","account":"S***2","quantity":1,"handle_status":8,"order_type":"53","areaid":"321322","item_id":137},{"address":"广东省","access_date":"2017-01-11 11:32:06","account":"喵***喵","quantity":1,"handle_status":8,"order_type":"53","areaid":"440513","item_id":137},{"address":"上海市","access_date":"2017-01-11 11:32:06","account":"s***8","quantity":1,"handle_status":8,"order_type":"53","areaid":"310120","item_id":137},{"address":"山东省","access_date":"2017-01-11 11:32:06","account":"t***8","quantity":1,"handle_status":8,"order_type":"53","areaid":"371081","item_id":137},{"address":"山西省","access_date":"2017-01-11 11:32:06","account":"1***6","quantity":1,"handle_status":8,"order_type":"53","areaid":"140303","item_id":137},{"address":"上海市","access_date":"2017-01-11 11:32:06","account":"1***5","quantity":1,"handle_status":8,"order_type":"53","areaid":"310115","item_id":137},{"address":"上海市","access_date":"2017-01-11 11:32:06","account":"1***2","quantity":1,"handle_status":8,"order_type":"53","areaid":"310115","item_id":137},{"address":"山东省","access_date":"2017-01-11 11:32:06","account":"s***f","quantity":1,"handle_status":8,"order_type":"53","areaid":"371082","item_id":137},{"address":"山西省","access_date":"2017-01-11 11:32:05","account":"1***9","quantity":1,"handle_status":8,"order_type":"53","areaid":"140502","item_id":137},{"address":"云南省","access_date":"2017-01-11 11:32:05","account":"w***6","quantity":1,"handle_status":8,"order_type":"53","areaid":"530102","item_id":137},{"address":"江苏省","access_date":"2017-01-11 11:32:05","account":"b***n","quantity":1,"handle_status":8,"order_type":"53","areaid":"320105","item_id":137},{"address":"辽宁省","access_date":"2017-01-11 11:32:05","account":"z***1","quantity":1,"handle_status":8,"order_type":"53","areaid":"210112","item_id":137},{"address":"江西省","access_date":"2017-01-11 11:32:05","account":"l***h","quantity":1,"handle_status":8,"order_type":"53","areaid":"361128","item_id":137},{"address":"辽宁省","access_date":"2017-01-11 11:32:05","account":"1***0","quantity":1,"handle_status":8,"order_type":"53","areaid":"210411","item_id":137},{"address":"江苏省","access_date":"2017-01-11 11:32:05","account":"l***i","quantity":1,"handle_status":8,"order_type":"53","areaid":"321302","item_id":137},{"address":"江苏省","access_date":"2017-01-11 11:32:05","account":"t***1","quantity":1,"handle_status":8,"order_type":"53","areaid":"320585","item_id":137},{"address":"湖北省","access_date":"2017-01-11 11:32:05","account":"张***珍","quantity":1,"handle_status":8,"order_type":"53","areaid":"421281","item_id":137},{"address":"黑龙江省","access_date":"2017-01-11 11:32:04","account":"c***5","quantity":1,"handle_status":8,"order_type":"53","areaid":"230602","item_id":137},{"address":"四川省","access_date":"2017-01-11 11:32:04","account":"红***梦","quantity":1,"handle_status":8,"order_type":"53","areaid":"510107","item_id":137},{"address":"江苏省","access_date":"2017-01-11 11:32:04","account":"1***0","quantity":1,"handle_status":8,"order_type":"53","areaid":"320404","item_id":137},{"address":"河南省","access_date":"2017-01-11 11:32:04","account":"古***姚","quantity":1,"handle_status":8,"order_type":"53","areaid":"411526","item_id":137},{"address":"重庆市","access_date":"2017-01-11 11:32:04","account":"1***3","quantity":1,"handle_status":8,"order_type":"53","areaid":"500117","item_id":137},{"address":"上海市","access_date":"2017-01-11 11:32:04","account":"张***3","quantity":1,"handle_status":8,"order_type":"53","areaid":"310115","item_id":137},{"address":"山东省","access_date":"2017-01-11 11:32:04","account":"x***0","quantity":1,"handle_status":8,"order_type":"53","areaid":"371724","item_id":137},{"address":"浙江省","access_date":"2017-01-11 11:32:03","account":"m***d","quantity":1,"handle_status":8,"order_type":"53","areaid":"330802","item_id":137},{"address":"上海市","access_date":"2017-01-11 11:32:03","account":"1***7","quantity":1,"handle_status":8,"order_type":"53","areaid":"310115","item_id":137},{"address":"河北省","access_date":"2017-01-11 11:32:03","account":"1***0","quantity":1,"handle_status":8,"order_type":"53","areaid":"130102","item_id":137},{"address":"天津市","access_date":"2017-01-11 11:32:03","account":"金***币","quantity":1,"handle_status":8,"order_type":"53","areaid":"120104","item_id":137},{"address":"天津市","access_date":"2017-01-11 11:32:03","account":"f***8","quantity":1,"handle_status":8,"order_type":"53","areaid":"120101","item_id":137},{"address":"云南省","access_date":"2017-01-11 11:32:03","account":"涂***红","quantity":1,"handle_status":8,"order_type":"53","areaid":"530502","item_id":137},{"address":"河南省","access_date":"2017-01-11 11:32:03","account":"1***6","quantity":1,"handle_status":8,"order_type":"53","areaid":"411526","item_id":137},{"address":"福建省","access_date":"2017-01-11 11:32:03","account":"俞***钦","quantity":1,"handle_status":8,"order_type":"53","areaid":"350802","item_id":137},{"address":"湖北省","access_date":"2017-01-11 11:32:03","account":"刘***朋","quantity":1,"handle_status":8,"order_type":"53","areaid":"420103","item_id":137},{"address":"黑龙江省","access_date":"2017-01-11 11:32:03","account":"w***3","quantity":1,"handle_status":8,"order_type":"53","areaid":"230522","item_id":137},{"address":"安徽省","access_date":"2017-01-11 11:32:02","account":"a***s","quantity":1,"handle_status":8,"order_type":"53","areaid":"340302","item_id":137},{"address":"江苏省","access_date":"2017-01-11 11:32:02","account":"大***8","quantity":1,"handle_status":8,"order_type":"53","areaid":"320506","item_id":137},{"address":"山东省","access_date":"2017-01-11 11:32:02","account":"c***5","quantity":1,"handle_status":8,"order_type":"53","areaid":"370481","item_id":137},{"address":"广东省","access_date":"2017-01-11 11:32:01","account":"隐***夫","quantity":1,"handle_status":8,"order_type":"53","areaid":"441226","item_id":137},{"address":"云南省","access_date":"2017-01-11 11:32:01","account":"l***8","quantity":1,"handle_status":8,"order_type":"53","areaid":"530502","item_id":137},{"address":"山西省","access_date":"2017-01-11 11:32:01","account":"a***5","quantity":1,"handle_status":8,"order_type":"53","areaid":"141001","item_id":137},{"address":"湖南省","access_date":"2017-01-11 11:32:01","account":"1***1","quantity":1,"handle_status":8,"order_type":"53","areaid":"431002","item_id":137},{"address":"辽宁省","access_date":"2017-01-11 11:32:01","account":"g***3","quantity":1,"handle_status":8,"order_type":"53","areaid":"211302","item_id":137},{"address":"北京市","access_date":"2017-01-11 11:32:01","account":"1***6","quantity":1,"handle_status":8,"order_type":"53","areaid":"110102","item_id":137},{"address":"湖北省","access_date":"2017-01-11 11:32:01","account":"l***2","quantity":1,"handle_status":8,"order_type":"53","areaid":"422801","item_id":137},{"address":"江苏省","access_date":"2017-01-11 11:32:00","account":"C***6","quantity":1,"handle_status":8,"order_type":"53","areaid":"320114","item_id":137},{"address":"浙江省","access_date":"2017-01-11 11:32:00","account":"圆***8","quantity":1,"handle_status":8,"order_type":"53","areaid":"330281","item_id":137},{"address":"安徽省","access_date":"2017-01-11 11:32:00","account":"1***5","quantity":1,"handle_status":8,"order_type":"53","areaid":"340403","item_id":137},{"address":"四川省","access_date":"2017-01-11 11:32:00","account":"h***7","quantity":1,"handle_status":8,"order_type":"53","areaid":"510923","item_id":137},{"address":"江苏省","access_date":"2017-01-11 11:32:00","account":"s***m","quantity":1,"handle_status":8,"order_type":"53","areaid":"320104","item_id":137},{"address":"山东省","access_date":"2017-01-11 11:32:00","account":"d***y","quantity":1,"handle_status":8,"order_type":"53","areaid":"370782","item_id":137},{"address":"安徽省","access_date":"2017-01-11 11:31:59","account":"h***5","quantity":1,"handle_status":8,"order_type":"53","areaid":"340104","item_id":137},{"address":"北京市","access_date":"2017-01-11 11:31:59","account":"0***5","quantity":1,"handle_status":8,"order_type":"53","areaid":"110102","item_id":137},{"address":"江西省","access_date":"2017-01-11 11:31:59","account":"f***0","quantity":1,"handle_status":8,"order_type":"53","areaid":"361121","item_id":137},{"address":"上海市","access_date":"2017-01-11 11:31:59","account":"q***o","quantity":1,"handle_status":8,"order_type":"53","areaid":"310115","item_id":137},{"address":"山西省","access_date":"2017-01-11 11:31:59","account":"n***0","quantity":1,"handle_status":8,"order_type":"53","areaid":"140202","item_id":137},{"address":"河南省","access_date":"2017-01-11 11:31:59","account":"1***1","quantity":1,"handle_status":8,"order_type":"53","areaid":"411281","item_id":137},{"address":"湖北省","access_date":"2017-01-11 11:31:59","account":"1***9","quantity":1,"handle_status":8,"order_type":"53","areaid":"420103","item_id":137},{"address":"广东省","access_date":"2017-01-11 11:31:59","account":"1***2","quantity":1,"handle_status":8,"order_type":"53","areaid":"440104","item_id":137},{"address":"江苏省","access_date":"2017-01-11 11:31:59","account":"尐***丷","quantity":1,"handle_status":8,"order_type":"53","areaid":"320506","item_id":137},{"address":"天津市","access_date":"2017-01-11 11:31:57","account":"s***4","quantity":1,"handle_status":8,"order_type":"53","areaid":"120116","item_id":137},{"address":"河北省","access_date":"2017-01-11 11:31:57","account":"l***8","quantity":1,"handle_status":8,"order_type":"53","areaid":"130502","item_id":137},{"address":"山东省","access_date":"2017-01-11 11:31:57","account":"1***1","quantity":1,"handle_status":8,"order_type":"53","areaid":"370213","item_id":137},{"address":"重庆市","access_date":"2017-01-11 11:31:57","account":"l***9","quantity":1,"handle_status":8,"order_type":"53","areaid":"500102","item_id":137},{"address":"上海市","access_date":"2017-01-11 11:31:57","account":"1***6","quantity":1,"handle_status":8,"order_type":"53","areaid":"310114","item_id":137},{"address":"上海市","access_date":"2017-01-11 11:31:57","account":"张***燕","quantity":1,"handle_status":8,"order_type":"53","areaid":"310114","item_id":137},{"address":"湖北省","access_date":"2017-01-11 11:31:57","account":"陈***币","quantity":1,"handle_status":8,"order_type":"53","areaid":"420103","item_id":137},{"address":"天津市","access_date":"2017-01-11 11:31:57","account":"m***y","quantity":1,"handle_status":8,"order_type":"53","areaid":"120104","item_id":137},{"address":"贵州省","access_date":"2017-01-11 11:31:56","account":"s***4","quantity":1,"handle_status":8,"order_type":"53","areaid":"520115","item_id":137},{"address":"广东省","access_date":"2017-01-11 11:31:56","account":"1***8","quantity":1,"handle_status":8,"order_type":"53","areaid":"440113","item_id":137},{"address":"北京市","access_date":"2017-01-11 11:31:56","account":"f***1","quantity":1,"handle_status":8,"order_type":"53","areaid":"110105","item_id":137},{"address":"内蒙古自治区","access_date":"2017-01-11 11:31:56","account":"a***1","quantity":1,"handle_status":8,"order_type":"53","areaid":"150204","item_id":137},{"address":"山东省","access_date":"2017-01-11 11:31:56","account":"1***8","quantity":1,"handle_status":8,"order_type":"53","areaid":"370202","item_id":137},{"address":"上海市","access_date":"2017-01-11 11:31:56","account":"1***3","quantity":1,"handle_status":8,"order_type":"53","areaid":"310115","item_id":137},{"address":"山东省","access_date":"2017-01-11 11:31:56","account":"w***1","quantity":1,"handle_status":8,"order_type":"53","areaid":"370602","item_id":137},{"address":"江苏省","access_date":"2017-01-11 11:31:56","account":"w***6","quantity":1,"handle_status":8,"order_type":"53","areaid":"320583","item_id":137},{"address":"河北省","access_date":"2017-01-11 11:31:56","account":"S***6","quantity":1,"handle_status":8,"order_type":"53","areaid":"130705","item_id":137},{"address":"广东省","access_date":"2017-01-11 11:31:56","account":"团***2","quantity":1,"handle_status":8,"order_type":"53","areaid":"440513","item_id":137},{"address":"广东省","access_date":"2017-01-11 11:31:54","account":"1***b","quantity":1,"handle_status":8,"order_type":"53","areaid":"440104","item_id":137},{"address":"湖北省","access_date":"2017-01-11 11:31:54","account":"1***0","quantity":1,"handle_status":8,"order_type":"53","areaid":"420103","item_id":137},{"address":"湖南省","access_date":"2017-01-11 11:31:54","account":"四***天","quantity":1,"handle_status":8,"order_type":"53","areaid":"431022","item_id":137},{"address":"上海市","access_date":"2017-01-11 11:31:54","account":"j***8","quantity":1,"handle_status":8,"order_type":"53","areaid":"310110","item_id":137},{"address":"江苏省","access_date":"2017-01-11 11:31:54","account":"c***5","quantity":1,"handle_status":8,"order_type":"53","areaid":"320506","item_id":137}]