[{"address":"福建省","access_date":"2015-10-14 10:39:58","account":"0***9","quantity":2,"handle_status":8,"order_type":"2","areaid":"350302","item_id":32},{"address":"湖南省","access_date":"2015-10-14 09:39:01","account":"x***e","quantity":1,"handle_status":8,"order_type":"2","areaid":"430302","item_id":32},{"address":"山西省","access_date":"2015-10-13 14:59:25","account":"丁***丁","quantity":2,"handle_status":8,"order_type":"2","areaid":"140421","item_id":32},{"address":"浙江省","access_date":"2015-10-09 12:29:37","account":"懒***网","quantity":1,"handle_status":8,"order_type":"2","areaid":"330282","item_id":32},{"address":"福建省","access_date":"2015-09-30 10:58:05","account":"p***3","quantity":4,"handle_status":8,"order_type":"2","areaid":"350525","item_id":32},{"address":"北京市","access_date":"2015-08-19 11:10:05","account":"w***i","quantity":1,"handle_status":8,"order_type":"2","areaid":"110102","item_id":32}]