[{"address":"浙江省","access_date":"2017-04-08 10:44:35","account":"j***w","quantity":1,"handle_status":5,"order_type":"2","areaid":"330327","item_id":126},{"address":"广东省","access_date":"2017-04-07 10:45:59","account":"平***5","quantity":1,"handle_status":5,"order_type":"2","areaid":"ff8080814cd0d0f4014cd571e2a50002","item_id":126},{"address":"天津市","access_date":"2017-04-06 12:37:30","account":"z***g","quantity":1,"handle_status":5,"order_type":"2","areaid":"120116","item_id":126},{"address":"新疆维吾尔自治区","access_date":"2017-04-06 11:26:50","account":"心***怡","quantity":1,"handle_status":5,"order_type":"2","areaid":"652901","item_id":126},{"address":"安徽省","access_date":"2017-04-05 13:54:44","account":"花***猫","quantity":1,"handle_status":5,"order_type":"2","areaid":"341503","item_id":126},{"address":"广东省","access_date":"2017-03-19 12:35:08","account":"无***终","quantity":1,"handle_status":8,"order_type":"2","areaid":"ff8080814cd0d0f4014cd571e2a50002","item_id":126},{"address":"北京市","access_date":"2017-03-19 11:15:30","account":"1***0","quantity":1,"handle_status":8,"order_type":"2","areaid":"110111","item_id":126},{"address":"四川省","access_date":"2017-03-18 09:35:00","account":"周***东","quantity":1,"handle_status":8,"order_type":"2","areaid":"511824","item_id":126},{"address":"江苏省","access_date":"2017-03-17 14:39:00","account":"Q***子","quantity":1,"handle_status":8,"order_type":"2","areaid":"320211","item_id":126},{"address":"江苏省","access_date":"2017-03-17 12:08:54","account":"世***影","quantity":1,"handle_status":8,"order_type":"2","areaid":"321323","item_id":126},{"address":"浙江省","access_date":"2017-03-17 10:34:21","account":"我***钱","quantity":1,"handle_status":8,"order_type":"2","areaid":"330327","item_id":126},{"address":"陕西省","access_date":"2017-03-17 10:22:16","account":"N***军","quantity":1,"handle_status":8,"order_type":"2","areaid":"610927","item_id":126},{"address":"北京市","access_date":"2017-03-15 11:28:52","account":"拼***郎","quantity":1,"handle_status":8,"order_type":"2","areaid":"110112","item_id":126},{"address":"上海市","access_date":"2017-03-15 10:11:25","account":"h***8","quantity":1,"handle_status":8,"order_type":"2","areaid":"310104","item_id":126},{"address":"甘肃省","access_date":"2017-03-13 16:09:42","account":"1***3","quantity":1,"handle_status":8,"order_type":"2","areaid":"621022","item_id":126},{"address":"辽宁省","access_date":"2017-03-13 14:06:04","account":"d***0","quantity":1,"handle_status":8,"order_type":"2","areaid":"211481","item_id":126},{"address":"北京市","access_date":"2017-03-13 13:41:17","account":"m***a","quantity":1,"handle_status":8,"order_type":"2","areaid":"110101","item_id":126},{"address":"广东省","access_date":"2017-03-13 11:14:21","account":"蔡***新","quantity":1,"handle_status":8,"order_type":"2","areaid":"445102","item_id":126},{"address":"山西省","access_date":"2017-03-13 10:23:53","account":"1***0","quantity":1,"handle_status":8,"order_type":"2","areaid":"140202","item_id":126},{"address":"甘肃省","access_date":"2017-03-13 09:38:34","account":"岷***3","quantity":1,"handle_status":8,"order_type":"2","areaid":"621126","item_id":126},{"address":"广东省","access_date":"2017-03-11 10:23:18","account":"1***8","quantity":1,"handle_status":8,"order_type":"2","areaid":"440111","item_id":126},{"address":"重庆市","access_date":"2017-03-09 13:15:28","account":"i***h","quantity":1,"handle_status":8,"order_type":"2","areaid":"500108","item_id":126},{"address":"浙江省","access_date":"2017-03-08 10:54:48","account":"1***8","quantity":1,"handle_status":8,"order_type":"2","areaid":"330424","item_id":126},{"address":"陕西省","access_date":"2017-03-04 12:48:00","account":"1***0","quantity":1,"handle_status":8,"order_type":"2","areaid":"610102","item_id":126},{"address":"北京市","access_date":"2017-03-03 12:32:46","account":"w***m","quantity":2,"handle_status":8,"order_type":"2","areaid":"110102","item_id":126},{"address":"广东省","access_date":"2017-03-02 14:27:32","account":"j***f","quantity":1,"handle_status":8,"order_type":"2","areaid":"ff8080814cd0d0f4014cd571e2a50002","item_id":126},{"address":"北京市","access_date":"2017-03-02 12:56:00","account":"1***7","quantity":1,"handle_status":8,"order_type":"2","areaid":"110102","item_id":126},{"address":"北京市","access_date":"2017-03-02 12:06:31","account":"1***6","quantity":1,"handle_status":8,"order_type":"2","areaid":"110105","item_id":126},{"address":"内蒙古自治区","access_date":"2017-03-01 16:05:55","account":"1***2","quantity":1,"handle_status":8,"order_type":"2","areaid":"150923","item_id":126},{"address":"浙江省","access_date":"2017-03-01 14:11:30","account":"p***n","quantity":1,"handle_status":8,"order_type":"2","areaid":"330482","item_id":126},{"address":"广东省","access_date":"2017-03-01 09:31:26","account":"l***t","quantity":1,"handle_status":8,"order_type":"2","areaid":"440104","item_id":126},{"address":"山西省","access_date":"2017-02-27 10:43:44","account":"c***k","quantity":1,"handle_status":8,"order_type":"2","areaid":"140802","item_id":126},{"address":"陕西省","access_date":"2017-02-25 16:10:18","account":"黎***鳕","quantity":1,"handle_status":8,"order_type":"2","areaid":"610113","item_id":126},{"address":"陕西省","access_date":"2017-02-25 15:48:10","account":"几***扬","quantity":1,"handle_status":8,"order_type":"2","areaid":"610113","item_id":126},{"address":"湖南省","access_date":"2017-02-25 09:43:59","account":"z***i","quantity":1,"handle_status":8,"order_type":"2","areaid":"430626","item_id":126},{"address":"陕西省","access_date":"2017-02-24 16:28:02","account":"黎***鳕","quantity":1,"handle_status":8,"order_type":"2","areaid":"610113","item_id":126},{"address":"山东省","access_date":"2017-02-24 11:27:02","account":"王***1","quantity":1,"handle_status":8,"order_type":"2","areaid":"371102","item_id":126},{"address":"山西省","access_date":"2017-02-24 10:57:56","account":"1***8","quantity":1,"handle_status":8,"order_type":"2","areaid":"140203","item_id":126},{"address":"江苏省","access_date":"2017-02-24 10:49:07","account":"1***8","quantity":1,"handle_status":8,"order_type":"2","areaid":"320381","item_id":126},{"address":"北京市","access_date":"2017-02-24 10:16:12","account":"1***7","quantity":1,"handle_status":8,"order_type":"2","areaid":"110105","item_id":126},{"address":"北京市","access_date":"2017-02-24 10:15:12","account":"1***8","quantity":1,"handle_status":8,"order_type":"2","areaid":"110115","item_id":126},{"address":"贵州省","access_date":"2017-02-24 10:02:34","account":"h***r","quantity":1,"handle_status":8,"order_type":"2","areaid":"520423","item_id":126},{"address":"上海市","access_date":"2017-02-24 09:47:16","account":"s***i","quantity":1,"handle_status":8,"order_type":"2","areaid":"310106","item_id":126},{"address":"辽宁省","access_date":"2017-02-23 14:04:48","account":"G***9","quantity":1,"handle_status":8,"order_type":"2","areaid":"210503","item_id":126},{"address":"四川省","access_date":"2017-02-23 12:43:13","account":"h***g","quantity":1,"handle_status":8,"order_type":"2","areaid":"510115","item_id":126},{"address":"广东省","access_date":"2017-02-22 15:35:25","account":"h***0","quantity":1,"handle_status":8,"order_type":"2","areaid":"440306","item_id":126},{"address":"江苏省","access_date":"2017-02-22 15:24:59","account":"y***7","quantity":1,"handle_status":8,"order_type":"2","areaid":"321002","item_id":126},{"address":"内蒙古自治区","access_date":"2017-02-22 14:48:04","account":"w***8","quantity":1,"handle_status":8,"order_type":"2","areaid":"150123","item_id":126},{"address":"湖北省","access_date":"2017-02-22 11:46:35","account":"唐***海","quantity":5,"handle_status":8,"order_type":"2","areaid":"420302","item_id":126},{"address":"湖南省","access_date":"2017-02-21 13:59:34","account":"y***n","quantity":1,"handle_status":8,"order_type":"2","areaid":"430528","item_id":126},{"address":"辽宁省","access_date":"2017-02-21 10:24:05","account":"G***9","quantity":1,"handle_status":8,"order_type":"2","areaid":"210503","item_id":126},{"address":"江苏省","access_date":"2017-02-20 11:12:28","account":"l***0","quantity":1,"handle_status":8,"order_type":"2","areaid":"320981","item_id":126},{"address":"广西壮族自治区","access_date":"2017-02-20 10:22:00","account":"阿***0","quantity":1,"handle_status":8,"order_type":"2","areaid":"450205","item_id":126},{"address":"山东省","access_date":"2017-02-17 15:35:03","account":"g***g","quantity":1,"handle_status":8,"order_type":"2","areaid":"370202","item_id":126},{"address":"内蒙古自治区","access_date":"2017-02-17 13:52:29","account":"1***2","quantity":1,"handle_status":8,"order_type":"2","areaid":"150923","item_id":126},{"address":"云南省","access_date":"2017-02-16 11:39:22","account":"w***8","quantity":1,"handle_status":8,"order_type":"2","areaid":"530103","item_id":126},{"address":"广东省","access_date":"2017-02-16 09:48:10","account":"z***9","quantity":2,"handle_status":8,"order_type":"2","areaid":"440507","item_id":126},{"address":"宁夏回族自治区","access_date":"2017-02-14 16:01:02","account":"l***8","quantity":1,"handle_status":8,"order_type":"2","areaid":"640106","item_id":126},{"address":"浙江省","access_date":"2017-02-14 15:13:24","account":"1***7","quantity":1,"handle_status":8,"order_type":"2","areaid":"330109","item_id":126},{"address":"福建省","access_date":"2017-02-14 15:10:41","account":"i***9","quantity":1,"handle_status":8,"order_type":"2","areaid":"350206","item_id":126},{"address":"浙江省","access_date":"2017-02-14 10:04:24","account":"1***7","quantity":1,"handle_status":8,"order_type":"2","areaid":"330109","item_id":126},{"address":"浙江省","access_date":"2017-02-14 09:42:30","account":"j***x","quantity":1,"handle_status":8,"order_type":"2","areaid":"330483","item_id":126},{"address":"北京市","access_date":"2017-02-13 15:56:18","account":"c***8","quantity":1,"handle_status":8,"order_type":"2","areaid":"110106","item_id":126},{"address":"北京市","access_date":"2017-02-13 13:07:51","account":"c***k","quantity":1,"handle_status":8,"order_type":"2","areaid":"110105","item_id":126},{"address":"浙江省","access_date":"2017-02-13 12:59:18","account":"w***1","quantity":1,"handle_status":8,"order_type":"2","areaid":"330602","item_id":126},{"address":"浙江省","access_date":"2017-02-13 11:38:30","account":"叶***君","quantity":1,"handle_status":8,"order_type":"2","areaid":"331004","item_id":126},{"address":"湖南省","access_date":"2017-02-11 15:38:36","account":"h***d","quantity":1,"handle_status":8,"order_type":"2","areaid":"430105","item_id":126},{"address":"河南省","access_date":"2017-02-10 16:08:24","account":"h***n","quantity":1,"handle_status":8,"order_type":"2","areaid":"410522","item_id":126},{"address":"福建省","access_date":"2017-02-10 15:44:46","account":"1***9","quantity":1,"handle_status":8,"order_type":"2","areaid":"350102","item_id":126},{"address":"上海市","access_date":"2017-02-09 14:18:15","account":"S***8","quantity":1,"handle_status":8,"order_type":"2","areaid":"310106","item_id":126},{"address":"河北省","access_date":"2017-02-08 13:39:11","account":"l***g","quantity":1,"handle_status":8,"order_type":"2","areaid":"130903","item_id":126},{"address":"河北省","access_date":"2017-02-08 13:31:31","account":"T***e","quantity":1,"handle_status":8,"order_type":"2","areaid":"130203","item_id":126},{"address":"山东省","access_date":"2017-02-08 12:38:10","account":"l***o","quantity":1,"handle_status":8,"order_type":"2","areaid":"370281","item_id":126},{"address":"贵州省","access_date":"2017-02-08 10:55:23","account":"g***0","quantity":1,"handle_status":8,"order_type":"2","areaid":"522601","item_id":126},{"address":"北京市","access_date":"2017-02-07 13:13:36","account":"1***9","quantity":1,"handle_status":8,"order_type":"2","areaid":"110102","item_id":126},{"address":"山东省","access_date":"2017-02-07 12:28:26","account":"j***y","quantity":1,"handle_status":8,"order_type":"2","areaid":"371721","item_id":126},{"address":"浙江省","access_date":"2017-02-07 12:19:35","account":"p***n","quantity":2,"handle_status":8,"order_type":"2","areaid":"330482","item_id":126},{"address":"新疆维吾尔自治区","access_date":"2017-02-07 10:20:17","account":"s***6","quantity":1,"handle_status":8,"order_type":"2","areaid":"652201","item_id":126},{"address":"内蒙古自治区","access_date":"2017-02-07 10:12:25","account":"九***园","quantity":1,"handle_status":8,"order_type":"2","areaid":"150204","item_id":126},{"address":"广东省","access_date":"2017-02-07 10:07:43","account":"g***g","quantity":1,"handle_status":8,"order_type":"2","areaid":"440104","item_id":126},{"address":"河北省","access_date":"2017-02-06 13:41:00","account":"z***2","quantity":1,"handle_status":8,"order_type":"2","areaid":"130302","item_id":126},{"address":"辽宁省","access_date":"2017-02-06 13:10:52","account":"1***3","quantity":1,"handle_status":8,"order_type":"2","areaid":"210102","item_id":126},{"address":"江苏省","access_date":"2017-02-06 10:51:25","account":"x***8","quantity":1,"handle_status":8,"order_type":"2","areaid":"320282","item_id":126},{"address":"山东省","access_date":"2017-01-17 11:03:31","account":"z***z","quantity":1,"handle_status":8,"order_type":"2","areaid":"370181","item_id":126},{"address":"辽宁省","access_date":"2017-01-17 09:57:23","account":"抚***6","quantity":1,"handle_status":8,"order_type":"2","areaid":"210402","item_id":126},{"address":"吉林省","access_date":"2017-01-17 09:37:13","account":"s***9","quantity":1,"handle_status":8,"order_type":"2","areaid":"220722","item_id":126},{"address":"内蒙古自治区","access_date":"2017-01-16 16:05:16","account":"m***y","quantity":2,"handle_status":8,"order_type":"2","areaid":"150105","item_id":126},{"address":"浙江省","access_date":"2017-01-16 12:55:15","account":"会***熊","quantity":1,"handle_status":8,"order_type":"2","areaid":"331002","item_id":126},{"address":"福建省","access_date":"2017-01-16 12:45:39","account":"l***8","quantity":1,"handle_status":8,"order_type":"2","areaid":"350802","item_id":126},{"address":"福建省","access_date":"2017-01-16 12:39:44","account":"l***8","quantity":1,"handle_status":8,"order_type":"2","areaid":"350802","item_id":126},{"address":"云南省","access_date":"2017-01-16 11:49:17","account":"j***9","quantity":1,"handle_status":8,"order_type":"2","areaid":"530102","item_id":126},{"address":"山东省","access_date":"2017-01-16 11:10:03","account":"什***团","quantity":1,"handle_status":8,"order_type":"2","areaid":"370305","item_id":126},{"address":"甘肃省","access_date":"2017-01-16 10:48:57","account":"j***y","quantity":1,"handle_status":8,"order_type":"2","areaid":"620902","item_id":126},{"address":"四川省","access_date":"2017-01-16 09:54:01","account":"s***8","quantity":1,"handle_status":8,"order_type":"2","areaid":"510115","item_id":126},{"address":"四川省","access_date":"2017-01-16 09:50:43","account":"s***8","quantity":1,"handle_status":8,"order_type":"2","areaid":"510115","item_id":126},{"address":"天津市","access_date":"2017-01-16 09:37:51","account":"i***r","quantity":1,"handle_status":8,"order_type":"2","areaid":"120103","item_id":126},{"address":"天津市","access_date":"2017-01-15 10:55:59","account":"a***d","quantity":1,"handle_status":8,"order_type":"2","areaid":"120103","item_id":126},{"address":"内蒙古自治区","access_date":"2017-01-15 10:54:19","account":"q***w","quantity":1,"handle_status":8,"order_type":"2","areaid":"150221","item_id":126},{"address":"辽宁省","access_date":"2017-01-14 09:38:12","account":"t***g","quantity":1,"handle_status":8,"order_type":"2","areaid":"211421","item_id":126},{"address":"江苏省","access_date":"2017-01-14 09:37:37","account":"e***i","quantity":1,"handle_status":8,"order_type":"2","areaid":"320322","item_id":126},{"address":"上海市","access_date":"2017-01-13 13:35:26","account":"M***r","quantity":2,"handle_status":8,"order_type":"2","areaid":"310110","item_id":126},{"address":"广东省","access_date":"2017-01-13 13:00:51","account":"y***i","quantity":1,"handle_status":8,"order_type":"2","areaid":"440402","item_id":126},{"address":"辽宁省","access_date":"2017-01-13 11:16:58","account":"s***8","quantity":1,"handle_status":8,"order_type":"2","areaid":"210502","item_id":126},{"address":"天津市","access_date":"2017-01-13 10:29:38","account":"g***3","quantity":1,"handle_status":8,"order_type":"2","areaid":"120103","item_id":126},{"address":"北京市","access_date":"2017-01-13 10:09:11","account":"寰***尘","quantity":1,"handle_status":8,"order_type":"2","areaid":"110105","item_id":126},{"address":"江苏省","access_date":"2017-01-13 09:55:51","account":"x***7","quantity":1,"handle_status":8,"order_type":"2","areaid":"320583","item_id":126},{"address":"广东省","access_date":"2017-01-12 12:43:40","account":"w***w","quantity":5,"handle_status":8,"order_type":"2","areaid":"440106","item_id":126},{"address":"河北省","access_date":"2017-01-12 12:31:12","account":"祥***侠","quantity":1,"handle_status":8,"order_type":"2","areaid":"131026","item_id":126},{"address":"辽宁省","access_date":"2017-01-12 12:11:03","account":"1***6","quantity":1,"handle_status":8,"order_type":"2","areaid":"210521","item_id":126},{"address":"安徽省","access_date":"2017-01-12 11:12:53","account":"w***5","quantity":1,"handle_status":8,"order_type":"2","areaid":"340602","item_id":126},{"address":"辽宁省","access_date":"2017-01-12 11:09:39","account":"q***z","quantity":1,"handle_status":8,"order_type":"2","areaid":"210283","item_id":126},{"address":"浙江省","access_date":"2017-01-12 10:01:23","account":"e***6","quantity":1,"handle_status":8,"order_type":"2","areaid":"330483","item_id":126},{"address":"湖北省","access_date":"2017-01-12 09:41:38","account":"1***6","quantity":1,"handle_status":8,"order_type":"2","areaid":"420802","item_id":126},{"address":"重庆市","access_date":"2017-01-12 09:32:24","account":"祎***生","quantity":1,"handle_status":8,"order_type":"2","areaid":"500103","item_id":126},{"address":"江西省","access_date":"2017-01-12 09:30:27","account":"s***h","quantity":1,"handle_status":8,"order_type":"2","areaid":"361102","item_id":126},{"address":"上海市","access_date":"2017-01-11 16:10:10","account":"1***5","quantity":1,"handle_status":8,"order_type":"2","areaid":"310114","item_id":126},{"address":"贵州省","access_date":"2017-01-11 15:25:08","account":"龚***杰","quantity":1,"handle_status":8,"order_type":"2","areaid":"520103","item_id":126},{"address":"上海市","access_date":"2017-01-11 15:18:30","account":"h***s","quantity":1,"handle_status":8,"order_type":"2","areaid":"310104","item_id":126},{"address":"江苏省","access_date":"2017-01-11 13:58:40","account":"1***3","quantity":1,"handle_status":8,"order_type":"2","areaid":"320506","item_id":126},{"address":"重庆市","access_date":"2017-01-11 13:19:03","account":"1***6","quantity":1,"handle_status":8,"order_type":"2","areaid":"500104","item_id":126},{"address":"江苏省","access_date":"2017-01-11 11:48:30","account":"1***9","quantity":1,"handle_status":8,"order_type":"2","areaid":"320106","item_id":126},{"address":"上海市","access_date":"2017-01-11 10:47:29","account":"1***8","quantity":2,"handle_status":8,"order_type":"2","areaid":"310107","item_id":126},{"address":"江西省","access_date":"2017-01-11 10:28:54","account":"尚***1","quantity":1,"handle_status":8,"order_type":"2","areaid":"360111","item_id":126},{"address":"上海市","access_date":"2017-01-11 10:14:46","account":"h***u","quantity":1,"handle_status":8,"order_type":"2","areaid":"310115","item_id":126},{"address":"江苏省","access_date":"2017-01-11 10:00:27","account":"1***9","quantity":1,"handle_status":8,"order_type":"2","areaid":"320106","item_id":126},{"address":"上海市","access_date":"2017-01-11 09:37:53","account":"j***e","quantity":1,"handle_status":8,"order_type":"2","areaid":"310117","item_id":126},{"address":"河北省","access_date":"2017-01-10 16:22:48","account":"r***u","quantity":1,"handle_status":8,"order_type":"2","areaid":"130105","item_id":126},{"address":"黑龙江省","access_date":"2017-01-10 16:09:47","account":"4***0","quantity":1,"handle_status":8,"order_type":"2","areaid":"231004","item_id":126},{"address":"黑龙江省","access_date":"2017-01-10 14:43:08","account":"1***9","quantity":1,"handle_status":8,"order_type":"2","areaid":"230203","item_id":126},{"address":"黑龙江省","access_date":"2017-01-10 14:27:36","account":"d***e","quantity":1,"handle_status":8,"order_type":"2","areaid":"230602","item_id":126},{"address":"陕西省","access_date":"2017-01-10 13:49:27","account":"王***4","quantity":1,"handle_status":8,"order_type":"2","areaid":"610422","item_id":126},{"address":"江苏省","access_date":"2017-01-10 13:39:07","account":"1***3","quantity":1,"handle_status":8,"order_type":"2","areaid":"320506","item_id":126},{"address":"河北省","access_date":"2017-01-10 13:21:20","account":"z***8","quantity":1,"handle_status":8,"order_type":"2","areaid":"130108","item_id":126},{"address":"黑龙江省","access_date":"2017-01-10 11:27:41","account":"1***5","quantity":1,"handle_status":8,"order_type":"2","areaid":"230403","item_id":126},{"address":"上海市","access_date":"2017-01-10 11:25:49","account":"x***9","quantity":1,"handle_status":8,"order_type":"2","areaid":"310108","item_id":126},{"address":"云南省","access_date":"2017-01-10 10:55:33","account":"w***8","quantity":1,"handle_status":8,"order_type":"2","areaid":"530103","item_id":126},{"address":"山东省","access_date":"2017-01-10 09:39:43","account":"c***8","quantity":1,"handle_status":8,"order_type":"2","areaid":"370103","item_id":126},{"address":"四川省","access_date":"2017-01-09 10:08:43","account":"冯***6","quantity":1,"handle_status":8,"order_type":"2","areaid":"510106","item_id":126},{"address":"上海市","access_date":"2017-01-09 09:32:13","account":"1***8","quantity":2,"handle_status":8,"order_type":"2","areaid":"310113","item_id":126},{"address":"福建省","access_date":"2017-01-08 11:43:16","account":"李***怡","quantity":1,"handle_status":8,"order_type":"2","areaid":"350582","item_id":126},{"address":"山东省","access_date":"2017-01-07 16:15:17","account":"i***y","quantity":1,"handle_status":8,"order_type":"2","areaid":"370214","item_id":126},{"address":"河北省","access_date":"2017-01-07 11:53:26","account":"g***3","quantity":1,"handle_status":8,"order_type":"2","areaid":"130108","item_id":126},{"address":"江苏省","access_date":"2017-01-06 14:53:35","account":"h***y","quantity":1,"handle_status":8,"order_type":"2","areaid":"320116","item_id":126},{"address":"浙江省","access_date":"2017-01-06 14:50:00","account":"s***i","quantity":1,"handle_status":8,"order_type":"2","areaid":"330109","item_id":126},{"address":"内蒙古自治区","access_date":"2017-01-06 14:12:05","account":"1***9","quantity":1,"handle_status":8,"order_type":"2","areaid":"150204","item_id":126},{"address":"内蒙古自治区","access_date":"2017-01-06 14:10:58","account":"1***9","quantity":1,"handle_status":8,"order_type":"2","areaid":"150204","item_id":126},{"address":"陕西省","access_date":"2017-01-06 13:47:48","account":"1***4","quantity":1,"handle_status":8,"order_type":"2","areaid":"610802","item_id":126},{"address":"上海市","access_date":"2017-01-06 12:58:46","account":"s***4","quantity":1,"handle_status":8,"order_type":"2","areaid":"310104","item_id":126},{"address":"江西省","access_date":"2017-01-06 12:57:55","account":"叶***钦","quantity":1,"handle_status":8,"order_type":"2","areaid":"360923","item_id":126},{"address":"北京市","access_date":"2017-01-06 12:53:41","account":"l***g","quantity":1,"handle_status":8,"order_type":"2","areaid":"110106","item_id":126},{"address":"河南省","access_date":"2017-01-06 12:37:28","account":"w***t","quantity":1,"handle_status":8,"order_type":"2","areaid":"410711","item_id":126},{"address":"山东省","access_date":"2017-01-06 12:29:20","account":"s***3","quantity":1,"handle_status":8,"order_type":"2","areaid":"370321","item_id":126},{"address":"黑龙江省","access_date":"2017-01-06 11:39:23","account":"g***0","quantity":1,"handle_status":8,"order_type":"2","areaid":"230102","item_id":126},{"address":"广东省","access_date":"2017-01-06 11:27:25","account":"d***9","quantity":1,"handle_status":8,"order_type":"2","areaid":"440113","item_id":126},{"address":"福建省","access_date":"2017-01-06 11:20:33","account":"n***s","quantity":1,"handle_status":8,"order_type":"2","areaid":"350102","item_id":126},{"address":"北京市","access_date":"2017-01-06 11:07:55","account":"x***n","quantity":1,"handle_status":8,"order_type":"2","areaid":"110105","item_id":126},{"address":"江苏省","access_date":"2017-01-06 10:54:09","account":"W***9","quantity":1,"handle_status":8,"order_type":"2","areaid":"320508","item_id":126},{"address":"浙江省","access_date":"2017-01-06 10:26:43","account":"p***n","quantity":1,"handle_status":8,"order_type":"2","areaid":"330482","item_id":126},{"address":"四川省","access_date":"2017-01-04 15:55:50","account":"l***n","quantity":1,"handle_status":8,"order_type":"2","areaid":"510101","item_id":126},{"address":"广东省","access_date":"2017-01-04 14:35:12","account":"v***t","quantity":1,"handle_status":8,"order_type":"2","areaid":"440114","item_id":126},{"address":"北京市","access_date":"2017-01-04 14:12:05","account":"r***g","quantity":3,"handle_status":8,"order_type":"2","areaid":"110105","item_id":126},{"address":"浙江省","access_date":"2017-01-04 10:56:58","account":"z***1","quantity":2,"handle_status":8,"order_type":"2","areaid":"330102","item_id":126},{"address":"山西省","access_date":"2017-01-04 10:45:51","account":"刘***6","quantity":1,"handle_status":8,"order_type":"2","areaid":"140109","item_id":126},{"address":"江苏省","access_date":"2017-01-04 10:35:05","account":"j***s","quantity":1,"handle_status":8,"order_type":"2","areaid":"321282","item_id":126},{"address":"广东省","access_date":"2017-01-04 09:56:25","account":"l***u","quantity":1,"handle_status":8,"order_type":"2","areaid":"440902","item_id":126},{"address":"辽宁省","access_date":"2017-01-03 14:38:11","account":"d***9","quantity":1,"handle_status":8,"order_type":"2","areaid":"210603","item_id":126},{"address":"海南省","access_date":"2017-01-03 12:46:00","account":"李***o","quantity":1,"handle_status":8,"order_type":"2","areaid":"460106","item_id":126},{"address":"辽宁省","access_date":"2017-01-03 11:04:30","account":"x***g","quantity":1,"handle_status":8,"order_type":"2","areaid":"211003","item_id":126},{"address":"浙江省","access_date":"2017-01-03 10:26:25","account":"l***0","quantity":1,"handle_status":8,"order_type":"2","areaid":"330302","item_id":126},{"address":"甘肃省","access_date":"2017-01-03 10:22:30","account":"1***9","quantity":1,"handle_status":8,"order_type":"2","areaid":"620702","item_id":126},{"address":"山东省","access_date":"2017-01-03 10:02:37","account":"l***b","quantity":3,"handle_status":8,"order_type":"2","areaid":"370611","item_id":126},{"address":"山东省","access_date":"2016-12-30 13:49:10","account":"百***文","quantity":1,"handle_status":8,"order_type":"2","areaid":"371621","item_id":126},{"address":"上海市","access_date":"2016-12-30 13:44:34","account":"荣***耀","quantity":2,"handle_status":8,"order_type":"2","areaid":"310104","item_id":126},{"address":"山西省","access_date":"2016-12-30 13:10:52","account":"y***8","quantity":1,"handle_status":8,"order_type":"2","areaid":"141002","item_id":126},{"address":"上海市","access_date":"2016-12-30 12:35:28","account":"荣***耀","quantity":2,"handle_status":8,"order_type":"2","areaid":"310104","item_id":126},{"address":"浙江省","access_date":"2016-12-30 12:20:46","account":"1***2","quantity":1,"handle_status":8,"order_type":"2","areaid":"330204","item_id":126},{"address":"黑龙江省","access_date":"2016-12-30 12:18:12","account":"1***1","quantity":1,"handle_status":8,"order_type":"2","areaid":"230381","item_id":126},{"address":"河北省","access_date":"2016-12-30 11:51:10","account":"1***5","quantity":1,"handle_status":8,"order_type":"2","areaid":"130827","item_id":126},{"address":"上海市","access_date":"2016-12-30 11:35:53","account":"周***义","quantity":1,"handle_status":8,"order_type":"2","areaid":"310117","item_id":126},{"address":"山东省","access_date":"2016-12-30 11:03:37","account":"1***9","quantity":1,"handle_status":8,"order_type":"2","areaid":"370202","item_id":126},{"address":"北京市","access_date":"2016-12-30 10:17:44","account":"张***岳","quantity":1,"handle_status":8,"order_type":"2","areaid":"110105","item_id":126},{"address":"上海市","access_date":"2016-12-30 10:08:17","account":"1***5","quantity":2,"handle_status":8,"order_type":"2","areaid":"310107","item_id":126},{"address":"北京市","access_date":"2016-12-30 09:50:12","account":"s***o","quantity":2,"handle_status":8,"order_type":"2","areaid":"110105","item_id":126},{"address":"北京市","access_date":"2016-12-30 09:37:30","account":"1***9","quantity":1,"handle_status":8,"order_type":"2","areaid":"110108","item_id":126},{"address":"北京市","access_date":"2016-12-29 15:09:04","account":"k***n","quantity":1,"handle_status":8,"order_type":"2","areaid":"110105","item_id":126},{"address":"辽宁省","access_date":"2016-12-29 14:18:25","account":"l***币","quantity":1,"handle_status":8,"order_type":"2","areaid":"210302","item_id":126},{"address":"内蒙古自治区","access_date":"2016-12-29 13:43:40","account":"1***7","quantity":1,"handle_status":8,"order_type":"2","areaid":"150202","item_id":126},{"address":"广东省","access_date":"2016-12-29 12:17:43","account":"1***8","quantity":2,"handle_status":8,"order_type":"2","areaid":"440105","item_id":126},{"address":"北京市","access_date":"2016-12-29 11:30:22","account":"x***u","quantity":1,"handle_status":8,"order_type":"2","areaid":"110108","item_id":126},{"address":"山西省","access_date":"2016-12-29 10:42:42","account":"1***0","quantity":1,"handle_status":8,"order_type":"2","areaid":"140402","item_id":126},{"address":"江苏省","access_date":"2016-12-28 15:16:34","account":"n***u","quantity":4,"handle_status":8,"order_type":"2","areaid":"320106","item_id":126},{"address":"浙江省","access_date":"2016-12-28 14:26:05","account":"1***9","quantity":1,"handle_status":8,"order_type":"2","areaid":"330212","item_id":126},{"address":"浙江省","access_date":"2016-12-28 13:59:25","account":"1***6","quantity":1,"handle_status":8,"order_type":"2","areaid":"330110","item_id":126},{"address":"广西壮族自治区","access_date":"2016-12-28 13:09:32","account":"l***0","quantity":1,"handle_status":8,"order_type":"2","areaid":"450302","item_id":126},{"address":"湖南省","access_date":"2016-12-28 11:44:14","account":"6***9","quantity":1,"handle_status":8,"order_type":"2","areaid":"431128","item_id":126},{"address":"山东省","access_date":"2016-12-28 11:34:45","account":"p***i","quantity":1,"handle_status":8,"order_type":"2","areaid":"371302","item_id":126},{"address":"河北省","access_date":"2016-12-28 11:18:11","account":"1***1","quantity":1,"handle_status":8,"order_type":"2","areaid":"130184","item_id":126},{"address":"天津市","access_date":"2016-12-28 10:39:56","account":"b***0","quantity":1,"handle_status":8,"order_type":"2","areaid":"120104","item_id":126},{"address":"上海市","access_date":"2016-12-28 10:38:49","account":"1***0","quantity":1,"handle_status":8,"order_type":"2","areaid":"310110","item_id":126},{"address":"湖北省","access_date":"2016-12-28 10:08:22","account":"冯***陈","quantity":1,"handle_status":8,"order_type":"2","areaid":"421124","item_id":126},{"address":"江苏省","access_date":"2016-12-28 10:07:45","account":"老***爱","quantity":1,"handle_status":8,"order_type":"2","areaid":"320705","item_id":126},{"address":"陕西省","access_date":"2016-12-28 10:04:57","account":"w***l","quantity":1,"handle_status":8,"order_type":"2","areaid":"610322","item_id":126},{"address":"广东省","access_date":"2016-12-28 09:48:32","account":"吴***勇","quantity":1,"handle_status":8,"order_type":"2","areaid":"441421","item_id":126},{"address":"新疆维吾尔自治区","access_date":"2016-12-28 09:45:23","account":"i***8","quantity":1,"handle_status":8,"order_type":"2","areaid":"652801","item_id":126},{"address":"山东省","access_date":"2016-12-28 09:39:33","account":"d***g","quantity":1,"handle_status":8,"order_type":"2","areaid":"370105","item_id":126},{"address":"河南省","access_date":"2016-12-27 16:28:47","account":"z***3","quantity":1,"handle_status":8,"order_type":"2","areaid":"411403","item_id":126},{"address":"内蒙古自治区","access_date":"2016-12-27 15:23:44","account":"z***i","quantity":1,"handle_status":8,"order_type":"2","areaid":"150102","item_id":126},{"address":"湖南省","access_date":"2016-12-27 14:29:03","account":"尹***平","quantity":1,"handle_status":8,"order_type":"2","areaid":"430103","item_id":126},{"address":"浙江省","access_date":"2016-12-27 13:58:57","account":"1***4","quantity":1,"handle_status":8,"order_type":"2","areaid":"330802","item_id":126},{"address":"上海市","access_date":"2016-12-27 13:24:13","account":"j***5","quantity":1,"handle_status":8,"order_type":"2","areaid":"310108","item_id":126},{"address":"江苏省","access_date":"2016-12-27 13:00:54","account":"1***1","quantity":1,"handle_status":8,"order_type":"2","areaid":"320211","item_id":126},{"address":"浙江省","access_date":"2016-12-27 11:03:23","account":"咕***咚","quantity":1,"handle_status":8,"order_type":"2","areaid":"331125","item_id":126},{"address":"江苏省","access_date":"2016-12-27 10:43:26","account":"1***9","quantity":1,"handle_status":8,"order_type":"2","areaid":"320501","item_id":126},{"address":"浙江省","access_date":"2016-12-22 14:46:18","account":"y***3","quantity":1,"handle_status":8,"order_type":"2","areaid":"330204","item_id":126},{"address":"湖北省","access_date":"2016-12-22 11:07:12","account":"程***俊","quantity":2,"handle_status":8,"order_type":"2","areaid":"420201","item_id":126},{"address":"广东省","access_date":"2016-12-21 14:27:36","account":"c***g","quantity":1,"handle_status":8,"order_type":"2","areaid":"440116","item_id":126},{"address":"上海市","access_date":"2016-12-21 10:17:39","account":"y***8","quantity":1,"handle_status":8,"order_type":"2","areaid":"310104","item_id":126},{"address":"山东省","access_date":"2016-12-20 14:47:22","account":"l***6","quantity":1,"handle_status":8,"order_type":"2","areaid":"370686","item_id":126},{"address":"陕西省","access_date":"2016-12-20 14:01:12","account":"y***7","quantity":1,"handle_status":8,"order_type":"2","areaid":"610723","item_id":126},{"address":"广东省","access_date":"2016-12-20 13:31:40","account":"g***g","quantity":1,"handle_status":8,"order_type":"2","areaid":"440104","item_id":126},{"address":"北京市","access_date":"2016-12-20 13:30:05","account":"r***9","quantity":2,"handle_status":8,"order_type":"2","areaid":"110105","item_id":126},{"address":"江苏省","access_date":"2016-12-20 12:59:52","account":"1***6","quantity":1,"handle_status":8,"order_type":"2","areaid":"320404","item_id":126},{"address":"上海市","access_date":"2016-12-20 12:59:23","account":"1***5","quantity":1,"handle_status":8,"order_type":"2","areaid":"310115","item_id":126},{"address":"山东省","access_date":"2016-12-20 12:08:35","account":"x***1","quantity":1,"handle_status":8,"order_type":"2","areaid":"370613","item_id":126},{"address":"山东省","access_date":"2016-12-20 10:00:18","account":"3***4","quantity":1,"handle_status":8,"order_type":"2","areaid":"370303","item_id":126},{"address":"江苏省","access_date":"2016-12-19 15:15:52","account":"y***3","quantity":1,"handle_status":8,"order_type":"2","areaid":"320303","item_id":126},{"address":"江西省","access_date":"2016-12-19 14:26:56","account":"c***8","quantity":1,"handle_status":8,"order_type":"2","areaid":"360826","item_id":126},{"address":"陕西省","access_date":"2016-12-19 10:07:51","account":"t***7","quantity":1,"handle_status":8,"order_type":"2","areaid":"610632","item_id":126},{"address":"山西省","access_date":"2016-12-19 09:54:37","account":"z***5","quantity":1,"handle_status":8,"order_type":"2","areaid":"140109","item_id":126},{"address":"山东省","access_date":"2016-12-19 09:42:06","account":"l***9","quantity":2,"handle_status":8,"order_type":"2","areaid":"371302","item_id":126},{"address":"天津市","access_date":"2016-12-19 09:34:47","account":"1***8","quantity":1,"handle_status":8,"order_type":"2","areaid":"120116","item_id":126},{"address":"广东省","access_date":"2016-12-18 10:38:08","account":"C***7","quantity":1,"handle_status":8,"order_type":"2","areaid":"440303","item_id":126},{"address":"江苏省","access_date":"2016-12-17 15:28:23","account":"1***6","quantity":1,"handle_status":8,"order_type":"2","areaid":"320105","item_id":126},{"address":"福建省","access_date":"2016-12-16 13:24:40","account":"1***0","quantity":1,"handle_status":8,"order_type":"2","areaid":"350581","item_id":126},{"address":"广东省","access_date":"2016-12-16 12:40:58","account":"f***t","quantity":1,"handle_status":8,"order_type":"2","areaid":"440402","item_id":126},{"address":"广东省","access_date":"2016-12-16 12:16:14","account":"q***g","quantity":1,"handle_status":8,"order_type":"2","areaid":"440106","item_id":126},{"address":"天津市","access_date":"2016-12-16 11:36:30","account":"j***n","quantity":1,"handle_status":8,"order_type":"2","areaid":"120103","item_id":126},{"address":"浙江省","access_date":"2016-12-16 10:52:29","account":"1***5","quantity":1,"handle_status":8,"order_type":"2","areaid":"330327","item_id":126},{"address":"青海省","access_date":"2016-12-15 14:54:51","account":"1***9","quantity":1,"handle_status":8,"order_type":"2","areaid":"630202","item_id":126},{"address":"河南省","access_date":"2016-12-15 13:05:02","account":"l***j","quantity":1,"handle_status":8,"order_type":"2","areaid":"411103","item_id":126},{"address":"上海市","access_date":"2016-12-15 12:52:28","account":"c***g","quantity":1,"handle_status":8,"order_type":"2","areaid":"310112","item_id":126},{"address":"山东省","access_date":"2016-12-15 12:42:19","account":"冰***5","quantity":1,"handle_status":8,"order_type":"2","areaid":"371102","item_id":126},{"address":"山东省","access_date":"2016-12-15 12:39:12","account":"冰***5","quantity":1,"handle_status":8,"order_type":"2","areaid":"371102","item_id":126},{"address":"广东省","access_date":"2016-12-15 12:35:03","account":"q***g","quantity":1,"handle_status":8,"order_type":"2","areaid":"440106","item_id":126},{"address":"浙江省","access_date":"2016-12-15 11:57:03","account":"s***g","quantity":1,"handle_status":8,"order_type":"2","areaid":"330212","item_id":126},{"address":"浙江省","access_date":"2016-12-15 11:21:19","account":"b***0","quantity":1,"handle_status":8,"order_type":"2","areaid":"330104","item_id":126},{"address":"湖北省","access_date":"2016-12-15 10:56:25","account":"l***2","quantity":1,"handle_status":8,"order_type":"2","areaid":"421102","item_id":126},{"address":"湖北省","access_date":"2016-12-15 10:19:28","account":"1***3","quantity":1,"handle_status":8,"order_type":"2","areaid":"420117","item_id":126},{"address":"浙江省","access_date":"2016-12-14 12:51:24","account":"1***9","quantity":1,"handle_status":8,"order_type":"2","areaid":"330784","item_id":126},{"address":"江西省","access_date":"2016-12-14 11:23:41","account":"f***1","quantity":1,"handle_status":8,"order_type":"2","areaid":"360111","item_id":126},{"address":"四川省","access_date":"2016-12-14 10:08:32","account":"成***空","quantity":1,"handle_status":8,"order_type":"2","areaid":"510112","item_id":126},{"address":"湖北省","access_date":"2016-12-14 09:38:19","account":"旸***旸","quantity":1,"handle_status":8,"order_type":"2","areaid":"420111","item_id":126},{"address":"湖北省","access_date":"2016-12-14 09:38:00","account":"旸***旸","quantity":1,"handle_status":8,"order_type":"2","areaid":"420111","item_id":126},{"address":"浙江省","access_date":"2016-12-13 15:56:00","account":"s***g","quantity":1,"handle_status":8,"order_type":"2","areaid":"330212","item_id":126},{"address":"内蒙古自治区","access_date":"2016-12-13 15:55:26","account":"1***0","quantity":1,"handle_status":8,"order_type":"2","areaid":"150105","item_id":126},{"address":"上海市","access_date":"2016-12-13 13:55:37","account":"1***4","quantity":2,"handle_status":8,"order_type":"2","areaid":"310114","item_id":126},{"address":"陕西省","access_date":"2016-12-13 10:17:29","account":"c***8","quantity":1,"handle_status":8,"order_type":"2","areaid":"610113","item_id":126},{"address":"浙江省","access_date":"2016-12-13 10:02:30","account":"s***g","quantity":1,"handle_status":8,"order_type":"2","areaid":"330212","item_id":126},{"address":"上海市","access_date":"2016-12-13 09:39:05","account":"z***8","quantity":1,"handle_status":8,"order_type":"2","areaid":"310104","item_id":126},{"address":"辽宁省","access_date":"2016-12-12 14:17:22","account":"f***w","quantity":1,"handle_status":8,"order_type":"2","areaid":"210911","item_id":126},{"address":"江苏省","access_date":"2016-12-12 14:06:02","account":"H***9","quantity":1,"handle_status":8,"order_type":"2","areaid":"320202","item_id":126},{"address":"上海市","access_date":"2016-12-12 11:35:25","account":"1***3","quantity":1,"handle_status":8,"order_type":"2","areaid":"310104","item_id":126},{"address":"天津市","access_date":"2016-12-12 11:16:53","account":"a***w","quantity":1,"handle_status":8,"order_type":"2","areaid":"120111","item_id":126},{"address":"广东省","access_date":"2016-12-12 10:39:14","account":"l***u","quantity":1,"handle_status":8,"order_type":"2","areaid":"440902","item_id":126},{"address":"山东省","access_date":"2016-12-12 09:37:22","account":"w***l","quantity":1,"handle_status":8,"order_type":"2","areaid":"370104","item_id":126},{"address":"湖北省","access_date":"2016-12-10 11:34:53","account":"w***5","quantity":2,"handle_status":8,"order_type":"2","areaid":"420106","item_id":126},{"address":"贵州省","access_date":"2016-12-09 16:13:19","account":"g***z","quantity":3,"handle_status":8,"order_type":"2","areaid":"522727","item_id":126},{"address":"上海市","access_date":"2016-12-09 13:38:34","account":"z***u","quantity":1,"handle_status":8,"order_type":"2","areaid":"310115","item_id":126},{"address":"河南省","access_date":"2016-12-09 12:55:02","account":"l***y","quantity":1,"handle_status":8,"order_type":"2","areaid":"411403","item_id":126},{"address":"上海市","access_date":"2016-12-09 11:01:55","account":"兵***强","quantity":1,"handle_status":8,"order_type":"2","areaid":"310117","item_id":126},{"address":"河南省","access_date":"2016-12-09 09:41:58","account":"z***3","quantity":1,"handle_status":8,"order_type":"2","areaid":"411403","item_id":126},{"address":"湖南省","access_date":"2016-12-09 09:35:00","account":"明***玉","quantity":1,"handle_status":8,"order_type":"2","areaid":"430281","item_id":126},{"address":"上海市","access_date":"2016-12-08 13:15:28","account":"h***d","quantity":1,"handle_status":8,"order_type":"2","areaid":"310115","item_id":126},{"address":"江苏省","access_date":"2016-12-08 11:37:25","account":"王***6","quantity":1,"handle_status":8,"order_type":"2","areaid":"320311","item_id":126},{"address":"江西省","access_date":"2016-12-08 10:18:46","account":"1***6","quantity":1,"handle_status":8,"order_type":"2","areaid":"360102","item_id":126},{"address":"山东省","access_date":"2016-12-08 09:33:41","account":"y***9","quantity":1,"handle_status":8,"order_type":"2","areaid":"371312","item_id":126},{"address":"内蒙古自治区","access_date":"2016-12-07 16:18:54","account":"x***6","quantity":1,"handle_status":8,"order_type":"2","areaid":"150502","item_id":126},{"address":"四川省","access_date":"2016-12-07 12:34:58","account":"善***7","quantity":1,"handle_status":8,"order_type":"2","areaid":"513321","item_id":126},{"address":"福建省","access_date":"2016-12-07 10:50:47","account":"1***0","quantity":1,"handle_status":8,"order_type":"2","areaid":"350206","item_id":126},{"address":"北京市","access_date":"2016-12-07 09:47:54","account":"a***4","quantity":1,"handle_status":8,"order_type":"2","areaid":"110105","item_id":126},{"address":"天津市","access_date":"2016-12-06 16:12:19","account":"s***d","quantity":1,"handle_status":8,"order_type":"2","areaid":"120112","item_id":126},{"address":"北京市","access_date":"2016-12-06 14:24:09","account":"s***1","quantity":1,"handle_status":8,"order_type":"2","areaid":"110114","item_id":126},{"address":"山东省","access_date":"2016-12-06 13:37:37","account":"k***8","quantity":1,"handle_status":8,"order_type":"2","areaid":"371302","item_id":126},{"address":"河北省","access_date":"2016-12-06 12:41:44","account":"l***1","quantity":1,"handle_status":8,"order_type":"2","areaid":"130622","item_id":126},{"address":"黑龙江省","access_date":"2016-12-06 10:26:11","account":"1***2","quantity":1,"handle_status":8,"order_type":"2","areaid":"230102","item_id":126},{"address":"河北省","access_date":"2016-12-06 10:23:38","account":"1***5","quantity":1,"handle_status":8,"order_type":"2","areaid":"130402","item_id":126},{"address":"重庆市","access_date":"2016-12-06 10:02:08","account":"h***f","quantity":1,"handle_status":8,"order_type":"2","areaid":"500101","item_id":126},{"address":"江西省","access_date":"2016-12-05 16:25:17","account":"1***8","quantity":1,"handle_status":8,"order_type":"2","areaid":"361122","item_id":126},{"address":"湖南省","access_date":"2016-12-05 15:28:14","account":"c***4","quantity":1,"handle_status":8,"order_type":"2","areaid":"431128","item_id":126},{"address":"山西省","access_date":"2016-12-05 14:44:22","account":"1***0","quantity":1,"handle_status":8,"order_type":"2","areaid":"141102","item_id":126},{"address":"福建省","access_date":"2016-12-05 09:55:18","account":"1***3","quantity":1,"handle_status":8,"order_type":"2","areaid":"350102","item_id":126},{"address":"湖北省","access_date":"2016-12-04 10:34:06","account":"l***5","quantity":1,"handle_status":8,"order_type":"2","areaid":"420683","item_id":126},{"address":"广西壮族自治区","access_date":"2016-12-03 15:39:39","account":"拨***日","quantity":1,"handle_status":8,"order_type":"2","areaid":"450223","item_id":126},{"address":"上海市","access_date":"2016-12-03 15:15:57","account":"j***b","quantity":1,"handle_status":8,"order_type":"2","areaid":"310104","item_id":126},{"address":"湖南省","access_date":"2016-12-03 10:28:33","account":"d***y","quantity":1,"handle_status":8,"order_type":"2","areaid":"430581","item_id":126},{"address":"湖南省","access_date":"2016-12-03 09:57:08","account":"c***4","quantity":1,"handle_status":8,"order_type":"2","areaid":"433101","item_id":126},{"address":"江苏省","access_date":"2016-12-02 16:14:28","account":"l***0","quantity":1,"handle_status":8,"order_type":"2","areaid":"320508","item_id":126},{"address":"山西省","access_date":"2016-12-02 15:16:34","account":"m***s","quantity":1,"handle_status":8,"order_type":"2","areaid":"141121","item_id":126},{"address":"河南省","access_date":"2016-12-02 12:15:02","account":"梦***8","quantity":1,"handle_status":8,"order_type":"2","areaid":"411621","item_id":126},{"address":"湖北省","access_date":"2016-12-01 15:49:15","account":"m***4","quantity":1,"handle_status":8,"order_type":"2","areaid":"420106","item_id":126},{"address":"山东省","access_date":"2016-12-01 14:45:38","account":"张***鹏","quantity":1,"handle_status":8,"order_type":"2","areaid":"370705","item_id":126},{"address":"山东省","access_date":"2016-12-01 14:41:48","account":"张***鹏","quantity":1,"handle_status":8,"order_type":"2","areaid":"370705","item_id":126},{"address":"山东省","access_date":"2016-12-01 11:33:53","account":"l***1","quantity":1,"handle_status":8,"order_type":"2","areaid":"370323","item_id":126},{"address":"陕西省","access_date":"2016-11-30 11:50:58","account":"j***0","quantity":1,"handle_status":8,"order_type":"2","areaid":"610302","item_id":126},{"address":"山东省","access_date":"2016-11-30 11:25:07","account":"1***n","quantity":1,"handle_status":8,"order_type":"2","areaid":"370103","item_id":126},{"address":"北京市","access_date":"2016-11-30 09:52:45","account":"l***x","quantity":1,"handle_status":8,"order_type":"2","areaid":"110102","item_id":126},{"address":"湖南省","access_date":"2016-11-29 14:58:35","account":"q***n","quantity":1,"handle_status":8,"order_type":"2","areaid":"430211","item_id":126},{"address":"北京市","access_date":"2016-11-29 13:20:40","account":"w***0","quantity":1,"handle_status":8,"order_type":"2","areaid":"110105","item_id":126},{"address":"山西省","access_date":"2016-11-29 11:01:31","account":"1***6","quantity":3,"handle_status":8,"order_type":"2","areaid":"140402","item_id":126},{"address":"陕西省","access_date":"2016-11-29 10:44:59","account":"r***9","quantity":1,"handle_status":8,"order_type":"2","areaid":"610602","item_id":126},{"address":"辽宁省","access_date":"2016-11-28 15:40:57","account":"c***0","quantity":1,"handle_status":8,"order_type":"2","areaid":"211303","item_id":126},{"address":"天津市","access_date":"2016-11-28 15:07:01","account":"木***9","quantity":1,"handle_status":8,"order_type":"2","areaid":"120110","item_id":126},{"address":"四川省","access_date":"2016-11-28 15:06:19","account":"棉***裤","quantity":1,"handle_status":8,"order_type":"2","areaid":"510101","item_id":126},{"address":"四川省","access_date":"2016-11-28 10:41:47","account":"z***g","quantity":1,"handle_status":8,"order_type":"2","areaid":"510104","item_id":126},{"address":"吉林省","access_date":"2016-11-27 12:37:13","account":"1***8","quantity":1,"handle_status":8,"order_type":"2","areaid":"220106","item_id":126},{"address":"山西省","access_date":"2016-11-26 11:51:25","account":"红***彦","quantity":1,"handle_status":8,"order_type":"2","areaid":"140202","item_id":126},{"address":"江苏省","access_date":"2016-11-25 14:20:35","account":"主***呀","quantity":4,"handle_status":8,"order_type":"2","areaid":"320402","item_id":126},{"address":"湖北省","access_date":"2016-11-25 13:58:52","account":"k***n","quantity":1,"handle_status":8,"order_type":"2","areaid":"420984","item_id":126},{"address":"江苏省","access_date":"2016-11-25 11:18:43","account":"3***3","quantity":1,"handle_status":8,"order_type":"2","areaid":"321283","item_id":126},{"address":"江苏省","access_date":"2016-11-25 09:48:08","account":"n***1","quantity":1,"handle_status":8,"order_type":"2","areaid":"320114","item_id":126},{"address":"北京市","access_date":"2016-11-24 15:10:50","account":"1***7","quantity":1,"handle_status":8,"order_type":"2","areaid":"110102","item_id":126},{"address":"陕西省","access_date":"2016-11-24 14:50:35","account":"y***5","quantity":1,"handle_status":8,"order_type":"2","areaid":"610111","item_id":126},{"address":"浙江省","access_date":"2016-11-24 13:26:45","account":"陈***初","quantity":1,"handle_status":8,"order_type":"2","areaid":"330281","item_id":126},{"address":"广东省","access_date":"2016-11-24 09:38:42","account":"t***3","quantity":1,"handle_status":8,"order_type":"2","areaid":"440304","item_id":126},{"address":"辽宁省","access_date":"2016-11-23 11:57:28","account":"浪***無","quantity":1,"handle_status":8,"order_type":"2","areaid":"210802","item_id":126},{"address":"山西省","access_date":"2016-11-23 11:46:27","account":"王***发","quantity":1,"handle_status":8,"order_type":"2","areaid":"140402","item_id":126},{"address":"北京市","access_date":"2016-11-23 09:50:22","account":"z***i","quantity":1,"handle_status":8,"order_type":"2","areaid":"110105","item_id":126},{"address":"广西壮族自治区","access_date":"2016-11-23 09:46:30","account":"维***兄","quantity":1,"handle_status":8,"order_type":"2","areaid":"450202","item_id":126},{"address":"辽宁省","access_date":"2016-11-22 16:06:59","account":"1***g","quantity":1,"handle_status":8,"order_type":"2","areaid":"210106","item_id":126},{"address":"河北省","access_date":"2016-11-22 15:58:50","account":"魅***族","quantity":1,"handle_status":8,"order_type":"2","areaid":"130682","item_id":126},{"address":"黑龙江省","access_date":"2016-11-22 13:58:41","account":"g***4","quantity":1,"handle_status":8,"order_type":"2","areaid":"231002","item_id":126},{"address":"青海省","access_date":"2016-11-22 10:34:34","account":"戴***8","quantity":1,"handle_status":8,"order_type":"2","areaid":"630104","item_id":126},{"address":"江苏省","access_date":"2016-11-21 15:40:14","account":"1***8","quantity":1,"handle_status":8,"order_type":"2","areaid":"320923","item_id":126},{"address":"北京市","access_date":"2016-11-21 15:05:02","account":"a***e","quantity":1,"handle_status":8,"order_type":"2","areaid":"110105","item_id":126},{"address":"上海市","access_date":"2016-11-21 13:08:16","account":"p***0","quantity":1,"handle_status":8,"order_type":"2","areaid":"310112","item_id":126},{"address":"山东省","access_date":"2016-11-21 12:47:10","account":"a***6","quantity":1,"handle_status":8,"order_type":"2","areaid":"371502","item_id":126},{"address":"上海市","access_date":"2016-11-21 11:38:51","account":"s***g","quantity":1,"handle_status":8,"order_type":"2","areaid":"310108","item_id":126},{"address":"四川省","access_date":"2016-11-21 10:44:16","account":"1***8","quantity":1,"handle_status":8,"order_type":"2","areaid":"510105","item_id":126},{"address":"湖北省","access_date":"2016-11-20 16:04:13","account":"缘***2","quantity":1,"handle_status":8,"order_type":"2","areaid":"420111","item_id":126},{"address":"上海市","access_date":"2016-11-20 13:44:52","account":"n***h","quantity":1,"handle_status":8,"order_type":"2","areaid":"310112","item_id":126},{"address":"江苏省","access_date":"2016-11-19 15:45:31","account":"a***a","quantity":1,"handle_status":8,"order_type":"2","areaid":"320482","item_id":126},{"address":"上海市","access_date":"2016-11-19 14:23:30","account":"w***h","quantity":1,"handle_status":8,"order_type":"2","areaid":"310106","item_id":126},{"address":"甘肃省","access_date":"2016-11-18 15:10:23","account":"z***4","quantity":1,"handle_status":8,"order_type":"2","areaid":"620102","item_id":126},{"address":"青海省","access_date":"2016-11-18 13:52:42","account":"j***h","quantity":1,"handle_status":8,"order_type":"2","areaid":"630104","item_id":126},{"address":"河南省","access_date":"2016-11-18 12:44:50","account":"梦***8","quantity":1,"handle_status":8,"order_type":"2","areaid":"411621","item_id":126},{"address":"天津市","access_date":"2016-11-18 11:54:46","account":"n***9","quantity":1,"handle_status":8,"order_type":"2","areaid":"120221","item_id":126},{"address":"北京市","access_date":"2016-11-18 10:08:49","account":"z***7","quantity":1,"handle_status":8,"order_type":"2","areaid":"110108","item_id":126},{"address":"上海市","access_date":"2016-11-18 09:38:16","account":"n***4","quantity":1,"handle_status":8,"order_type":"2","areaid":"310113","item_id":126},{"address":"河北省","access_date":"2016-11-18 09:36:31","account":"r***u","quantity":1,"handle_status":8,"order_type":"2","areaid":"130105","item_id":126},{"address":"广西壮族自治区","access_date":"2016-11-18 09:32:19","account":"拨***日","quantity":1,"handle_status":8,"order_type":"2","areaid":"450223","item_id":126},{"address":"湖南省","access_date":"2016-11-17 15:46:04","account":"o***3","quantity":1,"handle_status":8,"order_type":"2","areaid":"430202","item_id":126},{"address":"北京市","access_date":"2016-11-17 12:52:23","account":"u***4","quantity":1,"handle_status":8,"order_type":"2","areaid":"110106","item_id":126},{"address":"湖南省","access_date":"2016-11-17 12:44:38","account":"c***n","quantity":2,"handle_status":8,"order_type":"2","areaid":"430121","item_id":126},{"address":"山西省","access_date":"2016-11-17 12:42:21","account":"s***e","quantity":1,"handle_status":8,"order_type":"2","areaid":"140105","item_id":126},{"address":"江苏省","access_date":"2016-11-17 12:00:54","account":"淘***者","quantity":1,"handle_status":8,"order_type":"2","areaid":"320114","item_id":126},{"address":"山东省","access_date":"2016-11-17 09:47:18","account":"j***o","quantity":1,"handle_status":8,"order_type":"2","areaid":"371626","item_id":126},{"address":"浙江省","access_date":"2016-11-17 09:39:20","account":"扇***枫","quantity":1,"handle_status":8,"order_type":"2","areaid":"330282","item_id":126},{"address":"广东省","access_date":"2016-11-17 09:34:50","account":"q***p","quantity":1,"handle_status":8,"order_type":"2","areaid":"440105","item_id":126},{"address":"贵州省","access_date":"2016-11-16 15:09:39","account":"g***m","quantity":1,"handle_status":8,"order_type":"2","areaid":"520102","item_id":126},{"address":"甘肃省","access_date":"2016-11-16 12:54:34","account":"1***1","quantity":1,"handle_status":8,"order_type":"2","areaid":"620802","item_id":126},{"address":"宁夏回族自治区","access_date":"2016-11-16 11:20:46","account":"t***m","quantity":1,"handle_status":8,"order_type":"2","areaid":"640324","item_id":126},{"address":"山东省","access_date":"2016-11-16 10:38:51","account":"1***9","quantity":1,"handle_status":8,"order_type":"2","areaid":"371301","item_id":126},{"address":"上海市","access_date":"2016-11-16 10:08:33","account":"1***3","quantity":1,"handle_status":8,"order_type":"2","areaid":"310104","item_id":126},{"address":"贵州省","access_date":"2016-11-16 10:01:50","account":"1***9","quantity":1,"handle_status":8,"order_type":"2","areaid":"520527","item_id":126},{"address":"云南省","access_date":"2016-11-16 09:36:18","account":"j***9","quantity":1,"handle_status":8,"order_type":"2","areaid":"530102","item_id":126},{"address":"安徽省","access_date":"2016-11-15 14:54:27","account":"云***8","quantity":1,"handle_status":8,"order_type":"2","areaid":"341103","item_id":126},{"address":"内蒙古自治区","access_date":"2016-11-15 14:19:17","account":"阿***哈","quantity":1,"handle_status":8,"order_type":"2","areaid":"150203","item_id":126},{"address":"广东省","access_date":"2016-11-15 11:18:32","account":"c***0","quantity":1,"handle_status":8,"order_type":"2","areaid":"440103","item_id":126},{"address":"山东省","access_date":"2016-11-14 15:22:43","account":"一***6","quantity":1,"handle_status":8,"order_type":"2","areaid":"370102","item_id":126},{"address":"山东省","access_date":"2016-11-14 15:04:44","account":"h***i","quantity":1,"handle_status":8,"order_type":"2","areaid":"370214","item_id":126},{"address":"北京市","access_date":"2016-11-14 12:47:26","account":"b***n","quantity":1,"handle_status":8,"order_type":"2","areaid":"110108","item_id":126},{"address":"浙江省","access_date":"2016-11-14 12:23:21","account":"b***0","quantity":1,"handle_status":8,"order_type":"2","areaid":"330104","item_id":126},{"address":"福建省","access_date":"2016-11-14 11:12:01","account":"1***3","quantity":1,"handle_status":8,"order_type":"2","areaid":"350103","item_id":126},{"address":"云南省","access_date":"2016-11-14 10:57:35","account":"s***3","quantity":1,"handle_status":8,"order_type":"2","areaid":"532801","item_id":126},{"address":"四川省","access_date":"2016-11-12 13:28:14","account":"流***语","quantity":1,"handle_status":8,"order_type":"2","areaid":"510121","item_id":126},{"address":"云南省","access_date":"2016-11-12 12:19:07","account":"杨***枫","quantity":1,"handle_status":8,"order_type":"2","areaid":"530103","item_id":126},{"address":"福建省","access_date":"2016-11-12 09:47:38","account":"a***n","quantity":1,"handle_status":8,"order_type":"2","areaid":"350430","item_id":126},{"address":"安徽省","access_date":"2016-11-10 16:00:29","account":"1***7","quantity":1,"handle_status":8,"order_type":"2","areaid":"340827","item_id":126},{"address":"湖北省","access_date":"2016-11-10 15:02:38","account":"z***r","quantity":1,"handle_status":8,"order_type":"2","areaid":"421182","item_id":126},{"address":"福建省","access_date":"2016-11-10 11:36:49","account":"k***d","quantity":1,"handle_status":8,"order_type":"2","areaid":"350212","item_id":126},{"address":"上海市","access_date":"2016-11-10 09:59:07","account":"v***4","quantity":1,"handle_status":8,"order_type":"2","areaid":"310115","item_id":126},{"address":"江苏省","access_date":"2016-11-08 13:37:35","account":"1***3","quantity":1,"handle_status":8,"order_type":"2","areaid":"320509","item_id":126},{"address":"内蒙古自治区","access_date":"2016-11-08 13:13:58","account":"1***6","quantity":1,"handle_status":8,"order_type":"2","areaid":"150426","item_id":126},{"address":"江苏省","access_date":"2016-11-07 16:24:39","account":"1***1","quantity":1,"handle_status":8,"order_type":"2","areaid":"320211","item_id":126},{"address":"广东省","access_date":"2016-11-07 15:20:59","account":"k***7","quantity":1,"handle_status":8,"order_type":"2","areaid":"ff8080814cd0d0f4014cd571e2a50002","item_id":126},{"address":"江西省","access_date":"2016-11-06 16:17:59","account":"x***5","quantity":1,"handle_status":8,"order_type":"2","areaid":"360502","item_id":126},{"address":"上海市","access_date":"2016-11-06 12:33:25","account":"1***4","quantity":1,"handle_status":8,"order_type":"2","areaid":"310115","item_id":126},{"address":"江西省","access_date":"2016-11-05 09:50:10","account":"张***林","quantity":1,"handle_status":8,"order_type":"2","areaid":"360122","item_id":126},{"address":"新疆维吾尔自治区","access_date":"2016-11-03 12:37:41","account":"s***8","quantity":1,"handle_status":8,"order_type":"2","areaid":"650104","item_id":126},{"address":"广东省","access_date":"2016-11-02 13:33:26","account":"w***a","quantity":1,"handle_status":8,"order_type":"2","areaid":"440704","item_id":126},{"address":"北京市","access_date":"2016-11-02 11:38:30","account":"d***g","quantity":1,"handle_status":8,"order_type":"2","areaid":"110105","item_id":126},{"address":"浙江省","access_date":"2016-11-02 11:11:42","account":"z***w","quantity":1,"handle_status":8,"order_type":"2","areaid":"330109","item_id":126}]