[{"address":"江苏省","access_date":"2017-04-09 01:17:56","account":"1***7","quantity":1,"handle_status":5,"order_type":"2","areaid":"320201","item_id":177},{"address":"北京市","access_date":"2017-04-07 21:25:14","account":"s***n","quantity":1,"handle_status":5,"order_type":"2","areaid":"110108","item_id":177},{"address":"安徽省","access_date":"2017-04-07 10:00:25","account":"s***0","quantity":1,"handle_status":5,"order_type":"2","areaid":"340103","item_id":177},{"address":"四川省","access_date":"2017-04-06 21:34:05","account":"北***年","quantity":1,"handle_status":5,"order_type":"2","areaid":"510724","item_id":177},{"address":"天津市","access_date":"2017-04-06 13:00:39","account":"z***1","quantity":1,"handle_status":5,"order_type":"2","areaid":"120105","item_id":177},{"address":"天津市","access_date":"2017-04-06 12:50:07","account":"z***1","quantity":1,"handle_status":5,"order_type":"2","areaid":"120105","item_id":177},{"address":"江西省","access_date":"2017-04-06 11:00:50","account":"程***盛","quantity":1,"handle_status":5,"order_type":"2","areaid":"360428","item_id":177},{"address":"四川省","access_date":"2017-04-06 09:30:05","account":"5***8","quantity":1,"handle_status":5,"order_type":"2","areaid":"513401","item_id":177},{"address":"北京市","access_date":"2017-04-05 16:13:58","account":"1***3","quantity":1,"handle_status":5,"order_type":"2","areaid":"110101","item_id":177},{"address":"四川省","access_date":"2017-04-05 08:50:43","account":"s***j","quantity":1,"handle_status":5,"order_type":"2","areaid":"510107","item_id":177},{"address":"上海市","access_date":"2017-04-05 05:58:21","account":"1***8","quantity":1,"handle_status":5,"order_type":"2","areaid":"310115","item_id":177},{"address":"浙江省","access_date":"2017-04-04 23:05:59","account":"z***4","quantity":1,"handle_status":8,"order_type":"2","areaid":"330302","item_id":177},{"address":"北京市","access_date":"2017-04-04 22:12:35","account":"1***8","quantity":1,"handle_status":7,"order_type":"2","areaid":"110101","item_id":177},{"address":"江苏省","access_date":"2017-04-04 18:15:07","account":"1***7","quantity":1,"handle_status":8,"order_type":"2","areaid":"320106","item_id":177},{"address":"湖南省","access_date":"2017-04-03 14:44:10","account":"x***8","quantity":1,"handle_status":8,"order_type":"2","areaid":"431381","item_id":177},{"address":"河北省","access_date":"2017-04-02 06:35:56","account":"嘉***8","quantity":1,"handle_status":7,"order_type":"2","areaid":"130302","item_id":177},{"address":"福建省","access_date":"2017-04-01 23:37:16","account":"v***s","quantity":1,"handle_status":7,"order_type":"2","areaid":"350103","item_id":177},{"address":"内蒙古自治区","access_date":"2017-04-01 18:37:59","account":"1***2","quantity":2,"handle_status":7,"order_type":"2","areaid":"150401","item_id":177},{"address":"北京市","access_date":"2017-04-01 18:00:24","account":"z***r","quantity":1,"handle_status":7,"order_type":"2","areaid":"110106","item_id":177},{"address":"内蒙古自治区","access_date":"2017-04-01 17:11:34","account":"1***8","quantity":1,"handle_status":7,"order_type":"2","areaid":"150802","item_id":177},{"address":"四川省","access_date":"2017-04-01 13:25:29","account":"j***j","quantity":1,"handle_status":8,"order_type":"2","areaid":"510104","item_id":177},{"address":"辽宁省","access_date":"2017-03-21 23:59:14","account":"彩***0","quantity":1,"handle_status":7,"order_type":"2","areaid":"210803","item_id":177},{"address":"湖北省","access_date":"2017-03-21 15:50:51","account":"l***c","quantity":1,"handle_status":8,"order_type":"2","areaid":"420502","item_id":177},{"address":"江西省","access_date":"2017-03-21 11:59:20","account":"非***道","quantity":1,"handle_status":8,"order_type":"2","areaid":"360111","item_id":177},{"address":"广东省","access_date":"2017-03-21 11:53:11","account":"y***7","quantity":1,"handle_status":8,"order_type":"2","areaid":"440402","item_id":177},{"address":"上海市","access_date":"2017-03-21 11:38:46","account":"1***8","quantity":1,"handle_status":8,"order_type":"2","areaid":"310116","item_id":177},{"address":"上海市","access_date":"2017-03-21 10:27:28","account":"吴***8","quantity":1,"handle_status":8,"order_type":"2","areaid":"310120","item_id":177},{"address":"四川省","access_date":"2017-03-21 09:36:17","account":"h***r","quantity":1,"handle_status":8,"order_type":"2","areaid":"510108","item_id":177},{"address":"内蒙古自治区","access_date":"2017-03-21 09:32:07","account":"h***6","quantity":1,"handle_status":8,"order_type":"2","areaid":"150782","item_id":177},{"address":"北京市","access_date":"2017-03-20 21:53:58","account":"l***0","quantity":1,"handle_status":8,"order_type":"2","areaid":"110105","item_id":177},{"address":"浙江省","access_date":"2017-03-20 17:27:28","account":"1***8","quantity":1,"handle_status":8,"order_type":"2","areaid":"330902","item_id":177},{"address":"上海市","access_date":"2017-03-19 22:31:08","account":"c***6","quantity":1,"handle_status":8,"order_type":"2","areaid":"310104","item_id":177},{"address":"上海市","access_date":"2017-03-19 21:34:48","account":"a***4","quantity":1,"handle_status":8,"order_type":"2","areaid":"310101","item_id":177},{"address":"湖北省","access_date":"2017-03-19 18:12:02","account":"x***5","quantity":1,"handle_status":8,"order_type":"2","areaid":"420106","item_id":177},{"address":"上海市","access_date":"2017-03-19 15:19:45","account":"a***3","quantity":1,"handle_status":8,"order_type":"2","areaid":"310104","item_id":177},{"address":"辽宁省","access_date":"2017-03-19 09:06:39","account":"l***6","quantity":1,"handle_status":8,"order_type":"2","areaid":"211282","item_id":177},{"address":"黑龙江省","access_date":"2017-03-18 20:00:19","account":"黄***盗","quantity":1,"handle_status":8,"order_type":"2","areaid":"231084","item_id":177},{"address":"浙江省","access_date":"2017-03-18 18:21:56","account":"1***1","quantity":1,"handle_status":8,"order_type":"2","areaid":"330782","item_id":177},{"address":"辽宁省","access_date":"2017-03-18 16:28:41","account":"狂***子","quantity":1,"handle_status":8,"order_type":"2","areaid":"211302","item_id":177},{"address":"浙江省","access_date":"2017-03-18 14:22:10","account":"n***3","quantity":1,"handle_status":8,"order_type":"2","areaid":"330702","item_id":177},{"address":"贵州省","access_date":"2017-03-18 08:25:19","account":"陈***明","quantity":1,"handle_status":8,"order_type":"2","areaid":"520111","item_id":177},{"address":"云南省","access_date":"2017-03-18 07:10:28","account":"w***5","quantity":1,"handle_status":8,"order_type":"2","areaid":"530302","item_id":177},{"address":"上海市","access_date":"2017-03-18 02:40:48","account":"j***h","quantity":1,"handle_status":8,"order_type":"2","areaid":"310105","item_id":177},{"address":"广东省","access_date":"2017-03-18 00:24:58","account":"1***1","quantity":1,"handle_status":8,"order_type":"2","areaid":"440116","item_id":177},{"address":"江苏省","access_date":"2017-03-17 22:07:21","account":"y***8","quantity":1,"handle_status":8,"order_type":"2","areaid":"320902","item_id":177},{"address":"上海市","access_date":"2017-03-17 21:24:11","account":"j***k","quantity":1,"handle_status":8,"order_type":"2","areaid":"310230","item_id":177},{"address":"安徽省","access_date":"2017-03-17 20:43:12","account":"w***2","quantity":1,"handle_status":8,"order_type":"2","areaid":"340202","item_id":177},{"address":"辽宁省","access_date":"2017-03-17 20:34:18","account":"c***8","quantity":1,"handle_status":8,"order_type":"2","areaid":"210782","item_id":177},{"address":"广西壮族自治区","access_date":"2017-03-17 18:09:46","account":"1***1","quantity":1,"handle_status":8,"order_type":"2","areaid":"450325","item_id":177},{"address":"四川省","access_date":"2017-03-17 15:31:35","account":"周***东","quantity":1,"handle_status":8,"order_type":"2","areaid":"511824","item_id":177},{"address":"湖南省","access_date":"2017-03-17 15:09:54","account":"海***7","quantity":1,"handle_status":8,"order_type":"2","areaid":"430111","item_id":177},{"address":"上海市","access_date":"2017-03-17 15:00:23","account":"t***u","quantity":1,"handle_status":8,"order_type":"2","areaid":"310109","item_id":177},{"address":"浙江省","access_date":"2017-03-17 14:49:23","account":"i***s","quantity":1,"handle_status":8,"order_type":"2","areaid":"330104","item_id":177},{"address":"福建省","access_date":"2017-03-17 14:37:01","account":"f***m","quantity":1,"handle_status":8,"order_type":"2","areaid":"350104","item_id":177},{"address":"天津市","access_date":"2017-03-17 14:27:30","account":"j***2","quantity":1,"handle_status":8,"order_type":"2","areaid":"120102","item_id":177},{"address":"山东省","access_date":"2017-03-17 14:27:01","account":"k***8","quantity":1,"handle_status":8,"order_type":"2","areaid":"371302","item_id":177},{"address":"上海市","access_date":"2017-03-17 14:19:08","account":"p***o","quantity":1,"handle_status":8,"order_type":"2","areaid":"310112","item_id":177},{"address":"新疆维吾尔自治区","access_date":"2017-03-17 13:43:36","account":"f***9","quantity":1,"handle_status":8,"order_type":"2","areaid":"659001","item_id":177},{"address":"吉林省","access_date":"2017-03-17 12:57:24","account":"c***3","quantity":1,"handle_status":8,"order_type":"2","areaid":"220702","item_id":177},{"address":"黑龙江省","access_date":"2017-03-17 12:32:05","account":"m***o","quantity":1,"handle_status":8,"order_type":"2","areaid":"230104","item_id":177},{"address":"上海市","access_date":"2017-03-17 12:31:28","account":"y***4","quantity":1,"handle_status":8,"order_type":"2","areaid":"310117","item_id":177},{"address":"上海市","access_date":"2017-03-17 12:28:07","account":"方***之","quantity":1,"handle_status":8,"order_type":"2","areaid":"310113","item_id":177},{"address":"贵州省","access_date":"2017-03-17 12:19:48","account":"1***9","quantity":1,"handle_status":8,"order_type":"2","areaid":"522301","item_id":177},{"address":"安徽省","access_date":"2017-03-17 12:11:43","account":"d***y","quantity":1,"handle_status":8,"order_type":"2","areaid":"340202","item_id":177},{"address":"山东省","access_date":"2017-03-17 11:58:32","account":"9***h","quantity":1,"handle_status":8,"order_type":"2","areaid":"370802","item_id":177},{"address":"新疆维吾尔自治区","access_date":"2017-03-17 11:43:23","account":"3***0","quantity":1,"handle_status":8,"order_type":"2","areaid":"654202","item_id":177},{"address":"江苏省","access_date":"2017-03-17 11:35:49","account":"3***3","quantity":1,"handle_status":8,"order_type":"2","areaid":"321283","item_id":177},{"address":"湖南省","access_date":"2017-03-17 11:17:44","account":"t***7","quantity":1,"handle_status":8,"order_type":"2","areaid":"430405","item_id":177},{"address":"上海市","access_date":"2017-03-17 11:16:53","account":"l***5","quantity":1,"handle_status":8,"order_type":"2","areaid":"310114","item_id":177},{"address":"上海市","access_date":"2017-03-17 11:10:25","account":"1***2","quantity":1,"handle_status":8,"order_type":"2","areaid":"310113","item_id":177},{"address":"湖北省","access_date":"2017-03-17 11:06:08","account":"张***友","quantity":1,"handle_status":8,"order_type":"2","areaid":"429005","item_id":177},{"address":"江苏省","access_date":"2017-03-17 10:50:48","account":"z***5","quantity":1,"handle_status":8,"order_type":"2","areaid":"320102","item_id":177},{"address":"北京市","access_date":"2017-03-17 10:42:19","account":"s***y","quantity":1,"handle_status":8,"order_type":"2","areaid":"110106","item_id":177},{"address":"湖南省","access_date":"2017-03-17 10:36:57","account":"1***3","quantity":1,"handle_status":8,"order_type":"2","areaid":"431121","item_id":177},{"address":"上海市","access_date":"2017-03-17 10:35:02","account":"1***9","quantity":1,"handle_status":8,"order_type":"2","areaid":"310110","item_id":177},{"address":"黑龙江省","access_date":"2017-03-17 10:34:45","account":"m***o","quantity":1,"handle_status":8,"order_type":"2","areaid":"230104","item_id":177},{"address":"山东省","access_date":"2017-03-17 10:26:45","account":"周***军","quantity":1,"handle_status":-6,"order_type":"2","areaid":"370921","item_id":177},{"address":"陕西省","access_date":"2017-03-17 10:21:54","account":"田***森","quantity":1,"handle_status":8,"order_type":"2","areaid":"610113","item_id":177},{"address":"四川省","access_date":"2017-03-17 10:21:01","account":"b***2","quantity":1,"handle_status":8,"order_type":"2","areaid":"510104","item_id":177},{"address":"湖南省","access_date":"2017-03-17 10:20:25","account":"y***6","quantity":1,"handle_status":8,"order_type":"2","areaid":"430203","item_id":177},{"address":"江西省","access_date":"2017-03-17 10:19:14","account":"t***6","quantity":1,"handle_status":8,"order_type":"2","areaid":"360102","item_id":177},{"address":"甘肃省","access_date":"2017-03-17 10:18:34","account":"d***3","quantity":1,"handle_status":8,"order_type":"2","areaid":"620601","item_id":177},{"address":"北京市","access_date":"2017-03-17 10:17:18","account":"j***1","quantity":1,"handle_status":8,"order_type":"2","areaid":"110108","item_id":177},{"address":"江西省","access_date":"2017-03-17 10:16:31","account":"j***i","quantity":1,"handle_status":8,"order_type":"2","areaid":"360502","item_id":177},{"address":"浙江省","access_date":"2017-03-17 10:13:41","account":"c***l","quantity":1,"handle_status":8,"order_type":"2","areaid":"330822","item_id":177},{"address":"广东省","access_date":"2017-03-17 10:09:31","account":"r***8","quantity":1,"handle_status":8,"order_type":"2","areaid":"440604","item_id":177},{"address":"河北省","access_date":"2017-03-17 10:09:11","account":"q***y","quantity":1,"handle_status":8,"order_type":"2","areaid":"130503","item_id":177},{"address":"江西省","access_date":"2017-03-17 10:08:46","account":"1***6","quantity":1,"handle_status":8,"order_type":"2","areaid":"361126","item_id":177},{"address":"黑龙江省","access_date":"2017-03-17 10:06:16","account":"1***5","quantity":1,"handle_status":8,"order_type":"2","areaid":"231282","item_id":177},{"address":"辽宁省","access_date":"2017-03-17 09:58:26","account":"y***g","quantity":1,"handle_status":8,"order_type":"2","areaid":"210201","item_id":177},{"address":"福建省","access_date":"2017-03-17 09:53:46","account":"c***3","quantity":1,"handle_status":-6,"order_type":"2","areaid":"350505","item_id":177},{"address":"安徽省","access_date":"2017-03-17 09:53:17","account":"花***3","quantity":1,"handle_status":8,"order_type":"2","areaid":"341502","item_id":177},{"address":"山东省","access_date":"2017-03-17 09:52:48","account":"1***7","quantity":1,"handle_status":8,"order_type":"2","areaid":"370211","item_id":177},{"address":"上海市","access_date":"2017-03-17 09:52:27","account":"z***s","quantity":1,"handle_status":8,"order_type":"2","areaid":"310112","item_id":177},{"address":"江西省","access_date":"2017-03-17 09:50:03","account":"r***2","quantity":1,"handle_status":8,"order_type":"2","areaid":"360102","item_id":177},{"address":"山东省","access_date":"2017-03-17 09:49:28","account":"3***4","quantity":1,"handle_status":8,"order_type":"2","areaid":"370303","item_id":177},{"address":"浙江省","access_date":"2017-03-17 09:37:01","account":"1***7","quantity":1,"handle_status":8,"order_type":"2","areaid":"330106","item_id":177},{"address":"江苏省","access_date":"2017-03-17 09:36:44","account":"1***3","quantity":1,"handle_status":8,"order_type":"2","areaid":"320205","item_id":177},{"address":"浙江省","access_date":"2017-03-17 09:36:09","account":"y***8","quantity":1,"handle_status":-6,"order_type":"2","areaid":"330122","item_id":177},{"address":"天津市","access_date":"2017-03-17 09:35:21","account":"l***5","quantity":1,"handle_status":8,"order_type":"2","areaid":"120114","item_id":177},{"address":"浙江省","access_date":"2017-03-17 09:35:01","account":"1***7","quantity":1,"handle_status":8,"order_type":"2","areaid":"330106","item_id":177},{"address":"河北省","access_date":"2017-03-17 09:34:03","account":"1***8","quantity":1,"handle_status":8,"order_type":"2","areaid":"130903","item_id":177},{"address":"上海市","access_date":"2017-03-17 09:31:21","account":"j***v","quantity":1,"handle_status":-6,"order_type":"2","areaid":"310105","item_id":177},{"address":"山东省","access_date":"2017-03-17 09:31:06","account":"l***1","quantity":1,"handle_status":8,"order_type":"2","areaid":"370323","item_id":177},{"address":"广东省","access_date":"2017-03-17 09:30:49","account":"1***2","quantity":1,"handle_status":8,"order_type":"2","areaid":"440105","item_id":177},{"address":"广西壮族自治区","access_date":"2017-03-17 09:26:00","account":"苍***下","quantity":1,"handle_status":-6,"order_type":"2","areaid":"450107","item_id":177},{"address":"河北省","access_date":"2017-03-17 09:23:26","account":"H***B","quantity":1,"handle_status":8,"order_type":"2","areaid":"130404","item_id":177},{"address":"上海市","access_date":"2017-03-17 09:21:49","account":"s***n","quantity":1,"handle_status":8,"order_type":"2","areaid":"310104","item_id":177},{"address":"广东省","access_date":"2017-03-17 09:20:32","account":"林***春","quantity":1,"handle_status":8,"order_type":"2","areaid":"ff8080814cd0d0f4014cd571e2a50002","item_id":177},{"address":"四川省","access_date":"2017-03-17 09:19:40","account":"怡***埃","quantity":1,"handle_status":-6,"order_type":"2","areaid":"510101","item_id":177},{"address":"山东省","access_date":"2017-03-17 09:19:01","account":"天***z","quantity":1,"handle_status":8,"order_type":"2","areaid":"371202","item_id":177},{"address":"广东省","access_date":"2017-03-17 09:18:19","account":"m***9","quantity":1,"handle_status":8,"order_type":"2","areaid":"ff8080814cd0d0f4014cd571e2a50002","item_id":177},{"address":"重庆市","access_date":"2017-03-17 09:16:59","account":"1***3","quantity":1,"handle_status":8,"order_type":"2","areaid":"500103","item_id":177},{"address":"上海市","access_date":"2017-03-17 09:16:57","account":"1***9","quantity":1,"handle_status":8,"order_type":"2","areaid":"310113","item_id":177},{"address":"江苏省","access_date":"2017-03-17 09:15:55","account":"z***b","quantity":1,"handle_status":8,"order_type":"2","areaid":"320115","item_id":177},{"address":"山东省","access_date":"2017-03-17 09:15:24","account":"c***u","quantity":1,"handle_status":8,"order_type":"2","areaid":"370303","item_id":177},{"address":"江西省","access_date":"2017-03-17 09:14:17","account":"f***5","quantity":1,"handle_status":8,"order_type":"2","areaid":"361002","item_id":177},{"address":"山东省","access_date":"2017-03-17 09:13:51","account":"王***遵","quantity":1,"handle_status":8,"order_type":"2","areaid":"370212","item_id":177},{"address":"辽宁省","access_date":"2017-03-17 09:13:28","account":"1***3","quantity":1,"handle_status":8,"order_type":"2","areaid":"210202","item_id":177},{"address":"广西壮族自治区","access_date":"2017-03-17 09:12:43","account":"n***7","quantity":1,"handle_status":8,"order_type":"2","areaid":"450481","item_id":177},{"address":"北京市","access_date":"2017-03-17 09:12:36","account":"随***游","quantity":1,"handle_status":8,"order_type":"2","areaid":"110107","item_id":177},{"address":"安徽省","access_date":"2017-03-17 09:11:50","account":"v***6","quantity":1,"handle_status":8,"order_type":"2","areaid":"340103","item_id":177},{"address":"辽宁省","access_date":"2017-03-17 09:11:11","account":"c***8","quantity":1,"handle_status":8,"order_type":"2","areaid":"210302","item_id":177},{"address":"浙江省","access_date":"2017-03-17 09:10:48","account":"孙***明","quantity":1,"handle_status":8,"order_type":"2","areaid":"330183","item_id":177},{"address":"北京市","access_date":"2017-03-17 09:10:30","account":"f***d","quantity":1,"handle_status":8,"order_type":"2","areaid":"110105","item_id":177},{"address":"江苏省","access_date":"2017-03-17 09:10:04","account":"j***o","quantity":1,"handle_status":8,"order_type":"2","areaid":"320706","item_id":177},{"address":"河南省","access_date":"2017-03-17 09:08:56","account":"梦***由","quantity":1,"handle_status":8,"order_type":"2","areaid":"411303","item_id":177},{"address":"广东省","access_date":"2017-03-17 09:08:01","account":"1***9","quantity":1,"handle_status":-6,"order_type":"2","areaid":"440106","item_id":177},{"address":"山东省","access_date":"2017-03-17 09:07:53","account":"1***0","quantity":1,"handle_status":8,"order_type":"2","areaid":"370112","item_id":177},{"address":"广东省","access_date":"2017-03-17 09:07:17","account":"大***觞","quantity":1,"handle_status":8,"order_type":"2","areaid":"440105","item_id":177},{"address":"辽宁省","access_date":"2017-03-17 09:06:58","account":"y***6","quantity":1,"handle_status":8,"order_type":"2","areaid":"210882","item_id":177},{"address":"辽宁省","access_date":"2017-03-17 09:06:30","account":"k***l","quantity":1,"handle_status":8,"order_type":"2","areaid":"210212","item_id":177},{"address":"湖南省","access_date":"2017-03-17 09:06:28","account":"1***8","quantity":1,"handle_status":8,"order_type":"2","areaid":"431102","item_id":177},{"address":"广西壮族自治区","access_date":"2017-03-17 09:06:28","account":"1***1","quantity":1,"handle_status":8,"order_type":"2","areaid":"450107","item_id":177},{"address":"宁夏回族自治区","access_date":"2017-03-17 09:06:13","account":"t***5","quantity":1,"handle_status":8,"order_type":"2","areaid":"640104","item_id":177},{"address":"湖北省","access_date":"2017-03-17 09:06:13","account":"j***9","quantity":1,"handle_status":8,"order_type":"2","areaid":"420202","item_id":177},{"address":"湖南省","access_date":"2017-03-17 09:06:04","account":"t***r","quantity":1,"handle_status":8,"order_type":"2","areaid":"433101","item_id":177},{"address":"上海市","access_date":"2017-03-17 09:05:50","account":"l***u","quantity":1,"handle_status":8,"order_type":"2","areaid":"310101","item_id":177},{"address":"陕西省","access_date":"2017-03-17 09:05:42","account":"1***6","quantity":1,"handle_status":8,"order_type":"2","areaid":"610112","item_id":177},{"address":"山东省","access_date":"2017-03-17 09:05:36","account":"b***8","quantity":1,"handle_status":8,"order_type":"2","areaid":"371081","item_id":177},{"address":"河南省","access_date":"2017-03-17 09:05:31","account":"s***4","quantity":1,"handle_status":8,"order_type":"2","areaid":"410928","item_id":177},{"address":"福建省","access_date":"2017-03-17 09:04:45","account":"o***k","quantity":1,"handle_status":-6,"order_type":"2","areaid":"350723","item_id":177},{"address":"河北省","access_date":"2017-03-17 09:04:45","account":"大***7","quantity":1,"handle_status":8,"order_type":"2","areaid":"130224","item_id":177},{"address":"广东省","access_date":"2017-03-17 09:04:40","account":"y***7","quantity":1,"handle_status":8,"order_type":"2","areaid":"440111","item_id":177},{"address":"河北省","access_date":"2017-03-17 09:04:37","account":"a***6","quantity":1,"handle_status":8,"order_type":"2","areaid":"131125","item_id":177},{"address":"湖南省","access_date":"2017-03-17 09:04:03","account":"1***9","quantity":1,"handle_status":8,"order_type":"2","areaid":"430111","item_id":177},{"address":"江苏省","access_date":"2017-03-17 09:03:35","account":"b***n","quantity":1,"handle_status":8,"order_type":"2","areaid":"320281","item_id":177},{"address":"北京市","access_date":"2017-03-17 09:03:21","account":"1***0","quantity":1,"handle_status":8,"order_type":"2","areaid":"110108","item_id":177},{"address":"广东省","access_date":"2017-03-17 09:03:15","account":"1***4","quantity":1,"handle_status":8,"order_type":"2","areaid":"441202","item_id":177},{"address":"山西省","access_date":"2017-03-17 09:02:59","account":"l***a","quantity":1,"handle_status":8,"order_type":"2","areaid":"141181","item_id":177},{"address":"福建省","access_date":"2017-03-17 09:02:50","account":"1***9","quantity":1,"handle_status":8,"order_type":"2","areaid":"350203","item_id":177},{"address":"江苏省","access_date":"2017-03-17 09:02:39","account":"x***0","quantity":1,"handle_status":8,"order_type":"2","areaid":"320211","item_id":177},{"address":"上海市","access_date":"2017-03-17 09:02:36","account":"j***0","quantity":1,"handle_status":8,"order_type":"2","areaid":"310115","item_id":177},{"address":"北京市","access_date":"2017-03-17 09:02:32","account":"l***n","quantity":1,"handle_status":8,"order_type":"2","areaid":"110108","item_id":177},{"address":"上海市","access_date":"2017-03-17 09:02:19","account":"T***u","quantity":1,"handle_status":8,"order_type":"2","areaid":"310117","item_id":177},{"address":"辽宁省","access_date":"2017-03-17 09:02:02","account":"L***i","quantity":1,"handle_status":8,"order_type":"2","areaid":"210302","item_id":177},{"address":"内蒙古自治区","access_date":"2017-03-17 09:01:46","account":"1***0","quantity":1,"handle_status":8,"order_type":"2","areaid":"150102","item_id":177},{"address":"江西省","access_date":"2017-03-17 09:01:39","account":"l***q","quantity":1,"handle_status":8,"order_type":"2","areaid":"360802","item_id":177},{"address":"陕西省","access_date":"2017-03-17 09:01:29","account":"1***0","quantity":1,"handle_status":8,"order_type":"2","areaid":"610113","item_id":177},{"address":"河南省","access_date":"2017-03-17 09:01:03","account":"1***9","quantity":1,"handle_status":-6,"order_type":"2","areaid":"410102","item_id":177},{"address":"山西省","access_date":"2017-03-17 09:00:40","account":"d***1","quantity":1,"handle_status":8,"order_type":"2","areaid":"140107","item_id":177}]