[{"address":"北京市","access_date":"2016-11-05 11:41:25","account":"1***5","quantity":1,"handle_status":8,"order_type":"2","areaid":"110108","item_id":129},{"address":"广东省","access_date":"2016-11-05 10:27:34","account":"1***8","quantity":1,"handle_status":8,"order_type":"2","areaid":"440307","item_id":129},{"address":"北京市","access_date":"2016-11-04 12:05:26","account":"h***8","quantity":1,"handle_status":8,"order_type":"2","areaid":"110102","item_id":129},{"address":"河南省","access_date":"2016-11-04 11:47:18","account":"1***6","quantity":1,"handle_status":8,"order_type":"2","areaid":"410728","item_id":129}]