[{"address":"浙江省","access_date":"2017-01-11 11:30:42","account":"l***j","quantity":1,"handle_status":8,"order_type":"53","areaid":"331102","item_id":138},{"address":"辽宁省","access_date":"2017-01-11 11:30:42","account":"n***8","quantity":1,"handle_status":8,"order_type":"53","areaid":"210502","item_id":138},{"address":"浙江省","access_date":"2017-01-11 11:30:42","account":"j***3","quantity":1,"handle_status":8,"order_type":"53","areaid":"330702","item_id":138},{"address":"广东省","access_date":"2017-01-11 11:30:42","account":"m***7","quantity":1,"handle_status":8,"order_type":"53","areaid":"440604","item_id":138},{"address":"山东省","access_date":"2017-01-11 11:30:42","account":"h***i","quantity":1,"handle_status":8,"order_type":"53","areaid":"370214","item_id":138},{"address":"江西省","access_date":"2017-01-11 11:30:42","account":"l***2","quantity":1,"handle_status":8,"order_type":"53","areaid":"360104","item_id":138},{"address":"广东省","access_date":"2017-01-11 11:30:42","account":"c***n","quantity":1,"handle_status":8,"order_type":"53","areaid":"440513","item_id":138},{"address":"吉林省","access_date":"2017-01-11 11:30:42","account":"d***7","quantity":1,"handle_status":8,"order_type":"53","areaid":"220105","item_id":138},{"address":"福建省","access_date":"2017-01-11 11:30:41","account":"z***1","quantity":1,"handle_status":8,"order_type":"53","areaid":"350521","item_id":138},{"address":"江西省","access_date":"2017-01-11 11:30:41","account":"w***3","quantity":1,"handle_status":8,"order_type":"53","areaid":"361128","item_id":138},{"address":"吉林省","access_date":"2017-01-11 11:30:41","account":"g***8","quantity":1,"handle_status":8,"order_type":"53","areaid":"220204","item_id":138},{"address":"安徽省","access_date":"2017-01-11 11:30:41","account":"z***n","quantity":1,"handle_status":8,"order_type":"53","areaid":"341723","item_id":138},{"address":"江苏省","access_date":"2017-01-11 11:30:41","account":"l***1","quantity":1,"handle_status":8,"order_type":"53","areaid":"320582","item_id":138},{"address":"陕西省","access_date":"2017-01-11 11:30:41","account":"l***k","quantity":1,"handle_status":8,"order_type":"53","areaid":"610403","item_id":138},{"address":"上海市","access_date":"2017-01-11 11:30:41","account":"1***3","quantity":1,"handle_status":8,"order_type":"53","areaid":"310115","item_id":138},{"address":"湖北省","access_date":"2017-01-11 11:30:41","account":"1***9","quantity":1,"handle_status":8,"order_type":"53","areaid":"421003","item_id":138},{"address":"山东省","access_date":"2017-01-11 11:30:41","account":"l***1","quantity":1,"handle_status":8,"order_type":"53","areaid":"371302","item_id":138},{"address":"山东省","access_date":"2017-01-11 11:30:41","account":"b***4","quantity":1,"handle_status":8,"order_type":"53","areaid":"371322","item_id":138},{"address":"安徽省","access_date":"2017-01-11 11:30:39","account":"梅***芳","quantity":1,"handle_status":8,"order_type":"53","areaid":"340703","item_id":138},{"address":"江苏省","access_date":"2017-01-11 11:30:39","account":"h***6","quantity":1,"handle_status":8,"order_type":"53","areaid":"321003","item_id":138},{"address":"云南省","access_date":"2017-01-11 11:30:39","account":"s***7","quantity":1,"handle_status":8,"order_type":"53","areaid":"530112","item_id":138},{"address":"浙江省","access_date":"2017-01-11 11:30:39","account":"1***7","quantity":1,"handle_status":8,"order_type":"53","areaid":"330381","item_id":138},{"address":"山东省","access_date":"2017-01-11 11:30:39","account":"b***g","quantity":1,"handle_status":8,"order_type":"53","areaid":"371521","item_id":138},{"address":"内蒙古自治区","access_date":"2017-01-11 11:30:39","account":"s***0","quantity":1,"handle_status":8,"order_type":"53","areaid":"150981","item_id":138},{"address":"湖南省","access_date":"2017-01-11 11:30:38","account":"1***6","quantity":1,"handle_status":8,"order_type":"53","areaid":"430105","item_id":138},{"address":"辽宁省","access_date":"2017-01-11 11:30:38","account":"z***8","quantity":1,"handle_status":8,"order_type":"53","areaid":"210211","item_id":138},{"address":"陕西省","access_date":"2017-01-11 11:30:38","account":"z***i","quantity":1,"handle_status":8,"order_type":"53","areaid":"610113","item_id":138},{"address":"北京市","access_date":"2017-01-11 11:30:38","account":"1***7","quantity":1,"handle_status":-4,"order_type":"53","areaid":"110106","item_id":138},{"address":"山东省","access_date":"2017-01-11 11:30:38","account":"努***2","quantity":1,"handle_status":8,"order_type":"53","areaid":"371001","item_id":138},{"address":"湖北省","access_date":"2017-01-11 11:30:38","account":"1***3","quantity":1,"handle_status":8,"order_type":"53","areaid":"420202","item_id":138},{"address":"山东省","access_date":"2017-01-11 11:30:38","account":"1***9","quantity":1,"handle_status":8,"order_type":"53","areaid":"370724","item_id":138},{"address":"上海市","access_date":"2017-01-11 11:30:38","account":"1***8","quantity":1,"handle_status":8,"order_type":"53","areaid":"310107","item_id":138},{"address":"江苏省","access_date":"2017-01-11 11:30:38","account":"y***5","quantity":1,"handle_status":8,"order_type":"53","areaid":"320204","item_id":138},{"address":"江苏省","access_date":"2017-01-11 11:30:38","account":"1***4","quantity":1,"handle_status":8,"order_type":"53","areaid":"320411","item_id":138},{"address":"北京市","access_date":"2017-01-11 11:30:38","account":"h***2","quantity":1,"handle_status":8,"order_type":"53","areaid":"110108","item_id":138},{"address":"广西壮族自治区","access_date":"2017-01-11 11:30:36","account":"e***e","quantity":1,"handle_status":8,"order_type":"53","areaid":"450881","item_id":138},{"address":"河北省","access_date":"2017-01-11 11:30:36","account":"a***2","quantity":1,"handle_status":8,"order_type":"53","areaid":"130502","item_id":138},{"address":"广东省","access_date":"2017-01-11 11:30:36","account":"z***h","quantity":1,"handle_status":8,"order_type":"53","areaid":"440224","item_id":138},{"address":"河北省","access_date":"2017-01-11 11:30:36","account":"非***8","quantity":1,"handle_status":8,"order_type":"53","areaid":"130705","item_id":138},{"address":"广东省","access_date":"2017-01-11 11:30:36","account":"1***9","quantity":1,"handle_status":8,"order_type":"53","areaid":"440403","item_id":138},{"address":"安徽省","access_date":"2017-01-11 11:30:36","account":"1***7","quantity":1,"handle_status":8,"order_type":"53","areaid":"340401","item_id":138},{"address":"江苏省","access_date":"2017-01-11 11:30:36","account":"1***5","quantity":1,"handle_status":8,"order_type":"53","areaid":"320611","item_id":138},{"address":"广东省","access_date":"2017-01-11 11:30:36","account":"1***0","quantity":1,"handle_status":8,"order_type":"53","areaid":"440803","item_id":138},{"address":"浙江省","access_date":"2017-01-11 11:30:36","account":"w***3","quantity":1,"handle_status":8,"order_type":"53","areaid":"330303","item_id":138},{"address":"浙江省","access_date":"2017-01-11 11:30:35","account":"h***7","quantity":1,"handle_status":7,"order_type":"53","areaid":"330106","item_id":138},{"address":"江西省","access_date":"2017-01-11 11:30:35","account":"l***4","quantity":1,"handle_status":8,"order_type":"53","areaid":"361028","item_id":138},{"address":"浙江省","access_date":"2017-01-11 11:30:35","account":"z***p","quantity":1,"handle_status":8,"order_type":"53","areaid":"330424","item_id":138},{"address":"上海市","access_date":"2017-01-11 11:30:35","account":"1***8","quantity":1,"handle_status":8,"order_type":"53","areaid":"310117","item_id":138},{"address":"江苏省","access_date":"2017-01-11 11:30:35","account":"h***1","quantity":1,"handle_status":8,"order_type":"53","areaid":"320506","item_id":138},{"address":"江苏省","access_date":"2017-01-11 11:30:35","account":"1***1","quantity":1,"handle_status":8,"order_type":"53","areaid":"320508","item_id":138},{"address":"河北省","access_date":"2017-01-11 11:30:35","account":"1***8","quantity":1,"handle_status":8,"order_type":"53","areaid":"131025","item_id":138},{"address":"湖南省","access_date":"2017-01-11 11:30:35","account":"1***1","quantity":1,"handle_status":8,"order_type":"53","areaid":"431302","item_id":138},{"address":"北京市","access_date":"2017-01-11 11:30:33","account":"w***8","quantity":1,"handle_status":8,"order_type":"53","areaid":"110101","item_id":138},{"address":"安徽省","access_date":"2017-01-11 11:30:33","account":"q***3","quantity":1,"handle_status":8,"order_type":"53","areaid":"340823","item_id":138},{"address":"浙江省","access_date":"2017-01-11 11:30:33","account":"d***8","quantity":1,"handle_status":8,"order_type":"53","areaid":"330481","item_id":138},{"address":"浙江省","access_date":"2017-01-11 11:30:33","account":"百***人","quantity":1,"handle_status":8,"order_type":"53","areaid":"330104","item_id":138},{"address":"江苏省","access_date":"2017-01-11 11:30:33","account":"何***锋","quantity":1,"handle_status":8,"order_type":"53","areaid":"321283","item_id":138},{"address":"河南省","access_date":"2017-01-11 11:30:33","account":"1***6","quantity":1,"handle_status":8,"order_type":"53","areaid":"410411","item_id":138},{"address":"北京市","access_date":"2017-01-11 11:30:33","account":"w***9","quantity":1,"handle_status":8,"order_type":"53","areaid":"110108","item_id":138},{"address":"安徽省","access_date":"2017-01-11 11:30:33","account":"c***u","quantity":1,"handle_status":8,"order_type":"53","areaid":"341723","item_id":138},{"address":"广东省","access_date":"2017-01-11 11:30:33","account":"1***9","quantity":1,"handle_status":8,"order_type":"53","areaid":"440105","item_id":138},{"address":"河北省","access_date":"2017-01-11 11:30:33","account":"1***3","quantity":1,"handle_status":8,"order_type":"53","areaid":"130702","item_id":138},{"address":"浙江省","access_date":"2017-01-11 11:30:33","account":"t***b","quantity":1,"handle_status":8,"order_type":"53","areaid":"331002","item_id":138},{"address":"北京市","access_date":"2017-01-11 11:30:33","account":"1***5","quantity":1,"handle_status":8,"order_type":"53","areaid":"110102","item_id":138},{"address":"安徽省","access_date":"2017-01-11 11:30:32","account":"w***2","quantity":1,"handle_status":8,"order_type":"53","areaid":"341021","item_id":138},{"address":"辽宁省","access_date":"2017-01-11 11:30:32","account":"k***u","quantity":1,"handle_status":8,"order_type":"53","areaid":"210211","item_id":138},{"address":"山东省","access_date":"2017-01-11 11:30:32","account":"c***n","quantity":1,"handle_status":8,"order_type":"53","areaid":"370682","item_id":138},{"address":"陕西省","access_date":"2017-01-11 11:30:32","account":"1***5","quantity":1,"handle_status":8,"order_type":"53","areaid":"610824","item_id":138},{"address":"江苏省","access_date":"2017-01-11 11:30:32","account":"x***e","quantity":1,"handle_status":8,"order_type":"53","areaid":"320684","item_id":138},{"address":"内蒙古自治区","access_date":"2017-01-11 11:30:32","account":"1***1","quantity":1,"handle_status":8,"order_type":"53","areaid":"150105","item_id":138},{"address":"云南省","access_date":"2017-01-11 11:30:32","account":"G***8","quantity":1,"handle_status":8,"order_type":"53","areaid":"530902","item_id":138},{"address":"浙江省","access_date":"2017-01-11 11:30:32","account":"它***它","quantity":1,"handle_status":8,"order_type":"53","areaid":"330183","item_id":138},{"address":"河北省","access_date":"2017-01-11 11:30:32","account":"夏***星","quantity":1,"handle_status":8,"order_type":"53","areaid":"130430","item_id":138},{"address":"江苏省","access_date":"2017-01-11 11:30:32","account":"刘***华","quantity":1,"handle_status":8,"order_type":"53","areaid":"320583","item_id":138},{"address":"北京市","access_date":"2017-01-11 11:30:30","account":"1***1","quantity":1,"handle_status":8,"order_type":"53","areaid":"110108","item_id":138},{"address":"山西省","access_date":"2017-01-11 11:30:30","account":"1***1","quantity":1,"handle_status":8,"order_type":"53","areaid":"140202","item_id":138},{"address":"上海市","access_date":"2017-01-11 11:30:30","account":"1***7","quantity":1,"handle_status":8,"order_type":"53","areaid":"310110","item_id":138},{"address":"山东省","access_date":"2017-01-11 11:30:30","account":"王***3","quantity":1,"handle_status":8,"order_type":"53","areaid":"371327","item_id":138},{"address":"上海市","access_date":"2017-01-11 11:30:30","account":"沈***芳","quantity":1,"handle_status":8,"order_type":"53","areaid":"310115","item_id":138},{"address":"四川省","access_date":"2017-01-11 11:30:30","account":"C***n","quantity":1,"handle_status":8,"order_type":"53","areaid":"511028","item_id":138},{"address":"江苏省","access_date":"2017-01-11 11:30:30","account":"7***2","quantity":1,"handle_status":8,"order_type":"53","areaid":"320583","item_id":138},{"address":"山西省","access_date":"2017-01-11 11:30:30","account":"董***光","quantity":1,"handle_status":8,"order_type":"53","areaid":"140902","item_id":138},{"address":"北京市","access_date":"2017-01-11 11:30:30","account":"c***d","quantity":1,"handle_status":8,"order_type":"53","areaid":"110105","item_id":138},{"address":"上海市","access_date":"2017-01-11 11:30:30","account":"1***5","quantity":1,"handle_status":8,"order_type":"53","areaid":"310105","item_id":138},{"address":"江西省","access_date":"2017-01-11 11:30:29","account":"c***0","quantity":1,"handle_status":8,"order_type":"53","areaid":"361022","item_id":138},{"address":"江西省","access_date":"2017-01-11 11:30:29","account":"t***g","quantity":1,"handle_status":8,"order_type":"53","areaid":"360102","item_id":138},{"address":"安徽省","access_date":"2017-01-11 11:30:29","account":"1***5","quantity":1,"handle_status":8,"order_type":"53","areaid":"340102","item_id":138},{"address":"福建省","access_date":"2017-01-11 11:30:29","account":"q***i","quantity":1,"handle_status":8,"order_type":"53","areaid":"350822","item_id":138},{"address":"湖南省","access_date":"2017-01-11 11:30:29","account":"j***7","quantity":1,"handle_status":8,"order_type":"53","areaid":"430522","item_id":138},{"address":"广东省","access_date":"2017-01-11 11:30:29","account":"1***8","quantity":1,"handle_status":8,"order_type":"53","areaid":"441423","item_id":138},{"address":"内蒙古自治区","access_date":"2017-01-11 11:30:29","account":"1***8","quantity":1,"handle_status":8,"order_type":"53","areaid":"150782","item_id":138},{"address":"天津市","access_date":"2017-01-11 11:30:27","account":"1***3","quantity":1,"handle_status":8,"order_type":"53","areaid":"120103","item_id":138},{"address":"云南省","access_date":"2017-01-11 11:30:27","account":"刘***师","quantity":1,"handle_status":8,"order_type":"53","areaid":"530502","item_id":138},{"address":"山东省","access_date":"2017-01-11 11:30:27","account":"l***q","quantity":1,"handle_status":8,"order_type":"53","areaid":"371002","item_id":138},{"address":"山东省","access_date":"2017-01-11 11:30:27","account":"h***8","quantity":1,"handle_status":8,"order_type":"53","areaid":"371621","item_id":138},{"address":"云南省","access_date":"2017-01-11 11:30:27","account":"奔***月","quantity":1,"handle_status":8,"order_type":"53","areaid":"530112","item_id":138},{"address":"广东省","access_date":"2017-01-11 11:30:27","account":"能***吗","quantity":1,"handle_status":8,"order_type":"53","areaid":"440306","item_id":138},{"address":"江西省","access_date":"2017-01-11 11:30:27","account":"陈***江","quantity":1,"handle_status":8,"order_type":"53","areaid":"360902","item_id":138},{"address":"浙江省","access_date":"2017-01-11 11:30:27","account":"1***6","quantity":1,"handle_status":8,"order_type":"53","areaid":"330327","item_id":138},{"address":"北京市","access_date":"2017-01-11 11:30:27","account":"d***3","quantity":1,"handle_status":8,"order_type":"53","areaid":"110105","item_id":138},{"address":"江苏省","access_date":"2017-01-11 11:30:27","account":"吴***8","quantity":1,"handle_status":8,"order_type":"53","areaid":"321301","item_id":138},{"address":"上海市","access_date":"2017-01-11 11:30:27","account":"q***g","quantity":1,"handle_status":8,"order_type":"53","areaid":"310115","item_id":138},{"address":"陕西省","access_date":"2017-01-11 11:30:26","account":"王***槿","quantity":1,"handle_status":8,"order_type":"53","areaid":"610113","item_id":138},{"address":"北京市","access_date":"2017-01-11 11:30:26","account":"焦***红","quantity":1,"handle_status":8,"order_type":"53","areaid":"110102","item_id":138},{"address":"安徽省","access_date":"2017-01-11 11:30:26","account":"刘***顺","quantity":1,"handle_status":8,"order_type":"53","areaid":"340102","item_id":138},{"address":"广东省","access_date":"2017-01-11 11:30:26","account":"l***0","quantity":1,"handle_status":8,"order_type":"53","areaid":"445281","item_id":138},{"address":"广东省","access_date":"2017-01-11 11:30:26","account":"1***1","quantity":1,"handle_status":8,"order_type":"53","areaid":"ff8080814cd0d0f4014cd56f66b80001","item_id":138},{"address":"浙江省","access_date":"2017-01-11 11:30:26","account":"1***7","quantity":1,"handle_status":8,"order_type":"53","areaid":"330183","item_id":138},{"address":"浙江省","access_date":"2017-01-11 11:30:26","account":"1***0","quantity":1,"handle_status":8,"order_type":"53","areaid":"330784","item_id":138},{"address":"江西省","access_date":"2017-01-11 11:30:26","account":"1***3","quantity":1,"handle_status":8,"order_type":"53","areaid":"360104","item_id":138},{"address":"云南省","access_date":"2017-01-11 11:30:24","account":"1***2","quantity":1,"handle_status":8,"order_type":"53","areaid":"530502","item_id":138},{"address":"黑龙江省","access_date":"2017-01-11 11:30:24","account":"1***9","quantity":1,"handle_status":8,"order_type":"53","areaid":"230103","item_id":138},{"address":"河北省","access_date":"2017-01-11 11:30:24","account":"虚***人","quantity":1,"handle_status":8,"order_type":"53","areaid":"130203","item_id":138},{"address":"河北省","access_date":"2017-01-11 11:30:24","account":"l***a","quantity":1,"handle_status":8,"order_type":"53","areaid":"130104","item_id":138},{"address":"黑龙江省","access_date":"2017-01-11 11:30:24","account":"t***n","quantity":1,"handle_status":8,"order_type":"53","areaid":"230602","item_id":138},{"address":"山东省","access_date":"2017-01-11 11:30:24","account":"王***6","quantity":1,"handle_status":8,"order_type":"53","areaid":"371327","item_id":138},{"address":"安徽省","access_date":"2017-01-11 11:30:24","account":"于***7","quantity":1,"handle_status":8,"order_type":"53","areaid":"340401","item_id":138},{"address":"河南省","access_date":"2017-01-11 11:30:24","account":"1***8","quantity":1,"handle_status":8,"order_type":"53","areaid":"410702","item_id":138},{"address":"河北省","access_date":"2017-01-11 11:30:24","account":"我***满","quantity":1,"handle_status":8,"order_type":"53","areaid":"130281","item_id":138},{"address":"辽宁省","access_date":"2017-01-11 11:30:24","account":"z***g","quantity":1,"handle_status":8,"order_type":"53","areaid":"210103","item_id":138},{"address":"山东省","access_date":"2017-01-11 11:30:23","account":"1***0","quantity":1,"handle_status":8,"order_type":"53","areaid":"371201","item_id":138},{"address":"福建省","access_date":"2017-01-11 11:30:23","account":"1***6","quantity":1,"handle_status":8,"order_type":"53","areaid":"350521","item_id":138},{"address":"河南省","access_date":"2017-01-11 11:30:23","account":"l***5","quantity":1,"handle_status":8,"order_type":"53","areaid":"410711","item_id":138},{"address":"江西省","access_date":"2017-01-11 11:30:23","account":"p***9","quantity":1,"handle_status":8,"order_type":"53","areaid":"360902","item_id":138},{"address":"江苏省","access_date":"2017-01-11 11:30:23","account":"x***6","quantity":1,"handle_status":8,"order_type":"53","areaid":"320111","item_id":138},{"address":"河北省","access_date":"2017-01-11 11:30:23","account":"1***3","quantity":1,"handle_status":8,"order_type":"53","areaid":"130681","item_id":138},{"address":"山东省","access_date":"2017-01-11 11:30:23","account":"l***n","quantity":1,"handle_status":8,"order_type":"53","areaid":"370682","item_id":138},{"address":"上海市","access_date":"2017-01-11 11:30:23","account":"安***鹏","quantity":1,"handle_status":8,"order_type":"53","areaid":"310105","item_id":138},{"address":"北京市","access_date":"2017-01-11 11:30:23","account":"C***s","quantity":1,"handle_status":8,"order_type":"53","areaid":"110112","item_id":138},{"address":"江苏省","access_date":"2017-01-11 11:30:23","account":"云***民","quantity":1,"handle_status":8,"order_type":"53","areaid":"320703","item_id":138},{"address":"北京市","access_date":"2017-01-11 11:30:21","account":"魏***峰","quantity":1,"handle_status":8,"order_type":"53","areaid":"110108","item_id":138},{"address":"辽宁省","access_date":"2017-01-11 11:30:21","account":"7***2","quantity":1,"handle_status":8,"order_type":"53","areaid":"211204","item_id":138},{"address":"上海市","access_date":"2017-01-11 11:30:21","account":"1***8","quantity":1,"handle_status":8,"order_type":"53","areaid":"310115","item_id":138},{"address":"北京市","access_date":"2017-01-11 11:30:21","account":"z***6","quantity":1,"handle_status":8,"order_type":"53","areaid":"110101","item_id":138},{"address":"黑龙江省","access_date":"2017-01-11 11:30:21","account":"大***为","quantity":1,"handle_status":8,"order_type":"53","areaid":"230205","item_id":138},{"address":"北京市","access_date":"2017-01-11 11:30:21","account":"w***5","quantity":1,"handle_status":8,"order_type":"53","areaid":"110108","item_id":138},{"address":"江西省","access_date":"2017-01-11 11:30:21","account":"z***g","quantity":1,"handle_status":8,"order_type":"53","areaid":"361026","item_id":138},{"address":"江苏省","access_date":"2017-01-11 11:30:21","account":"唐***9","quantity":1,"handle_status":8,"order_type":"53","areaid":"320282","item_id":138},{"address":"辽宁省","access_date":"2017-01-11 11:30:21","account":"s***e","quantity":1,"handle_status":8,"order_type":"53","areaid":"210103","item_id":138},{"address":"江苏省","access_date":"2017-01-11 11:30:21","account":"z***6","quantity":1,"handle_status":8,"order_type":"53","areaid":"320585","item_id":138},{"address":"江西省","access_date":"2017-01-11 11:30:20","account":"l***l","quantity":1,"handle_status":8,"order_type":"53","areaid":"360902","item_id":138},{"address":"江苏省","access_date":"2017-01-11 11:30:20","account":"1***6","quantity":1,"handle_status":8,"order_type":"53","areaid":"320381","item_id":138},{"address":"贵州省","access_date":"2017-01-11 11:30:20","account":"我***了","quantity":1,"handle_status":8,"order_type":"53","areaid":"520102","item_id":138},{"address":"重庆市","access_date":"2017-01-11 11:30:20","account":"l***3","quantity":1,"handle_status":8,"order_type":"53","areaid":"500113","item_id":138},{"address":"河北省","access_date":"2017-01-11 11:30:20","account":"1***9","quantity":1,"handle_status":8,"order_type":"53","areaid":"130121","item_id":138},{"address":"山东省","access_date":"2017-01-11 11:30:20","account":"x***1","quantity":1,"handle_status":8,"order_type":"53","areaid":"370602","item_id":138},{"address":"北京市","access_date":"2017-01-11 11:30:18","account":"1***7","quantity":1,"handle_status":8,"order_type":"53","areaid":"110112","item_id":138},{"address":"上海市","access_date":"2017-01-11 11:30:18","account":"b***g","quantity":1,"handle_status":8,"order_type":"53","areaid":"310108","item_id":138},{"address":"安徽省","access_date":"2017-01-11 11:30:18","account":"1***2","quantity":1,"handle_status":8,"order_type":"53","areaid":"340311","item_id":138},{"address":"辽宁省","access_date":"2017-01-11 11:30:18","account":"p***林","quantity":1,"handle_status":8,"order_type":"53","areaid":"210302","item_id":138},{"address":"北京市","access_date":"2017-01-11 11:30:18","account":"1***5","quantity":1,"handle_status":8,"order_type":"53","areaid":"110112","item_id":138},{"address":"上海市","access_date":"2017-01-11 11:30:18","account":"J***i","quantity":1,"handle_status":8,"order_type":"53","areaid":"310113","item_id":138},{"address":"江苏省","access_date":"2017-01-11 11:30:18","account":"d***y","quantity":1,"handle_status":8,"order_type":"53","areaid":"320506","item_id":138},{"address":"河南省","access_date":"2017-01-11 11:30:18","account":"热***6","quantity":1,"handle_status":8,"order_type":"53","areaid":"410611","item_id":138},{"address":"陕西省","access_date":"2017-01-11 11:30:17","account":"z***6","quantity":1,"handle_status":8,"order_type":"53","areaid":"610113","item_id":138},{"address":"江苏省","access_date":"2017-01-11 11:30:17","account":"a***3","quantity":1,"handle_status":8,"order_type":"53","areaid":"320903","item_id":138},{"address":"河北省","access_date":"2017-01-11 11:30:17","account":"a***6","quantity":1,"handle_status":8,"order_type":"53","areaid":"131125","item_id":138},{"address":"安徽省","access_date":"2017-01-11 11:30:17","account":"x***7","quantity":1,"handle_status":8,"order_type":"53","areaid":"340111","item_id":138},{"address":"四川省","access_date":"2017-01-11 11:30:17","account":"l***2","quantity":1,"handle_status":8,"order_type":"53","areaid":"510106","item_id":138},{"address":"江苏省","access_date":"2017-01-11 11:30:17","account":"焦***斐","quantity":1,"handle_status":8,"order_type":"53","areaid":"320381","item_id":138},{"address":"浙江省","access_date":"2017-01-11 11:30:17","account":"1***7","quantity":1,"handle_status":8,"order_type":"53","areaid":"330802","item_id":138},{"address":"河南省","access_date":"2017-01-11 11:30:17","account":"1***8","quantity":1,"handle_status":8,"order_type":"53","areaid":"410102","item_id":138},{"address":"北京市","access_date":"2017-01-11 11:30:17","account":"1***0","quantity":1,"handle_status":8,"order_type":"53","areaid":"110112","item_id":138},{"address":"黑龙江省","access_date":"2017-01-11 11:30:15","account":"c***g","quantity":1,"handle_status":8,"order_type":"53","areaid":"230602","item_id":138},{"address":"四川省","access_date":"2017-01-11 11:30:15","account":"1***0","quantity":1,"handle_status":8,"order_type":"53","areaid":"511502","item_id":138},{"address":"江西省","access_date":"2017-01-11 11:30:15","account":"d***2","quantity":1,"handle_status":8,"order_type":"53","areaid":"361128","item_id":138},{"address":"上海市","access_date":"2017-01-11 11:30:15","account":"X***2","quantity":1,"handle_status":8,"order_type":"53","areaid":"310108","item_id":138},{"address":"广东省","access_date":"2017-01-11 11:30:15","account":"1***4","quantity":1,"handle_status":8,"order_type":"53","areaid":"440113","item_id":138},{"address":"黑龙江省","access_date":"2017-01-11 11:30:15","account":"1***9","quantity":1,"handle_status":8,"order_type":"53","areaid":"230202","item_id":138},{"address":"北京市","access_date":"2017-01-11 11:30:14","account":"1***3","quantity":1,"handle_status":8,"order_type":"53","areaid":"110105","item_id":138},{"address":"浙江省","access_date":"2017-01-11 11:30:14","account":"赵***阳","quantity":1,"handle_status":8,"order_type":"53","areaid":"330782","item_id":138},{"address":"江苏省","access_date":"2017-01-11 11:30:14","account":"雁***香","quantity":1,"handle_status":8,"order_type":"53","areaid":"320508","item_id":138},{"address":"河南省","access_date":"2017-01-11 11:30:14","account":"x***4","quantity":1,"handle_status":8,"order_type":"53","areaid":"411081","item_id":138},{"address":"四川省","access_date":"2017-01-11 11:30:14","account":"1***6","quantity":1,"handle_status":8,"order_type":"53","areaid":"510112","item_id":138},{"address":"上海市","access_date":"2017-01-11 11:30:14","account":"1***0","quantity":1,"handle_status":8,"order_type":"53","areaid":"310115","item_id":138},{"address":"北京市","access_date":"2017-01-11 11:30:13","account":"1***3","quantity":1,"handle_status":8,"order_type":"53","areaid":"110112","item_id":138},{"address":"北京市","access_date":"2017-01-11 11:30:13","account":"1***5","quantity":1,"handle_status":8,"order_type":"53","areaid":"110112","item_id":138},{"address":"江苏省","access_date":"2017-01-11 11:30:13","account":"1***9","quantity":1,"handle_status":8,"order_type":"53","areaid":"320509","item_id":138},{"address":"辽宁省","access_date":"2017-01-11 11:30:12","account":"1***8","quantity":1,"handle_status":8,"order_type":"53","areaid":"210782","item_id":138},{"address":"内蒙古自治区","access_date":"2017-01-11 11:30:12","account":"1***2","quantity":1,"handle_status":8,"order_type":"53","areaid":"150782","item_id":138},{"address":"黑龙江省","access_date":"2017-01-11 11:30:12","account":"1***9","quantity":1,"handle_status":8,"order_type":"53","areaid":"230104","item_id":138},{"address":"江苏省","access_date":"2017-01-11 11:30:12","account":"1***9","quantity":1,"handle_status":8,"order_type":"53","areaid":"320506","item_id":138},{"address":"北京市","access_date":"2017-01-11 11:30:12","account":"a***n","quantity":1,"handle_status":8,"order_type":"53","areaid":"110108","item_id":138},{"address":"浙江省","access_date":"2017-01-11 11:30:12","account":"1***2","quantity":1,"handle_status":8,"order_type":"53","areaid":"330302","item_id":138},{"address":"河南省","access_date":"2017-01-11 11:30:12","account":"1***0","quantity":1,"handle_status":8,"order_type":"53","areaid":"411526","item_id":138}]