[{"address":"浙江省","access_date":"2016-03-10 13:11:25","account":"霞***清","quantity":1,"handle_status":8,"order_type":"2","areaid":"330303","item_id":75},{"address":"辽宁省","access_date":"2016-03-10 13:11:24","account":"q***y","quantity":1,"handle_status":8,"order_type":"2","areaid":"210213","item_id":75},{"address":"浙江省","access_date":"2016-03-10 13:07:16","account":"我***币","quantity":1,"handle_status":8,"order_type":"2","areaid":"330382","item_id":75},{"address":"山东省","access_date":"2016-03-10 13:07:12","account":"陈***明","quantity":1,"handle_status":8,"order_type":"2","areaid":"370701","item_id":75},{"address":"江苏省","access_date":"2016-03-10 12:37:45","account":"n***6","quantity":1,"handle_status":8,"order_type":"2","areaid":"320104","item_id":75},{"address":"天津市","access_date":"2016-03-10 12:37:38","account":"d***8","quantity":1,"handle_status":8,"order_type":"2","areaid":"120113","item_id":75},{"address":"山东省","access_date":"2016-03-10 11:57:28","account":"s***a","quantity":1,"handle_status":8,"order_type":"2","areaid":"370681","item_id":75},{"address":"浙江省","access_date":"2016-03-10 11:57:17","account":"w***0","quantity":1,"handle_status":8,"order_type":"2","areaid":"330303","item_id":75},{"address":"湖南省","access_date":"2016-03-10 10:31:02","account":"1***1","quantity":1,"handle_status":8,"order_type":"2","areaid":"430102","item_id":75},{"address":"福建省","access_date":"2016-03-10 09:44:09","account":"Z***3","quantity":1,"handle_status":8,"order_type":"2","areaid":"350502","item_id":75},{"address":"四川省","access_date":"2016-03-10 09:44:07","account":"随***2","quantity":1,"handle_status":-6,"order_type":"2","areaid":"510821","item_id":75},{"address":"天津市","access_date":"2016-03-10 09:31:06","account":"晏***杰","quantity":2,"handle_status":8,"order_type":"2","areaid":"120101","item_id":75},{"address":"辽宁省","access_date":"2016-03-09 15:39:10","account":"w***0","quantity":1,"handle_status":8,"order_type":"2","areaid":"210211","item_id":75},{"address":"内蒙古自治区","access_date":"2016-03-09 15:27:15","account":"w***c","quantity":1,"handle_status":8,"order_type":"2","areaid":"150621","item_id":75},{"address":"辽宁省","access_date":"2016-03-09 15:06:12","account":"j***s","quantity":1,"handle_status":8,"order_type":"2","areaid":"210782","item_id":75},{"address":"上海市","access_date":"2016-03-09 15:06:11","account":"s***2","quantity":1,"handle_status":-6,"order_type":"2","areaid":"310106","item_id":75},{"address":"北京市","access_date":"2016-03-09 15:03:18","account":"p***1","quantity":1,"handle_status":8,"order_type":"2","areaid":"110113","item_id":75},{"address":"湖北省","access_date":"2016-03-09 15:03:17","account":"精***弹","quantity":1,"handle_status":8,"order_type":"2","areaid":"420703","item_id":75},{"address":"天津市","access_date":"2016-03-09 15:03:16","account":"t***9","quantity":1,"handle_status":-6,"order_type":"2","areaid":"120221","item_id":75},{"address":"山西省","access_date":"2016-03-09 15:03:13","account":"1***8","quantity":1,"handle_status":8,"order_type":"2","areaid":"140106","item_id":75},{"address":"陕西省","access_date":"2016-03-09 15:03:11","account":"l***8","quantity":1,"handle_status":8,"order_type":"2","areaid":"610103","item_id":75},{"address":"上海市","access_date":"2016-03-09 15:03:11","account":"1***1","quantity":1,"handle_status":8,"order_type":"2","areaid":"310115","item_id":75},{"address":"上海市","access_date":"2016-03-09 15:03:10","account":"j***x","quantity":1,"handle_status":8,"order_type":"2","areaid":"310105","item_id":75},{"address":"广东省","access_date":"2016-03-09 15:00:17","account":"c***1","quantity":1,"handle_status":8,"order_type":"2","areaid":"ff8080814cd0d0f4014cd571e2a50002","item_id":75},{"address":"四川省","access_date":"2016-03-09 15:00:11","account":"快***8","quantity":2,"handle_status":8,"order_type":"2","areaid":"510402","item_id":75},{"address":"河北省","access_date":"2016-03-09 15:00:11","account":"s***n","quantity":1,"handle_status":8,"order_type":"2","areaid":"130604","item_id":75},{"address":"广东省","access_date":"2016-03-09 15:00:10","account":"云***波","quantity":1,"handle_status":8,"order_type":"2","areaid":"ff8080814cd0d0f4014cd56f66b80001","item_id":75},{"address":"江苏省","access_date":"2016-03-09 15:00:06","account":"p***1","quantity":1,"handle_status":8,"order_type":"2","areaid":"320282","item_id":75},{"address":"天津市","access_date":"2016-03-09 14:57:12","account":"w***o","quantity":1,"handle_status":8,"order_type":"2","areaid":"120102","item_id":75},{"address":"江西省","access_date":"2016-03-09 14:54:43","account":"y***i","quantity":1,"handle_status":8,"order_type":"2","areaid":"360602","item_id":75},{"address":"广东省","access_date":"2016-03-09 14:54:38","account":"e***9","quantity":1,"handle_status":8,"order_type":"2","areaid":"440113","item_id":75},{"address":"河南省","access_date":"2016-03-09 14:54:37","account":"o***t","quantity":1,"handle_status":-6,"order_type":"2","areaid":"411023","item_id":75},{"address":"黑龙江省","access_date":"2016-03-09 14:54:22","account":"g***5","quantity":1,"handle_status":8,"order_type":"2","areaid":"231226","item_id":75},{"address":"四川省","access_date":"2016-03-09 14:54:21","account":"z***2","quantity":1,"handle_status":8,"order_type":"2","areaid":"510105","item_id":75},{"address":"上海市","access_date":"2016-03-09 14:54:17","account":"1***8","quantity":1,"handle_status":-6,"order_type":"2","areaid":"310113","item_id":75},{"address":"陕西省","access_date":"2016-03-09 14:54:12","account":"1***7","quantity":1,"handle_status":8,"order_type":"2","areaid":"610102","item_id":75},{"address":"山东省","access_date":"2016-03-09 14:51:44","account":"s***n","quantity":1,"handle_status":8,"order_type":"2","areaid":"371203","item_id":75},{"address":"北京市","access_date":"2016-03-09 14:51:42","account":"1***6","quantity":1,"handle_status":-6,"order_type":"2","areaid":"110106","item_id":75},{"address":"上海市","access_date":"2016-03-09 14:51:37","account":"h***j","quantity":1,"handle_status":8,"order_type":"2","areaid":"310113","item_id":75},{"address":"内蒙古自治区","access_date":"2016-03-09 14:51:27","account":"w***c","quantity":1,"handle_status":8,"order_type":"2","areaid":"150621","item_id":75},{"address":"浙江省","access_date":"2016-03-09 14:51:13","account":"1***8","quantity":1,"handle_status":8,"order_type":"2","areaid":"331081","item_id":75},{"address":"辽宁省","access_date":"2016-03-09 14:51:11","account":"b***8","quantity":1,"handle_status":8,"order_type":"2","areaid":"210103","item_id":75},{"address":"北京市","access_date":"2016-03-09 14:48:12","account":"h***h","quantity":1,"handle_status":8,"order_type":"2","areaid":"110105","item_id":75},{"address":"河南省","access_date":"2016-03-09 14:48:09","account":"o***t","quantity":1,"handle_status":-6,"order_type":"2","areaid":"411023","item_id":75},{"address":"河北省","access_date":"2016-03-09 14:39:20","account":"s***n","quantity":1,"handle_status":8,"order_type":"2","areaid":"130604","item_id":75},{"address":"天津市","access_date":"2016-03-09 14:33:42","account":"t***9","quantity":1,"handle_status":-6,"order_type":"2","areaid":"120221","item_id":75},{"address":"湖南省","access_date":"2016-03-09 14:33:23","account":"王***2","quantity":1,"handle_status":-6,"order_type":"2","areaid":"430103","item_id":75},{"address":"浙江省","access_date":"2016-03-09 14:18:37","account":"l***k","quantity":1,"handle_status":8,"order_type":"2","areaid":"330303","item_id":75},{"address":"江苏省","access_date":"2016-03-09 14:18:17","account":"a***r","quantity":2,"handle_status":8,"order_type":"2","areaid":"320501","item_id":75},{"address":"北京市","access_date":"2016-03-09 14:18:16","account":"l***n","quantity":1,"handle_status":8,"order_type":"2","areaid":"110106","item_id":75},{"address":"上海市","access_date":"2016-03-09 14:18:08","account":"吴***天","quantity":1,"handle_status":8,"order_type":"2","areaid":"310106","item_id":75},{"address":"河北省","access_date":"2016-03-09 14:18:03","account":"s***l","quantity":1,"handle_status":8,"order_type":"2","areaid":"130921","item_id":75},{"address":"浙江省","access_date":"2016-03-09 14:17:38","account":"高***溪","quantity":2,"handle_status":8,"order_type":"2","areaid":"330727","item_id":75},{"address":"广东省","access_date":"2016-03-09 14:17:28","account":"张***骊","quantity":2,"handle_status":8,"order_type":"2","areaid":"440304","item_id":75},{"address":"湖北省","access_date":"2016-03-09 14:17:10","account":"精***弹","quantity":1,"handle_status":8,"order_type":"2","areaid":"420703","item_id":75},{"address":"湖北省","access_date":"2016-03-09 14:17:02","account":"w***0","quantity":1,"handle_status":8,"order_type":"2","areaid":"420106","item_id":75},{"address":"河北省","access_date":"2016-03-09 14:16:44","account":"g***8","quantity":2,"handle_status":8,"order_type":"2","areaid":"130502","item_id":75},{"address":"山东省","access_date":"2016-03-09 14:16:16","account":"l***1","quantity":1,"handle_status":8,"order_type":"2","areaid":"371725","item_id":75},{"address":"浙江省","access_date":"2016-03-09 14:16:10","account":"k***r","quantity":1,"handle_status":8,"order_type":"2","areaid":"330402","item_id":75},{"address":"北京市","access_date":"2016-03-09 14:16:07","account":"1***8","quantity":1,"handle_status":8,"order_type":"2","areaid":"110102","item_id":75},{"address":"吉林省","access_date":"2016-03-09 14:15:55","account":"吕***哲","quantity":2,"handle_status":-5,"order_type":"2","areaid":"220105","item_id":75},{"address":"陕西省","access_date":"2016-03-09 14:15:23","account":"1***2","quantity":1,"handle_status":8,"order_type":"2","areaid":"610113","item_id":75},{"address":"北京市","access_date":"2016-03-09 14:15:08","account":"w***m","quantity":1,"handle_status":8,"order_type":"2","areaid":"110114","item_id":75},{"address":"天津市","access_date":"2016-03-09 14:14:53","account":"w***7","quantity":1,"handle_status":8,"order_type":"2","areaid":"120113","item_id":75},{"address":"广东省","access_date":"2016-03-09 14:14:46","account":"x***g","quantity":1,"handle_status":8,"order_type":"2","areaid":"440304","item_id":75},{"address":"山东省","access_date":"2016-03-09 14:14:44","account":"g***3","quantity":1,"handle_status":8,"order_type":"2","areaid":"370285","item_id":75},{"address":"北京市","access_date":"2016-03-09 14:14:39","account":"s***4","quantity":2,"handle_status":8,"order_type":"2","areaid":"110101","item_id":75},{"address":"浙江省","access_date":"2016-03-09 14:14:15","account":"z***n","quantity":2,"handle_status":8,"order_type":"2","areaid":"330302","item_id":75},{"address":"广东省","access_date":"2016-03-09 14:13:51","account":"s***0","quantity":1,"handle_status":8,"order_type":"2","areaid":"440304","item_id":75},{"address":"黑龙江省","access_date":"2016-03-09 14:13:43","account":"1***1","quantity":1,"handle_status":8,"order_type":"2","areaid":"230522","item_id":75},{"address":"上海市","access_date":"2016-03-09 14:13:25","account":"z***8","quantity":2,"handle_status":8,"order_type":"2","areaid":"310107","item_id":75},{"address":"河南省","access_date":"2016-03-09 14:13:22","account":"n***y","quantity":1,"handle_status":8,"order_type":"2","areaid":"411503","item_id":75},{"address":"山东省","access_date":"2016-03-09 14:13:17","account":"s***n","quantity":2,"handle_status":8,"order_type":"2","areaid":"370982","item_id":75},{"address":"广东省","access_date":"2016-03-09 14:13:06","account":"d***o","quantity":1,"handle_status":8,"order_type":"2","areaid":"440402","item_id":75},{"address":"上海市","access_date":"2016-03-09 14:13:00","account":"b***1","quantity":2,"handle_status":8,"order_type":"2","areaid":"310110","item_id":75},{"address":"广东省","access_date":"2016-03-09 14:12:57","account":"d***o","quantity":1,"handle_status":8,"order_type":"2","areaid":"440402","item_id":75},{"address":"江苏省","access_date":"2016-03-09 14:12:44","account":"u***r","quantity":2,"handle_status":8,"order_type":"2","areaid":"320102","item_id":75},{"address":"浙江省","access_date":"2016-03-09 14:12:44","account":"z***6","quantity":2,"handle_status":8,"order_type":"2","areaid":"330302","item_id":75},{"address":"广东省","access_date":"2016-03-09 14:12:40","account":"深***浩","quantity":1,"handle_status":8,"order_type":"2","areaid":"440304","item_id":75},{"address":"山东省","access_date":"2016-03-09 14:12:36","account":"讲***史","quantity":2,"handle_status":-6,"order_type":"2","areaid":"370701","item_id":75},{"address":"江苏省","access_date":"2016-03-09 14:12:22","account":"z***f","quantity":2,"handle_status":-6,"order_type":"2","areaid":"320925","item_id":75},{"address":"上海市","access_date":"2016-03-09 14:11:56","account":"y***1","quantity":1,"handle_status":8,"order_type":"2","areaid":"310105","item_id":75},{"address":"四川省","access_date":"2016-03-09 14:11:48","account":"h***8","quantity":1,"handle_status":8,"order_type":"2","areaid":"510302","item_id":75},{"address":"广东省","access_date":"2016-03-09 14:11:21","account":"深***浩","quantity":1,"handle_status":-6,"order_type":"2","areaid":"440304","item_id":75},{"address":"河北省","access_date":"2016-03-09 14:10:47","account":"z***1","quantity":1,"handle_status":8,"order_type":"2","areaid":"130604","item_id":75},{"address":"江苏省","access_date":"2016-03-09 14:10:37","account":"z***y","quantity":2,"handle_status":8,"order_type":"2","areaid":"320925","item_id":75},{"address":"山东省","access_date":"2016-03-09 14:10:34","account":"g***3","quantity":1,"handle_status":-6,"order_type":"2","areaid":"370285","item_id":75},{"address":"安徽省","access_date":"2016-03-09 14:10:26","account":"w***5","quantity":2,"handle_status":8,"order_type":"2","areaid":"340104","item_id":75},{"address":"北京市","access_date":"2016-03-09 14:10:21","account":"p***1","quantity":1,"handle_status":8,"order_type":"2","areaid":"110113","item_id":75},{"address":"河北省","access_date":"2016-03-09 14:10:08","account":"维***零","quantity":2,"handle_status":8,"order_type":"2","areaid":"130108","item_id":75},{"address":"上海市","access_date":"2016-03-09 14:09:38","account":"m***m","quantity":2,"handle_status":8,"order_type":"2","areaid":"310107","item_id":75},{"address":"北京市","access_date":"2016-03-09 14:08:31","account":"z***s","quantity":2,"handle_status":8,"order_type":"2","areaid":"110105","item_id":75},{"address":"江苏省","access_date":"2016-03-09 14:08:13","account":"h***r","quantity":2,"handle_status":-6,"order_type":"2","areaid":"320925","item_id":75},{"address":"江苏省","access_date":"2016-03-09 14:08:06","account":"1***8","quantity":1,"handle_status":8,"order_type":"2","areaid":"320104","item_id":75},{"address":"山东省","access_date":"2016-03-09 14:08:01","account":"q***e","quantity":1,"handle_status":-6,"order_type":"2","areaid":"370105","item_id":75},{"address":"广西壮族自治区","access_date":"2016-03-09 14:07:32","account":"l***l","quantity":1,"handle_status":8,"order_type":"2","areaid":"450203","item_id":75},{"address":"江苏省","access_date":"2016-03-09 14:07:29","account":"z***x","quantity":2,"handle_status":-6,"order_type":"2","areaid":"320925","item_id":75},{"address":"江苏省","access_date":"2016-03-09 14:07:10","account":"z***8","quantity":2,"handle_status":-6,"order_type":"2","areaid":"320925","item_id":75},{"address":"江苏省","access_date":"2016-03-09 14:06:24","account":"j***x","quantity":1,"handle_status":8,"order_type":"2","areaid":"321012","item_id":75},{"address":"广东省","access_date":"2016-03-09 14:03:58","account":"1***1","quantity":2,"handle_status":8,"order_type":"2","areaid":"441422","item_id":75},{"address":"浙江省","access_date":"2016-03-09 14:03:32","account":"b***i","quantity":1,"handle_status":8,"order_type":"2","areaid":"330212","item_id":75},{"address":"江苏省","access_date":"2016-03-09 14:01:56","account":"t***h","quantity":2,"handle_status":8,"order_type":"2","areaid":"321201","item_id":75},{"address":"重庆市","access_date":"2016-03-09 14:01:46","account":"1***5","quantity":1,"handle_status":8,"order_type":"2","areaid":"500105","item_id":75},{"address":"江苏省","access_date":"2016-03-09 14:01:39","account":"梁***杰","quantity":1,"handle_status":8,"order_type":"2","areaid":"320381","item_id":75},{"address":"山东省","access_date":"2016-03-09 14:00:46","account":"y***u","quantity":1,"handle_status":8,"order_type":"2","areaid":"370502","item_id":75},{"address":"陕西省","access_date":"2016-03-09 14:00:42","account":"g***6","quantity":1,"handle_status":-6,"order_type":"2","areaid":"610303","item_id":75},{"address":"江西省","access_date":"2016-03-09 14:00:11","account":"1***4","quantity":1,"handle_status":-6,"order_type":"2","areaid":"360103","item_id":75},{"address":"北京市","access_date":"2016-03-09 13:59:44","account":"g***a","quantity":2,"handle_status":-6,"order_type":"2","areaid":"110106","item_id":75}]