[{"address":"北京市","access_date":"2015-08-21 12:56:51","account":"z***子","quantity":1,"handle_status":8,"order_type":"2","areaid":"110108","item_id":23},{"address":"北京市","access_date":"2015-08-21 10:41:20","account":"王***梅","quantity":1,"handle_status":8,"order_type":"2","areaid":"110108","item_id":23},{"address":"上海市","access_date":"2015-08-21 10:18:06","account":"h***2","quantity":1,"handle_status":8,"order_type":"2","areaid":"310107","item_id":23},{"address":"北京市","access_date":"2015-08-21 09:31:40","account":"l***4","quantity":5,"handle_status":8,"order_type":"2","areaid":"110102","item_id":23},{"address":"北京市","access_date":"2015-08-21 09:29:01","account":"y***3","quantity":2,"handle_status":8,"order_type":"2","areaid":"110102","item_id":23},{"address":"北京市","access_date":"2015-08-20 15:56:43","account":"l***g","quantity":3,"handle_status":8,"order_type":"2","areaid":"110102","item_id":23},{"address":"北京市","access_date":"2015-08-20 15:54:53","account":"C***3","quantity":3,"handle_status":8,"order_type":"2","areaid":"110102","item_id":23},{"address":"北京市","access_date":"2015-08-20 15:53:53","account":"C***3","quantity":3,"handle_status":8,"order_type":"2","areaid":"110102","item_id":23},{"address":"北京市","access_date":"2015-08-20 15:52:15","account":"C***3","quantity":2,"handle_status":8,"order_type":"2","areaid":"110102","item_id":23},{"address":"北京市","access_date":"2015-08-20 15:50:55","account":"C***3","quantity":1,"handle_status":8,"order_type":"2","areaid":"110102","item_id":23},{"address":"北京市","access_date":"2015-08-20 15:49:31","account":"C***3","quantity":1,"handle_status":8,"order_type":"2","areaid":"110102","item_id":23},{"address":"北京市","access_date":"2015-08-20 15:02:50","account":"C***3","quantity":3,"handle_status":8,"order_type":"2","areaid":"110102","item_id":23},{"address":"北京市","access_date":"2015-08-20 14:19:34","account":"C***3","quantity":1,"handle_status":8,"order_type":"2","areaid":"110102","item_id":23},{"address":"北京市","access_date":"2015-08-20 14:18:10","account":"P***5","quantity":5,"handle_status":8,"order_type":"2","areaid":"110102","item_id":23},{"address":"北京市","access_date":"2015-08-20 14:16:34","account":"P***5","quantity":5,"handle_status":8,"order_type":"2","areaid":"110102","item_id":23},{"address":"北京市","access_date":"2015-08-20 11:17:17","account":"v***e","quantity":3,"handle_status":8,"order_type":"2","areaid":"110105","item_id":23},{"address":"北京市","access_date":"2015-08-20 09:08:49","account":"s***6","quantity":1,"handle_status":8,"order_type":"2","areaid":"110102","item_id":23},{"address":"北京市","access_date":"2015-08-20 08:23:10","account":"f***3","quantity":2,"handle_status":8,"order_type":"2","areaid":"110102","item_id":23},{"address":"北京市","access_date":"2015-08-20 07:54:49","account":"f***3","quantity":1,"handle_status":8,"order_type":"2","areaid":"110102","item_id":23},{"address":"北京市","access_date":"2015-08-19 16:54:44","account":"J***1","quantity":1,"handle_status":8,"order_type":"2","areaid":"110102","item_id":23},{"address":"北京市","access_date":"2015-08-19 16:43:25","account":"清***流","quantity":2,"handle_status":8,"order_type":"2","areaid":"110102","item_id":23},{"address":"江苏省","access_date":"2015-08-19 14:40:55","account":"s***6","quantity":3,"handle_status":8,"order_type":"2","areaid":"320412","item_id":23}]