[{"address":"上海市","access_date":"2017-03-16 11:13:16","account":"e***9","quantity":1,"handle_status":8,"order_type":"2","areaid":"310105","item_id":84},{"address":"北京市","access_date":"2017-03-15 15:19:16","account":"c***2","quantity":1,"handle_status":8,"order_type":"2","areaid":"110101","item_id":84},{"address":"山东省","access_date":"2017-03-15 15:09:08","account":"平***道","quantity":1,"handle_status":8,"order_type":"2","areaid":"371502","item_id":84},{"address":"上海市","access_date":"2017-03-15 13:47:21","account":"x***h","quantity":1,"handle_status":8,"order_type":"2","areaid":"310115","item_id":84},{"address":"广东省","access_date":"2017-03-15 09:31:48","account":"s***0","quantity":1,"handle_status":8,"order_type":"2","areaid":"440113","item_id":84},{"address":"上海市","access_date":"2017-03-14 15:39:33","account":"y***g","quantity":1,"handle_status":8,"order_type":"2","areaid":"310104","item_id":84},{"address":"浙江省","access_date":"2017-03-14 12:46:29","account":"s***l","quantity":1,"handle_status":8,"order_type":"2","areaid":"331021","item_id":84},{"address":"河北省","access_date":"2017-03-14 12:36:19","account":"1***8","quantity":1,"handle_status":8,"order_type":"2","areaid":"130104","item_id":84},{"address":"浙江省","access_date":"2017-03-13 13:12:54","account":"h***0","quantity":1,"handle_status":8,"order_type":"2","areaid":"330103","item_id":84},{"address":"浙江省","access_date":"2017-03-13 11:32:56","account":"i***s","quantity":1,"handle_status":8,"order_type":"2","areaid":"330106","item_id":84},{"address":"浙江省","access_date":"2017-03-13 11:31:42","account":"s***9","quantity":2,"handle_status":8,"order_type":"2","areaid":"330381","item_id":84},{"address":"江西省","access_date":"2017-03-13 10:43:35","account":"v***g","quantity":1,"handle_status":8,"order_type":"2","areaid":"361122","item_id":84},{"address":"广东省","access_date":"2017-03-13 09:35:54","account":"a***d","quantity":1,"handle_status":8,"order_type":"2","areaid":"440604","item_id":84},{"address":"江西省","access_date":"2017-03-11 15:16:06","account":"7***2","quantity":1,"handle_status":8,"order_type":"2","areaid":"360902","item_id":84},{"address":"广东省","access_date":"2017-03-10 14:45:46","account":"C***9","quantity":1,"handle_status":8,"order_type":"2","areaid":"440511","item_id":84},{"address":"山西省","access_date":"2017-03-10 13:32:03","account":"g***g","quantity":1,"handle_status":8,"order_type":"2","areaid":"140721","item_id":84},{"address":"福建省","access_date":"2017-03-10 12:26:02","account":"赖***传","quantity":1,"handle_status":8,"order_type":"2","areaid":"350881","item_id":84},{"address":"湖南省","access_date":"2017-03-09 15:33:22","account":"j***1","quantity":1,"handle_status":8,"order_type":"2","areaid":"430281","item_id":84},{"address":"天津市","access_date":"2017-03-09 09:37:28","account":"f***s","quantity":1,"handle_status":8,"order_type":"2","areaid":"120103","item_id":84},{"address":"上海市","access_date":"2017-03-08 12:28:17","account":"1***1","quantity":1,"handle_status":8,"order_type":"2","areaid":"310115","item_id":84},{"address":"福建省","access_date":"2017-03-07 13:07:46","account":"9***6","quantity":1,"handle_status":8,"order_type":"2","areaid":"350203","item_id":84},{"address":"浙江省","access_date":"2017-03-06 10:34:36","account":"1***9","quantity":1,"handle_status":8,"order_type":"2","areaid":"330212","item_id":84},{"address":"上海市","access_date":"2017-03-03 14:43:56","account":"s***u","quantity":1,"handle_status":8,"order_type":"2","areaid":"310115","item_id":84},{"address":"江苏省","access_date":"2017-02-27 10:05:45","account":"董***娜","quantity":1,"handle_status":8,"order_type":"2","areaid":"320203","item_id":84},{"address":"上海市","access_date":"2017-02-26 14:02:49","account":"万***郭","quantity":1,"handle_status":8,"order_type":"2","areaid":"310104","item_id":84},{"address":"江苏省","access_date":"2017-02-20 16:24:20","account":"q***y","quantity":1,"handle_status":8,"order_type":"2","areaid":"320501","item_id":84},{"address":"北京市","access_date":"2017-02-20 09:43:43","account":"m***n","quantity":1,"handle_status":8,"order_type":"2","areaid":"110105","item_id":84},{"address":"天津市","access_date":"2017-02-17 11:47:17","account":"t***e","quantity":1,"handle_status":8,"order_type":"2","areaid":"120106","item_id":84},{"address":"山东省","access_date":"2017-02-16 09:45:17","account":"s***n","quantity":1,"handle_status":8,"order_type":"2","areaid":"370705","item_id":84},{"address":"浙江省","access_date":"2017-02-14 09:44:27","account":"徐***献","quantity":1,"handle_status":8,"order_type":"2","areaid":"330102","item_id":84},{"address":"浙江省","access_date":"2017-02-13 12:00:09","account":"z***5","quantity":2,"handle_status":8,"order_type":"2","areaid":"330621","item_id":84},{"address":"天津市","access_date":"2017-02-09 14:20:13","account":"阎***东","quantity":1,"handle_status":8,"order_type":"2","areaid":"120116","item_id":84},{"address":"天津市","access_date":"2017-02-08 14:56:00","account":"r***1","quantity":1,"handle_status":8,"order_type":"2","areaid":"120103","item_id":84},{"address":"江苏省","access_date":"2017-02-08 09:52:05","account":"z***u","quantity":1,"handle_status":8,"order_type":"2","areaid":"320411","item_id":84},{"address":"山东省","access_date":"2017-02-07 10:53:37","account":"l***i","quantity":1,"handle_status":8,"order_type":"2","areaid":"370502","item_id":84},{"address":"新疆维吾尔自治区","access_date":"2017-02-06 12:07:35","account":"1***2","quantity":1,"handle_status":8,"order_type":"2","areaid":"653101","item_id":84},{"address":"山西省","access_date":"2017-01-17 13:16:48","account":"样***8","quantity":1,"handle_status":8,"order_type":"2","areaid":"140781","item_id":84},{"address":"内蒙古自治区","access_date":"2017-01-17 12:48:51","account":"a***9","quantity":1,"handle_status":8,"order_type":"2","areaid":"150702","item_id":84},{"address":"江苏省","access_date":"2017-01-17 09:45:55","account":"南***工","quantity":1,"handle_status":8,"order_type":"2","areaid":"320106","item_id":84},{"address":"江苏省","access_date":"2017-01-16 14:11:18","account":"1***2","quantity":1,"handle_status":8,"order_type":"2","areaid":"320205","item_id":84},{"address":"湖北省","access_date":"2017-01-16 13:20:43","account":"h***0","quantity":1,"handle_status":8,"order_type":"2","areaid":"420111","item_id":84},{"address":"浙江省","access_date":"2017-01-16 13:15:23","account":"会***熊","quantity":1,"handle_status":8,"order_type":"2","areaid":"331002","item_id":84},{"address":"天津市","access_date":"2017-01-16 12:40:41","account":"w***3","quantity":1,"handle_status":8,"order_type":"2","areaid":"120116","item_id":84},{"address":"上海市","access_date":"2017-01-16 12:31:23","account":"l***m","quantity":1,"handle_status":8,"order_type":"2","areaid":"310108","item_id":84},{"address":"上海市","access_date":"2017-01-16 10:19:28","account":"x***1","quantity":1,"handle_status":8,"order_type":"2","areaid":"310108","item_id":84},{"address":"河南省","access_date":"2017-01-13 10:28:31","account":"x***7","quantity":1,"handle_status":8,"order_type":"2","areaid":"410184","item_id":84},{"address":"广东省","access_date":"2017-01-12 16:20:07","account":"z***9","quantity":1,"handle_status":8,"order_type":"2","areaid":"440507","item_id":84},{"address":"上海市","access_date":"2017-01-11 14:48:50","account":"h***r","quantity":1,"handle_status":8,"order_type":"2","areaid":"310115","item_id":84},{"address":"江苏省","access_date":"2017-01-11 13:16:09","account":"h***4","quantity":1,"handle_status":8,"order_type":"2","areaid":"320114","item_id":84},{"address":"上海市","access_date":"2017-01-11 13:00:29","account":"1***9","quantity":1,"handle_status":8,"order_type":"2","areaid":"310115","item_id":84},{"address":"浙江省","access_date":"2017-01-11 11:26:31","account":"i***s","quantity":1,"handle_status":8,"order_type":"2","areaid":"330104","item_id":84},{"address":"江西省","access_date":"2017-01-11 10:50:50","account":"o***g","quantity":1,"handle_status":8,"order_type":"2","areaid":"361001","item_id":84},{"address":"甘肃省","access_date":"2017-01-10 14:37:42","account":"s***g","quantity":1,"handle_status":8,"order_type":"2","areaid":"620802","item_id":84},{"address":"浙江省","access_date":"2017-01-10 13:23:09","account":"1***3","quantity":1,"handle_status":8,"order_type":"2","areaid":"330304","item_id":84},{"address":"重庆市","access_date":"2017-01-10 11:02:58","account":"y***m","quantity":1,"handle_status":8,"order_type":"2","areaid":"500227","item_id":84},{"address":"广东省","access_date":"2017-01-09 13:03:19","account":"1***5","quantity":1,"handle_status":8,"order_type":"2","areaid":"440106","item_id":84},{"address":"江苏省","access_date":"2017-01-09 09:36:56","account":"w***h","quantity":1,"handle_status":8,"order_type":"2","areaid":"320681","item_id":84},{"address":"云南省","access_date":"2017-01-08 16:03:49","account":"1***6","quantity":1,"handle_status":8,"order_type":"2","areaid":"532301","item_id":84},{"address":"江苏省","access_date":"2017-01-04 14:03:37","account":"z***5","quantity":1,"handle_status":8,"order_type":"2","areaid":"320412","item_id":84},{"address":"广东省","access_date":"2017-01-04 10:17:49","account":"五***饭","quantity":1,"handle_status":8,"order_type":"2","areaid":"440113","item_id":84},{"address":"江西省","access_date":"2017-01-04 09:55:25","account":"f***1","quantity":1,"handle_status":8,"order_type":"2","areaid":"360111","item_id":84},{"address":"广东省","access_date":"2017-01-04 09:33:59","account":"x***8","quantity":1,"handle_status":8,"order_type":"2","areaid":"440307","item_id":84},{"address":"陕西省","access_date":"2017-01-03 14:44:30","account":"1***6","quantity":1,"handle_status":8,"order_type":"2","areaid":"610112","item_id":84},{"address":"上海市","access_date":"2017-01-03 14:31:42","account":"z***4","quantity":1,"handle_status":8,"order_type":"2","areaid":"310117","item_id":84},{"address":"上海市","access_date":"2017-01-03 12:17:38","account":"M***r","quantity":1,"handle_status":8,"order_type":"2","areaid":"310110","item_id":84},{"address":"陕西省","access_date":"2017-01-03 10:17:21","account":"w***9","quantity":1,"handle_status":8,"order_type":"2","areaid":"610403","item_id":84},{"address":"山东省","access_date":"2016-12-30 13:46:42","account":"百***文","quantity":1,"handle_status":8,"order_type":"2","areaid":"371621","item_id":84},{"address":"上海市","access_date":"2016-12-30 13:43:03","account":"c***n","quantity":1,"handle_status":8,"order_type":"2","areaid":"310117","item_id":84},{"address":"北京市","access_date":"2016-12-30 10:17:31","account":"s***8","quantity":1,"handle_status":8,"order_type":"2","areaid":"110108","item_id":84},{"address":"陕西省","access_date":"2016-12-29 15:43:40","account":"小***9","quantity":1,"handle_status":8,"order_type":"2","areaid":"610112","item_id":84},{"address":"四川省","access_date":"2016-12-29 15:24:22","account":"g***o","quantity":1,"handle_status":8,"order_type":"2","areaid":"510113","item_id":84},{"address":"广东省","access_date":"2016-12-29 14:29:26","account":"L***8","quantity":1,"handle_status":8,"order_type":"2","areaid":"ff8080814cd0d0f4014cd56f66b80001","item_id":84},{"address":"陕西省","access_date":"2016-12-29 12:40:47","account":"1***6","quantity":1,"handle_status":8,"order_type":"2","areaid":"610112","item_id":84},{"address":"上海市","access_date":"2016-12-29 09:31:48","account":"1***2","quantity":1,"handle_status":8,"order_type":"2","areaid":"310106","item_id":84},{"address":"广东省","access_date":"2016-12-28 14:30:01","account":"1***8","quantity":1,"handle_status":8,"order_type":"2","areaid":"440105","item_id":84},{"address":"浙江省","access_date":"2016-12-28 14:18:23","account":"1***佳","quantity":1,"handle_status":8,"order_type":"2","areaid":"330225","item_id":84},{"address":"新疆维吾尔自治区","access_date":"2016-12-28 13:49:16","account":"1***4","quantity":1,"handle_status":8,"order_type":"2","areaid":"659001","item_id":84},{"address":"陕西省","access_date":"2016-12-28 12:40:17","account":"g***3","quantity":1,"handle_status":8,"order_type":"2","areaid":"610602","item_id":84},{"address":"山东省","access_date":"2016-12-28 12:30:46","account":"云***汉","quantity":1,"handle_status":8,"order_type":"2","areaid":"371402","item_id":84},{"address":"湖南省","access_date":"2016-12-28 12:22:41","account":"1***6","quantity":1,"handle_status":8,"order_type":"2","areaid":"430111","item_id":84},{"address":"北京市","access_date":"2016-12-28 12:19:42","account":"s***o","quantity":1,"handle_status":8,"order_type":"2","areaid":"110105","item_id":84},{"address":"陕西省","access_date":"2016-12-28 11:39:24","account":"1***6","quantity":1,"handle_status":8,"order_type":"2","areaid":"610112","item_id":84},{"address":"广东省","access_date":"2016-12-28 11:15:00","account":"1***1","quantity":1,"handle_status":8,"order_type":"2","areaid":"ff8080814cd0d0f4014cd571e2a50002","item_id":84},{"address":"山东省","access_date":"2016-12-28 09:44:35","account":"3***4","quantity":1,"handle_status":8,"order_type":"2","areaid":"370303","item_id":84},{"address":"陕西省","access_date":"2016-12-21 13:33:32","account":"1***6","quantity":1,"handle_status":8,"order_type":"2","areaid":"610112","item_id":84},{"address":"浙江省","access_date":"2016-12-21 12:09:53","account":"f***n","quantity":1,"handle_status":8,"order_type":"2","areaid":"330211","item_id":84},{"address":"上海市","access_date":"2016-12-21 10:46:15","account":"l***o","quantity":1,"handle_status":8,"order_type":"2","areaid":"310112","item_id":84},{"address":"山东省","access_date":"2016-12-21 10:00:24","account":"1***8","quantity":1,"handle_status":8,"order_type":"2","areaid":"370103","item_id":84},{"address":"浙江省","access_date":"2016-12-20 15:37:18","account":"黑***虫","quantity":1,"handle_status":8,"order_type":"2","areaid":"331081","item_id":84},{"address":"天津市","access_date":"2016-12-20 14:34:32","account":"Z***3","quantity":1,"handle_status":8,"order_type":"2","areaid":"120103","item_id":84},{"address":"北京市","access_date":"2016-12-20 10:52:47","account":"z***n","quantity":1,"handle_status":8,"order_type":"2","areaid":"110105","item_id":84},{"address":"浙江省","access_date":"2016-12-19 15:08:49","account":"陈***国","quantity":1,"handle_status":8,"order_type":"2","areaid":"330701","item_id":84},{"address":"北京市","access_date":"2016-12-19 14:29:17","account":"p***o","quantity":1,"handle_status":8,"order_type":"2","areaid":"110114","item_id":84},{"address":"辽宁省","access_date":"2016-12-19 14:07:26","account":"1***2","quantity":1,"handle_status":8,"order_type":"2","areaid":"210204","item_id":84},{"address":"河南省","access_date":"2016-12-19 11:12:10","account":"s***g","quantity":1,"handle_status":8,"order_type":"2","areaid":"410104","item_id":84},{"address":"北京市","access_date":"2016-12-19 10:59:17","account":"d***j","quantity":1,"handle_status":8,"order_type":"2","areaid":"110105","item_id":84},{"address":"上海市","access_date":"2016-12-16 16:10:24","account":"l***7","quantity":1,"handle_status":8,"order_type":"2","areaid":"310113","item_id":84},{"address":"江苏省","access_date":"2016-12-16 10:27:36","account":"w***5","quantity":1,"handle_status":8,"order_type":"2","areaid":"320106","item_id":84},{"address":"四川省","access_date":"2016-12-15 16:16:44","account":"c***0","quantity":1,"handle_status":8,"order_type":"2","areaid":"510105","item_id":84},{"address":"江苏省","access_date":"2016-12-15 14:08:16","account":"j***x","quantity":1,"handle_status":8,"order_type":"2","areaid":"321012","item_id":84},{"address":"福建省","access_date":"2016-12-15 12:31:47","account":"l***5","quantity":1,"handle_status":8,"order_type":"2","areaid":"350802","item_id":84},{"address":"安徽省","access_date":"2016-12-14 15:16:02","account":"w***n","quantity":1,"handle_status":8,"order_type":"2","areaid":"340104","item_id":84},{"address":"上海市","access_date":"2016-12-13 14:03:09","account":"s***a","quantity":1,"handle_status":8,"order_type":"2","areaid":"310115","item_id":84},{"address":"广西壮族自治区","access_date":"2016-12-13 11:15:26","account":"o***y","quantity":1,"handle_status":8,"order_type":"2","areaid":"450107","item_id":84},{"address":"河北省","access_date":"2016-12-13 10:43:34","account":"z***2","quantity":1,"handle_status":8,"order_type":"2","areaid":"130534","item_id":84},{"address":"云南省","access_date":"2016-12-13 10:43:28","account":"y***n","quantity":1,"handle_status":8,"order_type":"2","areaid":"533123","item_id":84},{"address":"上海市","access_date":"2016-12-13 09:45:03","account":"钱***安","quantity":1,"handle_status":8,"order_type":"2","areaid":"310117","item_id":84},{"address":"江苏省","access_date":"2016-12-13 09:41:55","account":"1***5","quantity":1,"handle_status":8,"order_type":"2","areaid":"320801","item_id":84},{"address":"北京市","access_date":"2016-12-13 09:38:02","account":"g***8","quantity":1,"handle_status":8,"order_type":"2","areaid":"110106","item_id":84},{"address":"北京市","access_date":"2016-12-12 15:52:59","account":"j***g","quantity":1,"handle_status":8,"order_type":"2","areaid":"110108","item_id":84},{"address":"广西壮族自治区","access_date":"2016-12-12 13:40:43","account":"f***8","quantity":1,"handle_status":8,"order_type":"2","areaid":"450103","item_id":84},{"address":"陕西省","access_date":"2016-12-12 13:11:51","account":"1***7","quantity":1,"handle_status":8,"order_type":"2","areaid":"610222","item_id":84},{"address":"河北省","access_date":"2016-12-12 10:33:48","account":"z***2","quantity":1,"handle_status":8,"order_type":"2","areaid":"130534","item_id":84},{"address":"上海市","access_date":"2016-12-12 10:23:23","account":"m***7","quantity":1,"handle_status":8,"order_type":"2","areaid":"310101","item_id":84},{"address":"浙江省","access_date":"2016-12-10 10:27:40","account":"i***i","quantity":1,"handle_status":8,"order_type":"2","areaid":"330483","item_id":84},{"address":"浙江省","access_date":"2016-12-10 10:18:34","account":"i***i","quantity":1,"handle_status":8,"order_type":"2","areaid":"330483","item_id":84},{"address":"安徽省","access_date":"2016-12-08 09:55:56","account":"k***3","quantity":1,"handle_status":8,"order_type":"2","areaid":"341103","item_id":84},{"address":"辽宁省","access_date":"2016-12-07 16:14:22","account":"半***醒","quantity":1,"handle_status":8,"order_type":"2","areaid":"210504","item_id":84},{"address":"上海市","access_date":"2016-12-07 14:11:28","account":"m***7","quantity":2,"handle_status":8,"order_type":"2","areaid":"310101","item_id":84},{"address":"广东省","access_date":"2016-12-07 14:03:42","account":"轻***柳","quantity":1,"handle_status":8,"order_type":"2","areaid":"ff8080814cd0d0f4014cd571e2a50002","item_id":84},{"address":"辽宁省","access_date":"2016-12-07 12:26:10","account":"h***1","quantity":1,"handle_status":8,"order_type":"2","areaid":"210411","item_id":84},{"address":"北京市","access_date":"2016-12-06 11:10:21","account":"h***u","quantity":1,"handle_status":8,"order_type":"2","areaid":"110102","item_id":84},{"address":"河北省","access_date":"2016-12-05 14:34:31","account":"1***8","quantity":1,"handle_status":8,"order_type":"2","areaid":"130625","item_id":84},{"address":"上海市","access_date":"2016-12-05 11:43:13","account":"m***7","quantity":2,"handle_status":8,"order_type":"2","areaid":"310101","item_id":84},{"address":"北京市","access_date":"2016-12-02 10:34:04","account":"z***n","quantity":1,"handle_status":8,"order_type":"2","areaid":"110105","item_id":84},{"address":"浙江省","access_date":"2016-12-02 09:43:56","account":"t***6","quantity":1,"handle_status":8,"order_type":"2","areaid":"330483","item_id":84},{"address":"广东省","access_date":"2016-12-01 14:37:41","account":"l***2","quantity":1,"handle_status":8,"order_type":"2","areaid":"440106","item_id":84},{"address":"江苏省","access_date":"2016-12-01 13:44:06","account":"s***6","quantity":1,"handle_status":8,"order_type":"2","areaid":"320705","item_id":84},{"address":"浙江省","access_date":"2016-12-01 11:48:17","account":"x***g","quantity":1,"handle_status":8,"order_type":"2","areaid":"330105","item_id":84},{"address":"上海市","access_date":"2016-12-01 09:35:05","account":"w***y","quantity":1,"handle_status":8,"order_type":"2","areaid":"310107","item_id":84},{"address":"上海市","access_date":"2016-11-30 09:53:43","account":"t***8","quantity":1,"handle_status":8,"order_type":"2","areaid":"310110","item_id":84},{"address":"福建省","access_date":"2016-11-30 09:32:44","account":"悟***太","quantity":1,"handle_status":8,"order_type":"2","areaid":"350102","item_id":84},{"address":"广东省","access_date":"2016-11-29 16:27:18","account":"r***8","quantity":1,"handle_status":8,"order_type":"2","areaid":"440604","item_id":84},{"address":"上海市","access_date":"2016-11-29 11:24:17","account":"咖***豆","quantity":1,"handle_status":8,"order_type":"2","areaid":"310112","item_id":84},{"address":"江西省","access_date":"2016-11-28 11:50:26","account":"g***n","quantity":1,"handle_status":8,"order_type":"2","areaid":"360103","item_id":84},{"address":"湖北省","access_date":"2016-11-28 09:41:57","account":"s***o","quantity":1,"handle_status":8,"order_type":"2","areaid":"420106","item_id":84},{"address":"江苏省","access_date":"2016-11-26 14:58:49","account":"1***8","quantity":1,"handle_status":8,"order_type":"2","areaid":"320581","item_id":84},{"address":"北京市","access_date":"2016-11-26 11:15:29","account":"1***8","quantity":1,"handle_status":8,"order_type":"2","areaid":"110101","item_id":84},{"address":"北京市","access_date":"2016-11-25 12:01:39","account":"y***6","quantity":1,"handle_status":8,"order_type":"2","areaid":"110105","item_id":84},{"address":"湖南省","access_date":"2016-11-25 10:42:21","account":"z***h","quantity":1,"handle_status":8,"order_type":"2","areaid":"430111","item_id":84},{"address":"重庆市","access_date":"2016-11-24 13:53:13","account":"k***n","quantity":1,"handle_status":8,"order_type":"2","areaid":"500103","item_id":84},{"address":"内蒙古自治区","access_date":"2016-11-24 09:37:06","account":"I***s","quantity":1,"handle_status":8,"order_type":"2","areaid":"150622","item_id":84},{"address":"黑龙江省","access_date":"2016-11-23 12:16:28","account":"c***u","quantity":1,"handle_status":8,"order_type":"2","areaid":"230403","item_id":84},{"address":"湖南省","access_date":"2016-11-21 16:26:10","account":"c***0","quantity":1,"handle_status":8,"order_type":"2","areaid":"430105","item_id":84},{"address":"内蒙古自治区","access_date":"2016-11-21 15:53:15","account":"I***s","quantity":1,"handle_status":8,"order_type":"2","areaid":"150622","item_id":84},{"address":"上海市","access_date":"2016-11-21 15:14:07","account":"1***6","quantity":1,"handle_status":8,"order_type":"2","areaid":"310115","item_id":84},{"address":"江苏省","access_date":"2016-11-21 13:38:27","account":"1***0","quantity":1,"handle_status":8,"order_type":"2","areaid":"320204","item_id":84},{"address":"江西省","access_date":"2016-11-21 11:06:45","account":"o***g","quantity":1,"handle_status":8,"order_type":"2","areaid":"361001","item_id":84},{"address":"上海市","access_date":"2016-11-20 10:58:37","account":"m***7","quantity":1,"handle_status":8,"order_type":"2","areaid":"310101","item_id":84},{"address":"江西省","access_date":"2016-11-19 13:41:45","account":"1***9","quantity":1,"handle_status":8,"order_type":"2","areaid":"360825","item_id":84},{"address":"浙江省","access_date":"2016-11-18 13:29:23","account":"余***天","quantity":1,"handle_status":8,"order_type":"2","areaid":"330281","item_id":84},{"address":"新疆维吾尔自治区","access_date":"2016-11-18 10:26:00","account":"9***y","quantity":1,"handle_status":8,"order_type":"2","areaid":"650105","item_id":84},{"address":"上海市","access_date":"2016-11-17 11:30:33","account":"w***u","quantity":1,"handle_status":8,"order_type":"2","areaid":"310107","item_id":84},{"address":"浙江省","access_date":"2016-11-17 10:13:09","account":"风***3","quantity":1,"handle_status":8,"order_type":"2","areaid":"330106","item_id":84},{"address":"山东省","access_date":"2016-11-16 16:03:27","account":"d***f","quantity":1,"handle_status":8,"order_type":"2","areaid":"370502","item_id":84},{"address":"江苏省","access_date":"2016-11-16 14:26:15","account":"z***1","quantity":1,"handle_status":8,"order_type":"2","areaid":"320612","item_id":84},{"address":"山东省","access_date":"2016-11-16 14:14:55","account":"t***9","quantity":1,"handle_status":8,"order_type":"2","areaid":"370304","item_id":84},{"address":"上海市","access_date":"2016-11-16 11:39:28","account":"d***9","quantity":1,"handle_status":8,"order_type":"2","areaid":"310105","item_id":84},{"address":"广东省","access_date":"2016-11-16 11:13:14","account":"1***0","quantity":1,"handle_status":8,"order_type":"2","areaid":"445202","item_id":84},{"address":"上海市","access_date":"2016-11-16 10:51:08","account":"1***5","quantity":1,"handle_status":8,"order_type":"2","areaid":"310112","item_id":84},{"address":"北京市","access_date":"2016-11-16 09:36:10","account":"1***6","quantity":1,"handle_status":8,"order_type":"2","areaid":"110102","item_id":84},{"address":"广东省","access_date":"2016-11-15 16:18:00","account":"A***n","quantity":1,"handle_status":8,"order_type":"2","areaid":"440306","item_id":84},{"address":"北京市","access_date":"2016-11-15 15:41:09","account":"z***n","quantity":1,"handle_status":8,"order_type":"2","areaid":"110105","item_id":84},{"address":"北京市","access_date":"2016-11-15 13:18:07","account":"1***6","quantity":1,"handle_status":8,"order_type":"2","areaid":"110102","item_id":84},{"address":"黑龙江省","access_date":"2016-11-15 12:41:00","account":"t***p","quantity":1,"handle_status":8,"order_type":"2","areaid":"230102","item_id":84},{"address":"江西省","access_date":"2016-11-15 12:11:28","account":"x***1","quantity":1,"handle_status":8,"order_type":"2","areaid":"360302","item_id":84},{"address":"江西省","access_date":"2016-11-15 12:03:15","account":"x***1","quantity":1,"handle_status":8,"order_type":"2","areaid":"360302","item_id":84},{"address":"山东省","access_date":"2016-11-15 11:59:58","account":"w***g","quantity":1,"handle_status":8,"order_type":"2","areaid":"371401","item_id":84},{"address":"江苏省","access_date":"2016-11-15 11:11:47","account":"q***1","quantity":1,"handle_status":8,"order_type":"2","areaid":"320203","item_id":84},{"address":"福建省","access_date":"2016-11-15 09:45:15","account":"w***3","quantity":1,"handle_status":8,"order_type":"2","areaid":"350782","item_id":84},{"address":"浙江省","access_date":"2016-11-14 15:34:21","account":"f***e","quantity":1,"handle_status":8,"order_type":"2","areaid":"330502","item_id":84},{"address":"上海市","access_date":"2016-11-14 13:04:09","account":"s***e","quantity":1,"handle_status":8,"order_type":"2","areaid":"310115","item_id":84},{"address":"上海市","access_date":"2016-11-14 12:07:23","account":"s***e","quantity":1,"handle_status":8,"order_type":"2","areaid":"310115","item_id":84},{"address":"上海市","access_date":"2016-11-14 12:05:19","account":"A***i","quantity":1,"handle_status":8,"order_type":"2","areaid":"310114","item_id":84},{"address":"山东省","access_date":"2016-11-14 11:51:27","account":"1***8","quantity":1,"handle_status":8,"order_type":"2","areaid":"371722","item_id":84},{"address":"江苏省","access_date":"2016-11-14 10:53:18","account":"1***6","quantity":1,"handle_status":8,"order_type":"2","areaid":"320211","item_id":84},{"address":"上海市","access_date":"2016-11-14 10:46:50","account":"w***1","quantity":1,"handle_status":8,"order_type":"2","areaid":"310112","item_id":84},{"address":"浙江省","access_date":"2016-11-14 10:14:49","account":"陈***春","quantity":1,"handle_status":8,"order_type":"2","areaid":"330327","item_id":84},{"address":"山西省","access_date":"2016-11-14 09:44:28","account":"l***t","quantity":1,"handle_status":8,"order_type":"2","areaid":"140302","item_id":84},{"address":"广东省","access_date":"2016-11-14 09:35:52","account":"z***8","quantity":1,"handle_status":8,"order_type":"2","areaid":"440113","item_id":84},{"address":"福建省","access_date":"2016-11-13 15:26:50","account":"1***1","quantity":1,"handle_status":8,"order_type":"2","areaid":"350102","item_id":84},{"address":"上海市","access_date":"2016-11-12 14:42:26","account":"j***h","quantity":1,"handle_status":8,"order_type":"2","areaid":"310105","item_id":84},{"address":"云南省","access_date":"2016-11-12 13:22:32","account":"1***2","quantity":1,"handle_status":8,"order_type":"2","areaid":"530112","item_id":84},{"address":"江苏省","access_date":"2016-11-12 11:39:42","account":"1***7","quantity":1,"handle_status":8,"order_type":"2","areaid":"320211","item_id":84},{"address":"江西省","access_date":"2016-11-12 11:07:36","account":"y***6","quantity":1,"handle_status":8,"order_type":"2","areaid":"360102","item_id":84},{"address":"北京市","access_date":"2016-11-11 14:53:07","account":"h***g","quantity":1,"handle_status":8,"order_type":"2","areaid":"110102","item_id":84},{"address":"北京市","access_date":"2016-11-11 13:41:31","account":"h***g","quantity":1,"handle_status":8,"order_type":"2","areaid":"110102","item_id":84},{"address":"上海市","access_date":"2016-11-11 11:47:54","account":"1***3","quantity":1,"handle_status":8,"order_type":"2","areaid":"310112","item_id":84},{"address":"江西省","access_date":"2016-11-11 10:06:16","account":"y***6","quantity":1,"handle_status":8,"order_type":"2","areaid":"360102","item_id":84},{"address":"江西省","access_date":"2016-11-11 10:02:33","account":"y***6","quantity":1,"handle_status":8,"order_type":"2","areaid":"360102","item_id":84},{"address":"河北省","access_date":"2016-11-11 09:53:44","account":"s***n","quantity":1,"handle_status":8,"order_type":"2","areaid":"131003","item_id":84},{"address":"黑龙江省","access_date":"2016-11-10 14:54:17","account":"脚***地","quantity":1,"handle_status":8,"order_type":"2","areaid":"230102","item_id":84},{"address":"广东省","access_date":"2016-11-10 14:40:48","account":"c***e","quantity":1,"handle_status":8,"order_type":"2","areaid":"441202","item_id":84},{"address":"北京市","access_date":"2016-11-10 13:22:44","account":"1***5","quantity":1,"handle_status":8,"order_type":"2","areaid":"110105","item_id":84},{"address":"上海市","access_date":"2016-11-10 12:06:23","account":"i***q","quantity":1,"handle_status":8,"order_type":"2","areaid":"310107","item_id":84},{"address":"上海市","access_date":"2016-11-10 11:56:50","account":"小***场","quantity":1,"handle_status":8,"order_type":"2","areaid":"310110","item_id":84},{"address":"山西省","access_date":"2016-11-10 11:44:59","account":"1***4","quantity":1,"handle_status":8,"order_type":"2","areaid":"140109","item_id":84},{"address":"浙江省","access_date":"2016-11-10 11:20:05","account":"1***8","quantity":1,"handle_status":8,"order_type":"2","areaid":"330902","item_id":84},{"address":"北京市","access_date":"2016-11-10 11:08:46","account":"1***8","quantity":1,"handle_status":8,"order_type":"2","areaid":"110102","item_id":84},{"address":"上海市","access_date":"2016-11-10 11:06:23","account":"s***0","quantity":1,"handle_status":8,"order_type":"2","areaid":"310106","item_id":84},{"address":"上海市","access_date":"2016-11-10 10:41:50","account":"c***y","quantity":1,"handle_status":8,"order_type":"2","areaid":"310110","item_id":84},{"address":"山东省","access_date":"2016-11-10 10:19:07","account":"百***文","quantity":1,"handle_status":8,"order_type":"2","areaid":"371621","item_id":84},{"address":"广东省","access_date":"2016-11-09 10:05:44","account":"D***n","quantity":1,"handle_status":8,"order_type":"2","areaid":"440104","item_id":84},{"address":"河北省","access_date":"2016-10-29 14:53:00","account":"随***游","quantity":1,"handle_status":8,"order_type":"2","areaid":"130223","item_id":84},{"address":"河北省","access_date":"2016-10-29 14:51:04","account":"随***游","quantity":1,"handle_status":8,"order_type":"2","areaid":"130223","item_id":84},{"address":"上海市","access_date":"2016-10-29 10:20:43","account":"1***6","quantity":1,"handle_status":8,"order_type":"2","areaid":"310101","item_id":84},{"address":"广东省","access_date":"2016-10-28 14:59:08","account":"f***m","quantity":1,"handle_status":8,"order_type":"2","areaid":"441322","item_id":84},{"address":"江苏省","access_date":"2016-10-28 14:05:35","account":"徐***祥","quantity":1,"handle_status":8,"order_type":"2","areaid":"320583","item_id":84},{"address":"福建省","access_date":"2016-10-28 13:45:55","account":"我***斌","quantity":1,"handle_status":8,"order_type":"2","areaid":"350203","item_id":84},{"address":"北京市","access_date":"2016-10-28 13:44:55","account":"马***兴","quantity":1,"handle_status":8,"order_type":"2","areaid":"110101","item_id":84},{"address":"浙江省","access_date":"2016-10-28 13:09:08","account":"a***b","quantity":1,"handle_status":8,"order_type":"2","areaid":"330103","item_id":84},{"address":"江苏省","access_date":"2016-10-28 12:30:02","account":"任***8","quantity":1,"handle_status":8,"order_type":"2","areaid":"320981","item_id":84},{"address":"上海市","access_date":"2016-10-28 11:32:19","account":"a***9","quantity":1,"handle_status":8,"order_type":"2","areaid":"310101","item_id":84},{"address":"山东省","access_date":"2016-10-28 11:23:56","account":"y***6","quantity":1,"handle_status":8,"order_type":"2","areaid":"371083","item_id":84},{"address":"江苏省","access_date":"2016-10-28 10:44:03","account":"d***f","quantity":1,"handle_status":8,"order_type":"2","areaid":"321002","item_id":84},{"address":"广东省","access_date":"2016-10-28 09:39:36","account":"1***3","quantity":1,"handle_status":8,"order_type":"2","areaid":"440106","item_id":84},{"address":"安徽省","access_date":"2016-10-28 09:35:41","account":"1***n","quantity":1,"handle_status":8,"order_type":"2","areaid":"340603","item_id":84},{"address":"北京市","access_date":"2016-10-27 16:26:19","account":"a***p","quantity":1,"handle_status":8,"order_type":"2","areaid":"110108","item_id":84},{"address":"河北省","access_date":"2016-10-27 15:52:16","account":"b***7","quantity":1,"handle_status":8,"order_type":"2","areaid":"130603","item_id":84},{"address":"上海市","access_date":"2016-10-27 15:02:59","account":"s***l","quantity":1,"handle_status":8,"order_type":"2","areaid":"310109","item_id":84},{"address":"安徽省","access_date":"2016-10-27 14:45:32","account":"暗***苏","quantity":1,"handle_status":8,"order_type":"2","areaid":"341302","item_id":84},{"address":"云南省","access_date":"2016-10-27 11:29:41","account":"s***0","quantity":1,"handle_status":8,"order_type":"2","areaid":"530802","item_id":84},{"address":"浙江省","access_date":"2016-10-27 10:35:56","account":"y***m","quantity":1,"handle_status":8,"order_type":"2","areaid":"330782","item_id":84},{"address":"辽宁省","access_date":"2016-10-27 09:31:21","account":"清***1","quantity":1,"handle_status":8,"order_type":"2","areaid":"211103","item_id":84},{"address":"辽宁省","access_date":"2016-10-27 09:30:31","account":"金***山","quantity":1,"handle_status":8,"order_type":"2","areaid":"210411","item_id":84},{"address":"江苏省","access_date":"2016-10-26 16:06:35","account":"1***8","quantity":1,"handle_status":8,"order_type":"2","areaid":"320581","item_id":84},{"address":"广东省","access_date":"2016-10-26 14:57:49","account":"刘***6","quantity":1,"handle_status":8,"order_type":"2","areaid":"441302","item_id":84},{"address":"江苏省","access_date":"2016-10-26 14:50:19","account":"1***8","quantity":1,"handle_status":8,"order_type":"2","areaid":"320623","item_id":84},{"address":"北京市","access_date":"2016-10-26 12:47:53","account":"W***O","quantity":1,"handle_status":8,"order_type":"2","areaid":"110108","item_id":84},{"address":"山东省","access_date":"2016-10-26 11:10:33","account":"1***0","quantity":1,"handle_status":8,"order_type":"2","areaid":"370202","item_id":84},{"address":"浙江省","access_date":"2016-10-26 10:07:07","account":"1***4","quantity":1,"handle_status":8,"order_type":"2","areaid":"331002","item_id":84},{"address":"上海市","access_date":"2016-10-26 09:31:30","account":"1***9","quantity":1,"handle_status":8,"order_type":"2","areaid":"310117","item_id":84},{"address":"内蒙古自治区","access_date":"2016-10-25 15:51:21","account":"z***n","quantity":1,"handle_status":8,"order_type":"2","areaid":"150602","item_id":84},{"address":"安徽省","access_date":"2016-10-25 12:58:11","account":"k***8","quantity":1,"handle_status":8,"order_type":"2","areaid":"340504","item_id":84},{"address":"上海市","access_date":"2016-10-25 11:31:45","account":"胖***爸","quantity":2,"handle_status":8,"order_type":"2","areaid":"310104","item_id":84},{"address":"江西省","access_date":"2016-10-25 11:27:10","account":"林***l","quantity":1,"handle_status":8,"order_type":"2","areaid":"360111","item_id":84},{"address":"浙江省","access_date":"2016-10-25 10:19:36","account":"小***f","quantity":1,"handle_status":8,"order_type":"2","areaid":"330483","item_id":84},{"address":"北京市","access_date":"2016-10-25 10:14:36","account":"z***n","quantity":1,"handle_status":8,"order_type":"2","areaid":"110102","item_id":84},{"address":"山东省","access_date":"2016-10-25 10:13:13","account":"m***6","quantity":1,"handle_status":8,"order_type":"2","areaid":"371324","item_id":84},{"address":"四川省","access_date":"2016-10-24 14:48:23","account":"d***0","quantity":1,"handle_status":8,"order_type":"2","areaid":"510704","item_id":84},{"address":"重庆市","access_date":"2016-10-20 16:04:02","account":"踰***辉","quantity":1,"handle_status":8,"order_type":"2","areaid":"500118","item_id":84},{"address":"天津市","access_date":"2016-10-20 13:52:54","account":"1***8","quantity":1,"handle_status":8,"order_type":"2","areaid":"120104","item_id":84},{"address":"天津市","access_date":"2016-10-20 10:40:49","account":"1***8","quantity":1,"handle_status":8,"order_type":"2","areaid":"120104","item_id":84},{"address":"浙江省","access_date":"2016-10-20 10:25:14","account":"z***n","quantity":1,"handle_status":8,"order_type":"2","areaid":"330702","item_id":84},{"address":"山东省","access_date":"2016-10-18 11:48:10","account":"f***2","quantity":2,"handle_status":8,"order_type":"2","areaid":"371121","item_id":84},{"address":"江苏省","access_date":"2016-10-18 10:32:04","account":"c***a","quantity":1,"handle_status":8,"order_type":"2","areaid":"320506","item_id":84},{"address":"上海市","access_date":"2016-10-18 10:08:06","account":"c***u","quantity":1,"handle_status":8,"order_type":"2","areaid":"310109","item_id":84},{"address":"广东省","access_date":"2016-10-17 14:38:53","account":"s***t","quantity":1,"handle_status":8,"order_type":"2","areaid":"440606","item_id":84},{"address":"河北省","access_date":"2016-10-17 09:32:39","account":"l***8","quantity":1,"handle_status":8,"order_type":"2","areaid":"130105","item_id":84},{"address":"上海市","access_date":"2016-10-16 14:36:08","account":"范***佳","quantity":1,"handle_status":8,"order_type":"2","areaid":"310115","item_id":84},{"address":"浙江省","access_date":"2016-10-16 10:25:12","account":"p***2","quantity":1,"handle_status":8,"order_type":"2","areaid":"331081","item_id":84},{"address":"浙江省","access_date":"2016-10-15 15:25:14","account":"y***m","quantity":1,"handle_status":8,"order_type":"2","areaid":"330782","item_id":84},{"address":"湖北省","access_date":"2016-10-15 14:54:26","account":"m***4","quantity":1,"handle_status":8,"order_type":"2","areaid":"420106","item_id":84},{"address":"上海市","access_date":"2016-10-15 10:50:47","account":"1***8","quantity":1,"handle_status":8,"order_type":"2","areaid":"310104","item_id":84},{"address":"广东省","access_date":"2016-10-14 14:38:54","account":"小***主","quantity":1,"handle_status":8,"order_type":"2","areaid":"440106","item_id":84},{"address":"广东省","access_date":"2016-10-14 13:36:51","account":"1***4","quantity":1,"handle_status":8,"order_type":"2","areaid":"441301","item_id":84},{"address":"天津市","access_date":"2016-10-13 16:24:34","account":"f***r","quantity":1,"handle_status":8,"order_type":"2","areaid":"120103","item_id":84},{"address":"上海市","access_date":"2016-10-13 12:57:54","account":"c***b","quantity":1,"handle_status":8,"order_type":"2","areaid":"310115","item_id":84},{"address":"湖北省","access_date":"2016-10-13 11:46:14","account":"a***8","quantity":1,"handle_status":8,"order_type":"2","areaid":"420112","item_id":84},{"address":"湖北省","access_date":"2016-10-13 11:04:59","account":"a***8","quantity":1,"handle_status":8,"order_type":"2","areaid":"420112","item_id":84},{"address":"上海市","access_date":"2016-10-13 11:04:35","account":"r***f","quantity":1,"handle_status":8,"order_type":"2","areaid":"310104","item_id":84},{"address":"四川省","access_date":"2016-10-13 10:35:09","account":"棉***裤","quantity":1,"handle_status":8,"order_type":"2","areaid":"510101","item_id":84},{"address":"宁夏回族自治区","access_date":"2016-10-13 09:56:44","account":"m***l","quantity":1,"handle_status":8,"order_type":"2","areaid":"640302","item_id":84},{"address":"浙江省","access_date":"2016-10-12 13:28:37","account":"z***r","quantity":1,"handle_status":8,"order_type":"2","areaid":"330402","item_id":84},{"address":"江苏省","access_date":"2016-10-12 12:39:57","account":"s***g","quantity":1,"handle_status":8,"order_type":"2","areaid":"320104","item_id":84},{"address":"北京市","access_date":"2016-10-11 16:00:27","account":"z***n","quantity":1,"handle_status":8,"order_type":"2","areaid":"110105","item_id":84},{"address":"湖北省","access_date":"2016-10-11 15:10:41","account":"a***8","quantity":1,"handle_status":8,"order_type":"2","areaid":"420112","item_id":84},{"address":"广东省","access_date":"2016-10-11 14:49:40","account":"f***n","quantity":1,"handle_status":8,"order_type":"2","areaid":"440306","item_id":84},{"address":"浙江省","access_date":"2016-10-10 14:54:11","account":"f***c","quantity":1,"handle_status":8,"order_type":"2","areaid":"330102","item_id":84},{"address":"湖北省","access_date":"2016-10-10 12:32:24","account":"旸***旸","quantity":1,"handle_status":8,"order_type":"2","areaid":"420111","item_id":84},{"address":"湖北省","access_date":"2016-10-10 12:31:14","account":"旸***旸","quantity":1,"handle_status":8,"order_type":"2","areaid":"420111","item_id":84},{"address":"山东省","access_date":"2016-10-10 12:12:04","account":"j***i","quantity":1,"handle_status":8,"order_type":"2","areaid":"370102","item_id":84},{"address":"上海市","access_date":"2016-09-28 15:02:28","account":"k***n","quantity":1,"handle_status":8,"order_type":"2","areaid":"310113","item_id":84},{"address":"山东省","access_date":"2016-09-28 13:43:07","account":"如***影","quantity":1,"handle_status":8,"order_type":"2","areaid":"371302","item_id":84},{"address":"重庆市","access_date":"2016-09-27 15:32:21","account":"1***3","quantity":1,"handle_status":8,"order_type":"2","areaid":"500103","item_id":84},{"address":"浙江省","access_date":"2016-09-22 12:45:35","account":"s***y","quantity":1,"handle_status":8,"order_type":"2","areaid":"330702","item_id":84},{"address":"上海市","access_date":"2016-09-21 15:18:35","account":"p***6","quantity":1,"handle_status":8,"order_type":"2","areaid":"310115","item_id":84},{"address":"上海市","access_date":"2016-09-20 11:00:43","account":"h***9","quantity":1,"handle_status":8,"order_type":"2","areaid":"310101","item_id":84},{"address":"福建省","access_date":"2016-09-19 14:44:09","account":"c***m","quantity":1,"handle_status":8,"order_type":"2","areaid":"350104","item_id":84},{"address":"宁夏回族自治区","access_date":"2016-09-19 13:10:36","account":"x***i","quantity":1,"handle_status":8,"order_type":"2","areaid":"640425","item_id":84},{"address":"福建省","access_date":"2016-09-19 12:19:00","account":"l***5","quantity":1,"handle_status":8,"order_type":"2","areaid":"350503","item_id":84},{"address":"黑龙江省","access_date":"2016-09-13 13:26:12","account":"L***3","quantity":1,"handle_status":8,"order_type":"2","areaid":"230403","item_id":84},{"address":"江苏省","access_date":"2016-09-12 14:01:55","account":"s***8","quantity":1,"handle_status":8,"order_type":"2","areaid":"320602","item_id":84},{"address":"上海市","access_date":"2016-09-09 11:05:04","account":"s***8","quantity":1,"handle_status":8,"order_type":"2","areaid":"310101","item_id":84},{"address":"上海市","access_date":"2016-09-08 10:36:10","account":"z***a","quantity":2,"handle_status":8,"order_type":"2","areaid":"310115","item_id":84},{"address":"河北省","access_date":"2016-09-07 12:21:49","account":"沧***客","quantity":1,"handle_status":8,"order_type":"2","areaid":"130903","item_id":84},{"address":"广东省","access_date":"2016-09-05 15:40:36","account":"v***t","quantity":1,"handle_status":8,"order_type":"2","areaid":"440114","item_id":84},{"address":"浙江省","access_date":"2016-09-05 15:13:57","account":"1***7","quantity":1,"handle_status":8,"order_type":"2","areaid":"330304","item_id":84},{"address":"山东省","access_date":"2016-09-05 10:18:48","account":"平***3","quantity":1,"handle_status":8,"order_type":"2","areaid":"371323","item_id":84},{"address":"云南省","access_date":"2016-09-01 16:17:15","account":"z***q","quantity":1,"handle_status":8,"order_type":"2","areaid":"530112","item_id":84},{"address":"广东省","access_date":"2016-09-01 12:36:32","account":"x***d","quantity":1,"handle_status":8,"order_type":"2","areaid":"440402","item_id":84},{"address":"上海市","access_date":"2016-09-01 12:04:34","account":"c***z","quantity":1,"handle_status":8,"order_type":"2","areaid":"310112","item_id":84},{"address":"上海市","access_date":"2016-08-31 13:29:13","account":"4***4","quantity":1,"handle_status":8,"order_type":"2","areaid":"310110","item_id":84},{"address":"贵州省","access_date":"2016-08-31 09:40:21","account":"1***8","quantity":1,"handle_status":8,"order_type":"2","areaid":"520602","item_id":84},{"address":"湖北省","access_date":"2016-08-25 14:46:00","account":"z***r","quantity":1,"handle_status":8,"order_type":"2","areaid":"421182","item_id":84},{"address":"河南省","access_date":"2016-08-25 09:48:45","account":"1***8","quantity":1,"handle_status":8,"order_type":"2","areaid":"411521","item_id":84},{"address":"广西壮族自治区","access_date":"2016-08-24 14:00:55","account":"i***7","quantity":1,"handle_status":8,"order_type":"2","areaid":"450103","item_id":84},{"address":"江西省","access_date":"2016-08-23 16:15:40","account":"1***6","quantity":1,"handle_status":8,"order_type":"2","areaid":"360102","item_id":84},{"address":"广东省","access_date":"2016-08-23 11:45:25","account":"垚***0","quantity":1,"handle_status":8,"order_type":"2","areaid":"441721","item_id":84},{"address":"四川省","access_date":"2016-08-23 09:42:06","account":"梦***都","quantity":1,"handle_status":8,"order_type":"2","areaid":"510124","item_id":84},{"address":"陕西省","access_date":"2016-08-17 11:16:34","account":"雷***6","quantity":1,"handle_status":8,"order_type":"2","areaid":"610112","item_id":84},{"address":"四川省","access_date":"2016-08-16 10:29:28","account":"肖***克","quantity":1,"handle_status":8,"order_type":"2","areaid":"510115","item_id":84},{"address":"山东省","access_date":"2016-08-15 10:32:00","account":"z***m","quantity":1,"handle_status":8,"order_type":"2","areaid":"370303","item_id":84},{"address":"浙江省","access_date":"2016-08-12 13:52:53","account":"月***6","quantity":1,"handle_status":8,"order_type":"2","areaid":"330783","item_id":84},{"address":"河南省","access_date":"2016-08-08 10:48:15","account":"何***9","quantity":1,"handle_status":8,"order_type":"2","areaid":"411426","item_id":84},{"address":"山东省","access_date":"2016-08-08 09:32:44","account":"j***4","quantity":1,"handle_status":8,"order_type":"2","areaid":"370602","item_id":84},{"address":"上海市","access_date":"2016-08-02 11:21:33","account":"m***q","quantity":1,"handle_status":8,"order_type":"2","areaid":"310108","item_id":84},{"address":"北京市","access_date":"2016-07-25 13:51:09","account":"y***a","quantity":1,"handle_status":8,"order_type":"2","areaid":"110113","item_id":84},{"address":"甘肃省","access_date":"2016-07-25 12:55:39","account":"1***左","quantity":1,"handle_status":8,"order_type":"2","areaid":"621022","item_id":84},{"address":"上海市","access_date":"2016-07-22 10:53:30","account":"t***7","quantity":1,"handle_status":8,"order_type":"2","areaid":"310112","item_id":84},{"address":"山东省","access_date":"2016-07-21 09:33:11","account":"1***6","quantity":1,"handle_status":8,"order_type":"2","areaid":"370811","item_id":84},{"address":"广东省","access_date":"2016-07-20 11:19:18","account":"w***8","quantity":1,"handle_status":8,"order_type":"2","areaid":"440305","item_id":84},{"address":"安徽省","access_date":"2016-07-18 10:23:16","account":"l***i","quantity":1,"handle_status":8,"order_type":"2","areaid":"340104","item_id":84},{"address":"福建省","access_date":"2016-07-16 10:04:10","account":"寻***o","quantity":1,"handle_status":8,"order_type":"2","areaid":"350502","item_id":84},{"address":"河南省","access_date":"2016-07-12 09:53:40","account":"v***8","quantity":2,"handle_status":8,"order_type":"2","areaid":"410425","item_id":84},{"address":"湖北省","access_date":"2016-07-11 13:48:16","account":"s***8","quantity":1,"handle_status":8,"order_type":"2","areaid":"420102","item_id":84},{"address":"浙江省","access_date":"2016-07-11 12:45:54","account":"f***e","quantity":1,"handle_status":8,"order_type":"2","areaid":"330502","item_id":84},{"address":"上海市","access_date":"2016-07-09 11:34:28","account":"1***9","quantity":1,"handle_status":8,"order_type":"2","areaid":"310114","item_id":84},{"address":"山东省","access_date":"2016-07-08 12:16:22","account":"冰***5","quantity":1,"handle_status":8,"order_type":"2","areaid":"371102","item_id":84},{"address":"浙江省","access_date":"2016-07-08 11:02:47","account":"z***0","quantity":1,"handle_status":8,"order_type":"2","areaid":"330302","item_id":84},{"address":"北京市","access_date":"2016-07-07 13:29:39","account":"1***9","quantity":1,"handle_status":8,"order_type":"2","areaid":"110113","item_id":84},{"address":"北京市","access_date":"2016-07-06 11:13:39","account":"z***8","quantity":1,"handle_status":8,"order_type":"2","areaid":"110106","item_id":84},{"address":"浙江省","access_date":"2016-07-06 10:23:12","account":"p***r","quantity":1,"handle_status":8,"order_type":"2","areaid":"330106","item_id":84},{"address":"上海市","access_date":"2016-07-04 15:19:37","account":"n***m","quantity":1,"handle_status":8,"order_type":"2","areaid":"310104","item_id":84},{"address":"北京市","access_date":"2016-07-04 10:47:15","account":"z***8","quantity":1,"handle_status":8,"order_type":"2","areaid":"110101","item_id":84},{"address":"江苏省","access_date":"2016-07-02 11:54:52","account":"1***1","quantity":1,"handle_status":8,"order_type":"2","areaid":"320506","item_id":84},{"address":"青海省","access_date":"2016-07-01 16:06:47","account":"q***n","quantity":1,"handle_status":8,"order_type":"2","areaid":"630103","item_id":84},{"address":"浙江省","access_date":"2016-06-30 15:54:52","account":"林***8","quantity":1,"handle_status":8,"order_type":"2","areaid":"330302","item_id":84},{"address":"河南省","access_date":"2016-06-30 15:00:00","account":"j***0","quantity":2,"handle_status":8,"order_type":"2","areaid":"411426","item_id":84},{"address":"云南省","access_date":"2016-06-29 15:15:27","account":"x***4","quantity":1,"handle_status":8,"order_type":"2","areaid":"532801","item_id":84},{"address":"浙江省","access_date":"2016-06-29 11:19:48","account":"z***6","quantity":1,"handle_status":8,"order_type":"2","areaid":"330602","item_id":84},{"address":"浙江省","access_date":"2016-06-29 09:56:10","account":"p***1","quantity":1,"handle_status":8,"order_type":"2","areaid":"330110","item_id":84},{"address":"浙江省","access_date":"2016-06-24 15:16:21","account":"x***1","quantity":1,"handle_status":8,"order_type":"2","areaid":"330501","item_id":84},{"address":"上海市","access_date":"2016-06-24 14:50:09","account":"p***h","quantity":1,"handle_status":8,"order_type":"2","areaid":"310101","item_id":84},{"address":"北京市","access_date":"2016-06-24 14:49:37","account":"穿***云","quantity":1,"handle_status":8,"order_type":"2","areaid":"110108","item_id":84},{"address":"广东省","access_date":"2016-06-24 12:36:20","account":"8***0","quantity":1,"handle_status":8,"order_type":"2","areaid":"440306","item_id":84},{"address":"广东省","access_date":"2016-06-23 10:46:13","account":"郭***萍","quantity":1,"handle_status":8,"order_type":"2","areaid":"440203","item_id":84},{"address":"重庆市","access_date":"2016-06-22 15:30:24","account":"1***3","quantity":1,"handle_status":8,"order_type":"2","areaid":"500103","item_id":84},{"address":"山东省","access_date":"2016-06-21 15:15:24","account":"8***b","quantity":1,"handle_status":8,"order_type":"2","areaid":"370202","item_id":84},{"address":"北京市","access_date":"2016-06-20 13:34:35","account":"x***a","quantity":1,"handle_status":8,"order_type":"2","areaid":"110112","item_id":84},{"address":"广东省","access_date":"2016-06-17 15:38:04","account":"k***g","quantity":1,"handle_status":8,"order_type":"2","areaid":"ff8080814cd0d0f4014cd571e2a50002","item_id":84},{"address":"北京市","access_date":"2016-06-14 11:39:27","account":"l***g","quantity":1,"handle_status":8,"order_type":"2","areaid":"110106","item_id":84},{"address":"上海市","access_date":"2016-06-14 09:52:01","account":"s***g","quantity":1,"handle_status":8,"order_type":"2","areaid":"310112","item_id":84},{"address":"天津市","access_date":"2016-06-08 10:36:12","account":"z***2","quantity":1,"handle_status":8,"order_type":"2","areaid":"120116","item_id":84},{"address":"广东省","access_date":"2016-06-06 12:55:32","account":"h***s","quantity":1,"handle_status":8,"order_type":"2","areaid":"445281","item_id":84},{"address":"上海市","access_date":"2016-06-06 10:28:53","account":"b***4","quantity":1,"handle_status":8,"order_type":"2","areaid":"310120","item_id":84},{"address":"天津市","access_date":"2016-06-06 09:48:40","account":"1***7","quantity":1,"handle_status":8,"order_type":"2","areaid":"120223","item_id":84},{"address":"江西省","access_date":"2016-06-06 09:38:40","account":"c***1","quantity":1,"handle_status":8,"order_type":"2","areaid":"360902","item_id":84},{"address":"浙江省","access_date":"2016-06-04 11:44:37","account":"s***u","quantity":1,"handle_status":8,"order_type":"2","areaid":"330382","item_id":84},{"address":"安徽省","access_date":"2016-06-03 13:51:24","account":"s***1","quantity":1,"handle_status":8,"order_type":"2","areaid":"340104","item_id":84},{"address":"上海市","access_date":"2016-06-02 12:47:32","account":"小***梓","quantity":1,"handle_status":8,"order_type":"2","areaid":"310104","item_id":84},{"address":"广东省","access_date":"2016-06-02 12:08:22","account":"z***8","quantity":1,"handle_status":8,"order_type":"2","areaid":"440304","item_id":84},{"address":"江苏省","access_date":"2016-06-01 13:00:01","account":"崔***子","quantity":1,"handle_status":8,"order_type":"2","areaid":"320581","item_id":84},{"address":"北京市","access_date":"2016-06-01 12:57:08","account":"l***n","quantity":1,"handle_status":8,"order_type":"2","areaid":"110108","item_id":84},{"address":"上海市","access_date":"2016-06-01 09:44:21","account":"z***r","quantity":1,"handle_status":8,"order_type":"2","areaid":"310109","item_id":84},{"address":"辽宁省","access_date":"2016-05-31 15:38:57","account":"z***0","quantity":1,"handle_status":8,"order_type":"2","areaid":"211403","item_id":84},{"address":"湖南省","access_date":"2016-05-31 11:36:32","account":"y***g","quantity":1,"handle_status":8,"order_type":"2","areaid":"430521","item_id":84},{"address":"江苏省","access_date":"2016-05-31 10:25:59","account":"q***8","quantity":1,"handle_status":8,"order_type":"2","areaid":"320402","item_id":84},{"address":"江苏省","access_date":"2016-05-31 10:23:47","account":"孤***名","quantity":1,"handle_status":8,"order_type":"2","areaid":"320611","item_id":84},{"address":"河南省","access_date":"2016-05-31 09:48:04","account":"x***y","quantity":1,"handle_status":8,"order_type":"2","areaid":"411002","item_id":84},{"address":"江苏省","access_date":"2016-05-31 09:30:38","account":"1***8","quantity":1,"handle_status":8,"order_type":"2","areaid":"320581","item_id":84},{"address":"北京市","access_date":"2016-05-30 11:59:27","account":"x***u","quantity":1,"handle_status":8,"order_type":"2","areaid":"110108","item_id":84},{"address":"黑龙江省","access_date":"2016-05-30 09:59:56","account":"1***8","quantity":1,"handle_status":8,"order_type":"2","areaid":"230702","item_id":84},{"address":"四川省","access_date":"2016-05-29 11:54:12","account":"l***m","quantity":1,"handle_status":8,"order_type":"2","areaid":"510124","item_id":84},{"address":"山东省","access_date":"2016-05-28 10:57:15","account":"曹***伟","quantity":1,"handle_status":8,"order_type":"2","areaid":"371321","item_id":84},{"address":"山东省","access_date":"2016-05-27 15:34:15","account":"冯***晓","quantity":1,"handle_status":8,"order_type":"2","areaid":"371326","item_id":84},{"address":"河南省","access_date":"2016-05-27 12:09:50","account":"1***7","quantity":1,"handle_status":8,"order_type":"2","areaid":"410902","item_id":84},{"address":"上海市","access_date":"2016-05-27 12:00:47","account":"l***l","quantity":1,"handle_status":8,"order_type":"2","areaid":"310107","item_id":84},{"address":"福建省","access_date":"2016-05-27 09:38:53","account":"1***9","quantity":1,"handle_status":8,"order_type":"2","areaid":"350182","item_id":84},{"address":"北京市","access_date":"2016-05-26 14:11:09","account":"c***r","quantity":1,"handle_status":8,"order_type":"2","areaid":"110105","item_id":84},{"address":"北京市","access_date":"2016-05-25 15:09:27","account":"z***c","quantity":1,"handle_status":8,"order_type":"2","areaid":"110108","item_id":84},{"address":"江苏省","access_date":"2016-05-25 14:02:16","account":"l***4","quantity":1,"handle_status":8,"order_type":"2","areaid":"320508","item_id":84},{"address":"黑龙江省","access_date":"2016-05-24 14:06:31","account":"c***6","quantity":1,"handle_status":8,"order_type":"2","areaid":"230229","item_id":84},{"address":"上海市","access_date":"2016-05-24 11:08:21","account":"1***3","quantity":1,"handle_status":8,"order_type":"2","areaid":"310115","item_id":84},{"address":"山西省","access_date":"2016-05-24 11:02:19","account":"l***f","quantity":1,"handle_status":8,"order_type":"2","areaid":"141081","item_id":84},{"address":"北京市","access_date":"2016-05-23 15:43:02","account":"q***g","quantity":1,"handle_status":8,"order_type":"2","areaid":"110108","item_id":84},{"address":"陕西省","access_date":"2016-05-23 09:54:28","account":"j***7","quantity":1,"handle_status":8,"order_type":"2","areaid":"610826","item_id":84},{"address":"陕西省","access_date":"2016-05-23 09:36:20","account":"1***8","quantity":1,"handle_status":8,"order_type":"2","areaid":"610826","item_id":84},{"address":"上海市","access_date":"2016-05-22 12:16:31","account":"1***2","quantity":1,"handle_status":8,"order_type":"2","areaid":"310113","item_id":84},{"address":"广东省","access_date":"2016-05-22 12:05:16","account":"b***8","quantity":1,"handle_status":8,"order_type":"2","areaid":"440113","item_id":84},{"address":"辽宁省","access_date":"2016-05-21 14:43:53","account":"1***9","quantity":1,"handle_status":8,"order_type":"2","areaid":"211282","item_id":84},{"address":"广东省","access_date":"2016-05-21 11:27:17","account":"1***3","quantity":1,"handle_status":8,"order_type":"2","areaid":"ff8080814cd0d0f4014cd56f66b80001","item_id":84},{"address":"内蒙古自治区","access_date":"2016-05-20 14:10:53","account":"x***6","quantity":1,"handle_status":8,"order_type":"2","areaid":"150204","item_id":84},{"address":"湖北省","access_date":"2016-05-19 16:12:36","account":"l***b","quantity":1,"handle_status":8,"order_type":"2","areaid":"420115","item_id":84},{"address":"山西省","access_date":"2016-05-19 16:01:55","account":"易***哥","quantity":1,"handle_status":8,"order_type":"2","areaid":"140202","item_id":84},{"address":"浙江省","access_date":"2016-05-18 12:26:51","account":"z***g","quantity":1,"handle_status":8,"order_type":"2","areaid":"330902","item_id":84},{"address":"上海市","access_date":"2016-05-18 11:01:45","account":"1***3","quantity":1,"handle_status":8,"order_type":"2","areaid":"310107","item_id":84},{"address":"甘肃省","access_date":"2016-05-17 16:28:21","account":"m***岩","quantity":1,"handle_status":8,"order_type":"2","areaid":"620201","item_id":84},{"address":"北京市","access_date":"2016-05-17 13:52:55","account":"l***b","quantity":1,"handle_status":8,"order_type":"2","areaid":"110105","item_id":84},{"address":"甘肃省","access_date":"2016-05-17 10:21:37","account":"段***磊","quantity":2,"handle_status":8,"order_type":"2","areaid":"620102","item_id":84},{"address":"甘肃省","access_date":"2016-05-17 10:15:28","account":"段***磊","quantity":1,"handle_status":8,"order_type":"2","areaid":"620102","item_id":84},{"address":"江西省","access_date":"2016-05-17 09:41:22","account":"c***1","quantity":1,"handle_status":8,"order_type":"2","areaid":"360902","item_id":84},{"address":"甘肃省","access_date":"2016-05-16 15:08:15","account":"段***磊","quantity":1,"handle_status":8,"order_type":"2","areaid":"620102","item_id":84},{"address":"辽宁省","access_date":"2016-05-16 14:17:46","account":"j***y","quantity":1,"handle_status":8,"order_type":"2","areaid":"210106","item_id":84},{"address":"上海市","access_date":"2016-05-16 10:49:12","account":"l***z","quantity":1,"handle_status":8,"order_type":"2","areaid":"310115","item_id":84},{"address":"湖北省","access_date":"2016-05-15 15:06:56","account":"x***3","quantity":1,"handle_status":8,"order_type":"2","areaid":"420801","item_id":84},{"address":"江苏省","access_date":"2016-05-15 10:16:11","account":"b***h","quantity":1,"handle_status":8,"order_type":"2","areaid":"320281","item_id":84},{"address":"湖北省","access_date":"2016-05-14 10:46:31","account":"m***g","quantity":1,"handle_status":8,"order_type":"2","areaid":"420281","item_id":84},{"address":"广东省","access_date":"2016-05-13 12:14:51","account":"0***5","quantity":1,"handle_status":8,"order_type":"2","areaid":"440111","item_id":84},{"address":"西藏自治区","access_date":"2016-05-12 15:30:31","account":"悠***待","quantity":1,"handle_status":8,"order_type":"2","areaid":"540102","item_id":84},{"address":"山东省","access_date":"2016-05-12 14:40:44","account":"凡***1","quantity":1,"handle_status":8,"order_type":"2","areaid":"371726","item_id":84},{"address":"山东省","access_date":"2016-05-12 11:49:37","account":"冯***晓","quantity":1,"handle_status":8,"order_type":"2","areaid":"371326","item_id":84},{"address":"山东省","access_date":"2016-05-12 11:30:22","account":"1***7","quantity":1,"handle_status":8,"order_type":"2","areaid":"371321","item_id":84},{"address":"西藏自治区","access_date":"2016-05-11 15:45:20","account":"悠***待","quantity":1,"handle_status":8,"order_type":"2","areaid":"540102","item_id":84},{"address":"山东省","access_date":"2016-05-11 13:46:45","account":"s***a","quantity":1,"handle_status":8,"order_type":"2","areaid":"370321","item_id":84},{"address":"黑龙江省","access_date":"2016-05-11 12:26:31","account":"1***8","quantity":1,"handle_status":8,"order_type":"2","areaid":"230203","item_id":84},{"address":"上海市","access_date":"2016-05-11 12:13:55","account":"c***n","quantity":1,"handle_status":8,"order_type":"2","areaid":"310115","item_id":84},{"address":"山东省","access_date":"2016-05-11 11:03:59","account":"d***f","quantity":1,"handle_status":8,"order_type":"2","areaid":"370502","item_id":84},{"address":"广东省","access_date":"2016-05-11 10:56:43","account":"g***味","quantity":1,"handle_status":8,"order_type":"2","areaid":"445102","item_id":84},{"address":"甘肃省","access_date":"2016-05-11 10:54:30","account":"t***m","quantity":1,"handle_status":8,"order_type":"2","areaid":"620502","item_id":84},{"address":"北京市","access_date":"2016-05-11 09:39:16","account":"l***9","quantity":1,"handle_status":8,"order_type":"2","areaid":"110108","item_id":84},{"address":"福建省","access_date":"2016-05-11 09:34:39","account":"o***k","quantity":1,"handle_status":8,"order_type":"2","areaid":"350702","item_id":84},{"address":"北京市","access_date":"2016-05-11 09:30:28","account":"n***8","quantity":1,"handle_status":8,"order_type":"2","areaid":"110102","item_id":84},{"address":"安徽省","access_date":"2016-05-10 15:33:49","account":"h***8","quantity":1,"handle_status":8,"order_type":"2","areaid":"341302","item_id":84},{"address":"北京市","access_date":"2016-05-10 15:20:26","account":"n***8","quantity":1,"handle_status":8,"order_type":"2","areaid":"110102","item_id":84},{"address":"江西省","access_date":"2016-05-10 15:02:20","account":"d***4","quantity":1,"handle_status":8,"order_type":"2","areaid":"361128","item_id":84},{"address":"山东省","access_date":"2016-05-10 14:40:28","account":"t***g","quantity":1,"handle_status":8,"order_type":"2","areaid":"370481","item_id":84},{"address":"安徽省","access_date":"2016-05-10 14:33:49","account":"1***1","quantity":1,"handle_status":8,"order_type":"2","areaid":"340803","item_id":84},{"address":"上海市","access_date":"2016-05-10 14:20:54","account":"1***1","quantity":1,"handle_status":8,"order_type":"2","areaid":"310115","item_id":84},{"address":"广东省","access_date":"2016-05-10 14:18:30","account":"云***芙","quantity":1,"handle_status":8,"order_type":"2","areaid":"445222","item_id":84},{"address":"江苏省","access_date":"2016-05-10 14:10:54","account":"森***2","quantity":1,"handle_status":8,"order_type":"2","areaid":"320115","item_id":84},{"address":"上海市","access_date":"2016-05-10 13:47:05","account":"s***l","quantity":1,"handle_status":8,"order_type":"2","areaid":"310106","item_id":84},{"address":"山东省","access_date":"2016-05-10 13:44:55","account":"t***2","quantity":1,"handle_status":8,"order_type":"2","areaid":"371322","item_id":84},{"address":"四川省","access_date":"2016-05-10 13:41:48","account":"R***6","quantity":1,"handle_status":8,"order_type":"2","areaid":"510704","item_id":84},{"address":"江苏省","access_date":"2016-05-10 13:27:40","account":"s***6","quantity":1,"handle_status":8,"order_type":"2","areaid":"320705","item_id":84},{"address":"河北省","access_date":"2016-05-10 13:23:41","account":"w***9","quantity":1,"handle_status":8,"order_type":"2","areaid":"130303","item_id":84},{"address":"上海市","access_date":"2016-05-10 13:11:33","account":"g***n","quantity":1,"handle_status":8,"order_type":"2","areaid":"310105","item_id":84},{"address":"河北省","access_date":"2016-05-10 13:02:16","account":"1***8","quantity":1,"handle_status":8,"order_type":"2","areaid":"130123","item_id":84},{"address":"河北省","access_date":"2016-05-10 12:45:52","account":"1***1","quantity":1,"handle_status":8,"order_type":"2","areaid":"130123","item_id":84},{"address":"贵州省","access_date":"2016-05-10 12:43:59","account":"1***8","quantity":1,"handle_status":8,"order_type":"2","areaid":"522324","item_id":84},{"address":"贵州省","access_date":"2016-05-10 12:22:10","account":"1***8","quantity":1,"handle_status":8,"order_type":"2","areaid":"522324","item_id":84},{"address":"广东省","access_date":"2016-05-10 12:21:35","account":"曾***坚","quantity":1,"handle_status":8,"order_type":"2","areaid":"441424","item_id":84},{"address":"上海市","access_date":"2016-05-10 12:15:59","account":"b***8","quantity":1,"handle_status":8,"order_type":"2","areaid":"310113","item_id":84},{"address":"内蒙古自治区","access_date":"2016-05-10 11:51:16","account":"b***d","quantity":1,"handle_status":8,"order_type":"2","areaid":"150207","item_id":84},{"address":"江苏省","access_date":"2016-05-10 11:40:41","account":"1***8","quantity":1,"handle_status":8,"order_type":"2","areaid":"320206","item_id":84},{"address":"辽宁省","access_date":"2016-05-10 11:10:33","account":"d***g","quantity":1,"handle_status":8,"order_type":"2","areaid":"210411","item_id":84},{"address":"上海市","access_date":"2016-05-10 10:56:14","account":"1***3","quantity":1,"handle_status":8,"order_type":"2","areaid":"310115","item_id":84},{"address":"江苏省","access_date":"2016-05-10 10:23:50","account":"孤***败","quantity":1,"handle_status":8,"order_type":"2","areaid":"321281","item_id":84},{"address":"浙江省","access_date":"2016-05-10 10:17:49","account":"x***3","quantity":1,"handle_status":8,"order_type":"2","areaid":"330402","item_id":84},{"address":"安徽省","access_date":"2016-05-10 10:10:04","account":"g***b","quantity":1,"handle_status":8,"order_type":"2","areaid":"340104","item_id":84},{"address":"广东省","access_date":"2016-05-10 09:56:41","account":"1***6","quantity":1,"handle_status":8,"order_type":"2","areaid":"440106","item_id":84},{"address":"山东省","access_date":"2016-05-10 09:48:28","account":"d***8","quantity":1,"handle_status":8,"order_type":"2","areaid":"370811","item_id":84},{"address":"上海市","access_date":"2016-05-10 09:41:59","account":"1***4","quantity":1,"handle_status":8,"order_type":"2","areaid":"310115","item_id":84},{"address":"黑龙江省","access_date":"2016-05-10 09:38:39","account":"那***7","quantity":1,"handle_status":8,"order_type":"2","areaid":"230921","item_id":84},{"address":"广西壮族自治区","access_date":"2016-05-10 09:34:09","account":"b***g","quantity":1,"handle_status":8,"order_type":"2","areaid":"450305","item_id":84},{"address":"内蒙古自治区","access_date":"2016-05-10 09:32:34","account":"x***6","quantity":1,"handle_status":8,"order_type":"2","areaid":"150204","item_id":84},{"address":"辽宁省","access_date":"2016-05-10 09:31:30","account":"b***0","quantity":1,"handle_status":8,"order_type":"2","areaid":"210102","item_id":84},{"address":"上海市","access_date":"2016-05-09 16:27:09","account":"1***7","quantity":1,"handle_status":8,"order_type":"2","areaid":"310101","item_id":84},{"address":"浙江省","access_date":"2016-05-09 16:21:26","account":"1***8","quantity":1,"handle_status":8,"order_type":"2","areaid":"330302","item_id":84},{"address":"广东省","access_date":"2016-05-09 16:18:58","account":"1***3","quantity":1,"handle_status":8,"order_type":"2","areaid":"440307","item_id":84},{"address":"江苏省","access_date":"2016-05-09 16:14:09","account":"中***水","quantity":1,"handle_status":8,"order_type":"2","areaid":"320281","item_id":84},{"address":"内蒙古自治区","access_date":"2016-05-09 16:10:28","account":"马***忠","quantity":1,"handle_status":8,"order_type":"2","areaid":"150203","item_id":84},{"address":"辽宁省","access_date":"2016-05-09 15:56:17","account":"g***6","quantity":1,"handle_status":8,"order_type":"2","areaid":"211122","item_id":84},{"address":"山西省","access_date":"2016-05-09 15:53:51","account":"l***4","quantity":1,"handle_status":8,"order_type":"2","areaid":"140105","item_id":84},{"address":"山东省","access_date":"2016-05-09 15:41:05","account":"1***9","quantity":1,"handle_status":8,"order_type":"2","areaid":"370502","item_id":84},{"address":"浙江省","access_date":"2016-05-09 15:39:13","account":"c***3","quantity":1,"handle_status":8,"order_type":"2","areaid":"330302","item_id":84},{"address":"江苏省","access_date":"2016-05-09 15:29:40","account":"伊***2","quantity":1,"handle_status":8,"order_type":"2","areaid":"320829","item_id":84},{"address":"上海市","access_date":"2016-05-09 15:25:12","account":"g***n","quantity":1,"handle_status":8,"order_type":"2","areaid":"310101","item_id":84},{"address":"江苏省","access_date":"2016-05-09 15:22:53","account":"1***8","quantity":1,"handle_status":8,"order_type":"2","areaid":"320105","item_id":84},{"address":"浙江省","access_date":"2016-05-09 15:13:46","account":"f***n","quantity":1,"handle_status":8,"order_type":"2","areaid":"330203","item_id":84},{"address":"陕西省","access_date":"2016-05-09 14:49:00","account":"w***2","quantity":1,"handle_status":8,"order_type":"2","areaid":"610104","item_id":84},{"address":"重庆市","access_date":"2016-05-09 14:42:04","account":"1***2","quantity":1,"handle_status":8,"order_type":"2","areaid":"500101","item_id":84},{"address":"江苏省","access_date":"2016-05-09 14:40:42","account":"1***9","quantity":1,"handle_status":8,"order_type":"2","areaid":"321323","item_id":84},{"address":"江苏省","access_date":"2016-05-09 14:36:24","account":"x***9","quantity":1,"handle_status":8,"order_type":"2","areaid":"320412","item_id":84},{"address":"重庆市","access_date":"2016-05-09 14:36:16","account":"f***f","quantity":1,"handle_status":8,"order_type":"2","areaid":"500101","item_id":84},{"address":"江西省","access_date":"2016-05-09 14:34:24","account":"z***s","quantity":1,"handle_status":8,"order_type":"2","areaid":"360104","item_id":84},{"address":"广东省","access_date":"2016-05-09 14:32:01","account":"1***1","quantity":1,"handle_status":8,"order_type":"2","areaid":"440113","item_id":84},{"address":"上海市","access_date":"2016-05-09 14:28:18","account":"c***6","quantity":1,"handle_status":8,"order_type":"2","areaid":"310230","item_id":84},{"address":"甘肃省","access_date":"2016-05-09 14:17:52","account":"地***星","quantity":2,"handle_status":8,"order_type":"2","areaid":"620102","item_id":84},{"address":"四川省","access_date":"2016-05-09 14:17:36","account":"s***j","quantity":1,"handle_status":8,"order_type":"2","areaid":"510107","item_id":84},{"address":"重庆市","access_date":"2016-05-09 14:06:38","account":"1***6","quantity":1,"handle_status":8,"order_type":"2","areaid":"500101","item_id":84},{"address":"陕西省","access_date":"2016-05-09 14:03:59","account":"j***7","quantity":1,"handle_status":8,"order_type":"2","areaid":"610826","item_id":84},{"address":"山西省","access_date":"2016-05-09 14:00:25","account":"w***3","quantity":1,"handle_status":8,"order_type":"2","areaid":"140202","item_id":84},{"address":"山东省","access_date":"2016-05-09 13:58:15","account":"f***2","quantity":1,"handle_status":8,"order_type":"2","areaid":"370305","item_id":84},{"address":"山东省","access_date":"2016-05-09 13:51:30","account":"s***7","quantity":1,"handle_status":8,"order_type":"2","areaid":"370602","item_id":84},{"address":"浙江省","access_date":"2016-05-09 13:43:48","account":"f***c","quantity":1,"handle_status":8,"order_type":"2","areaid":"330102","item_id":84},{"address":"北京市","access_date":"2016-05-09 13:42:47","account":"e***c","quantity":1,"handle_status":8,"order_type":"2","areaid":"110105","item_id":84},{"address":"浙江省","access_date":"2016-05-09 13:37:22","account":"z***7","quantity":1,"handle_status":8,"order_type":"2","areaid":"330302","item_id":84},{"address":"江苏省","access_date":"2016-05-09 13:33:34","account":"z***8","quantity":1,"handle_status":8,"order_type":"2","areaid":"320205","item_id":84},{"address":"江苏省","access_date":"2016-05-09 13:27:27","account":"w***n","quantity":1,"handle_status":8,"order_type":"2","areaid":"320114","item_id":84},{"address":"甘肃省","access_date":"2016-05-09 13:13:57","account":"绿***海","quantity":1,"handle_status":8,"order_type":"2","areaid":"620102","item_id":84},{"address":"江西省","access_date":"2016-05-09 13:11:56","account":"l***r","quantity":1,"handle_status":8,"order_type":"2","areaid":"360103","item_id":84},{"address":"北京市","access_date":"2016-05-09 13:10:49","account":"黄***磊","quantity":1,"handle_status":8,"order_type":"2","areaid":"110102","item_id":84},{"address":"江苏省","access_date":"2016-05-09 13:09:34","account":"c***3","quantity":1,"handle_status":8,"order_type":"2","areaid":"320501","item_id":84},{"address":"江苏省","access_date":"2016-05-09 12:21:42","account":"c***n","quantity":1,"handle_status":8,"order_type":"2","areaid":"320404","item_id":84},{"address":"广东省","access_date":"2016-05-09 11:34:59","account":"海***过","quantity":1,"handle_status":8,"order_type":"2","areaid":"440307","item_id":84},{"address":"山东省","access_date":"2016-05-09 11:34:41","account":"1***5","quantity":1,"handle_status":8,"order_type":"2","areaid":"370811","item_id":84},{"address":"河北省","access_date":"2016-05-09 11:34:07","account":"蓝***6","quantity":1,"handle_status":8,"order_type":"2","areaid":"130402","item_id":84},{"address":"上海市","access_date":"2016-05-09 11:33:14","account":"y***6","quantity":1,"handle_status":8,"order_type":"2","areaid":"310117","item_id":84},{"address":"浙江省","access_date":"2016-05-09 11:31:42","account":"尚***5","quantity":1,"handle_status":8,"order_type":"2","areaid":"330483","item_id":84},{"address":"江苏省","access_date":"2016-05-09 11:31:31","account":"w***x","quantity":1,"handle_status":8,"order_type":"2","areaid":"320105","item_id":84},{"address":"上海市","access_date":"2016-05-09 11:31:30","account":"d***n","quantity":1,"handle_status":8,"order_type":"2","areaid":"310107","item_id":84},{"address":"江苏省","access_date":"2016-05-09 11:30:54","account":"1***0","quantity":1,"handle_status":8,"order_type":"2","areaid":"320923","item_id":84},{"address":"安徽省","access_date":"2016-05-09 11:30:49","account":"l***3","quantity":1,"handle_status":8,"order_type":"2","areaid":"340302","item_id":84},{"address":"广东省","access_date":"2016-05-09 11:30:39","account":"g***g","quantity":1,"handle_status":8,"order_type":"2","areaid":"440106","item_id":84}]