[{"address":"浙江省","access_date":"2016-08-18 18:18:39","account":"1***y","quantity":1,"handle_status":8,"order_type":"2","areaid":"330303","item_id":103},{"address":"浙江省","access_date":"2016-08-18 18:14:12","account":"m***9","quantity":1,"handle_status":8,"order_type":"2","areaid":"330322","item_id":103},{"address":"河南省","access_date":"2016-08-18 18:03:46","account":"4***3","quantity":1,"handle_status":8,"order_type":"2","areaid":"410105","item_id":103},{"address":"江苏省","access_date":"2016-08-18 17:46:04","account":"s***0","quantity":1,"handle_status":8,"order_type":"2","areaid":"320205","item_id":103},{"address":"山东省","access_date":"2016-08-18 17:25:30","account":"s***g","quantity":1,"handle_status":8,"order_type":"2","areaid":"371302","item_id":103},{"address":"河北省","access_date":"2016-08-18 17:03:21","account":"张***8","quantity":1,"handle_status":8,"order_type":"2","areaid":"130281","item_id":103},{"address":"河南省","access_date":"2016-08-18 16:51:57","account":"a***0","quantity":1,"handle_status":8,"order_type":"2","areaid":"410104","item_id":103},{"address":"广东省","access_date":"2016-08-18 16:51:26","account":"q***u","quantity":1,"handle_status":8,"order_type":"2","areaid":"440308","item_id":103},{"address":"江苏省","access_date":"2016-08-18 16:48:26","account":"w***x","quantity":1,"handle_status":8,"order_type":"2","areaid":"320105","item_id":103},{"address":"江苏省","access_date":"2016-08-18 16:48:23","account":"y***8","quantity":1,"handle_status":8,"order_type":"2","areaid":"320302","item_id":103},{"address":"广东省","access_date":"2016-08-18 16:48:17","account":"l***5","quantity":1,"handle_status":8,"order_type":"2","areaid":"441303","item_id":103},{"address":"山西省","access_date":"2016-08-18 16:44:31","account":"小***宝","quantity":1,"handle_status":8,"order_type":"2","areaid":"140502","item_id":103},{"address":"山西省","access_date":"2016-08-18 16:42:10","account":"6***路","quantity":1,"handle_status":8,"order_type":"2","areaid":"140902","item_id":103},{"address":"湖南省","access_date":"2016-08-18 16:40:23","account":"L***g","quantity":1,"handle_status":8,"order_type":"2","areaid":"431302","item_id":103},{"address":"广东省","access_date":"2016-08-18 16:40:14","account":"x***z","quantity":1,"handle_status":8,"order_type":"2","areaid":"440105","item_id":103},{"address":"江苏省","access_date":"2016-08-18 16:36:57","account":"f***e","quantity":1,"handle_status":8,"order_type":"2","areaid":"320902","item_id":103},{"address":"上海市","access_date":"2016-08-18 16:34:36","account":"j***o","quantity":1,"handle_status":8,"order_type":"2","areaid":"310115","item_id":103},{"address":"广东省","access_date":"2016-08-18 16:31:52","account":"累***富","quantity":1,"handle_status":8,"order_type":"2","areaid":"441423","item_id":103},{"address":"上海市","access_date":"2016-08-18 16:31:36","account":"g***g","quantity":1,"handle_status":8,"order_type":"2","areaid":"310115","item_id":103},{"address":"上海市","access_date":"2016-08-18 16:29:11","account":"h***o","quantity":1,"handle_status":8,"order_type":"2","areaid":"310115","item_id":103},{"address":"上海市","access_date":"2016-08-18 16:29:06","account":"g***u","quantity":1,"handle_status":8,"order_type":"2","areaid":"310112","item_id":103},{"address":"北京市","access_date":"2016-08-18 16:27:17","account":"n***b","quantity":1,"handle_status":8,"order_type":"2","areaid":"110102","item_id":103},{"address":"福建省","access_date":"2016-08-18 16:22:17","account":"1***8","quantity":1,"handle_status":8,"order_type":"2","areaid":"350102","item_id":103},{"address":"上海市","access_date":"2016-08-18 16:19:03","account":"李***赟","quantity":1,"handle_status":8,"order_type":"2","areaid":"310112","item_id":103},{"address":"浙江省","access_date":"2016-08-18 16:17:48","account":"小***人","quantity":1,"handle_status":8,"order_type":"2","areaid":"330902","item_id":103},{"address":"山西省","access_date":"2016-08-18 16:13:19","account":"x***i","quantity":1,"handle_status":8,"order_type":"2","areaid":"140802","item_id":103},{"address":"河南省","access_date":"2016-08-18 16:09:58","account":"杨***禄","quantity":1,"handle_status":8,"order_type":"2","areaid":"410104","item_id":103},{"address":"山西省","access_date":"2016-08-18 16:06:47","account":"1***7","quantity":1,"handle_status":8,"order_type":"2","areaid":"140202","item_id":103},{"address":"山西省","access_date":"2016-08-18 16:05:53","account":"1***5","quantity":1,"handle_status":8,"order_type":"2","areaid":"140202","item_id":103},{"address":"浙江省","access_date":"2016-08-18 16:03:22","account":"木***仓","quantity":1,"handle_status":8,"order_type":"2","areaid":"330102","item_id":103},{"address":"上海市","access_date":"2016-08-18 16:02:24","account":"z***g","quantity":1,"handle_status":8,"order_type":"2","areaid":"310107","item_id":103},{"address":"新疆维吾尔自治区","access_date":"2016-08-18 16:00:39","account":"x***p","quantity":1,"handle_status":8,"order_type":"2","areaid":"650102","item_id":103},{"address":"山东省","access_date":"2016-08-18 15:58:19","account":"刘***忠","quantity":1,"handle_status":8,"order_type":"2","areaid":"370304","item_id":103},{"address":"辽宁省","access_date":"2016-08-18 15:58:09","account":"殿***8","quantity":1,"handle_status":8,"order_type":"2","areaid":"210211","item_id":103},{"address":"浙江省","access_date":"2016-08-18 15:56:40","account":"汤***荣","quantity":1,"handle_status":8,"order_type":"2","areaid":"330328","item_id":103},{"address":"上海市","access_date":"2016-08-18 15:55:37","account":"季***旻","quantity":1,"handle_status":8,"order_type":"2","areaid":"310107","item_id":103},{"address":"上海市","access_date":"2016-08-18 15:55:26","account":"a***e","quantity":1,"handle_status":8,"order_type":"2","areaid":"310118","item_id":103},{"address":"陕西省","access_date":"2016-08-18 15:55:03","account":"1***6","quantity":1,"handle_status":8,"order_type":"2","areaid":"610302","item_id":103},{"address":"陕西省","access_date":"2016-08-18 15:51:49","account":"大***鸟","quantity":1,"handle_status":8,"order_type":"2","areaid":"610103","item_id":103},{"address":"浙江省","access_date":"2016-08-18 15:50:26","account":"z***w","quantity":1,"handle_status":8,"order_type":"2","areaid":"330424","item_id":103},{"address":"山西省","access_date":"2016-08-18 15:49:01","account":"w***1","quantity":1,"handle_status":8,"order_type":"2","areaid":"140825","item_id":103},{"address":"北京市","access_date":"2016-08-18 15:48:18","account":"9***1","quantity":1,"handle_status":8,"order_type":"2","areaid":"110105","item_id":103},{"address":"山东省","access_date":"2016-08-18 15:48:06","account":"思***舞","quantity":1,"handle_status":8,"order_type":"2","areaid":"370304","item_id":103},{"address":"山西省","access_date":"2016-08-18 15:46:38","account":"l***g","quantity":1,"handle_status":8,"order_type":"2","areaid":"140702","item_id":103},{"address":"福建省","access_date":"2016-08-18 15:46:06","account":"k***g","quantity":1,"handle_status":8,"order_type":"2","areaid":"350581","item_id":103},{"address":"湖南省","access_date":"2016-08-18 15:45:27","account":"y***9","quantity":1,"handle_status":8,"order_type":"2","areaid":"431322","item_id":103},{"address":"云南省","access_date":"2016-08-18 15:45:04","account":"l***1","quantity":1,"handle_status":8,"order_type":"2","areaid":"530402","item_id":103},{"address":"黑龙江省","access_date":"2016-08-18 15:42:37","account":"c***3","quantity":1,"handle_status":8,"order_type":"2","areaid":"230229","item_id":103},{"address":"贵州省","access_date":"2016-08-18 15:41:34","account":"付***平","quantity":1,"handle_status":8,"order_type":"2","areaid":"520113","item_id":103},{"address":"安徽省","access_date":"2016-08-18 15:36:48","account":"张***飞","quantity":1,"handle_status":8,"order_type":"2","areaid":"340521","item_id":103},{"address":"山东省","access_date":"2016-08-18 15:30:10","account":"w***e","quantity":1,"handle_status":8,"order_type":"2","areaid":"370305","item_id":103},{"address":"湖南省","access_date":"2016-08-18 15:25:44","account":"J***3","quantity":1,"handle_status":8,"order_type":"2","areaid":"431081","item_id":103},{"address":"江苏省","access_date":"2016-08-18 15:20:14","account":"a***r","quantity":1,"handle_status":8,"order_type":"2","areaid":"320501","item_id":103},{"address":"黑龙江省","access_date":"2016-08-18 15:19:52","account":"c***6","quantity":1,"handle_status":8,"order_type":"2","areaid":"230229","item_id":103},{"address":"浙江省","access_date":"2016-08-18 15:18:14","account":"周***x","quantity":1,"handle_status":8,"order_type":"2","areaid":"330482","item_id":103},{"address":"上海市","access_date":"2016-08-18 15:18:06","account":"1***0","quantity":1,"handle_status":8,"order_type":"2","areaid":"310112","item_id":103},{"address":"福建省","access_date":"2016-08-18 15:11:38","account":"郑***钦","quantity":1,"handle_status":8,"order_type":"2","areaid":"350581","item_id":103},{"address":"重庆市","access_date":"2016-08-18 15:11:17","account":"1***2","quantity":1,"handle_status":8,"order_type":"2","areaid":"500102","item_id":103},{"address":"北京市","access_date":"2016-08-18 15:10:15","account":"吕***0","quantity":1,"handle_status":8,"order_type":"2","areaid":"110108","item_id":103},{"address":"河南省","access_date":"2016-08-18 15:09:40","account":"6***6","quantity":1,"handle_status":8,"order_type":"2","areaid":"411422","item_id":103},{"address":"上海市","access_date":"2016-08-18 15:01:44","account":"y***5","quantity":1,"handle_status":8,"order_type":"2","areaid":"310107","item_id":103},{"address":"广东省","access_date":"2016-08-18 15:00:28","account":"y***7","quantity":1,"handle_status":8,"order_type":"2","areaid":"441284","item_id":103},{"address":"广东省","access_date":"2016-08-18 14:44:52","account":"c***1","quantity":1,"handle_status":8,"order_type":"2","areaid":"440882","item_id":103},{"address":"广东省","access_date":"2016-08-18 14:40:50","account":"c***m","quantity":1,"handle_status":8,"order_type":"2","areaid":"440606","item_id":103},{"address":"北京市","access_date":"2016-08-18 14:24:34","account":"c***i","quantity":1,"handle_status":8,"order_type":"2","areaid":"110105","item_id":103},{"address":"上海市","access_date":"2016-08-18 14:18:50","account":"1***0","quantity":1,"handle_status":8,"order_type":"2","areaid":"310115","item_id":103},{"address":"上海市","access_date":"2016-08-18 14:07:31","account":"1***7","quantity":1,"handle_status":8,"order_type":"2","areaid":"310115","item_id":103},{"address":"山东省","access_date":"2016-08-18 14:06:38","account":"j***o","quantity":1,"handle_status":8,"order_type":"2","areaid":"371626","item_id":103},{"address":"天津市","access_date":"2016-08-18 14:02:33","account":"1***9","quantity":1,"handle_status":8,"order_type":"2","areaid":"120223","item_id":103},{"address":"上海市","access_date":"2016-08-18 14:01:22","account":"刘***7","quantity":1,"handle_status":8,"order_type":"2","areaid":"310112","item_id":103},{"address":"湖北省","access_date":"2016-08-18 13:41:22","account":"w***0","quantity":1,"handle_status":8,"order_type":"2","areaid":"420106","item_id":103},{"address":"湖南省","access_date":"2016-08-18 13:38:12","account":"l***8","quantity":1,"handle_status":8,"order_type":"2","areaid":"430102","item_id":103},{"address":"山东省","access_date":"2016-08-18 13:28:53","account":"王***森","quantity":1,"handle_status":8,"order_type":"2","areaid":"371302","item_id":103},{"address":"浙江省","access_date":"2016-08-18 13:10:02","account":"q***j","quantity":1,"handle_status":8,"order_type":"2","areaid":"331121","item_id":103},{"address":"海南省","access_date":"2016-08-18 13:06:30","account":"1***4","quantity":1,"handle_status":8,"order_type":"2","areaid":"469027","item_id":103},{"address":"广东省","access_date":"2016-08-18 13:05:32","account":"p***s","quantity":1,"handle_status":8,"order_type":"2","areaid":"440306","item_id":103},{"address":"北京市","access_date":"2016-08-18 13:03:48","account":"x***t","quantity":1,"handle_status":8,"order_type":"2","areaid":"110105","item_id":103},{"address":"浙江省","access_date":"2016-08-18 13:03:24","account":"d***k","quantity":1,"handle_status":8,"order_type":"2","areaid":"330109","item_id":103},{"address":"湖北省","access_date":"2016-08-18 12:52:34","account":"f***5","quantity":1,"handle_status":8,"order_type":"2","areaid":"420111","item_id":103},{"address":"安徽省","access_date":"2016-08-18 12:52:32","account":"1***0","quantity":1,"handle_status":8,"order_type":"2","areaid":"340104","item_id":103},{"address":"山东省","access_date":"2016-08-18 12:48:33","account":"m***6","quantity":1,"handle_status":8,"order_type":"2","areaid":"370883","item_id":103},{"address":"江苏省","access_date":"2016-08-18 12:39:19","account":"g***n","quantity":1,"handle_status":8,"order_type":"2","areaid":"321003","item_id":103},{"address":"浙江省","access_date":"2016-08-18 12:38:58","account":"z***2","quantity":1,"handle_status":8,"order_type":"2","areaid":"330621","item_id":103},{"address":"广东省","access_date":"2016-08-18 12:18:48","account":"m***5","quantity":1,"handle_status":8,"order_type":"2","areaid":"440703","item_id":103},{"address":"河北省","access_date":"2016-08-18 12:12:35","account":"1***8","quantity":1,"handle_status":8,"order_type":"2","areaid":"130123","item_id":103},{"address":"北京市","access_date":"2016-08-18 12:02:58","account":"t***0","quantity":1,"handle_status":8,"order_type":"2","areaid":"110106","item_id":103},{"address":"北京市","access_date":"2016-08-18 12:02:07","account":"C***4","quantity":1,"handle_status":8,"order_type":"2","areaid":"110105","item_id":103},{"address":"上海市","access_date":"2016-08-18 12:00:28","account":"c***i","quantity":1,"handle_status":8,"order_type":"2","areaid":"310101","item_id":103},{"address":"浙江省","access_date":"2016-08-18 11:59:25","account":"秋***6","quantity":1,"handle_status":8,"order_type":"2","areaid":"331082","item_id":103},{"address":"天津市","access_date":"2016-08-18 11:58:24","account":"z***1","quantity":1,"handle_status":8,"order_type":"2","areaid":"120113","item_id":103},{"address":"重庆市","access_date":"2016-08-18 11:56:40","account":"蓝***9","quantity":1,"handle_status":8,"order_type":"2","areaid":"500101","item_id":103},{"address":"浙江省","access_date":"2016-08-18 11:52:50","account":"今***心","quantity":1,"handle_status":8,"order_type":"2","areaid":"331082","item_id":103},{"address":"湖南省","access_date":"2016-08-18 11:49:17","account":"小***师","quantity":1,"handle_status":8,"order_type":"2","areaid":"430105","item_id":103},{"address":"新疆维吾尔自治区","access_date":"2016-08-18 11:47:58","account":"3***0","quantity":1,"handle_status":8,"order_type":"2","areaid":"654202","item_id":103},{"address":"广东省","access_date":"2016-08-18 11:46:11","account":"8***0","quantity":1,"handle_status":8,"order_type":"2","areaid":"440306","item_id":103},{"address":"湖北省","access_date":"2016-08-18 11:43:37","account":"k***0","quantity":1,"handle_status":8,"order_type":"2","areaid":"421102","item_id":103},{"address":"广东省","access_date":"2016-08-18 11:41:39","account":"3***3","quantity":1,"handle_status":8,"order_type":"2","areaid":"440606","item_id":103},{"address":"辽宁省","access_date":"2016-08-18 11:38:50","account":"霍***0","quantity":1,"handle_status":8,"order_type":"2","areaid":"210703","item_id":103},{"address":"安徽省","access_date":"2016-08-18 11:35:42","account":"晶***美","quantity":1,"handle_status":8,"order_type":"2","areaid":"341723","item_id":103},{"address":"江苏省","access_date":"2016-08-18 11:34:37","account":"s***l","quantity":1,"handle_status":8,"order_type":"2","areaid":"320114","item_id":103},{"address":"海南省","access_date":"2016-08-18 11:33:36","account":"l***8","quantity":1,"handle_status":8,"order_type":"2","areaid":"460108","item_id":103},{"address":"山东省","access_date":"2016-08-18 11:30:14","account":"z***q","quantity":1,"handle_status":8,"order_type":"2","areaid":"371702","item_id":103},{"address":"河北省","access_date":"2016-08-18 11:19:29","account":"1***8","quantity":1,"handle_status":8,"order_type":"2","areaid":"131002","item_id":103},{"address":"广东省","access_date":"2016-08-18 11:19:04","account":"y***0","quantity":1,"handle_status":8,"order_type":"2","areaid":"440783","item_id":103},{"address":"浙江省","access_date":"2016-08-18 11:18:29","account":"红***狸","quantity":1,"handle_status":8,"order_type":"2","areaid":"331082","item_id":103},{"address":"北京市","access_date":"2016-08-18 11:14:03","account":"y***7","quantity":1,"handle_status":8,"order_type":"2","areaid":"110105","item_id":103},{"address":"福建省","access_date":"2016-08-18 11:09:51","account":"b***2","quantity":1,"handle_status":8,"order_type":"2","areaid":"350322","item_id":103},{"address":"四川省","access_date":"2016-08-18 11:02:37","account":"福***4","quantity":1,"handle_status":8,"order_type":"2","areaid":"511102","item_id":103},{"address":"山东省","access_date":"2016-08-18 10:58:17","account":"1***3","quantity":1,"handle_status":8,"order_type":"2","areaid":"370203","item_id":103},{"address":"广西壮族自治区","access_date":"2016-08-18 10:57:07","account":"l***8","quantity":1,"handle_status":8,"order_type":"2","areaid":"450722","item_id":103},{"address":"江西省","access_date":"2016-08-18 10:50:49","account":"1***2","quantity":1,"handle_status":8,"order_type":"2","areaid":"360323","item_id":103},{"address":"四川省","access_date":"2016-08-18 10:40:04","account":"l***9","quantity":1,"handle_status":8,"order_type":"2","areaid":"511102","item_id":103},{"address":"广东省","access_date":"2016-08-18 10:39:04","account":"1***8","quantity":1,"handle_status":8,"order_type":"2","areaid":"445202","item_id":103},{"address":"北京市","access_date":"2016-08-18 10:32:51","account":"n***8","quantity":1,"handle_status":8,"order_type":"2","areaid":"110102","item_id":103},{"address":"山西省","access_date":"2016-08-18 10:30:17","account":"l***9","quantity":1,"handle_status":8,"order_type":"2","areaid":"140108","item_id":103},{"address":"浙江省","access_date":"2016-08-18 10:29:29","account":"梁***林","quantity":1,"handle_status":8,"order_type":"2","areaid":"331082","item_id":103},{"address":"江苏省","access_date":"2016-08-18 10:29:13","account":"南***园","quantity":1,"handle_status":8,"order_type":"2","areaid":"320102","item_id":103},{"address":"浙江省","access_date":"2016-08-18 10:28:19","account":"陈***春","quantity":1,"handle_status":8,"order_type":"2","areaid":"330327","item_id":103},{"address":"浙江省","access_date":"2016-08-18 10:27:46","account":"z***5","quantity":1,"handle_status":8,"order_type":"2","areaid":"330702","item_id":103},{"address":"广东省","access_date":"2016-08-18 10:25:37","account":"p***8","quantity":1,"handle_status":8,"order_type":"2","areaid":"440305","item_id":103},{"address":"内蒙古自治区","access_date":"2016-08-18 10:22:04","account":"m***1","quantity":1,"handle_status":8,"order_type":"2","areaid":"150204","item_id":103},{"address":"陕西省","access_date":"2016-08-18 10:21:51","account":"小***6","quantity":1,"handle_status":8,"order_type":"2","areaid":"610102","item_id":103},{"address":"福建省","access_date":"2016-08-18 10:19:25","account":"太***8","quantity":1,"handle_status":8,"order_type":"2","areaid":"350402","item_id":103},{"address":"贵州省","access_date":"2016-08-18 10:18:55","account":"1***8","quantity":1,"handle_status":8,"order_type":"2","areaid":"522324","item_id":103},{"address":"山西省","access_date":"2016-08-18 10:16:09","account":"闲***看","quantity":1,"handle_status":8,"order_type":"2","areaid":"140222","item_id":103},{"address":"内蒙古自治区","access_date":"2016-08-18 10:15:36","account":"x***6","quantity":1,"handle_status":8,"order_type":"2","areaid":"150204","item_id":103},{"address":"江苏省","access_date":"2016-08-18 10:14:50","account":"s***6","quantity":1,"handle_status":8,"order_type":"2","areaid":"320722","item_id":103},{"address":"广东省","access_date":"2016-08-18 10:14:47","account":"H***3","quantity":1,"handle_status":8,"order_type":"2","areaid":"440183","item_id":103},{"address":"湖南省","access_date":"2016-08-18 10:10:07","account":"h***8","quantity":1,"handle_status":8,"order_type":"2","areaid":"430502","item_id":103},{"address":"江苏省","access_date":"2016-08-18 10:09:02","account":"1***0","quantity":1,"handle_status":8,"order_type":"2","areaid":"320104","item_id":103},{"address":"湖南省","access_date":"2016-08-18 10:08:08","account":"h***8","quantity":1,"handle_status":8,"order_type":"2","areaid":"430502","item_id":103},{"address":"湖南省","access_date":"2016-08-18 10:07:07","account":"周***龙","quantity":1,"handle_status":8,"order_type":"2","areaid":"430903","item_id":103},{"address":"吉林省","access_date":"2016-08-18 10:03:09","account":"h***3","quantity":1,"handle_status":8,"order_type":"2","areaid":"222403","item_id":103},{"address":"福建省","access_date":"2016-08-18 09:55:44","account":"p***1","quantity":1,"handle_status":8,"order_type":"2","areaid":"350111","item_id":103},{"address":"上海市","access_date":"2016-08-18 09:55:42","account":"吴***翔","quantity":1,"handle_status":8,"order_type":"2","areaid":"310115","item_id":103},{"address":"广东省","access_date":"2016-08-18 09:54:41","account":"c***s","quantity":1,"handle_status":8,"order_type":"2","areaid":"440606","item_id":103},{"address":"广东省","access_date":"2016-08-18 09:54:20","account":"c***b","quantity":1,"handle_status":8,"order_type":"2","areaid":"440606","item_id":103},{"address":"辽宁省","access_date":"2016-08-18 09:52:37","account":"1***3","quantity":1,"handle_status":8,"order_type":"2","areaid":"210202","item_id":103},{"address":"海南省","access_date":"2016-08-18 09:52:30","account":"情***头","quantity":1,"handle_status":8,"order_type":"2","areaid":"469021","item_id":103},{"address":"辽宁省","access_date":"2016-08-18 09:51:18","account":"1***2","quantity":1,"handle_status":8,"order_type":"2","areaid":"210202","item_id":103},{"address":"北京市","access_date":"2016-08-18 09:51:11","account":"s***7","quantity":1,"handle_status":8,"order_type":"2","areaid":"110105","item_id":103},{"address":"安徽省","access_date":"2016-08-18 09:45:23","account":"p***e","quantity":1,"handle_status":8,"order_type":"2","areaid":"340321","item_id":103},{"address":"北京市","access_date":"2016-08-18 09:42:38","account":"s***a","quantity":1,"handle_status":8,"order_type":"2","areaid":"110105","item_id":103},{"address":"内蒙古自治区","access_date":"2016-08-18 09:42:32","account":"我***3","quantity":1,"handle_status":8,"order_type":"2","areaid":"150826","item_id":103},{"address":"浙江省","access_date":"2016-08-18 09:33:25","account":"c***1","quantity":1,"handle_status":8,"order_type":"2","areaid":"330381","item_id":103},{"address":"浙江省","access_date":"2016-08-18 09:31:49","account":"果***8","quantity":1,"handle_status":8,"order_type":"2","areaid":"330326","item_id":103},{"address":"广东省","access_date":"2016-08-18 09:31:17","account":"c***d","quantity":1,"handle_status":8,"order_type":"2","areaid":"440606","item_id":103},{"address":"江苏省","access_date":"2016-08-18 09:31:08","account":"l***0","quantity":1,"handle_status":8,"order_type":"2","areaid":"320114","item_id":103},{"address":"北京市","access_date":"2016-08-18 09:30:45","account":"l***t","quantity":1,"handle_status":8,"order_type":"2","areaid":"110108","item_id":103},{"address":"河北省","access_date":"2016-08-18 09:30:01","account":"一***t","quantity":1,"handle_status":8,"order_type":"2","areaid":"130103","item_id":103},{"address":"湖南省","access_date":"2016-08-18 09:27:40","account":"h***8","quantity":1,"handle_status":8,"order_type":"2","areaid":"431321","item_id":103},{"address":"山东省","access_date":"2016-08-18 09:26:57","account":"z***8","quantity":1,"handle_status":8,"order_type":"2","areaid":"371402","item_id":103},{"address":"江苏省","access_date":"2016-08-18 09:26:54","account":"y***2","quantity":1,"handle_status":8,"order_type":"2","areaid":"320106","item_id":103},{"address":"广东省","access_date":"2016-08-18 09:26:07","account":"c***y","quantity":1,"handle_status":8,"order_type":"2","areaid":"440606","item_id":103},{"address":"安徽省","access_date":"2016-08-18 09:25:59","account":"z***h","quantity":1,"handle_status":8,"order_type":"2","areaid":"341225","item_id":103},{"address":"河北省","access_date":"2016-08-18 09:23:22","account":"l***币","quantity":1,"handle_status":8,"order_type":"2","areaid":"130503","item_id":103},{"address":"安徽省","access_date":"2016-08-18 09:22:42","account":"罗***罡","quantity":1,"handle_status":8,"order_type":"2","areaid":"340104","item_id":103},{"address":"江西省","access_date":"2016-08-18 09:22:02","account":"f***0","quantity":1,"handle_status":8,"order_type":"2","areaid":"361121","item_id":103},{"address":"广东省","access_date":"2016-08-18 09:21:36","account":"c***p","quantity":1,"handle_status":8,"order_type":"2","areaid":"440606","item_id":103},{"address":"福建省","access_date":"2016-08-18 09:21:06","account":"j***l","quantity":1,"handle_status":8,"order_type":"2","areaid":"350802","item_id":103},{"address":"广东省","access_date":"2016-08-18 09:19:12","account":"c***b","quantity":1,"handle_status":8,"order_type":"2","areaid":"440606","item_id":103},{"address":"上海市","access_date":"2016-08-18 09:15:10","account":"d***u","quantity":1,"handle_status":8,"order_type":"2","areaid":"310112","item_id":103},{"address":"甘肃省","access_date":"2016-08-18 09:14:24","account":"贺***强","quantity":1,"handle_status":8,"order_type":"2","areaid":"620802","item_id":103},{"address":"湖南省","access_date":"2016-08-18 09:13:35","account":"李***华","quantity":1,"handle_status":8,"order_type":"2","areaid":"430502","item_id":103},{"address":"浙江省","access_date":"2016-08-18 09:13:32","account":"h***8","quantity":1,"handle_status":8,"order_type":"2","areaid":"330109","item_id":103},{"address":"北京市","access_date":"2016-08-18 09:13:30","account":"h***g","quantity":1,"handle_status":8,"order_type":"2","areaid":"110113","item_id":103},{"address":"浙江省","access_date":"2016-08-18 09:13:05","account":"A***0","quantity":1,"handle_status":8,"order_type":"2","areaid":"330109","item_id":103},{"address":"山东省","access_date":"2016-08-18 09:11:38","account":"j***8","quantity":1,"handle_status":8,"order_type":"2","areaid":"370681","item_id":103},{"address":"河北省","access_date":"2016-08-18 09:10:28","account":"霍***1","quantity":1,"handle_status":8,"order_type":"2","areaid":"130406","item_id":103},{"address":"江苏省","access_date":"2016-08-18 09:08:56","account":"1***2","quantity":1,"handle_status":8,"order_type":"2","areaid":"321322","item_id":103},{"address":"河北省","access_date":"2016-08-18 09:07:28","account":"s***2","quantity":1,"handle_status":8,"order_type":"2","areaid":"131003","item_id":103},{"address":"浙江省","access_date":"2016-08-18 09:06:46","account":"青***松","quantity":1,"handle_status":8,"order_type":"2","areaid":"330922","item_id":103},{"address":"河北省","access_date":"2016-08-18 09:06:28","account":"s***n","quantity":1,"handle_status":8,"order_type":"2","areaid":"131003","item_id":103},{"address":"江苏省","access_date":"2016-08-18 09:04:49","account":"w***6","quantity":1,"handle_status":8,"order_type":"2","areaid":"320925","item_id":103},{"address":"浙江省","access_date":"2016-08-18 09:03:01","account":"飞***飞","quantity":1,"handle_status":8,"order_type":"2","areaid":"330483","item_id":103},{"address":"浙江省","access_date":"2016-08-18 09:01:32","account":"有***币","quantity":1,"handle_status":8,"order_type":"2","areaid":"330382","item_id":103},{"address":"广东省","access_date":"2016-08-18 08:59:50","account":"d***8","quantity":1,"handle_status":8,"order_type":"2","areaid":"440306","item_id":103},{"address":"湖北省","access_date":"2016-08-18 08:59:12","account":"l***9","quantity":1,"handle_status":8,"order_type":"2","areaid":"420106","item_id":103},{"address":"江苏省","access_date":"2016-08-17 15:01:37","account":"y***o","quantity":1,"handle_status":8,"order_type":"spike","areaid":"321002","item_id":103},{"address":"山东省","access_date":"2016-08-17 15:00:33","account":"t***g","quantity":1,"handle_status":8,"order_type":"spike","areaid":"370481","item_id":103},{"address":"上海市","access_date":"2016-08-17 14:59:34","account":"z***l","quantity":1,"handle_status":8,"order_type":"spike","areaid":"310112","item_id":103},{"address":"浙江省","access_date":"2016-08-17 14:58:59","account":"陈***春","quantity":1,"handle_status":8,"order_type":"spike","areaid":"330327","item_id":103},{"address":"内蒙古自治区","access_date":"2016-08-17 14:58:31","account":"我***乐","quantity":1,"handle_status":8,"order_type":"spike","areaid":"150430","item_id":103},{"address":"辽宁省","access_date":"2016-08-17 14:58:00","account":"男***0","quantity":1,"handle_status":8,"order_type":"spike","areaid":"210303","item_id":103},{"address":"北京市","access_date":"2016-08-17 14:57:47","account":"v***k","quantity":1,"handle_status":8,"order_type":"spike","areaid":"110105","item_id":103},{"address":"广东省","access_date":"2016-08-17 14:57:44","account":"1***1","quantity":1,"handle_status":8,"order_type":"spike","areaid":"440104","item_id":103},{"address":"广西壮族自治区","access_date":"2016-08-17 14:57:08","account":"x***8","quantity":1,"handle_status":8,"order_type":"spike","areaid":"450902","item_id":103},{"address":"江苏省","access_date":"2016-08-17 14:56:03","account":"n***n","quantity":1,"handle_status":8,"order_type":"spike","areaid":"320113","item_id":103},{"address":"上海市","access_date":"2016-08-17 14:55:42","account":"w***8","quantity":1,"handle_status":8,"order_type":"spike","areaid":"310104","item_id":103},{"address":"陕西省","access_date":"2016-08-17 14:55:36","account":"溜***歌","quantity":1,"handle_status":8,"order_type":"spike","areaid":"610302","item_id":103},{"address":"江苏省","access_date":"2016-08-17 14:55:04","account":"w***5","quantity":1,"handle_status":8,"order_type":"spike","areaid":"320102","item_id":103},{"address":"浙江省","access_date":"2016-08-17 14:54:14","account":"d***o","quantity":1,"handle_status":8,"order_type":"spike","areaid":"330483","item_id":103},{"address":"河北省","access_date":"2016-08-17 14:53:16","account":"Y***i","quantity":1,"handle_status":8,"order_type":"spike","areaid":"130503","item_id":103},{"address":"新疆维吾尔自治区","access_date":"2016-08-17 14:52:23","account":"糖***爸","quantity":1,"handle_status":8,"order_type":"spike","areaid":"652101","item_id":103},{"address":"湖南省","access_date":"2016-08-17 14:50:53","account":"小***H","quantity":1,"handle_status":8,"order_type":"spike","areaid":"430104","item_id":103},{"address":"江苏省","access_date":"2016-08-17 14:50:22","account":"l***1","quantity":1,"handle_status":8,"order_type":"spike","areaid":"320583","item_id":103},{"address":"辽宁省","access_date":"2016-08-17 14:48:57","account":"x***2","quantity":1,"handle_status":8,"order_type":"spike","areaid":"211403","item_id":103},{"address":"浙江省","access_date":"2016-08-17 14:48:48","account":"1***8","quantity":1,"handle_status":8,"order_type":"spike","areaid":"330381","item_id":103},{"address":"北京市","access_date":"2016-08-17 14:48:44","account":"h***e","quantity":1,"handle_status":8,"order_type":"spike","areaid":"110105","item_id":103},{"address":"江苏省","access_date":"2016-08-17 14:48:35","account":"1***8","quantity":1,"handle_status":8,"order_type":"spike","areaid":"320724","item_id":103},{"address":"山东省","access_date":"2016-08-17 14:48:20","account":"g***3","quantity":1,"handle_status":8,"order_type":"spike","areaid":"370502","item_id":103},{"address":"江苏省","access_date":"2016-08-17 14:48:02","account":"玉***7","quantity":1,"handle_status":8,"order_type":"spike","areaid":"320311","item_id":103},{"address":"四川省","access_date":"2016-08-17 14:47:50","account":"l***9","quantity":1,"handle_status":8,"order_type":"spike","areaid":"513401","item_id":103},{"address":"北京市","access_date":"2016-08-17 14:47:32","account":"c***b","quantity":1,"handle_status":8,"order_type":"spike","areaid":"110101","item_id":103},{"address":"湖北省","access_date":"2016-08-17 14:46:51","account":"s***e","quantity":1,"handle_status":8,"order_type":"spike","areaid":"420804","item_id":103},{"address":"安徽省","access_date":"2016-08-17 14:46:26","account":"1***8","quantity":1,"handle_status":8,"order_type":"spike","areaid":"340302","item_id":103},{"address":"福建省","access_date":"2016-08-17 14:46:07","account":"1***5","quantity":1,"handle_status":8,"order_type":"spike","areaid":"350303","item_id":103},{"address":"湖北省","access_date":"2016-08-17 14:45:42","account":"郑***华","quantity":1,"handle_status":8,"order_type":"spike","areaid":"421126","item_id":103},{"address":"安徽省","access_date":"2016-08-17 14:44:31","account":"1***9","quantity":1,"handle_status":8,"order_type":"spike","areaid":"340302","item_id":103},{"address":"天津市","access_date":"2016-08-17 14:43:46","account":"1***6","quantity":1,"handle_status":8,"order_type":"spike","areaid":"120102","item_id":103},{"address":"浙江省","access_date":"2016-08-17 14:41:49","account":"8***8","quantity":1,"handle_status":8,"order_type":"spike","areaid":"330602","item_id":103},{"address":"宁夏回族自治区","access_date":"2016-08-17 14:41:21","account":"w***3","quantity":1,"handle_status":8,"order_type":"spike","areaid":"640181","item_id":103},{"address":"重庆市","access_date":"2016-08-17 14:40:39","account":"风***8","quantity":1,"handle_status":8,"order_type":"spike","areaid":"500233","item_id":103},{"address":"上海市","access_date":"2016-08-17 14:39:57","account":"1***3","quantity":1,"handle_status":8,"order_type":"spike","areaid":"310120","item_id":103},{"address":"北京市","access_date":"2016-08-17 14:39:45","account":"v***z","quantity":1,"handle_status":8,"order_type":"spike","areaid":"110105","item_id":103},{"address":"上海市","access_date":"2016-08-17 14:39:42","account":"s***8","quantity":1,"handle_status":8,"order_type":"spike","areaid":"310115","item_id":103},{"address":"上海市","access_date":"2016-08-17 14:38:55","account":"明***1","quantity":1,"handle_status":8,"order_type":"spike","areaid":"310114","item_id":103},{"address":"山西省","access_date":"2016-08-17 14:38:31","account":"z***0","quantity":1,"handle_status":8,"order_type":"spike","areaid":"141181","item_id":103},{"address":"四川省","access_date":"2016-08-17 14:37:15","account":"Z***6","quantity":1,"handle_status":8,"order_type":"spike","areaid":"510108","item_id":103},{"address":"江苏省","access_date":"2016-08-17 14:37:09","account":"1***8","quantity":1,"handle_status":8,"order_type":"spike","areaid":"320506","item_id":103},{"address":"广东省","access_date":"2016-08-17 14:34:50","account":"艾***g","quantity":1,"handle_status":8,"order_type":"spike","areaid":"441302","item_id":103},{"address":"辽宁省","access_date":"2016-08-17 14:34:40","account":"1***1","quantity":1,"handle_status":8,"order_type":"spike","areaid":"210102","item_id":103},{"address":"山东省","access_date":"2016-08-17 14:34:26","account":"c***o","quantity":1,"handle_status":8,"order_type":"spike","areaid":"371002","item_id":103},{"address":"天津市","access_date":"2016-08-17 14:34:13","account":"w***n","quantity":1,"handle_status":8,"order_type":"spike","areaid":"120104","item_id":103},{"address":"湖北省","access_date":"2016-08-17 14:34:08","account":"h***3","quantity":1,"handle_status":8,"order_type":"spike","areaid":"420529","item_id":103},{"address":"安徽省","access_date":"2016-08-17 14:33:32","account":"1***8","quantity":1,"handle_status":8,"order_type":"spike","areaid":"340111","item_id":103},{"address":"上海市","access_date":"2016-08-17 14:33:12","account":"1***3","quantity":1,"handle_status":8,"order_type":"spike","areaid":"310115","item_id":103},{"address":"江苏省","access_date":"2016-08-17 14:32:06","account":"7***b","quantity":1,"handle_status":8,"order_type":"spike","areaid":"320583","item_id":103},{"address":"辽宁省","access_date":"2016-08-17 14:31:02","account":"b***o","quantity":1,"handle_status":8,"order_type":"spike","areaid":"210102","item_id":103},{"address":"陕西省","access_date":"2016-08-17 14:31:02","account":"j***y","quantity":1,"handle_status":8,"order_type":"spike","areaid":"610113","item_id":103},{"address":"安徽省","access_date":"2016-08-17 14:30:28","account":"h***g","quantity":1,"handle_status":8,"order_type":"spike","areaid":"340811","item_id":103},{"address":"辽宁省","access_date":"2016-08-17 14:30:10","account":"1***9","quantity":1,"handle_status":8,"order_type":"spike","areaid":"210102","item_id":103},{"address":"山东省","access_date":"2016-08-17 14:29:13","account":"w***6","quantity":1,"handle_status":8,"order_type":"spike","areaid":"371302","item_id":103},{"address":"上海市","access_date":"2016-08-17 14:28:38","account":"1***0","quantity":1,"handle_status":8,"order_type":"spike","areaid":"310112","item_id":103},{"address":"四川省","access_date":"2016-08-17 14:28:37","account":"g***8","quantity":1,"handle_status":8,"order_type":"spike","areaid":"510302","item_id":103},{"address":"四川省","access_date":"2016-08-17 14:28:23","account":"C***8","quantity":1,"handle_status":8,"order_type":"spike","areaid":"510104","item_id":103},{"address":"山西省","access_date":"2016-08-17 14:28:22","account":"1***7","quantity":1,"handle_status":8,"order_type":"spike","areaid":"141102","item_id":103},{"address":"山东省","access_date":"2016-08-17 14:28:05","account":"l***5","quantity":1,"handle_status":8,"order_type":"spike","areaid":"370784","item_id":103},{"address":"广西壮族自治区","access_date":"2016-08-17 14:28:00","account":"f***y","quantity":1,"handle_status":8,"order_type":"spike","areaid":"450802","item_id":103},{"address":"陕西省","access_date":"2016-08-17 14:27:32","account":"h***8","quantity":1,"handle_status":8,"order_type":"spike","areaid":"610924","item_id":103},{"address":"广东省","access_date":"2016-08-17 14:27:24","account":"1***8","quantity":1,"handle_status":8,"order_type":"spike","areaid":"440106","item_id":103},{"address":"浙江省","access_date":"2016-08-17 14:27:07","account":"w***1","quantity":1,"handle_status":8,"order_type":"spike","areaid":"331081","item_id":103},{"address":"山西省","access_date":"2016-08-17 14:26:49","account":"w***t","quantity":1,"handle_status":8,"order_type":"spike","areaid":"140105","item_id":103},{"address":"陕西省","access_date":"2016-08-17 14:26:21","account":"1***4","quantity":1,"handle_status":8,"order_type":"spike","areaid":"610114","item_id":103},{"address":"新疆维吾尔自治区","access_date":"2016-08-17 14:25:54","account":"z***8","quantity":1,"handle_status":8,"order_type":"spike","areaid":"654301","item_id":103},{"address":"江苏省","access_date":"2016-08-17 14:25:19","account":"C***3","quantity":1,"handle_status":8,"order_type":"spike","areaid":"320585","item_id":103},{"address":"浙江省","access_date":"2016-08-17 14:25:18","account":"三***h","quantity":1,"handle_status":8,"order_type":"spike","areaid":"330283","item_id":103},{"address":"广东省","access_date":"2016-08-17 14:25:01","account":"1***8","quantity":1,"handle_status":8,"order_type":"spike","areaid":"440605","item_id":103},{"address":"广东省","access_date":"2016-08-17 14:24:31","account":"p***8","quantity":1,"handle_status":8,"order_type":"spike","areaid":"440305","item_id":103},{"address":"浙江省","access_date":"2016-08-17 14:24:12","account":"杜***松","quantity":1,"handle_status":8,"order_type":"spike","areaid":"330482","item_id":103},{"address":"辽宁省","access_date":"2016-08-17 14:24:11","account":"w***y","quantity":1,"handle_status":8,"order_type":"spike","areaid":"210105","item_id":103},{"address":"上海市","access_date":"2016-08-17 14:23:39","account":"z***1","quantity":1,"handle_status":8,"order_type":"spike","areaid":"310106","item_id":103},{"address":"辽宁省","access_date":"2016-08-17 14:23:03","account":"1***4","quantity":1,"handle_status":8,"order_type":"spike","areaid":"210411","item_id":103},{"address":"北京市","access_date":"2016-08-17 14:22:37","account":"小***村","quantity":1,"handle_status":8,"order_type":"spike","areaid":"110102","item_id":103},{"address":"重庆市","access_date":"2016-08-17 14:22:28","account":"s***n","quantity":1,"handle_status":8,"order_type":"spike","areaid":"500103","item_id":103},{"address":"北京市","access_date":"2016-08-17 14:21:35","account":"Z***8","quantity":1,"handle_status":8,"order_type":"spike","areaid":"110105","item_id":103},{"address":"上海市","access_date":"2016-08-17 14:21:00","account":"o***3","quantity":1,"handle_status":8,"order_type":"spike","areaid":"310109","item_id":103},{"address":"河南省","access_date":"2016-08-17 14:20:59","account":"l***3","quantity":1,"handle_status":8,"order_type":"spike","areaid":"410105","item_id":103},{"address":"北京市","access_date":"2016-08-17 14:20:47","account":"s***7","quantity":1,"handle_status":8,"order_type":"spike","areaid":"110105","item_id":103},{"address":"山西省","access_date":"2016-08-17 14:20:40","account":"L***G","quantity":1,"handle_status":8,"order_type":"spike","areaid":"140109","item_id":103},{"address":"浙江省","access_date":"2016-08-17 14:20:07","account":"s***7","quantity":1,"handle_status":8,"order_type":"spike","areaid":"330104","item_id":103},{"address":"广东省","access_date":"2016-08-17 14:19:53","account":"1***6","quantity":1,"handle_status":8,"order_type":"spike","areaid":"ff8080814cd0d0f4014cd56f66b80001","item_id":103},{"address":"江苏省","access_date":"2016-08-17 14:19:32","account":"j***7","quantity":1,"handle_status":8,"order_type":"spike","areaid":"320281","item_id":103},{"address":"山西省","access_date":"2016-08-17 14:18:30","account":"1***n","quantity":1,"handle_status":8,"order_type":"spike","areaid":"141181","item_id":103},{"address":"湖北省","access_date":"2016-08-17 14:17:32","account":"s***h","quantity":1,"handle_status":8,"order_type":"spike","areaid":"420102","item_id":103},{"address":"湖北省","access_date":"2016-08-17 14:17:12","account":"l***4","quantity":1,"handle_status":8,"order_type":"spike","areaid":"420922","item_id":103},{"address":"福建省","access_date":"2016-08-17 14:15:53","account":"林***威","quantity":1,"handle_status":8,"order_type":"spike","areaid":"350582","item_id":103},{"address":"山西省","access_date":"2016-08-17 14:15:30","account":"1***2","quantity":1,"handle_status":8,"order_type":"spike","areaid":"141182","item_id":103},{"address":"陕西省","access_date":"2016-08-17 14:14:34","account":"1***0","quantity":1,"handle_status":8,"order_type":"spike","areaid":"610103","item_id":103},{"address":"北京市","access_date":"2016-08-17 14:14:14","account":"1***5","quantity":1,"handle_status":8,"order_type":"spike","areaid":"110102","item_id":103},{"address":"广东省","access_date":"2016-08-17 14:13:45","account":"1***2","quantity":1,"handle_status":8,"order_type":"spike","areaid":"440304","item_id":103},{"address":"河北省","access_date":"2016-08-17 14:13:41","account":"s***l","quantity":1,"handle_status":8,"order_type":"spike","areaid":"130203","item_id":103},{"address":"广西壮族自治区","access_date":"2016-08-17 14:13:30","account":"l***l","quantity":1,"handle_status":8,"order_type":"spike","areaid":"450203","item_id":103},{"address":"广东省","access_date":"2016-08-17 14:13:20","account":"k***i","quantity":1,"handle_status":8,"order_type":"spike","areaid":"440104","item_id":103},{"address":"广东省","access_date":"2016-08-17 14:13:18","account":"H***3","quantity":1,"handle_status":8,"order_type":"spike","areaid":"440183","item_id":103},{"address":"北京市","access_date":"2016-08-17 14:13:08","account":"s***a","quantity":1,"handle_status":8,"order_type":"spike","areaid":"110105","item_id":103},{"address":"江苏省","access_date":"2016-08-17 14:13:01","account":"梁***杰","quantity":1,"handle_status":8,"order_type":"spike","areaid":"320381","item_id":103},{"address":"江苏省","access_date":"2016-08-17 14:12:58","account":"7***2","quantity":1,"handle_status":8,"order_type":"spike","areaid":"320583","item_id":103},{"address":"四川省","access_date":"2016-08-17 14:12:34","account":"e***6","quantity":1,"handle_status":8,"order_type":"spike","areaid":"511181","item_id":103},{"address":"福建省","access_date":"2016-08-17 14:12:14","account":"1***0","quantity":1,"handle_status":8,"order_type":"spike","areaid":"350303","item_id":103},{"address":"广东省","access_date":"2016-08-17 14:12:09","account":"n***j","quantity":1,"handle_status":8,"order_type":"spike","areaid":"440605","item_id":103},{"address":"辽宁省","access_date":"2016-08-17 14:12:09","account":"C***Z","quantity":1,"handle_status":8,"order_type":"spike","areaid":"210726","item_id":103},{"address":"新疆维吾尔自治区","access_date":"2016-08-17 14:11:44","account":"f***9","quantity":1,"handle_status":8,"order_type":"spike","areaid":"659001","item_id":103},{"address":"湖南省","access_date":"2016-08-17 14:11:31","account":"1***3","quantity":1,"handle_status":8,"order_type":"spike","areaid":"431002","item_id":103},{"address":"北京市","access_date":"2016-08-17 14:10:33","account":"h***j","quantity":1,"handle_status":8,"order_type":"spike","areaid":"110107","item_id":103},{"address":"陕西省","access_date":"2016-08-17 14:10:30","account":"1***s","quantity":1,"handle_status":8,"order_type":"spike","areaid":"610112","item_id":103},{"address":"江苏省","access_date":"2016-08-17 14:10:26","account":"k***e","quantity":1,"handle_status":8,"order_type":"spike","areaid":"320706","item_id":103},{"address":"河北省","access_date":"2016-08-17 14:10:08","account":"存***9","quantity":1,"handle_status":8,"order_type":"spike","areaid":"130929","item_id":103},{"address":"江苏省","access_date":"2016-08-17 14:09:59","account":"t***9","quantity":1,"handle_status":8,"order_type":"spike","areaid":"321202","item_id":103},{"address":"浙江省","access_date":"2016-08-17 14:09:39","account":"l***k","quantity":1,"handle_status":8,"order_type":"spike","areaid":"330303","item_id":103},{"address":"上海市","access_date":"2016-08-17 14:09:28","account":"唐***俊","quantity":1,"handle_status":8,"order_type":"spike","areaid":"310110","item_id":103},{"address":"北京市","access_date":"2016-08-17 14:09:26","account":"g***a","quantity":1,"handle_status":8,"order_type":"spike","areaid":"110106","item_id":103},{"address":"江西省","access_date":"2016-08-17 14:09:17","account":"黄***华","quantity":1,"handle_status":8,"order_type":"spike","areaid":"360702","item_id":103},{"address":"江西省","access_date":"2016-08-17 14:08:58","account":"看***8","quantity":1,"handle_status":8,"order_type":"spike","areaid":"361102","item_id":103},{"address":"浙江省","access_date":"2016-08-17 14:08:56","account":"x***w","quantity":1,"handle_status":8,"order_type":"spike","areaid":"331081","item_id":103},{"address":"北京市","access_date":"2016-08-17 14:08:48","account":"1***5","quantity":1,"handle_status":8,"order_type":"spike","areaid":"110105","item_id":103},{"address":"云南省","access_date":"2016-08-17 14:08:48","account":"y***2","quantity":1,"handle_status":8,"order_type":"spike","areaid":"532823","item_id":103},{"address":"浙江省","access_date":"2016-08-17 14:08:44","account":"a***8","quantity":1,"handle_status":8,"order_type":"spike","areaid":"330329","item_id":103},{"address":"甘肃省","access_date":"2016-08-17 14:08:42","account":"1***8","quantity":1,"handle_status":8,"order_type":"spike","areaid":"620103","item_id":103},{"address":"江苏省","access_date":"2016-08-17 14:08:41","account":"p***1","quantity":1,"handle_status":8,"order_type":"spike","areaid":"321084","item_id":103},{"address":"江西省","access_date":"2016-08-17 14:08:34","account":"任***天","quantity":1,"handle_status":8,"order_type":"spike","areaid":"361128","item_id":103},{"address":"北京市","access_date":"2016-08-17 14:08:27","account":"j***u","quantity":1,"handle_status":8,"order_type":"spike","areaid":"110115","item_id":103},{"address":"贵州省","access_date":"2016-08-17 14:08:27","account":"付***平","quantity":1,"handle_status":8,"order_type":"spike","areaid":"520113","item_id":103},{"address":"云南省","access_date":"2016-08-17 14:08:24","account":"流***年","quantity":1,"handle_status":8,"order_type":"spike","areaid":"530102","item_id":103},{"address":"上海市","access_date":"2016-08-17 14:08:00","account":"w***5","quantity":1,"handle_status":8,"order_type":"spike","areaid":"310105","item_id":103},{"address":"云南省","access_date":"2016-08-17 14:07:47","account":"王***6","quantity":1,"handle_status":8,"order_type":"spike","areaid":"530324","item_id":103},{"address":"江苏省","access_date":"2016-08-17 14:07:46","account":"1***0","quantity":1,"handle_status":8,"order_type":"spike","areaid":"320412","item_id":103},{"address":"北京市","access_date":"2016-08-17 14:07:41","account":"1***1","quantity":1,"handle_status":8,"order_type":"spike","areaid":"110102","item_id":103},{"address":"辽宁省","access_date":"2016-08-17 14:07:33","account":"S***6","quantity":1,"handle_status":8,"order_type":"spike","areaid":"210105","item_id":103},{"address":"广东省","access_date":"2016-08-17 14:07:17","account":"1***6","quantity":1,"handle_status":8,"order_type":"spike","areaid":"440507","item_id":103},{"address":"河北省","access_date":"2016-08-17 14:07:10","account":"s***6","quantity":1,"handle_status":8,"order_type":"spike","areaid":"130604","item_id":103},{"address":"四川省","access_date":"2016-08-17 14:07:06","account":"z***6","quantity":1,"handle_status":8,"order_type":"spike","areaid":"511002","item_id":103},{"address":"山西省","access_date":"2016-08-17 14:07:02","account":"s***y","quantity":1,"handle_status":8,"order_type":"spike","areaid":"140829","item_id":103},{"address":"江苏省","access_date":"2016-08-17 14:06:54","account":"伊***2","quantity":1,"handle_status":8,"order_type":"spike","areaid":"320829","item_id":103},{"address":"广东省","access_date":"2016-08-17 14:06:51","account":"1***1","quantity":1,"handle_status":8,"order_type":"spike","areaid":"440705","item_id":103},{"address":"北京市","access_date":"2016-08-17 14:06:29","account":"w***h","quantity":1,"handle_status":8,"order_type":"spike","areaid":"110105","item_id":103},{"address":"广东省","access_date":"2016-08-17 14:06:26","account":"1***3","quantity":1,"handle_status":8,"order_type":"spike","areaid":"440307","item_id":103},{"address":"广东省","access_date":"2016-08-17 14:06:25","account":"清***9","quantity":1,"handle_status":8,"order_type":"spike","areaid":"ff8080814cd0d0f4014cd571e2a50002","item_id":103},{"address":"北京市","access_date":"2016-08-17 14:06:24","account":"t***g","quantity":1,"handle_status":8,"order_type":"spike","areaid":"110106","item_id":103},{"address":"湖南省","access_date":"2016-08-17 14:06:22","account":"萍***9","quantity":1,"handle_status":8,"order_type":"spike","areaid":"431102","item_id":103},{"address":"吉林省","access_date":"2016-08-17 14:05:56","account":"1***1","quantity":1,"handle_status":8,"order_type":"spike","areaid":"220621","item_id":103},{"address":"陕西省","access_date":"2016-08-17 14:05:35","account":"c***1","quantity":1,"handle_status":8,"order_type":"spike","areaid":"610928","item_id":103},{"address":"浙江省","access_date":"2016-08-17 14:05:17","account":"杨***风","quantity":1,"handle_status":8,"order_type":"spike","areaid":"330621","item_id":103},{"address":"上海市","access_date":"2016-08-17 14:05:13","account":"h***7","quantity":1,"handle_status":8,"order_type":"spike","areaid":"310115","item_id":103},{"address":"安徽省","access_date":"2016-08-17 14:05:13","account":"m***1","quantity":1,"handle_status":8,"order_type":"spike","areaid":"341621","item_id":103},{"address":"广东省","access_date":"2016-08-17 14:05:13","account":"1***2","quantity":1,"handle_status":8,"order_type":"spike","areaid":"ff8080814cd0d0f4014cd571e2a50002","item_id":103},{"address":"黑龙江省","access_date":"2016-08-17 14:05:04","account":"p***5","quantity":1,"handle_status":8,"order_type":"spike","areaid":"230602","item_id":103},{"address":"四川省","access_date":"2016-08-17 14:04:55","account":"l***g","quantity":1,"handle_status":8,"order_type":"spike","areaid":"511111","item_id":103},{"address":"北京市","access_date":"2016-08-17 14:04:53","account":"h***t","quantity":1,"handle_status":8,"order_type":"spike","areaid":"110117","item_id":103},{"address":"湖北省","access_date":"2016-08-17 14:04:52","account":"q***4","quantity":1,"handle_status":8,"order_type":"spike","areaid":"420112","item_id":103},{"address":"广东省","access_date":"2016-08-17 14:04:51","account":"z***3","quantity":1,"handle_status":8,"order_type":"spike","areaid":"440103","item_id":103},{"address":"北京市","access_date":"2016-08-17 14:04:45","account":"w***9","quantity":1,"handle_status":8,"order_type":"spike","areaid":"110106","item_id":103},{"address":"辽宁省","access_date":"2016-08-17 14:04:42","account":"殿***8","quantity":1,"handle_status":8,"order_type":"spike","areaid":"210211","item_id":103},{"address":"江西省","access_date":"2016-08-17 14:04:35","account":"k***y","quantity":1,"handle_status":8,"order_type":"spike","areaid":"360111","item_id":103},{"address":"北京市","access_date":"2016-08-17 14:04:33","account":"c***h","quantity":1,"handle_status":8,"order_type":"spike","areaid":"110108","item_id":103},{"address":"安徽省","access_date":"2016-08-17 14:04:28","account":"w***e","quantity":1,"handle_status":8,"order_type":"spike","areaid":"341723","item_id":103},{"address":"北京市","access_date":"2016-08-17 14:04:14","account":"y***n","quantity":1,"handle_status":8,"order_type":"spike","areaid":"110105","item_id":103},{"address":"湖北省","access_date":"2016-08-17 14:03:37","account":"与***缘","quantity":1,"handle_status":8,"order_type":"spike","areaid":"420303","item_id":103},{"address":"浙江省","access_date":"2016-08-17 14:03:33","account":"飞***人","quantity":1,"handle_status":8,"order_type":"spike","areaid":"330483","item_id":103},{"address":"北京市","access_date":"2016-08-17 14:03:30","account":"w***i","quantity":1,"handle_status":8,"order_type":"spike","areaid":"110105","item_id":103},{"address":"天津市","access_date":"2016-08-17 14:03:26","account":"王***m","quantity":1,"handle_status":8,"order_type":"spike","areaid":"120104","item_id":103},{"address":"山东省","access_date":"2016-08-17 14:03:26","account":"l***2","quantity":1,"handle_status":8,"order_type":"spike","areaid":"371725","item_id":103},{"address":"辽宁省","access_date":"2016-08-17 14:03:23","account":"1***3","quantity":1,"handle_status":8,"order_type":"spike","areaid":"210911","item_id":103},{"address":"上海市","access_date":"2016-08-17 14:03:16","account":"x***e","quantity":1,"handle_status":8,"order_type":"spike","areaid":"310108","item_id":103},{"address":"江苏省","access_date":"2016-08-17 14:03:10","account":"天***2","quantity":1,"handle_status":8,"order_type":"spike","areaid":"320402","item_id":103},{"address":"黑龙江省","access_date":"2016-08-17 14:03:07","account":"川***0","quantity":1,"handle_status":8,"order_type":"spike","areaid":"231222","item_id":103},{"address":"山东省","access_date":"2016-08-17 14:03:06","account":"m***3","quantity":1,"handle_status":8,"order_type":"spike","areaid":"370481","item_id":103},{"address":"江苏省","access_date":"2016-08-17 14:03:05","account":"1***2","quantity":1,"handle_status":8,"order_type":"spike","areaid":"320102","item_id":103},{"address":"辽宁省","access_date":"2016-08-17 14:03:03","account":"1***6","quantity":1,"handle_status":8,"order_type":"spike","areaid":"210911","item_id":103},{"address":"贵州省","access_date":"2016-08-17 14:02:56","account":"吴***师","quantity":1,"handle_status":8,"order_type":"spike","areaid":"520102","item_id":103},{"address":"浙江省","access_date":"2016-08-17 14:02:56","account":"x***3","quantity":1,"handle_status":8,"order_type":"spike","areaid":"330424","item_id":103},{"address":"上海市","access_date":"2016-08-17 14:02:52","account":"z***n","quantity":1,"handle_status":8,"order_type":"spike","areaid":"310104","item_id":103},{"address":"江苏省","access_date":"2016-08-17 14:02:37","account":"z***i","quantity":1,"handle_status":8,"order_type":"spike","areaid":"320501","item_id":103},{"address":"河北省","access_date":"2016-08-17 14:02:16","account":"水***7","quantity":1,"handle_status":8,"order_type":"spike","areaid":"130203","item_id":103},{"address":"广东省","access_date":"2016-08-17 14:02:14","account":"w***8","quantity":1,"handle_status":8,"order_type":"spike","areaid":"ff8080814cd0d0f4014cd56f66b80001","item_id":103},{"address":"浙江省","access_date":"2016-08-17 14:02:11","account":"2***4","quantity":1,"handle_status":8,"order_type":"spike","areaid":"330103","item_id":103},{"address":"江苏省","access_date":"2016-08-17 14:02:10","account":"l***i","quantity":1,"handle_status":8,"order_type":"spike","areaid":"321302","item_id":103},{"address":"陕西省","access_date":"2016-08-17 14:02:08","account":"1***3","quantity":1,"handle_status":8,"order_type":"spike","areaid":"610104","item_id":103},{"address":"广东省","access_date":"2016-08-17 14:02:08","account":"w***6","quantity":1,"handle_status":8,"order_type":"spike","areaid":"440307","item_id":103},{"address":"湖北省","access_date":"2016-08-17 14:02:05","account":"1***5","quantity":1,"handle_status":8,"order_type":"spike","areaid":"421222","item_id":103},{"address":"广东省","access_date":"2016-08-17 14:02:04","account":"L***y","quantity":1,"handle_status":8,"order_type":"spike","areaid":"440104","item_id":103},{"address":"重庆市","access_date":"2016-08-17 14:02:04","account":"1***7","quantity":1,"handle_status":8,"order_type":"spike","areaid":"500232","item_id":103},{"address":"江苏省","access_date":"2016-08-17 14:02:03","account":"g***n","quantity":1,"handle_status":8,"order_type":"spike","areaid":"321003","item_id":103},{"address":"江苏省","access_date":"2016-08-17 14:02:02","account":"S***J","quantity":1,"handle_status":8,"order_type":"spike","areaid":"320281","item_id":103},{"address":"上海市","access_date":"2016-08-17 14:01:58","account":"r***e","quantity":1,"handle_status":8,"order_type":"spike","areaid":"310109","item_id":103},{"address":"吉林省","access_date":"2016-08-17 14:01:58","account":"w***8","quantity":1,"handle_status":8,"order_type":"spike","areaid":"220323","item_id":103},{"address":"江苏省","access_date":"2016-08-17 14:01:57","account":"y***0","quantity":1,"handle_status":8,"order_type":"spike","areaid":"321281","item_id":103},{"address":"浙江省","access_date":"2016-08-17 14:01:57","account":"s***1","quantity":1,"handle_status":8,"order_type":"spike","areaid":"331003","item_id":103},{"address":"山东省","access_date":"2016-08-17 14:01:49","account":"l***6","quantity":1,"handle_status":8,"order_type":"spike","areaid":"371402","item_id":103},{"address":"广东省","access_date":"2016-08-17 14:01:48","account":"1***6","quantity":1,"handle_status":8,"order_type":"spike","areaid":"440307","item_id":103},{"address":"北京市","access_date":"2016-08-17 14:01:47","account":"S***5","quantity":1,"handle_status":8,"order_type":"spike","areaid":"110102","item_id":103},{"address":"江西省","access_date":"2016-08-17 14:01:45","account":"1***8","quantity":1,"handle_status":8,"order_type":"spike","areaid":"361130","item_id":103},{"address":"上海市","access_date":"2016-08-17 14:01:43","account":"1***0","quantity":1,"handle_status":8,"order_type":"spike","areaid":"310107","item_id":103},{"address":"云南省","access_date":"2016-08-17 14:01:43","account":"陈***抚","quantity":1,"handle_status":8,"order_type":"spike","areaid":"530111","item_id":103},{"address":"辽宁省","access_date":"2016-08-17 14:01:43","account":"姚***东","quantity":1,"handle_status":8,"order_type":"spike","areaid":"211002","item_id":103},{"address":"上海市","access_date":"2016-08-17 14:01:43","account":"达***园","quantity":1,"handle_status":8,"order_type":"spike","areaid":"310106","item_id":103},{"address":"四川省","access_date":"2016-08-17 14:01:43","account":"n***2","quantity":1,"handle_status":8,"order_type":"spike","areaid":"510122","item_id":103},{"address":"浙江省","access_date":"2016-08-17 14:01:42","account":"z***o","quantity":1,"handle_status":8,"order_type":"spike","areaid":"330502","item_id":103},{"address":"河北省","access_date":"2016-08-17 14:01:41","account":"l***i","quantity":1,"handle_status":8,"order_type":"spike","areaid":"131026","item_id":103},{"address":"云南省","access_date":"2016-08-17 14:01:37","account":"d***n","quantity":1,"handle_status":8,"order_type":"spike","areaid":"530325","item_id":103},{"address":"河北省","access_date":"2016-08-17 14:01:36","account":"1***7","quantity":1,"handle_status":8,"order_type":"spike","areaid":"130302","item_id":103},{"address":"河南省","access_date":"2016-08-17 14:01:36","account":"a***0","quantity":1,"handle_status":8,"order_type":"spike","areaid":"410104","item_id":103},{"address":"北京市","access_date":"2016-08-17 14:01:35","account":"皮***克","quantity":1,"handle_status":8,"order_type":"spike","areaid":"110108","item_id":103},{"address":"北京市","access_date":"2016-08-17 14:01:34","account":"1***7","quantity":1,"handle_status":8,"order_type":"spike","areaid":"110105","item_id":103},{"address":"上海市","access_date":"2016-08-17 14:01:33","account":"x***r","quantity":1,"handle_status":8,"order_type":"spike","areaid":"310115","item_id":103},{"address":"江西省","access_date":"2016-08-17 14:01:31","account":"z***s","quantity":1,"handle_status":8,"order_type":"spike","areaid":"360104","item_id":103},{"address":"福建省","access_date":"2016-08-17 14:01:29","account":"z***6","quantity":1,"handle_status":8,"order_type":"spike","areaid":"350581","item_id":103},{"address":"江西省","access_date":"2016-08-17 14:01:27","account":"z***1","quantity":1,"handle_status":8,"order_type":"spike","areaid":"360104","item_id":103},{"address":"江苏省","access_date":"2016-08-17 14:01:26","account":"d***n","quantity":1,"handle_status":8,"order_type":"spike","areaid":"320506","item_id":103},{"address":"天津市","access_date":"2016-08-17 14:01:25","account":"1***4","quantity":1,"handle_status":8,"order_type":"spike","areaid":"120111","item_id":103},{"address":"河北省","access_date":"2016-08-17 14:01:25","account":"g***4","quantity":1,"handle_status":8,"order_type":"spike","areaid":"130302","item_id":103},{"address":"黑龙江省","access_date":"2016-08-17 14:01:20","account":"x***e","quantity":1,"handle_status":8,"order_type":"spike","areaid":"230604","item_id":103},{"address":"北京市","access_date":"2016-08-17 14:01:19","account":"1***8","quantity":1,"handle_status":8,"order_type":"spike","areaid":"110101","item_id":103},{"address":"陕西省","access_date":"2016-08-17 14:01:19","account":"陕***北","quantity":1,"handle_status":8,"order_type":"spike","areaid":"610821","item_id":103},{"address":"浙江省","access_date":"2016-08-17 14:01:17","account":"小***9","quantity":1,"handle_status":8,"order_type":"spike","areaid":"330411","item_id":103},{"address":"江苏省","access_date":"2016-08-17 14:01:16","account":"1***8","quantity":1,"handle_status":8,"order_type":"spike","areaid":"320481","item_id":103},{"address":"新疆维吾尔自治区","access_date":"2016-08-17 14:01:16","account":"L***N","quantity":1,"handle_status":8,"order_type":"spike","areaid":"652301","item_id":103},{"address":"广东省","access_date":"2016-08-17 14:01:15","account":"y***少","quantity":1,"handle_status":8,"order_type":"spike","areaid":"440306","item_id":103},{"address":"广东省","access_date":"2016-08-17 14:01:14","account":"q***1","quantity":1,"handle_status":8,"order_type":"spike","areaid":"440306","item_id":103},{"address":"福建省","access_date":"2016-08-17 14:01:10","account":"c***8","quantity":1,"handle_status":8,"order_type":"spike","areaid":"350305","item_id":103},{"address":"山东省","access_date":"2016-08-17 14:01:07","account":"m***3","quantity":1,"handle_status":8,"order_type":"spike","areaid":"371002","item_id":103},{"address":"北京市","access_date":"2016-08-17 14:01:06","account":"1***5","quantity":1,"handle_status":8,"order_type":"spike","areaid":"110105","item_id":103},{"address":"内蒙古自治区","access_date":"2016-08-17 14:01:05","account":"鬼***符","quantity":1,"handle_status":8,"order_type":"spike","areaid":"150302","item_id":103},{"address":"辽宁省","access_date":"2016-08-17 14:01:04","account":"月***缺","quantity":1,"handle_status":8,"order_type":"spike","areaid":"210103","item_id":103},{"address":"内蒙古自治区","access_date":"2016-08-17 14:01:00","account":"老***1","quantity":1,"handle_status":8,"order_type":"spike","areaid":"152201","item_id":103},{"address":"天津市","access_date":"2016-08-17 14:01:00","account":"z***s","quantity":1,"handle_status":8,"order_type":"spike","areaid":"120116","item_id":103},{"address":"江西省","access_date":"2016-08-17 14:00:59","account":"华***哥","quantity":1,"handle_status":8,"order_type":"spike","areaid":"360782","item_id":103},{"address":"江苏省","access_date":"2016-08-17 14:00:58","account":"1***6","quantity":1,"handle_status":8,"order_type":"spike","areaid":"320581","item_id":103},{"address":"北京市","access_date":"2016-08-17 14:00:57","account":"b***0","quantity":1,"handle_status":8,"order_type":"spike","areaid":"110102","item_id":103},{"address":"广东省","access_date":"2016-08-17 14:00:57","account":"1***5","quantity":1,"handle_status":8,"order_type":"spike","areaid":"440304","item_id":103},{"address":"陕西省","access_date":"2016-08-17 14:00:57","account":"冯***毅","quantity":1,"handle_status":8,"order_type":"spike","areaid":"610802","item_id":103},{"address":"湖北省","access_date":"2016-08-17 14:00:57","account":"轻***蝶","quantity":1,"handle_status":8,"order_type":"spike","areaid":"420303","item_id":103},{"address":"福建省","access_date":"2016-08-17 14:00:56","account":"施***抄","quantity":1,"handle_status":8,"order_type":"spike","areaid":"350582","item_id":103},{"address":"江苏省","access_date":"2016-08-17 14:00:55","account":"w***8","quantity":1,"handle_status":8,"order_type":"spike","areaid":"320115","item_id":103},{"address":"江苏省","access_date":"2016-08-17 14:00:55","account":"雪***风","quantity":1,"handle_status":8,"order_type":"spike","areaid":"320506","item_id":103},{"address":"上海市","access_date":"2016-08-17 14:00:53","account":"a***6","quantity":1,"handle_status":8,"order_type":"spike","areaid":"310114","item_id":103},{"address":"安徽省","access_date":"2016-08-17 14:00:53","account":"狂***8","quantity":1,"handle_status":8,"order_type":"spike","areaid":"341723","item_id":103},{"address":"江苏省","access_date":"2016-08-17 14:00:52","account":"g***5","quantity":1,"handle_status":8,"order_type":"spike","areaid":"320903","item_id":103},{"address":"湖北省","access_date":"2016-08-17 14:00:52","account":"q***8","quantity":1,"handle_status":8,"order_type":"spike","areaid":"420111","item_id":103},{"address":"湖北省","access_date":"2016-08-17 14:00:52","account":"C***k","quantity":1,"handle_status":8,"order_type":"spike","areaid":"420103","item_id":103},{"address":"山东省","access_date":"2016-08-17 14:00:50","account":"l***8","quantity":1,"handle_status":8,"order_type":"spike","areaid":"370285","item_id":103},{"address":"上海市","access_date":"2016-08-17 14:00:50","account":"a***9","quantity":1,"handle_status":8,"order_type":"spike","areaid":"310112","item_id":103},{"address":"山东省","access_date":"2016-08-17 14:00:50","account":"x***n","quantity":1,"handle_status":8,"order_type":"spike","areaid":"371502","item_id":103},{"address":"广东省","access_date":"2016-08-17 14:00:49","account":"凤***鸣","quantity":1,"handle_status":8,"order_type":"spike","areaid":"440113","item_id":103},{"address":"北京市","access_date":"2016-08-17 14:00:49","account":"1***1","quantity":1,"handle_status":8,"order_type":"spike","areaid":"110112","item_id":103},{"address":"山东省","access_date":"2016-08-17 14:00:49","account":"宫***军","quantity":1,"handle_status":8,"order_type":"spike","areaid":"370781","item_id":103},{"address":"广东省","access_date":"2016-08-17 14:00:49","account":"m***k","quantity":1,"handle_status":8,"order_type":"spike","areaid":"440605","item_id":103},{"address":"辽宁省","access_date":"2016-08-17 14:00:48","account":"A***w","quantity":1,"handle_status":8,"order_type":"spike","areaid":"210711","item_id":103},{"address":"黑龙江省","access_date":"2016-08-17 14:00:48","account":"g***y","quantity":1,"handle_status":8,"order_type":"spike","areaid":"230103","item_id":103},{"address":"北京市","access_date":"2016-08-17 14:00:47","account":"j***u","quantity":1,"handle_status":8,"order_type":"spike","areaid":"110108","item_id":103},{"address":"重庆市","access_date":"2016-08-17 14:00:47","account":"c***9","quantity":1,"handle_status":8,"order_type":"spike","areaid":"500102","item_id":103},{"address":"云南省","access_date":"2016-08-17 14:00:45","account":"p***l","quantity":1,"handle_status":8,"order_type":"spike","areaid":"530111","item_id":103},{"address":"江西省","access_date":"2016-08-17 14:00:45","account":"w***3","quantity":1,"handle_status":8,"order_type":"spike","areaid":"361128","item_id":103},{"address":"江苏省","access_date":"2016-08-17 14:00:45","account":"z***1","quantity":1,"handle_status":8,"order_type":"spike","areaid":"321282","item_id":103},{"address":"甘肃省","access_date":"2016-08-17 14:00:42","account":"g***s","quantity":1,"handle_status":8,"order_type":"spike","areaid":"620103","item_id":103},{"address":"上海市","access_date":"2016-08-17 14:00:41","account":"j***j","quantity":1,"handle_status":8,"order_type":"spike","areaid":"310117","item_id":103},{"address":"安徽省","access_date":"2016-08-17 14:00:41","account":"汪***波","quantity":1,"handle_status":8,"order_type":"spike","areaid":"341102","item_id":103},{"address":"江苏省","access_date":"2016-08-17 14:00:41","account":"于***波","quantity":1,"handle_status":8,"order_type":"spike","areaid":"320102","item_id":103},{"address":"福建省","access_date":"2016-08-17 14:00:41","account":"1***5","quantity":1,"handle_status":8,"order_type":"spike","areaid":"350504","item_id":103},{"address":"浙江省","access_date":"2016-08-17 14:00:40","account":"l***6","quantity":1,"handle_status":8,"order_type":"spike","areaid":"330424","item_id":103},{"address":"浙江省","access_date":"2016-08-17 14:00:39","account":"l***5","quantity":1,"handle_status":8,"order_type":"spike","areaid":"330424","item_id":103},{"address":"北京市","access_date":"2016-08-17 14:00:38","account":"j***g","quantity":1,"handle_status":8,"order_type":"spike","areaid":"110108","item_id":103},{"address":"广东省","access_date":"2016-08-17 14:00:38","account":"e***7","quantity":1,"handle_status":8,"order_type":"spike","areaid":"440304","item_id":103},{"address":"新疆维吾尔自治区","access_date":"2016-08-17 14:00:38","account":"王***1","quantity":1,"handle_status":8,"order_type":"spike","areaid":"659001","item_id":103},{"address":"江苏省","access_date":"2016-08-17 14:00:37","account":"浩***地","quantity":1,"handle_status":8,"order_type":"spike","areaid":"321112","item_id":103},{"address":"广东省","access_date":"2016-08-17 14:00:37","account":"龍***魂","quantity":1,"handle_status":8,"order_type":"spike","areaid":"440513","item_id":103},{"address":"广东省","access_date":"2016-08-17 14:00:37","account":"1***3","quantity":1,"handle_status":8,"order_type":"spike","areaid":"440104","item_id":103},{"address":"内蒙古自治区","access_date":"2016-08-17 14:00:36","account":"m***5","quantity":1,"handle_status":8,"order_type":"spike","areaid":"150103","item_id":103},{"address":"河北省","access_date":"2016-08-17 14:00:36","account":"k***0","quantity":1,"handle_status":8,"order_type":"spike","areaid":"130604","item_id":103},{"address":"江西省","access_date":"2016-08-17 14:00:36","account":"s***6","quantity":1,"handle_status":8,"order_type":"spike","areaid":"360724","item_id":103},{"address":"广东省","access_date":"2016-08-17 14:00:36","account":"g***n","quantity":1,"handle_status":8,"order_type":"spike","areaid":"440306","item_id":103},{"address":"广东省","access_date":"2016-08-17 14:00:36","account":"w***o","quantity":1,"handle_status":8,"order_type":"spike","areaid":"440104","item_id":103},{"address":"江苏省","access_date":"2016-08-17 14:00:35","account":"天***想","quantity":1,"handle_status":8,"order_type":"spike","areaid":"320612","item_id":103},{"address":"浙江省","access_date":"2016-08-17 14:00:35","account":"d***g","quantity":1,"handle_status":8,"order_type":"spike","areaid":"330205","item_id":103},{"address":"广西壮族自治区","access_date":"2016-08-17 14:00:35","account":"z***8","quantity":1,"handle_status":8,"order_type":"spike","areaid":"450102","item_id":103},{"address":"广东省","access_date":"2016-08-17 14:00:34","account":"活***菌","quantity":1,"handle_status":8,"order_type":"spike","areaid":"440111","item_id":103},{"address":"江苏省","access_date":"2016-08-17 14:00:34","account":"s***y","quantity":1,"handle_status":8,"order_type":"spike","areaid":"320602","item_id":103},{"address":"江苏省","access_date":"2016-08-17 14:00:34","account":"a***0","quantity":1,"handle_status":8,"order_type":"spike","areaid":"320411","item_id":103},{"address":"江苏省","access_date":"2016-08-17 14:00:32","account":"独***网","quantity":1,"handle_status":8,"order_type":"spike","areaid":"321202","item_id":103},{"address":"上海市","access_date":"2016-08-17 14:00:32","account":"1***7","quantity":1,"handle_status":8,"order_type":"spike","areaid":"310115","item_id":103},{"address":"上海市","access_date":"2016-08-17 14:00:30","account":"g***n","quantity":1,"handle_status":8,"order_type":"spike","areaid":"310104","item_id":103},{"address":"河南省","access_date":"2016-08-17 14:00:29","account":"1***6","quantity":1,"handle_status":8,"order_type":"spike","areaid":"410403","item_id":103},{"address":"辽宁省","access_date":"2016-08-17 14:00:28","account":"1***2","quantity":1,"handle_status":8,"order_type":"spike","areaid":"211403","item_id":103},{"address":"福建省","access_date":"2016-08-17 14:00:27","account":"j***l","quantity":1,"handle_status":8,"order_type":"spike","areaid":"350802","item_id":103},{"address":"重庆市","access_date":"2016-08-17 14:00:26","account":"f***n","quantity":1,"handle_status":8,"order_type":"spike","areaid":"500112","item_id":103},{"address":"福建省","access_date":"2016-08-17 14:00:26","account":"c***g","quantity":1,"handle_status":8,"order_type":"spike","areaid":"350581","item_id":103},{"address":"北京市","access_date":"2016-08-17 14:00:26","account":"1***0","quantity":1,"handle_status":8,"order_type":"spike","areaid":"110106","item_id":103},{"address":"上海市","access_date":"2016-08-17 14:00:25","account":"S***G","quantity":1,"handle_status":8,"order_type":"spike","areaid":"310109","item_id":103},{"address":"福建省","access_date":"2016-08-17 14:00:24","account":"另***点","quantity":1,"handle_status":8,"order_type":"spike","areaid":"350504","item_id":103},{"address":"吉林省","access_date":"2016-08-17 14:00:24","account":"1***8","quantity":1,"handle_status":8,"order_type":"spike","areaid":"220702","item_id":103},{"address":"山东省","access_date":"2016-08-17 14:00:23","account":"w***0","quantity":1,"handle_status":8,"order_type":"spike","areaid":"370602","item_id":103},{"address":"青海省","access_date":"2016-08-17 14:00:22","account":"2***i","quantity":1,"handle_status":8,"order_type":"spike","areaid":"630122","item_id":103},{"address":"天津市","access_date":"2016-08-17 14:00:22","account":"d***g","quantity":1,"handle_status":8,"order_type":"spike","areaid":"120104","item_id":103},{"address":"河北省","access_date":"2016-08-17 14:00:22","account":"z***2","quantity":1,"handle_status":8,"order_type":"spike","areaid":"130203","item_id":103},{"address":"广东省","access_date":"2016-08-17 14:00:21","account":"x***u","quantity":1,"handle_status":8,"order_type":"spike","areaid":"440111","item_id":103},{"address":"辽宁省","access_date":"2016-08-17 14:00:21","account":"张***g","quantity":1,"handle_status":8,"order_type":"spike","areaid":"211224","item_id":103},{"address":"广西壮族自治区","access_date":"2016-08-17 14:00:20","account":"s***9","quantity":1,"handle_status":8,"order_type":"spike","areaid":"450103","item_id":103},{"address":"上海市","access_date":"2016-08-17 14:00:19","account":"1***2","quantity":1,"handle_status":8,"order_type":"spike","areaid":"310104","item_id":103},{"address":"河南省","access_date":"2016-08-17 14:00:19","account":"李***梅","quantity":1,"handle_status":8,"order_type":"spike","areaid":"410103","item_id":103},{"address":"上海市","access_date":"2016-08-17 14:00:18","account":"c***m","quantity":1,"handle_status":8,"order_type":"spike","areaid":"310107","item_id":103},{"address":"上海市","access_date":"2016-08-17 14:00:18","account":"z***3","quantity":1,"handle_status":8,"order_type":"spike","areaid":"310105","item_id":103},{"address":"湖北省","access_date":"2016-08-17 14:00:18","account":"H***8","quantity":1,"handle_status":8,"order_type":"spike","areaid":"420902","item_id":103},{"address":"北京市","access_date":"2016-08-17 14:00:18","account":"g***i","quantity":1,"handle_status":8,"order_type":"spike","areaid":"110105","item_id":103},{"address":"安徽省","access_date":"2016-08-17 14:00:17","account":"1***8","quantity":1,"handle_status":8,"order_type":"spike","areaid":"341221","item_id":103},{"address":"广东省","access_date":"2016-08-17 14:00:17","account":"1***7","quantity":1,"handle_status":8,"order_type":"spike","areaid":"440705","item_id":103},{"address":"山西省","access_date":"2016-08-17 14:00:17","account":"f***1","quantity":1,"handle_status":8,"order_type":"spike","areaid":"140203","item_id":103},{"address":"山东省","access_date":"2016-08-17 14:00:17","account":"w***z","quantity":1,"handle_status":8,"order_type":"spike","areaid":"371101","item_id":103},{"address":"河北省","access_date":"2016-08-17 14:00:16","account":"1***8","quantity":1,"handle_status":8,"order_type":"spike","areaid":"130302","item_id":103},{"address":"浙江省","access_date":"2016-08-17 14:00:15","account":"童***9","quantity":1,"handle_status":8,"order_type":"spike","areaid":"330303","item_id":103},{"address":"天津市","access_date":"2016-08-17 14:00:12","account":"1***6","quantity":1,"handle_status":8,"order_type":"spike","areaid":"120114","item_id":103},{"address":"辽宁省","access_date":"2016-08-17 14:00:12","account":"h***1","quantity":1,"handle_status":8,"order_type":"spike","areaid":"210411","item_id":103},{"address":"江苏省","access_date":"2016-08-17 14:00:11","account":"1***0","quantity":1,"handle_status":8,"order_type":"spike","areaid":"320211","item_id":103},{"address":"河北省","access_date":"2016-08-17 14:00:06","account":"s***n","quantity":1,"handle_status":8,"order_type":"spike","areaid":"130604","item_id":103},{"address":"北京市","access_date":"2016-08-14 09:15:49","account":"1***7","quantity":1,"handle_status":8,"handle_note_c":"2016北京礼品展销售","order_type":"onlinePerson","areaid":"110105","item_id":103},{"address":"河北省","access_date":"2016-08-13 09:23:42","account":"杨***6","quantity":1,"handle_status":8,"handle_note_c":"2016北京礼品展","order_type":"onlinePerson","areaid":"130104","item_id":103},{"address":"北京市","access_date":"2016-08-11 13:47:08","account":"1***7","quantity":1,"handle_status":8,"handle_note_c":"2016北京国际礼品展现场销售","order_type":"onlinePerson","areaid":"110105","item_id":103},{"address":"山东省","access_date":"2016-08-11 13:12:44","account":"三***品","quantity":1,"handle_status":8,"handle_note_c":"2016北京礼品展现场下单","order_type":"onlinePerson","areaid":"371724","item_id":103},{"address":"北京市","access_date":"2016-08-11 10:25:44","account":"1***1","quantity":1,"handle_status":8,"handle_note_c":"2016北京礼品展现场下单","order_type":"onlinePerson","areaid":"110102","item_id":103},{"address":"北京市","access_date":"2016-08-11 10:18:12","account":"7***3","quantity":1,"handle_status":8,"handle_note_c":"2016北京国际礼品展览现场销售","order_type":"onlinePerson","areaid":"110105","item_id":103}]