[{"address":"江苏省","access_date":"2017-04-09 17:10:06","account":"世***影","quantity":1,"handle_status":5,"order_type":"2","areaid":"321323","item_id":156},{"address":"河北省","access_date":"2017-04-08 09:54:01","account":"c***n","quantity":1,"handle_status":5,"order_type":"2","areaid":"130404","item_id":156},{"address":"辽宁省","access_date":"2017-04-07 13:19:51","account":"边***8","quantity":1,"handle_status":5,"order_type":"2","areaid":"210204","item_id":156},{"address":"陕西省","access_date":"2017-04-07 10:12:43","account":"谢***圆","quantity":1,"handle_status":5,"order_type":"2","areaid":"610113","item_id":156},{"address":"江苏省","access_date":"2017-04-06 18:02:06","account":"1***3","quantity":1,"handle_status":5,"order_type":"2","areaid":"320205","item_id":156},{"address":"江苏省","access_date":"2017-04-06 17:44:58","account":"1***8","quantity":2,"handle_status":5,"order_type":"2","areaid":"320114","item_id":156},{"address":"浙江省","access_date":"2017-04-06 13:02:19","account":"飞***7","quantity":2,"handle_status":5,"order_type":"2","areaid":"330702","item_id":156},{"address":"江西省","access_date":"2017-04-06 04:32:05","account":"程***盛","quantity":1,"handle_status":5,"order_type":"2","areaid":"360428","item_id":156},{"address":"福建省","access_date":"2017-04-05 16:12:41","account":"1***9","quantity":1,"handle_status":5,"order_type":"2","areaid":"350203","item_id":156},{"address":"四川省","access_date":"2017-04-05 15:41:45","account":"h***l","quantity":2,"handle_status":5,"order_type":"2","areaid":"510107","item_id":156},{"address":"江苏省","access_date":"2017-04-03 20:35:14","account":"1***8","quantity":1,"handle_status":8,"order_type":"2","areaid":"320281","item_id":156},{"address":"山东省","access_date":"2017-04-03 15:31:15","account":"z***6","quantity":1,"handle_status":7,"order_type":"2","areaid":"370403","item_id":156},{"address":"陕西省","access_date":"2017-04-02 21:07:48","account":"j***n","quantity":1,"handle_status":7,"order_type":"2","areaid":"610103","item_id":156},{"address":"山东省","access_date":"2017-04-02 15:18:39","account":"e***1","quantity":1,"handle_status":7,"order_type":"2","areaid":"370502","item_id":156},{"address":"广东省","access_date":"2017-04-02 07:51:47","account":"g***z","quantity":2,"handle_status":7,"order_type":"2","areaid":"440115","item_id":156},{"address":"重庆市","access_date":"2017-04-01 17:16:16","account":"S***2","quantity":1,"handle_status":8,"order_type":"2","areaid":"500101","item_id":156},{"address":"北京市","access_date":"2017-04-01 16:26:01","account":"1***7","quantity":1,"handle_status":7,"order_type":"2","areaid":"110102","item_id":156},{"address":"山东省","access_date":"2017-03-21 19:33:47","account":"1***7","quantity":1,"handle_status":8,"order_type":"2","areaid":"370211","item_id":156},{"address":"陕西省","access_date":"2017-03-21 15:15:52","account":"谢***圆","quantity":1,"handle_status":8,"order_type":"2","areaid":"610113","item_id":156},{"address":"北京市","access_date":"2017-03-21 13:59:08","account":"z***y","quantity":1,"handle_status":8,"order_type":"2","areaid":"110108","item_id":156},{"address":"北京市","access_date":"2017-03-21 11:14:21","account":"t***m","quantity":1,"handle_status":8,"order_type":"2","areaid":"110101","item_id":156},{"address":"上海市","access_date":"2017-03-21 10:08:33","account":"吴***8","quantity":1,"handle_status":8,"order_type":"2","areaid":"310120","item_id":156},{"address":"山西省","access_date":"2017-03-21 00:16:03","account":"琐***5","quantity":1,"handle_status":8,"order_type":"2","areaid":"140105","item_id":156},{"address":"江苏省","access_date":"2017-03-20 21:35:57","account":"7***5","quantity":1,"handle_status":8,"order_type":"2","areaid":"320506","item_id":156},{"address":"吉林省","access_date":"2017-03-20 10:30:02","account":"1***6","quantity":1,"handle_status":8,"order_type":"2","areaid":"220781","item_id":156},{"address":"山东省","access_date":"2017-03-20 09:44:13","account":"d***f","quantity":1,"handle_status":8,"order_type":"2","areaid":"370502","item_id":156},{"address":"河北省","access_date":"2017-03-20 08:50:42","account":"1***8","quantity":1,"handle_status":8,"order_type":"2","areaid":"130105","item_id":156},{"address":"陕西省","access_date":"2017-03-19 23:57:48","account":"1***0","quantity":1,"handle_status":8,"order_type":"2","areaid":"610113","item_id":156},{"address":"辽宁省","access_date":"2017-03-19 09:04:49","account":"l***6","quantity":1,"handle_status":8,"order_type":"2","areaid":"211282","item_id":156},{"address":"山西省","access_date":"2017-03-17 17:56:33","account":"9***8","quantity":2,"handle_status":8,"order_type":"2","areaid":"140107","item_id":156},{"address":"广东省","access_date":"2017-03-17 15:03:59","account":"哗***啦","quantity":1,"handle_status":8,"order_type":"2","areaid":"440203","item_id":156},{"address":"江西省","access_date":"2017-03-17 15:03:44","account":"张***稠","quantity":1,"handle_status":8,"order_type":"2","areaid":"360782","item_id":156},{"address":"内蒙古自治区","access_date":"2017-03-17 13:12:28","account":"y***h","quantity":1,"handle_status":8,"order_type":"2","areaid":"150782","item_id":156},{"address":"江西省","access_date":"2017-03-17 13:05:27","account":"邱***文","quantity":1,"handle_status":8,"order_type":"2","areaid":"361102","item_id":156},{"address":"天津市","access_date":"2017-03-17 11:21:57","account":"1***5","quantity":1,"handle_status":8,"order_type":"2","areaid":"120104","item_id":156},{"address":"江苏省","access_date":"2017-03-17 11:13:17","account":"x***8","quantity":1,"handle_status":8,"order_type":"2","areaid":"320481","item_id":156},{"address":"陕西省","access_date":"2017-03-17 10:48:30","account":"1***8","quantity":1,"handle_status":8,"order_type":"2","areaid":"610104","item_id":156},{"address":"海南省","access_date":"2017-03-17 10:20:43","account":"往***6","quantity":1,"handle_status":8,"order_type":"2","areaid":"469006","item_id":156},{"address":"江苏省","access_date":"2017-03-17 10:19:02","account":"j***4","quantity":2,"handle_status":8,"order_type":"2","areaid":"321281","item_id":156},{"address":"安徽省","access_date":"2017-03-17 10:17:45","account":"1***8","quantity":1,"handle_status":8,"order_type":"2","areaid":"340111","item_id":156},{"address":"山东省","access_date":"2017-03-17 09:41:04","account":"笑***2","quantity":1,"handle_status":-6,"order_type":"2","areaid":"371325","item_id":156},{"address":"河南省","access_date":"2017-03-17 09:09:38","account":"1***7","quantity":1,"handle_status":8,"order_type":"2","areaid":"410902","item_id":156},{"address":"山东省","access_date":"2017-03-16 22:25:58","account":"大***0","quantity":1,"handle_status":8,"order_type":"2","areaid":"370785","item_id":156},{"address":"广东省","access_date":"2017-03-16 20:27:28","account":"w***6","quantity":1,"handle_status":8,"order_type":"2","areaid":"440307","item_id":156},{"address":"浙江省","access_date":"2017-03-16 17:51:21","account":"z***n","quantity":1,"handle_status":8,"order_type":"2","areaid":"330782","item_id":156},{"address":"辽宁省","access_date":"2017-03-16 14:15:49","account":"j***y","quantity":2,"handle_status":8,"order_type":"2","areaid":"210102","item_id":156},{"address":"新疆维吾尔自治区","access_date":"2017-03-16 12:26:34","account":"谢***嵘","quantity":1,"handle_status":8,"order_type":"2","areaid":"659001","item_id":156},{"address":"上海市","access_date":"2017-03-16 11:42:02","account":"g***j","quantity":1,"handle_status":8,"order_type":"2","areaid":"310106","item_id":156},{"address":"上海市","access_date":"2017-03-16 11:30:43","account":"g***j","quantity":1,"handle_status":8,"order_type":"2","areaid":"310106","item_id":156},{"address":"湖北省","access_date":"2017-03-16 06:38:59","account":"j***9","quantity":2,"handle_status":8,"order_type":"2","areaid":"420202","item_id":156},{"address":"山东省","access_date":"2017-03-15 20:46:45","account":"l***b","quantity":1,"handle_status":8,"order_type":"2","areaid":"370305","item_id":156},{"address":"湖南省","access_date":"2017-03-15 19:55:59","account":"1***9","quantity":1,"handle_status":8,"order_type":"2","areaid":"430121","item_id":156},{"address":"江苏省","access_date":"2017-03-15 16:31:24","account":"3***3","quantity":2,"handle_status":8,"order_type":"2","areaid":"321283","item_id":156},{"address":"广东省","access_date":"2017-03-15 15:35:51","account":"Y***n","quantity":1,"handle_status":8,"order_type":"2","areaid":"441322","item_id":156},{"address":"北京市","access_date":"2017-03-15 15:29:50","account":"q***a","quantity":1,"handle_status":8,"order_type":"2","areaid":"110115","item_id":156},{"address":"四川省","access_date":"2017-03-15 10:03:41","account":"周***东","quantity":1,"handle_status":8,"order_type":"2","areaid":"511824","item_id":156},{"address":"广东省","access_date":"2017-03-14 21:31:57","account":"林***4","quantity":1,"handle_status":8,"order_type":"2","areaid":"ff8080814cd0d0f4014cd56f66b80001","item_id":156},{"address":"山东省","access_date":"2017-03-14 16:10:25","account":"u***o","quantity":1,"handle_status":8,"order_type":"2","areaid":"371402","item_id":156},{"address":"山东省","access_date":"2017-03-14 14:17:50","account":"1***7","quantity":1,"handle_status":8,"order_type":"2","areaid":"370211","item_id":156},{"address":"山东省","access_date":"2017-03-14 14:12:39","account":"p***g","quantity":1,"handle_status":8,"order_type":"2","areaid":"370283","item_id":156},{"address":"北京市","access_date":"2017-03-14 13:29:20","account":"1***4","quantity":1,"handle_status":8,"order_type":"2","areaid":"110108","item_id":156},{"address":"福建省","access_date":"2017-03-14 12:52:41","account":"安***产","quantity":1,"handle_status":8,"order_type":"2","areaid":"350582","item_id":156},{"address":"北京市","access_date":"2017-03-14 11:32:53","account":"1***1","quantity":1,"handle_status":8,"order_type":"2","areaid":"110106","item_id":156},{"address":"上海市","access_date":"2017-03-14 10:10:15","account":"j***v","quantity":1,"handle_status":-6,"order_type":"2","areaid":"310105","item_id":156},{"address":"上海市","access_date":"2017-03-13 23:45:15","account":"w***4","quantity":2,"handle_status":8,"order_type":"2","areaid":"310109","item_id":156},{"address":"湖南省","access_date":"2017-03-13 23:27:54","account":"o***3","quantity":1,"handle_status":8,"order_type":"2","areaid":"430202","item_id":156},{"address":"新疆维吾尔自治区","access_date":"2017-03-13 23:23:03","account":"d***e","quantity":1,"handle_status":8,"order_type":"2","areaid":"652926","item_id":156},{"address":"江苏省","access_date":"2017-03-13 17:11:05","account":"1***5","quantity":1,"handle_status":8,"order_type":"2","areaid":"320118","item_id":156},{"address":"陕西省","access_date":"2017-03-13 16:04:01","account":"N***0","quantity":1,"handle_status":8,"order_type":"2","areaid":"610204","item_id":156},{"address":"湖南省","access_date":"2017-03-13 15:35:01","account":"周***龙","quantity":1,"handle_status":8,"order_type":"2","areaid":"430903","item_id":156},{"address":"江苏省","access_date":"2017-03-13 14:48:41","account":"高***8","quantity":1,"handle_status":8,"order_type":"2","areaid":"320105","item_id":156},{"address":"山东省","access_date":"2017-03-13 14:35:24","account":"冯***晓","quantity":1,"handle_status":8,"order_type":"2","areaid":"371326","item_id":156},{"address":"江苏省","access_date":"2017-03-13 14:32:47","account":"1***7","quantity":1,"handle_status":8,"order_type":"2","areaid":"320583","item_id":156},{"address":"浙江省","access_date":"2017-03-13 12:34:46","account":"s***e","quantity":1,"handle_status":8,"order_type":"2","areaid":"330402","item_id":156},{"address":"云南省","access_date":"2017-03-13 12:07:30","account":"1***6","quantity":2,"handle_status":8,"order_type":"2","areaid":"532301","item_id":156},{"address":"内蒙古自治区","access_date":"2017-03-13 10:54:32","account":"通***明","quantity":1,"handle_status":8,"order_type":"2","areaid":"150502","item_id":156},{"address":"广东省","access_date":"2017-03-13 10:26:32","account":"而***龙","quantity":1,"handle_status":8,"order_type":"2","areaid":"440606","item_id":156},{"address":"江西省","access_date":"2017-03-13 08:54:25","account":"a***6","quantity":1,"handle_status":8,"order_type":"2","areaid":"360802","item_id":156},{"address":"江西省","access_date":"2017-03-13 08:38:39","account":"非***道","quantity":1,"handle_status":8,"order_type":"2","areaid":"360111","item_id":156},{"address":"山东省","access_date":"2017-03-13 08:38:26","account":"z***d","quantity":1,"handle_status":8,"order_type":"2","areaid":"370983","item_id":156},{"address":"广东省","access_date":"2017-03-12 23:42:47","account":"g***6","quantity":1,"handle_status":8,"order_type":"2","areaid":"440104","item_id":156},{"address":"上海市","access_date":"2017-03-12 22:04:27","account":"j***g","quantity":1,"handle_status":8,"order_type":"2","areaid":"310116","item_id":156},{"address":"广东省","access_date":"2017-03-12 21:52:22","account":"g***a","quantity":1,"handle_status":8,"order_type":"2","areaid":"440703","item_id":156},{"address":"山东省","access_date":"2017-03-12 20:42:27","account":"1***6","quantity":2,"handle_status":8,"order_type":"2","areaid":"370902","item_id":156},{"address":"福建省","access_date":"2017-03-12 17:25:26","account":"1***0","quantity":1,"handle_status":8,"order_type":"2","areaid":"350111","item_id":156},{"address":"江西省","access_date":"2017-03-12 13:35:06","account":"l***7","quantity":1,"handle_status":8,"order_type":"2","areaid":"361028","item_id":156},{"address":"江苏省","access_date":"2017-03-12 12:45:29","account":"白***水","quantity":1,"handle_status":8,"order_type":"2","areaid":"320902","item_id":156},{"address":"江苏省","access_date":"2017-03-12 11:23:05","account":"x***1","quantity":1,"handle_status":8,"order_type":"2","areaid":"321102","item_id":156},{"address":"江西省","access_date":"2017-03-12 10:38:37","account":"1***6","quantity":2,"handle_status":8,"order_type":"2","areaid":"361102","item_id":156},{"address":"福建省","access_date":"2017-03-12 10:10:21","account":"f***m","quantity":1,"handle_status":8,"order_type":"2","areaid":"350104","item_id":156},{"address":"福建省","access_date":"2017-03-12 07:18:11","account":"x***i","quantity":1,"handle_status":8,"order_type":"2","areaid":"350582","item_id":156},{"address":"上海市","access_date":"2017-03-12 06:25:59","account":"h***4","quantity":1,"handle_status":-6,"order_type":"2","areaid":"310115","item_id":156},{"address":"上海市","access_date":"2017-03-11 23:48:58","account":"1***5","quantity":1,"handle_status":8,"order_type":"2","areaid":"310117","item_id":156},{"address":"上海市","access_date":"2017-03-11 23:26:40","account":"1***5","quantity":1,"handle_status":8,"order_type":"2","areaid":"310117","item_id":156},{"address":"辽宁省","access_date":"2017-03-11 22:57:13","account":"s***晋","quantity":1,"handle_status":-6,"order_type":"2","areaid":"210911","item_id":156},{"address":"上海市","access_date":"2017-03-11 22:56:11","account":"1***9","quantity":2,"handle_status":8,"order_type":"2","areaid":"310110","item_id":156},{"address":"浙江省","access_date":"2017-03-11 22:37:15","account":"好***狱","quantity":1,"handle_status":8,"order_type":"2","areaid":"330782","item_id":156},{"address":"安徽省","access_date":"2017-03-11 22:22:53","account":"u***n","quantity":1,"handle_status":8,"order_type":"2","areaid":"340111","item_id":156},{"address":"安徽省","access_date":"2017-03-11 22:21:44","account":"u***n","quantity":1,"handle_status":8,"order_type":"2","areaid":"340111","item_id":156},{"address":"浙江省","access_date":"2017-03-11 22:08:25","account":"6***9","quantity":1,"handle_status":-6,"order_type":"2","areaid":"330212","item_id":156},{"address":"四川省","access_date":"2017-03-11 21:28:55","account":"m***b","quantity":1,"handle_status":-6,"order_type":"2","areaid":"513223","item_id":156},{"address":"天津市","access_date":"2017-03-11 21:26:05","account":"x***g","quantity":1,"handle_status":8,"order_type":"2","areaid":"120221","item_id":156},{"address":"北京市","access_date":"2017-03-11 21:07:33","account":"z***l","quantity":1,"handle_status":8,"order_type":"2","areaid":"110105","item_id":156},{"address":"广西壮族自治区","access_date":"2017-03-11 21:04:15","account":"h***x","quantity":1,"handle_status":8,"order_type":"2","areaid":"450107","item_id":156},{"address":"上海市","access_date":"2017-03-11 21:03:54","account":"z***s","quantity":1,"handle_status":8,"order_type":"2","areaid":"310112","item_id":156},{"address":"上海市","access_date":"2017-03-11 20:35:20","account":"y***9","quantity":1,"handle_status":8,"order_type":"2","areaid":"310114","item_id":156},{"address":"广东省","access_date":"2017-03-11 20:21:34","account":"龚***6","quantity":1,"handle_status":8,"order_type":"2","areaid":"440304","item_id":156},{"address":"天津市","access_date":"2017-03-11 20:12:14","account":"W***5","quantity":1,"handle_status":8,"order_type":"2","areaid":"120103","item_id":156},{"address":"山西省","access_date":"2017-03-11 17:22:54","account":"l***a","quantity":1,"handle_status":8,"order_type":"2","areaid":"141181","item_id":156},{"address":"江西省","access_date":"2017-03-11 17:14:54","account":"r***2","quantity":1,"handle_status":8,"order_type":"2","areaid":"360102","item_id":156},{"address":"甘肃省","access_date":"2017-03-11 16:58:54","account":"盛***裔","quantity":1,"handle_status":8,"order_type":"2","areaid":"620102","item_id":156},{"address":"山东省","access_date":"2017-03-11 16:43:01","account":"s***1","quantity":1,"handle_status":8,"order_type":"2","areaid":"371501","item_id":156},{"address":"湖北省","access_date":"2017-03-11 16:39:18","account":"1***9","quantity":1,"handle_status":8,"order_type":"2","areaid":"420102","item_id":156},{"address":"江苏省","access_date":"2017-03-11 16:25:47","account":"j***c","quantity":1,"handle_status":8,"order_type":"2","areaid":"320923","item_id":156},{"address":"湖南省","access_date":"2017-03-11 15:50:08","account":"周***0","quantity":1,"handle_status":-6,"order_type":"2","areaid":"430104","item_id":156},{"address":"辽宁省","access_date":"2017-03-11 15:15:34","account":"一***已","quantity":2,"handle_status":8,"order_type":"2","areaid":"210803","item_id":156},{"address":"浙江省","access_date":"2017-03-11 15:13:23","account":"z***x","quantity":1,"handle_status":-6,"order_type":"2","areaid":"330102","item_id":156},{"address":"湖北省","access_date":"2017-03-11 14:06:11","account":"x***5","quantity":2,"handle_status":8,"order_type":"2","areaid":"420106","item_id":156},{"address":"福建省","access_date":"2017-03-11 14:04:30","account":"c***0","quantity":1,"handle_status":8,"order_type":"2","areaid":"350629","item_id":156},{"address":"上海市","access_date":"2017-03-11 13:02:45","account":"吴***8","quantity":1,"handle_status":8,"order_type":"2","areaid":"310120","item_id":156},{"address":"湖南省","access_date":"2017-03-11 12:58:29","account":"J***3","quantity":1,"handle_status":8,"order_type":"2","areaid":"431081","item_id":156},{"address":"河北省","access_date":"2017-03-11 12:34:23","account":"恒***业","quantity":1,"handle_status":8,"order_type":"2","areaid":"130526","item_id":156},{"address":"陕西省","access_date":"2017-03-11 11:03:49","account":"c***s","quantity":2,"handle_status":7,"order_type":"2","areaid":"610102","item_id":156},{"address":"上海市","access_date":"2017-03-11 10:29:10","account":"j***h","quantity":1,"handle_status":8,"order_type":"2","areaid":"310105","item_id":156},{"address":"山东省","access_date":"2017-03-11 10:20:22","account":"l***8","quantity":1,"handle_status":8,"order_type":"2","areaid":"370285","item_id":156},{"address":"广东省","access_date":"2017-03-11 09:59:08","account":"s***5","quantity":1,"handle_status":8,"order_type":"2","areaid":"440307","item_id":156},{"address":"浙江省","access_date":"2017-03-11 09:37:44","account":"z***5","quantity":1,"handle_status":8,"order_type":"2","areaid":"330702","item_id":156},{"address":"黑龙江省","access_date":"2017-03-11 08:48:22","account":"s***8","quantity":1,"handle_status":8,"order_type":"2","areaid":"230781","item_id":156},{"address":"江苏省","access_date":"2017-03-11 08:35:09","account":"p***0","quantity":1,"handle_status":8,"order_type":"2","areaid":"320582","item_id":156},{"address":"内蒙古自治区","access_date":"2017-03-11 08:01:00","account":"x***6","quantity":1,"handle_status":8,"order_type":"2","areaid":"150204","item_id":156},{"address":"江苏省","access_date":"2017-03-11 05:08:28","account":"铁***销","quantity":1,"handle_status":8,"order_type":"2","areaid":"320115","item_id":156},{"address":"甘肃省","access_date":"2017-03-11 00:58:24","account":"1***6","quantity":1,"handle_status":8,"order_type":"2","areaid":"620102","item_id":156},{"address":"广东省","access_date":"2017-03-11 00:38:46","account":"元***兄","quantity":1,"handle_status":8,"order_type":"2","areaid":"ff8080814cd0d0f4014cd571e2a50002","item_id":156},{"address":"安徽省","access_date":"2017-03-10 23:40:44","account":"1***7","quantity":1,"handle_status":8,"order_type":"2","areaid":"340403","item_id":156},{"address":"江苏省","access_date":"2017-03-10 23:12:20","account":"双***灭","quantity":1,"handle_status":8,"order_type":"2","areaid":"320602","item_id":156},{"address":"山东省","access_date":"2017-03-10 22:31:34","account":"r***5","quantity":1,"handle_status":8,"order_type":"2","areaid":"370211","item_id":156},{"address":"吉林省","access_date":"2017-03-10 21:54:18","account":"1***5","quantity":1,"handle_status":8,"order_type":"2","areaid":"220104","item_id":156},{"address":"宁夏回族自治区","access_date":"2017-03-10 21:42:22","account":"q***3","quantity":1,"handle_status":8,"order_type":"2","areaid":"640105","item_id":156},{"address":"浙江省","access_date":"2017-03-10 21:11:15","account":"前***灿","quantity":1,"handle_status":8,"order_type":"2","areaid":"330726","item_id":156},{"address":"湖南省","access_date":"2017-03-10 20:59:17","account":"1***2","quantity":1,"handle_status":8,"order_type":"2","areaid":"430524","item_id":156},{"address":"上海市","access_date":"2017-03-10 20:54:19","account":"k***j","quantity":1,"handle_status":8,"order_type":"2","areaid":"310112","item_id":156},{"address":"北京市","access_date":"2017-03-10 20:51:42","account":"1***7","quantity":2,"handle_status":8,"order_type":"2","areaid":"110106","item_id":156},{"address":"上海市","access_date":"2017-03-10 20:11:50","account":"z***d","quantity":1,"handle_status":-6,"order_type":"2","areaid":"310101","item_id":156},{"address":"北京市","access_date":"2017-03-10 20:08:44","account":"蒋***琪","quantity":1,"handle_status":8,"order_type":"2","areaid":"110105","item_id":156},{"address":"广东省","access_date":"2017-03-10 20:07:50","account":"g***6","quantity":1,"handle_status":8,"order_type":"2","areaid":"440112","item_id":156},{"address":"北京市","access_date":"2017-03-10 20:07:08","account":"蒋***琪","quantity":1,"handle_status":8,"order_type":"2","areaid":"110105","item_id":156},{"address":"浙江省","access_date":"2017-03-10 20:07:04","account":"s***7","quantity":1,"handle_status":8,"order_type":"2","areaid":"330104","item_id":156},{"address":"北京市","access_date":"2017-03-10 19:57:52","account":"k***n","quantity":2,"handle_status":8,"order_type":"2","areaid":"110105","item_id":156},{"address":"湖北省","access_date":"2017-03-10 19:55:41","account":"1***3","quantity":1,"handle_status":8,"order_type":"2","areaid":"420106","item_id":156},{"address":"湖南省","access_date":"2017-03-10 19:49:22","account":"l***2","quantity":1,"handle_status":8,"order_type":"2","areaid":"430405","item_id":156},{"address":"江苏省","access_date":"2017-03-10 18:10:48","account":"木***人","quantity":1,"handle_status":8,"order_type":"2","areaid":"320404","item_id":156},{"address":"辽宁省","access_date":"2017-03-10 18:05:42","account":"c***8","quantity":2,"handle_status":8,"order_type":"2","areaid":"210302","item_id":156},{"address":"辽宁省","access_date":"2017-03-10 17:51:15","account":"d***1","quantity":1,"handle_status":8,"order_type":"2","areaid":"210202","item_id":156},{"address":"山东省","access_date":"2017-03-10 17:43:57","account":"q***n","quantity":1,"handle_status":8,"order_type":"2","areaid":"370213","item_id":156},{"address":"青海省","access_date":"2017-03-10 17:37:35","account":"q***n","quantity":1,"handle_status":8,"order_type":"2","areaid":"630103","item_id":156},{"address":"辽宁省","access_date":"2017-03-10 17:23:44","account":"p***g","quantity":1,"handle_status":-6,"order_type":"2","areaid":"211002","item_id":156},{"address":"甘肃省","access_date":"2017-03-10 17:15:30","account":"Z***g","quantity":1,"handle_status":-6,"order_type":"2","areaid":"620102","item_id":156},{"address":"上海市","access_date":"2017-03-10 17:04:27","account":"E***Z","quantity":1,"handle_status":8,"order_type":"2","areaid":"310115","item_id":156},{"address":"广西壮族自治区","access_date":"2017-03-10 16:49:33","account":"阿***宽","quantity":1,"handle_status":8,"order_type":"2","areaid":"450621","item_id":156},{"address":"浙江省","access_date":"2017-03-10 16:41:14","account":"c***0","quantity":1,"handle_status":8,"order_type":"2","areaid":"330302","item_id":156},{"address":"广东省","access_date":"2017-03-10 16:40:58","account":"e***3","quantity":1,"handle_status":8,"order_type":"2","areaid":"440106","item_id":156},{"address":"新疆维吾尔自治区","access_date":"2017-03-10 16:35:43","account":"4***3","quantity":1,"handle_status":8,"order_type":"2","areaid":"654202","item_id":156},{"address":"浙江省","access_date":"2017-03-10 16:34:41","account":"x***9","quantity":1,"handle_status":8,"order_type":"2","areaid":"330104","item_id":156},{"address":"北京市","access_date":"2017-03-10 16:32:15","account":"t***u","quantity":1,"handle_status":8,"order_type":"2","areaid":"110108","item_id":156},{"address":"陕西省","access_date":"2017-03-10 16:27:53","account":"1***9","quantity":1,"handle_status":-6,"order_type":"2","areaid":"610302","item_id":156},{"address":"上海市","access_date":"2017-03-10 16:20:04","account":"c***a","quantity":1,"handle_status":8,"order_type":"2","areaid":"310105","item_id":156},{"address":"浙江省","access_date":"2017-03-10 16:15:58","account":"z***5","quantity":1,"handle_status":8,"order_type":"2","areaid":"330483","item_id":156},{"address":"广东省","access_date":"2017-03-10 16:11:21","account":"a***9","quantity":1,"handle_status":8,"order_type":"2","areaid":"ff8080814cd0d0f4014cd571e2a50002","item_id":156},{"address":"陕西省","access_date":"2017-03-10 16:10:19","account":"1***9","quantity":1,"handle_status":-6,"order_type":"2","areaid":"610302","item_id":156},{"address":"上海市","access_date":"2017-03-10 16:06:30","account":"x***e","quantity":1,"handle_status":-6,"order_type":"2","areaid":"310117","item_id":156},{"address":"甘肃省","access_date":"2017-03-10 16:04:31","account":"李***龙","quantity":2,"handle_status":8,"order_type":"2","areaid":"621002","item_id":156},{"address":"湖北省","access_date":"2017-03-10 16:03:33","account":"0***3","quantity":1,"handle_status":8,"order_type":"2","areaid":"420103","item_id":156},{"address":"江苏省","access_date":"2017-03-10 16:02:24","account":"别***3","quantity":1,"handle_status":8,"order_type":"2","areaid":"320211","item_id":156},{"address":"江苏省","access_date":"2017-03-10 16:01:00","account":"1***7","quantity":2,"handle_status":8,"order_type":"2","areaid":"320106","item_id":156},{"address":"江苏省","access_date":"2017-03-10 15:57:19","account":"z***b","quantity":1,"handle_status":8,"order_type":"2","areaid":"320115","item_id":156},{"address":"北京市","access_date":"2017-03-10 15:51:57","account":"1***5","quantity":1,"handle_status":8,"order_type":"2","areaid":"110105","item_id":156},{"address":"广西壮族自治区","access_date":"2017-03-10 15:48:31","account":"1***6","quantity":1,"handle_status":8,"order_type":"2","areaid":"450603","item_id":156},{"address":"江西省","access_date":"2017-03-10 15:47:12","account":"宝***考","quantity":1,"handle_status":8,"order_type":"2","areaid":"360111","item_id":156},{"address":"浙江省","access_date":"2017-03-10 15:36:58","account":"雾***0","quantity":1,"handle_status":8,"order_type":"2","areaid":"330702","item_id":156},{"address":"湖南省","access_date":"2017-03-10 15:34:30","account":"1***7","quantity":1,"handle_status":8,"order_type":"2","areaid":"430281","item_id":156},{"address":"云南省","access_date":"2017-03-10 15:29:31","account":"假***球","quantity":1,"handle_status":8,"order_type":"2","areaid":"530721","item_id":156},{"address":"河南省","access_date":"2017-03-10 15:28:33","account":"1***4","quantity":1,"handle_status":-6,"order_type":"2","areaid":"410185","item_id":156},{"address":"内蒙古自治区","access_date":"2017-03-10 15:09:24","account":"a***t","quantity":1,"handle_status":8,"order_type":"2","areaid":"150102","item_id":156},{"address":"内蒙古自治区","access_date":"2017-03-10 15:08:46","account":"1***6","quantity":1,"handle_status":8,"order_type":"2","areaid":"150426","item_id":156},{"address":"江西省","access_date":"2017-03-10 15:06:15","account":"e***6","quantity":1,"handle_status":8,"order_type":"2","areaid":"360983","item_id":156},{"address":"浙江省","access_date":"2017-03-10 15:00:46","account":"1***9","quantity":1,"handle_status":8,"order_type":"2","areaid":"330212","item_id":156},{"address":"上海市","access_date":"2017-03-10 15:00:17","account":"1***8","quantity":1,"handle_status":8,"order_type":"2","areaid":"310112","item_id":156},{"address":"山东省","access_date":"2017-03-10 14:54:02","account":"1***6","quantity":1,"handle_status":-6,"order_type":"2","areaid":"371728","item_id":156},{"address":"湖南省","access_date":"2017-03-10 14:50:29","account":"y***6","quantity":2,"handle_status":8,"order_type":"2","areaid":"430203","item_id":156},{"address":"广西壮族自治区","access_date":"2017-03-10 14:49:24","account":"l***4","quantity":1,"handle_status":8,"order_type":"2","areaid":"450105","item_id":156},{"address":"浙江省","access_date":"2017-03-10 14:46:10","account":"精***精","quantity":2,"handle_status":-6,"order_type":"2","areaid":"330302","item_id":156},{"address":"安徽省","access_date":"2017-03-10 14:43:20","account":"l***g","quantity":2,"handle_status":-6,"order_type":"2","areaid":"340702","item_id":156},{"address":"福建省","access_date":"2017-03-10 14:42:54","account":"j***e","quantity":1,"handle_status":8,"order_type":"2","areaid":"350702","item_id":156},{"address":"江苏省","access_date":"2017-03-10 14:42:38","account":"g***n","quantity":1,"handle_status":8,"order_type":"2","areaid":"321003","item_id":156},{"address":"河北省","access_date":"2017-03-10 14:42:29","account":"1***7","quantity":1,"handle_status":8,"order_type":"2","areaid":"130181","item_id":156},{"address":"山东省","access_date":"2017-03-10 14:42:26","account":"s***n","quantity":1,"handle_status":8,"order_type":"2","areaid":"370705","item_id":156},{"address":"湖南省","access_date":"2017-03-10 14:40:14","account":"1***9","quantity":1,"handle_status":8,"order_type":"2","areaid":"430111","item_id":156},{"address":"湖北省","access_date":"2017-03-10 14:39:22","account":"1***5","quantity":1,"handle_status":8,"order_type":"2","areaid":"420106","item_id":156},{"address":"浙江省","access_date":"2017-03-10 14:37:16","account":"海***9","quantity":1,"handle_status":8,"order_type":"2","areaid":"331002","item_id":156},{"address":"河南省","access_date":"2017-03-10 14:36:49","account":"王***亮","quantity":1,"handle_status":8,"order_type":"2","areaid":"410105","item_id":156},{"address":"福建省","access_date":"2017-03-10 14:34:40","account":"c***3","quantity":1,"handle_status":8,"order_type":"2","areaid":"350505","item_id":156},{"address":"上海市","access_date":"2017-03-10 14:34:03","account":"j***0","quantity":1,"handle_status":8,"order_type":"2","areaid":"310115","item_id":156},{"address":"浙江省","access_date":"2017-03-10 14:33:51","account":"p***2","quantity":1,"handle_status":-4,"order_type":"2","areaid":"331004","item_id":156},{"address":"江苏省","access_date":"2017-03-10 14:31:08","account":"浪***恒","quantity":1,"handle_status":8,"order_type":"2","areaid":"320506","item_id":156},{"address":"山西省","access_date":"2017-03-10 14:31:01","account":"1***4","quantity":2,"handle_status":8,"order_type":"2","areaid":"140109","item_id":156},{"address":"黑龙江省","access_date":"2017-03-10 14:31:01","account":"h***8","quantity":1,"handle_status":8,"order_type":"2","areaid":"231002","item_id":156},{"address":"河南省","access_date":"2017-03-10 14:29:54","account":"1***7","quantity":2,"handle_status":-6,"order_type":"2","areaid":"410902","item_id":156},{"address":"河南省","access_date":"2017-03-10 14:29:45","account":"z***8","quantity":1,"handle_status":8,"order_type":"2","areaid":"411602","item_id":156},{"address":"北京市","access_date":"2017-03-10 14:29:29","account":"o***h","quantity":1,"handle_status":-6,"order_type":"2","areaid":"110108","item_id":156},{"address":"河北省","access_date":"2017-03-10 14:28:02","account":"呵***啊","quantity":1,"handle_status":7,"order_type":"2","areaid":"130102","item_id":156},{"address":"安徽省","access_date":"2017-03-10 14:27:30","account":"w***8","quantity":1,"handle_status":8,"order_type":"2","areaid":"340303","item_id":156},{"address":"江苏省","access_date":"2017-03-10 14:26:54","account":"1***8","quantity":2,"handle_status":8,"order_type":"2","areaid":"320115","item_id":156},{"address":"上海市","access_date":"2017-03-10 14:26:03","account":"d***e","quantity":1,"handle_status":8,"order_type":"2","areaid":"310109","item_id":156},{"address":"福建省","access_date":"2017-03-10 14:25:53","account":"v***s","quantity":1,"handle_status":8,"order_type":"2","areaid":"350103","item_id":156},{"address":"广东省","access_date":"2017-03-10 14:25:41","account":"y***8","quantity":1,"handle_status":8,"order_type":"2","areaid":"ff8080814cd0d0f4014cd571e2a50002","item_id":156},{"address":"山东省","access_date":"2017-03-10 14:24:53","account":"j***8","quantity":1,"handle_status":8,"order_type":"2","areaid":"370681","item_id":156},{"address":"上海市","access_date":"2017-03-10 14:24:48","account":"J***6","quantity":1,"handle_status":8,"order_type":"2","areaid":"310120","item_id":156},{"address":"安徽省","access_date":"2017-03-10 14:24:13","account":"1***3","quantity":2,"handle_status":8,"order_type":"2","areaid":"340702","item_id":156},{"address":"河北省","access_date":"2017-03-10 14:23:44","account":"1***7","quantity":1,"handle_status":-6,"order_type":"2","areaid":"130108","item_id":156},{"address":"河北省","access_date":"2017-03-10 14:23:41","account":"嘉***8","quantity":2,"handle_status":8,"order_type":"2","areaid":"130302","item_id":156},{"address":"江苏省","access_date":"2017-03-10 14:22:55","account":"李***祥","quantity":2,"handle_status":8,"order_type":"2","areaid":"320311","item_id":156},{"address":"黑龙江省","access_date":"2017-03-10 14:22:41","account":"1***1","quantity":1,"handle_status":-6,"order_type":"2","areaid":"230110","item_id":156},{"address":"江苏省","access_date":"2017-03-10 14:22:32","account":"s***n","quantity":1,"handle_status":8,"order_type":"2","areaid":"320105","item_id":156},{"address":"广东省","access_date":"2017-03-10 14:21:31","account":"y***7","quantity":1,"handle_status":8,"order_type":"2","areaid":"440111","item_id":156},{"address":"上海市","access_date":"2017-03-10 14:21:20","account":"g***g","quantity":1,"handle_status":-6,"order_type":"2","areaid":"310115","item_id":156},{"address":"江西省","access_date":"2017-03-10 14:21:00","account":"1***9","quantity":1,"handle_status":8,"order_type":"2","areaid":"360727","item_id":156},{"address":"广东省","access_date":"2017-03-10 14:20:35","account":"q***i","quantity":1,"handle_status":8,"order_type":"2","areaid":"440105","item_id":156},{"address":"新疆维吾尔自治区","access_date":"2017-03-10 14:20:31","account":"小***1","quantity":1,"handle_status":8,"order_type":"2","areaid":"650106","item_id":156},{"address":"北京市","access_date":"2017-03-10 14:20:28","account":"w***n","quantity":1,"handle_status":8,"order_type":"2","areaid":"110115","item_id":156},{"address":"浙江省","access_date":"2017-03-10 14:20:27","account":"y***8","quantity":2,"handle_status":8,"order_type":"2","areaid":"330122","item_id":156},{"address":"江苏省","access_date":"2017-03-10 14:20:27","account":"1***9","quantity":1,"handle_status":8,"order_type":"2","areaid":"320506","item_id":156},{"address":"山西省","access_date":"2017-03-10 14:20:03","account":"1***7","quantity":2,"handle_status":8,"order_type":"2","areaid":"140109","item_id":156},{"address":"广东省","access_date":"2017-03-10 14:19:33","account":"s***h","quantity":1,"handle_status":8,"order_type":"2","areaid":"440304","item_id":156},{"address":"北京市","access_date":"2017-03-10 14:19:17","account":"1***9","quantity":1,"handle_status":8,"order_type":"2","areaid":"110108","item_id":156},{"address":"吉林省","access_date":"2017-03-10 14:19:08","account":"y***n","quantity":1,"handle_status":8,"order_type":"2","areaid":"220402","item_id":156},{"address":"上海市","access_date":"2017-03-10 14:19:02","account":"华***庄","quantity":1,"handle_status":-6,"order_type":"2","areaid":"310101","item_id":156},{"address":"贵州省","access_date":"2017-03-10 14:18:46","account":"陈***明","quantity":1,"handle_status":8,"order_type":"2","areaid":"520111","item_id":156},{"address":"四川省","access_date":"2017-03-10 14:18:44","account":"7***9","quantity":1,"handle_status":8,"order_type":"2","areaid":"511102","item_id":156},{"address":"河南省","access_date":"2017-03-10 14:18:41","account":"1***5","quantity":2,"handle_status":-6,"order_type":"2","areaid":"410322","item_id":156},{"address":"四川省","access_date":"2017-03-10 14:18:17","account":"皓***杯","quantity":1,"handle_status":8,"order_type":"2","areaid":"510107","item_id":156},{"address":"山东省","access_date":"2017-03-10 14:18:13","account":"c***j","quantity":1,"handle_status":8,"order_type":"2","areaid":"370502","item_id":156},{"address":"北京市","access_date":"2017-03-10 14:18:12","account":"岳***弟","quantity":1,"handle_status":8,"order_type":"2","areaid":"110108","item_id":156},{"address":"四川省","access_date":"2017-03-10 14:18:00","account":"h***r","quantity":1,"handle_status":8,"order_type":"2","areaid":"510108","item_id":156},{"address":"江苏省","access_date":"2017-03-10 14:17:55","account":"1***5","quantity":2,"handle_status":8,"order_type":"2","areaid":"320722","item_id":156},{"address":"浙江省","access_date":"2017-03-10 14:17:54","account":"钱***霞","quantity":2,"handle_status":8,"order_type":"2","areaid":"330106","item_id":156},{"address":"安徽省","access_date":"2017-03-10 14:17:45","account":"a***狼","quantity":1,"handle_status":8,"order_type":"2","areaid":"340403","item_id":156},{"address":"山东省","access_date":"2017-03-10 14:17:41","account":"1***0","quantity":1,"handle_status":8,"order_type":"2","areaid":"370112","item_id":156},{"address":"河北省","access_date":"2017-03-10 14:17:30","account":"w***7","quantity":1,"handle_status":8,"order_type":"2","areaid":"130602","item_id":156},{"address":"广东省","access_date":"2017-03-10 14:17:26","account":"g***u","quantity":1,"handle_status":8,"order_type":"2","areaid":"440106","item_id":156},{"address":"上海市","access_date":"2017-03-10 14:17:05","account":"z***8","quantity":2,"handle_status":-6,"order_type":"2","areaid":"310107","item_id":156},{"address":"浙江省","access_date":"2017-03-10 14:16:59","account":"q***j","quantity":1,"handle_status":8,"order_type":"2","areaid":"331121","item_id":156},{"address":"江苏省","access_date":"2017-03-10 14:16:33","account":"1***7","quantity":1,"handle_status":8,"order_type":"2","areaid":"320102","item_id":156},{"address":"福建省","access_date":"2017-03-10 14:16:26","account":"太***8","quantity":1,"handle_status":8,"order_type":"2","areaid":"350402","item_id":156},{"address":"内蒙古自治区","access_date":"2017-03-10 14:15:38","account":"b***d","quantity":1,"handle_status":8,"order_type":"2","areaid":"150207","item_id":156},{"address":"江苏省","access_date":"2017-03-10 14:15:18","account":"k***3","quantity":2,"handle_status":-6,"order_type":"2","areaid":"320115","item_id":156},{"address":"江苏省","access_date":"2017-03-10 14:15:13","account":"1***6","quantity":2,"handle_status":-6,"order_type":"2","areaid":"320113","item_id":156},{"address":"山东省","access_date":"2017-03-10 14:14:43","account":"1***0","quantity":1,"handle_status":8,"order_type":"2","areaid":"370112","item_id":156},{"address":"山东省","access_date":"2017-03-10 14:14:37","account":"2***g","quantity":1,"handle_status":8,"order_type":"2","areaid":"370602","item_id":156},{"address":"湖南省","access_date":"2017-03-10 14:14:15","account":"1***3","quantity":2,"handle_status":8,"order_type":"2","areaid":"431121","item_id":156},{"address":"重庆市","access_date":"2017-03-10 14:14:03","account":"z***6","quantity":1,"handle_status":-6,"order_type":"2","areaid":"500112","item_id":156},{"address":"山东省","access_date":"2017-03-10 14:13:56","account":"金***心","quantity":2,"handle_status":8,"order_type":"2","areaid":"370902","item_id":156},{"address":"广东省","access_date":"2017-03-10 14:13:52","account":"1***3","quantity":2,"handle_status":8,"order_type":"2","areaid":"440604","item_id":156},{"address":"湖南省","access_date":"2017-03-10 14:13:45","account":"密***思","quantity":1,"handle_status":8,"order_type":"2","areaid":"430802","item_id":156},{"address":"湖北省","access_date":"2017-03-10 14:13:44","account":"l***g","quantity":1,"handle_status":8,"order_type":"2","areaid":"420102","item_id":156},{"address":"河北省","access_date":"2017-03-10 14:13:40","account":"m***j","quantity":1,"handle_status":8,"order_type":"2","areaid":"130503","item_id":156},{"address":"湖北省","access_date":"2017-03-10 14:13:24","account":"b***9","quantity":1,"handle_status":8,"order_type":"2","areaid":"420102","item_id":156},{"address":"上海市","access_date":"2017-03-10 14:12:57","account":"1***5","quantity":1,"handle_status":8,"order_type":"2","areaid":"310110","item_id":156},{"address":"湖北省","access_date":"2017-03-10 14:12:38","account":"y***7","quantity":2,"handle_status":8,"order_type":"2","areaid":"421201","item_id":156},{"address":"辽宁省","access_date":"2017-03-10 14:12:30","account":"m***a","quantity":1,"handle_status":-6,"order_type":"2","areaid":"210105","item_id":156},{"address":"四川省","access_date":"2017-03-10 14:11:48","account":"x***8","quantity":1,"handle_status":8,"order_type":"2","areaid":"510105","item_id":156},{"address":"浙江省","access_date":"2017-03-10 14:10:48","account":"w***j","quantity":1,"handle_status":8,"order_type":"2","areaid":"330204","item_id":156},{"address":"浙江省","access_date":"2017-03-10 14:10:48","account":"q***n","quantity":1,"handle_status":-6,"order_type":"2","areaid":"330621","item_id":156},{"address":"江苏省","access_date":"2017-03-10 14:10:43","account":"1***5","quantity":1,"handle_status":8,"order_type":"2","areaid":"320104","item_id":156},{"address":"安徽省","access_date":"2017-03-10 14:10:25","account":"d***n","quantity":1,"handle_status":-6,"order_type":"2","areaid":"340104","item_id":156},{"address":"上海市","access_date":"2017-03-10 14:10:17","account":"o***3","quantity":1,"handle_status":8,"order_type":"2","areaid":"310109","item_id":156},{"address":"云南省","access_date":"2017-03-10 14:09:55","account":"小***臣","quantity":1,"handle_status":8,"order_type":"2","areaid":"532501","item_id":156},{"address":"湖南省","access_date":"2017-03-10 14:09:47","account":"刘***淳","quantity":1,"handle_status":8,"order_type":"2","areaid":"430304","item_id":156},{"address":"上海市","access_date":"2017-03-10 14:09:39","account":"l***q","quantity":2,"handle_status":-6,"order_type":"2","areaid":"310101","item_id":156},{"address":"湖北省","access_date":"2017-03-10 14:09:35","account":"5***7","quantity":1,"handle_status":8,"order_type":"2","areaid":"420106","item_id":156},{"address":"四川省","access_date":"2017-03-10 14:09:27","account":"s***n","quantity":1,"handle_status":8,"order_type":"2","areaid":"510107","item_id":156},{"address":"安徽省","access_date":"2017-03-10 14:08:48","account":"杨***5","quantity":2,"handle_status":8,"order_type":"2","areaid":"340403","item_id":156},{"address":"江苏省","access_date":"2017-03-10 14:08:28","account":"w***r","quantity":1,"handle_status":8,"order_type":"2","areaid":"320114","item_id":156},{"address":"北京市","access_date":"2017-03-10 14:08:23","account":"1***9","quantity":1,"handle_status":8,"order_type":"2","areaid":"110105","item_id":156},{"address":"江苏省","access_date":"2017-03-10 14:05:36","account":"m***h","quantity":1,"handle_status":-6,"order_type":"2","areaid":"320281","item_id":156},{"address":"上海市","access_date":"2017-03-10 14:04:28","account":"C***g","quantity":2,"handle_status":8,"order_type":"2","areaid":"310105","item_id":156},{"address":"广东省","access_date":"2017-03-10 14:02:55","account":"d***8","quantity":1,"handle_status":8,"order_type":"2","areaid":"441224","item_id":156},{"address":"安徽省","access_date":"2017-03-10 14:02:49","account":"张***飞","quantity":1,"handle_status":8,"order_type":"2","areaid":"340521","item_id":156},{"address":"山东省","access_date":"2017-03-10 14:02:15","account":"1***5","quantity":1,"handle_status":-4,"order_type":"2","areaid":"370481","item_id":156},{"address":"北京市","access_date":"2017-03-10 14:02:15","account":"1***0","quantity":2,"handle_status":8,"order_type":"2","areaid":"110111","item_id":156}]