[{"address":"内蒙古自治区","access_date":"2015-09-29 20:22:22","account":"0***0","quantity":2,"handle_status":8,"order_type":"2","areaid":"150621","item_id":10},{"address":"浙江省","access_date":"2015-09-29 19:01:30","account":"l***z","quantity":1,"handle_status":8,"order_type":"2","areaid":"330103","item_id":10},{"address":"广东省","access_date":"2015-09-29 18:53:03","account":"1***4","quantity":1,"handle_status":8,"order_type":"2","areaid":"440605","item_id":10},{"address":"湖南省","access_date":"2015-09-29 17:44:50","account":"焦***峰","quantity":1,"handle_status":8,"order_type":"2","areaid":"430702","item_id":10}]