[{"address":"北京市","access_date":"2017-04-08 15:49:43","account":"时***芳","quantity":1,"handle_status":5,"order_type":"2","areaid":"110105","item_id":125},{"address":"广西壮族自治区","access_date":"2017-04-07 15:26:13","account":"不***A","quantity":1,"handle_status":5,"order_type":"2","areaid":"450302","item_id":125},{"address":"湖北省","access_date":"2017-04-07 10:04:07","account":"d***w","quantity":1,"handle_status":5,"order_type":"2","areaid":"420104","item_id":125},{"address":"山东省","access_date":"2017-04-06 14:56:40","account":"y***0","quantity":1,"handle_status":5,"order_type":"2","areaid":"370211","item_id":125},{"address":"广东省","access_date":"2017-04-06 12:41:59","account":"j***s","quantity":1,"handle_status":5,"order_type":"2","areaid":"440113","item_id":125},{"address":"广西壮族自治区","access_date":"2017-04-05 15:05:21","account":"z***7","quantity":1,"handle_status":5,"order_type":"2","areaid":"450204","item_id":125},{"address":"广东省","access_date":"2017-04-05 14:33:46","account":"Z***L","quantity":1,"handle_status":5,"order_type":"2","areaid":"440306","item_id":125},{"address":"湖北省","access_date":"2017-03-21 16:17:42","account":"s***衫","quantity":1,"handle_status":8,"order_type":"2","areaid":"420802","item_id":125},{"address":"广东省","access_date":"2017-03-21 11:56:25","account":"无***终","quantity":1,"handle_status":8,"order_type":"2","areaid":"ff8080814cd0d0f4014cd571e2a50002","item_id":125},{"address":"四川省","access_date":"2017-03-21 11:41:20","account":"1***2","quantity":1,"handle_status":8,"order_type":"2","areaid":"510301","item_id":125},{"address":"上海市","access_date":"2017-03-21 09:48:25","account":"c***n","quantity":1,"handle_status":8,"order_type":"2","areaid":"310104","item_id":125},{"address":"广东省","access_date":"2017-03-18 13:58:27","account":"周***辉","quantity":1,"handle_status":8,"order_type":"2","areaid":"ff8080814cd0d0f4014cd571e2a50002","item_id":125},{"address":"辽宁省","access_date":"2017-03-18 11:29:37","account":"S***6","quantity":1,"handle_status":8,"order_type":"2","areaid":"210105","item_id":125},{"address":"江苏省","access_date":"2017-03-17 13:46:51","account":"我***币","quantity":1,"handle_status":8,"order_type":"2","areaid":"320583","item_id":125},{"address":"重庆市","access_date":"2017-03-17 12:01:33","account":"j***y","quantity":1,"handle_status":8,"order_type":"2","areaid":"500112","item_id":125},{"address":"上海市","access_date":"2017-03-17 10:37:29","account":"j***9","quantity":1,"handle_status":8,"order_type":"2","areaid":"310105","item_id":125},{"address":"上海市","access_date":"2017-03-17 10:24:26","account":"c***n","quantity":1,"handle_status":8,"order_type":"2","areaid":"310115","item_id":125},{"address":"上海市","access_date":"2017-03-16 15:07:27","account":"唐***辰","quantity":1,"handle_status":8,"order_type":"2","areaid":"310110","item_id":125},{"address":"山西省","access_date":"2017-03-16 13:45:22","account":"1***7","quantity":1,"handle_status":8,"order_type":"2","areaid":"140522","item_id":125},{"address":"江苏省","access_date":"2017-03-16 11:11:33","account":"y***n","quantity":1,"handle_status":8,"order_type":"2","areaid":"320402","item_id":125},{"address":"安徽省","access_date":"2017-03-16 10:16:36","account":"p***1","quantity":1,"handle_status":8,"order_type":"2","areaid":"340202","item_id":125},{"address":"安徽省","access_date":"2017-03-16 10:07:37","account":"y***8","quantity":1,"handle_status":8,"order_type":"2","areaid":"341622","item_id":125},{"address":"广东省","access_date":"2017-03-16 09:44:54","account":"盛***象","quantity":1,"handle_status":8,"order_type":"2","areaid":"440103","item_id":125},{"address":"甘肃省","access_date":"2017-03-16 09:39:43","account":"2***g","quantity":1,"handle_status":7,"order_type":"2","areaid":"621025","item_id":125},{"address":"江西省","access_date":"2017-03-15 14:03:41","account":"1***9","quantity":1,"handle_status":8,"order_type":"2","areaid":"360727","item_id":125},{"address":"上海市","access_date":"2017-03-15 12:18:52","account":"h***u","quantity":1,"handle_status":8,"order_type":"2","areaid":"310107","item_id":125},{"address":"上海市","access_date":"2017-03-15 11:37:43","account":"e***j","quantity":1,"handle_status":8,"order_type":"2","areaid":"310107","item_id":125},{"address":"山东省","access_date":"2017-03-15 09:40:21","account":"l***5","quantity":2,"handle_status":8,"order_type":"2","areaid":"370306","item_id":125},{"address":"河北省","access_date":"2017-03-14 15:06:16","account":"c***f","quantity":1,"handle_status":8,"order_type":"2","areaid":"130108","item_id":125},{"address":"四川省","access_date":"2017-03-14 13:46:11","account":"l***f","quantity":1,"handle_status":8,"order_type":"2","areaid":"510107","item_id":125},{"address":"广东省","access_date":"2017-03-14 13:01:19","account":"叶***玲","quantity":1,"handle_status":8,"order_type":"2","areaid":"445321","item_id":125},{"address":"浙江省","access_date":"2017-03-14 12:52:36","account":"1***7","quantity":1,"handle_status":8,"order_type":"2","areaid":"330327","item_id":125},{"address":"山西省","access_date":"2017-03-14 12:40:50","account":"j***1","quantity":1,"handle_status":8,"order_type":"2","areaid":"140106","item_id":125},{"address":"陕西省","access_date":"2017-03-14 11:03:24","account":"R***尔","quantity":1,"handle_status":8,"order_type":"2","areaid":"611002","item_id":125},{"address":"江苏省","access_date":"2017-03-14 11:01:48","account":"H***1","quantity":1,"handle_status":8,"order_type":"2","areaid":"320582","item_id":125},{"address":"广东省","access_date":"2017-03-14 10:48:55","account":"q***1","quantity":1,"handle_status":8,"order_type":"2","areaid":"440106","item_id":125},{"address":"山东省","access_date":"2017-03-14 10:47:58","account":"1***7","quantity":1,"handle_status":8,"order_type":"2","areaid":"370613","item_id":125},{"address":"上海市","access_date":"2017-03-14 10:17:05","account":"s***g","quantity":1,"handle_status":8,"order_type":"2","areaid":"310112","item_id":125},{"address":"甘肃省","access_date":"2017-03-14 09:33:15","account":"1***0","quantity":1,"handle_status":8,"order_type":"2","areaid":"620102","item_id":125},{"address":"浙江省","access_date":"2017-03-14 09:31:38","account":"衣***鸥","quantity":1,"handle_status":8,"order_type":"2","areaid":"330302","item_id":125},{"address":"北京市","access_date":"2017-02-24 11:16:53","account":"1***9","quantity":1,"handle_status":8,"order_type":"2","areaid":"110108","item_id":125},{"address":"黑龙江省","access_date":"2017-02-24 10:42:30","account":"1***7","quantity":1,"handle_status":8,"order_type":"2","areaid":"230102","item_id":125},{"address":"湖南省","access_date":"2017-02-24 10:02:07","account":"1***9","quantity":1,"handle_status":8,"order_type":"2","areaid":"430102","item_id":125},{"address":"浙江省","access_date":"2017-02-24 10:02:06","account":"j***2","quantity":1,"handle_status":8,"order_type":"2","areaid":"330782","item_id":125},{"address":"江苏省","access_date":"2017-02-24 09:50:00","account":"铁***销","quantity":2,"handle_status":8,"order_type":"2","areaid":"320115","item_id":125},{"address":"河南省","access_date":"2017-02-24 09:47:13","account":"黯***芬","quantity":1,"handle_status":8,"order_type":"2","areaid":"410303","item_id":125},{"address":"浙江省","access_date":"2017-02-24 09:34:18","account":"1***8","quantity":1,"handle_status":8,"order_type":"2","areaid":"330503","item_id":125},{"address":"江西省","access_date":"2017-02-23 16:25:17","account":"j***8","quantity":1,"handle_status":8,"order_type":"2","areaid":"360103","item_id":125},{"address":"辽宁省","access_date":"2017-02-23 14:10:52","account":"G***9","quantity":1,"handle_status":8,"order_type":"2","areaid":"210503","item_id":125},{"address":"吉林省","access_date":"2017-02-23 12:37:35","account":"l***7","quantity":1,"handle_status":8,"order_type":"2","areaid":"220204","item_id":125},{"address":"浙江省","access_date":"2017-02-22 11:16:30","account":"1***8","quantity":1,"handle_status":8,"order_type":"2","areaid":"330902","item_id":125},{"address":"浙江省","access_date":"2017-02-22 11:13:42","account":"1***8","quantity":1,"handle_status":8,"order_type":"2","areaid":"330902","item_id":125},{"address":"浙江省","access_date":"2017-02-22 11:06:25","account":"1***6","quantity":1,"handle_status":8,"order_type":"2","areaid":"330324","item_id":125},{"address":"上海市","access_date":"2017-02-21 16:01:33","account":"米***鼠","quantity":1,"handle_status":8,"order_type":"2","areaid":"310115","item_id":125},{"address":"浙江省","access_date":"2017-02-21 14:57:31","account":"j***m","quantity":1,"handle_status":8,"order_type":"2","areaid":"330302","item_id":125},{"address":"上海市","access_date":"2017-02-21 14:54:34","account":"f***u","quantity":1,"handle_status":8,"order_type":"2","areaid":"310107","item_id":125},{"address":"云南省","access_date":"2017-02-21 10:16:50","account":"f***8","quantity":1,"handle_status":8,"order_type":"2","areaid":"530381","item_id":125},{"address":"北京市","access_date":"2017-02-21 10:14:20","account":"z***i","quantity":1,"handle_status":8,"order_type":"2","areaid":"110109","item_id":125},{"address":"浙江省","access_date":"2017-02-20 10:13:58","account":"y***6","quantity":1,"handle_status":8,"order_type":"2","areaid":"330110","item_id":125},{"address":"广东省","access_date":"2017-02-17 11:56:07","account":"了***猪","quantity":1,"handle_status":8,"order_type":"2","areaid":"440402","item_id":125},{"address":"江苏省","access_date":"2017-02-16 15:36:34","account":"n***6","quantity":1,"handle_status":8,"order_type":"2","areaid":"320602","item_id":125},{"address":"福建省","access_date":"2017-02-16 14:04:03","account":"l***e","quantity":1,"handle_status":8,"order_type":"2","areaid":"350981","item_id":125},{"address":"河北省","access_date":"2017-02-16 13:24:02","account":"h***e","quantity":1,"handle_status":8,"order_type":"2","areaid":"131022","item_id":125},{"address":"湖北省","access_date":"2017-02-16 09:46:04","account":"z***c","quantity":1,"handle_status":8,"order_type":"2","areaid":"421125","item_id":125},{"address":"江苏省","access_date":"2017-02-15 15:41:34","account":"w***2","quantity":1,"handle_status":8,"order_type":"2","areaid":"321302","item_id":125},{"address":"浙江省","access_date":"2017-02-15 11:20:23","account":"l***i","quantity":1,"handle_status":8,"order_type":"2","areaid":"331021","item_id":125},{"address":"广东省","access_date":"2017-02-14 10:24:55","account":"1***9","quantity":1,"handle_status":8,"order_type":"2","areaid":"ff8080814cd0d0f4014cd56f66b80001","item_id":125},{"address":"浙江省","access_date":"2017-02-14 09:58:32","account":"c***1","quantity":1,"handle_status":8,"order_type":"2","areaid":"330481","item_id":125},{"address":"北京市","access_date":"2017-02-13 14:12:03","account":"1***8","quantity":1,"handle_status":8,"order_type":"2","areaid":"110102","item_id":125},{"address":"湖北省","access_date":"2017-02-13 13:10:33","account":"q***3","quantity":1,"handle_status":8,"order_type":"2","areaid":"429005","item_id":125},{"address":"河南省","access_date":"2017-02-11 14:32:15","account":"1***1","quantity":1,"handle_status":8,"order_type":"2","areaid":"410103","item_id":125},{"address":"浙江省","access_date":"2017-02-11 12:25:24","account":"h***2","quantity":1,"handle_status":8,"order_type":"2","areaid":"330108","item_id":125},{"address":"浙江省","access_date":"2017-02-11 12:03:04","account":"q***i","quantity":1,"handle_status":8,"order_type":"2","areaid":"330324","item_id":125},{"address":"河南省","access_date":"2017-02-10 16:08:24","account":"h***n","quantity":1,"handle_status":8,"order_type":"2","areaid":"410522","item_id":125},{"address":"广东省","access_date":"2017-02-10 14:33:34","account":"7***6","quantity":1,"handle_status":8,"order_type":"2","areaid":"440705","item_id":125},{"address":"江苏省","access_date":"2017-02-10 13:55:59","account":"z***6","quantity":1,"handle_status":8,"order_type":"2","areaid":"320322","item_id":125},{"address":"安徽省","access_date":"2017-02-10 13:16:48","account":"1***9","quantity":1,"handle_status":8,"order_type":"2","areaid":"340603","item_id":125},{"address":"天津市","access_date":"2017-02-10 12:59:27","account":"马***龙","quantity":1,"handle_status":8,"order_type":"2","areaid":"120104","item_id":125},{"address":"江苏省","access_date":"2017-02-10 11:57:16","account":"1***7","quantity":1,"handle_status":8,"order_type":"2","areaid":"320506","item_id":125},{"address":"上海市","access_date":"2017-02-10 11:42:21","account":"汇***飞","quantity":1,"handle_status":8,"order_type":"2","areaid":"310114","item_id":125},{"address":"北京市","access_date":"2017-02-10 11:33:14","account":"z***i","quantity":1,"handle_status":8,"order_type":"2","areaid":"110108","item_id":125},{"address":"安徽省","access_date":"2017-02-10 11:29:30","account":"z***g","quantity":1,"handle_status":8,"order_type":"2","areaid":"340102","item_id":125},{"address":"辽宁省","access_date":"2017-02-10 10:44:40","account":"1***3","quantity":2,"handle_status":8,"order_type":"2","areaid":"210102","item_id":125},{"address":"河北省","access_date":"2017-02-10 10:35:03","account":"f***7","quantity":1,"handle_status":8,"order_type":"2","areaid":"130323","item_id":125},{"address":"河北省","access_date":"2017-02-10 10:20:55","account":"l***g","quantity":1,"handle_status":8,"order_type":"2","areaid":"130903","item_id":125},{"address":"北京市","access_date":"2017-02-10 09:54:12","account":"e***z","quantity":1,"handle_status":8,"order_type":"2","areaid":"110108","item_id":125},{"address":"江苏省","access_date":"2017-02-09 15:56:27","account":"岁***逝","quantity":1,"handle_status":8,"order_type":"2","areaid":"320204","item_id":125},{"address":"上海市","access_date":"2017-02-09 15:43:55","account":"1***7","quantity":1,"handle_status":8,"order_type":"2","areaid":"310114","item_id":125},{"address":"江苏省","access_date":"2017-01-17 10:18:46","account":"t***0","quantity":1,"handle_status":8,"order_type":"2","areaid":"320211","item_id":125},{"address":"北京市","access_date":"2017-01-16 15:01:18","account":"1***8","quantity":1,"handle_status":8,"order_type":"2","areaid":"110102","item_id":125},{"address":"河北省","access_date":"2017-01-16 13:14:16","account":"w***5","quantity":1,"handle_status":8,"order_type":"2","areaid":"130203","item_id":125},{"address":"广东省","access_date":"2017-01-16 13:06:07","account":"z***n","quantity":1,"handle_status":8,"order_type":"2","areaid":"440605","item_id":125},{"address":"广东省","access_date":"2017-01-16 11:34:10","account":"d***宝","quantity":1,"handle_status":8,"order_type":"2","areaid":"445102","item_id":125},{"address":"四川省","access_date":"2017-01-16 11:16:51","account":"1***0","quantity":1,"handle_status":8,"order_type":"2","areaid":"513401","item_id":125},{"address":"江苏省","access_date":"2017-01-16 11:01:04","account":"x***y","quantity":1,"handle_status":8,"order_type":"2","areaid":"320506","item_id":125},{"address":"甘肃省","access_date":"2017-01-16 10:51:53","account":"l***8","quantity":1,"handle_status":8,"order_type":"2","areaid":"620825","item_id":125},{"address":"江苏省","access_date":"2017-01-16 10:44:36","account":"1***3","quantity":2,"handle_status":8,"order_type":"2","areaid":"320506","item_id":125},{"address":"广东省","access_date":"2017-01-16 10:07:43","account":"z***l","quantity":1,"handle_status":8,"order_type":"2","areaid":"ff8080814cd0d0f4014cd56f66b80001","item_id":125},{"address":"浙江省","access_date":"2017-01-16 10:06:52","account":"z***9","quantity":1,"handle_status":8,"order_type":"2","areaid":"330108","item_id":125},{"address":"江苏省","access_date":"2017-01-16 09:50:28","account":"z***0","quantity":1,"handle_status":8,"order_type":"2","areaid":"320206","item_id":125},{"address":"湖北省","access_date":"2017-01-16 09:46:58","account":"f***7","quantity":1,"handle_status":8,"order_type":"2","areaid":"420502","item_id":125},{"address":"浙江省","access_date":"2017-01-16 09:42:47","account":"李***3","quantity":1,"handle_status":8,"order_type":"2","areaid":"331002","item_id":125},{"address":"山东省","access_date":"2017-01-16 09:33:52","account":"z***1","quantity":1,"handle_status":8,"order_type":"2","areaid":"370827","item_id":125},{"address":"上海市","access_date":"2017-01-16 09:30:37","account":"l***e","quantity":1,"handle_status":8,"order_type":"2","areaid":"310230","item_id":125},{"address":"江苏省","access_date":"2017-01-15 13:36:38","account":"t***n","quantity":1,"handle_status":8,"order_type":"2","areaid":"320104","item_id":125},{"address":"北京市","access_date":"2017-01-15 11:30:08","account":"k***n","quantity":1,"handle_status":8,"order_type":"2","areaid":"110105","item_id":125},{"address":"新疆维吾尔自治区","access_date":"2017-01-15 10:39:46","account":"z***j","quantity":1,"handle_status":8,"order_type":"2","areaid":"650104","item_id":125},{"address":"山东省","access_date":"2017-01-15 09:38:18","account":"德***步","quantity":1,"handle_status":8,"order_type":"2","areaid":"371402","item_id":125},{"address":"江西省","access_date":"2017-01-15 09:33:04","account":"1***8","quantity":1,"handle_status":8,"order_type":"2","areaid":"360111","item_id":125},{"address":"陕西省","access_date":"2017-01-15 09:32:35","account":"小***拔","quantity":1,"handle_status":8,"order_type":"2","areaid":"610802","item_id":125},{"address":"江西省","access_date":"2017-01-15 09:31:37","account":"1***8","quantity":1,"handle_status":8,"order_type":"2","areaid":"360111","item_id":125},{"address":"上海市","access_date":"2017-01-14 16:20:55","account":"1***6","quantity":1,"handle_status":8,"order_type":"2","areaid":"310108","item_id":125},{"address":"江苏省","access_date":"2017-01-14 13:46:09","account":"1***8","quantity":1,"handle_status":8,"order_type":"2","areaid":"320721","item_id":125},{"address":"广东省","access_date":"2017-01-14 11:49:16","account":"i***m","quantity":1,"handle_status":8,"order_type":"2","areaid":"ff8080814cd0d0f4014cd56f66b80001","item_id":125},{"address":"辽宁省","access_date":"2017-01-14 11:31:24","account":"s***8","quantity":1,"handle_status":8,"order_type":"2","areaid":"210502","item_id":125},{"address":"江西省","access_date":"2017-01-14 11:06:57","account":"尚***1","quantity":1,"handle_status":8,"order_type":"2","areaid":"360111","item_id":125},{"address":"福建省","access_date":"2017-01-14 09:38:48","account":"1***2","quantity":1,"handle_status":8,"order_type":"2","areaid":"350503","item_id":125},{"address":"黑龙江省","access_date":"2017-01-13 16:23:32","account":"t***5","quantity":1,"handle_status":8,"order_type":"2","areaid":"230110","item_id":125},{"address":"天津市","access_date":"2017-01-13 16:10:33","account":"l***a","quantity":1,"handle_status":8,"order_type":"2","areaid":"120221","item_id":125},{"address":"山西省","access_date":"2017-01-13 15:47:53","account":"l***n","quantity":1,"handle_status":8,"order_type":"2","areaid":"140105","item_id":125},{"address":"上海市","access_date":"2017-01-13 15:11:58","account":"J***2","quantity":1,"handle_status":8,"order_type":"2","areaid":"310115","item_id":125},{"address":"山西省","access_date":"2017-01-13 14:52:17","account":"y***i","quantity":1,"handle_status":8,"order_type":"2","areaid":"140821","item_id":125},{"address":"江苏省","access_date":"2017-01-13 14:51:13","account":"1***3","quantity":2,"handle_status":8,"order_type":"2","areaid":"320506","item_id":125},{"address":"山东省","access_date":"2017-01-13 14:50:11","account":"z***3","quantity":1,"handle_status":8,"order_type":"2","areaid":"370502","item_id":125},{"address":"辽宁省","access_date":"2017-01-13 14:17:10","account":"紫***7","quantity":1,"handle_status":8,"order_type":"2","areaid":"211004","item_id":125},{"address":"湖北省","access_date":"2017-01-13 14:14:57","account":"z***q","quantity":1,"handle_status":8,"order_type":"2","areaid":"421303","item_id":125},{"address":"黑龙江省","access_date":"2017-01-10 10:21:59","account":"w***1","quantity":1,"handle_status":8,"order_type":"2","areaid":"230103","item_id":125},{"address":"黑龙江省","access_date":"2017-01-10 09:50:54","account":"w***1","quantity":1,"handle_status":8,"order_type":"2","areaid":"230103","item_id":125},{"address":"山东省","access_date":"2017-01-10 09:34:33","account":"i***y","quantity":1,"handle_status":8,"order_type":"2","areaid":"370214","item_id":125},{"address":"山西省","access_date":"2017-01-10 09:32:09","account":"l***2","quantity":1,"handle_status":8,"order_type":"2","areaid":"140881","item_id":125},{"address":"河南省","access_date":"2017-01-10 09:30:35","account":"e***t","quantity":1,"handle_status":8,"order_type":"2","areaid":"410105","item_id":125},{"address":"广东省","access_date":"2017-01-09 16:26:29","account":"c***a","quantity":1,"handle_status":8,"order_type":"2","areaid":"440307","item_id":125},{"address":"陕西省","access_date":"2017-01-09 15:23:01","account":"i***t","quantity":2,"handle_status":8,"order_type":"2","areaid":"610113","item_id":125},{"address":"上海市","access_date":"2017-01-09 15:21:26","account":"s***d","quantity":1,"handle_status":8,"order_type":"2","areaid":"310110","item_id":125},{"address":"福建省","access_date":"2017-01-09 14:42:39","account":"晨***茶","quantity":1,"handle_status":8,"order_type":"2","areaid":"350206","item_id":125},{"address":"黑龙江省","access_date":"2017-01-09 14:40:34","account":"王***宇","quantity":1,"handle_status":8,"order_type":"2","areaid":"230103","item_id":125},{"address":"江苏省","access_date":"2017-01-09 14:30:59","account":"1***3","quantity":2,"handle_status":8,"order_type":"2","areaid":"320506","item_id":125},{"address":"江苏省","access_date":"2017-01-09 14:29:11","account":"s***y","quantity":1,"handle_status":8,"order_type":"2","areaid":"320203","item_id":125},{"address":"江苏省","access_date":"2017-01-09 14:27:43","account":"t***6","quantity":1,"handle_status":8,"order_type":"2","areaid":"320203","item_id":125},{"address":"浙江省","access_date":"2017-01-09 10:14:38","account":"z***c","quantity":1,"handle_status":8,"order_type":"2","areaid":"330502","item_id":125},{"address":"山东省","access_date":"2017-01-09 10:01:04","account":"k***7","quantity":1,"handle_status":8,"order_type":"2","areaid":"370112","item_id":125},{"address":"江西省","access_date":"2017-01-09 09:59:12","account":"太***迁","quantity":1,"handle_status":8,"order_type":"2","areaid":"360222","item_id":125},{"address":"上海市","access_date":"2017-01-09 09:52:54","account":"t***5","quantity":1,"handle_status":8,"order_type":"2","areaid":"310105","item_id":125},{"address":"上海市","access_date":"2017-01-09 09:37:22","account":"t***5","quantity":1,"handle_status":8,"order_type":"2","areaid":"310105","item_id":125},{"address":"上海市","access_date":"2016-12-27 15:30:54","account":"s***3","quantity":1,"handle_status":8,"order_type":"2","areaid":"310107","item_id":125},{"address":"黑龙江省","access_date":"2016-12-27 15:24:03","account":"1***1","quantity":1,"handle_status":8,"order_type":"2","areaid":"231002","item_id":125},{"address":"北京市","access_date":"2016-12-27 14:52:27","account":"x***1","quantity":1,"handle_status":8,"order_type":"2","areaid":"110108","item_id":125},{"address":"江苏省","access_date":"2016-12-27 14:21:59","account":"淘***2","quantity":1,"handle_status":8,"order_type":"2","areaid":"320581","item_id":125},{"address":"安徽省","access_date":"2016-12-27 14:11:06","account":"w***1","quantity":1,"handle_status":8,"order_type":"2","areaid":"341181","item_id":125},{"address":"辽宁省","access_date":"2016-12-27 14:04:34","account":"1***5","quantity":1,"handle_status":8,"order_type":"2","areaid":"210202","item_id":125},{"address":"江苏省","access_date":"2016-12-27 13:59:22","account":"q***7","quantity":1,"handle_status":8,"order_type":"2","areaid":"320506","item_id":125},{"address":"安徽省","access_date":"2016-12-27 13:40:36","account":"1***9","quantity":1,"handle_status":8,"order_type":"2","areaid":"340103","item_id":125},{"address":"山西省","access_date":"2016-12-27 13:16:51","account":"1***4","quantity":2,"handle_status":8,"order_type":"2","areaid":"140105","item_id":125},{"address":"黑龙江省","access_date":"2016-12-27 12:49:51","account":"黄***盗","quantity":1,"handle_status":8,"order_type":"2","areaid":"231084","item_id":125},{"address":"山西省","access_date":"2016-12-27 12:45:06","account":"1***6","quantity":1,"handle_status":8,"order_type":"2","areaid":"140109","item_id":125},{"address":"安徽省","access_date":"2016-12-27 12:35:42","account":"w***g","quantity":1,"handle_status":8,"order_type":"2","areaid":"341181","item_id":125},{"address":"上海市","access_date":"2016-12-27 12:32:19","account":"g***n","quantity":1,"handle_status":8,"order_type":"2","areaid":"310101","item_id":125},{"address":"天津市","access_date":"2016-12-27 12:26:16","account":"f***0","quantity":1,"handle_status":8,"order_type":"2","areaid":"120101","item_id":125},{"address":"上海市","access_date":"2016-12-27 12:24:01","account":"g***n","quantity":1,"handle_status":8,"order_type":"2","areaid":"310101","item_id":125},{"address":"上海市","access_date":"2016-12-27 12:21:58","account":"g***n","quantity":1,"handle_status":8,"order_type":"2","areaid":"310101","item_id":125},{"address":"上海市","access_date":"2016-12-27 12:11:00","account":"4***9","quantity":1,"handle_status":8,"order_type":"2","areaid":"310114","item_id":125},{"address":"浙江省","access_date":"2016-12-27 12:04:44","account":"t***1","quantity":1,"handle_status":8,"order_type":"2","areaid":"330782","item_id":125},{"address":"北京市","access_date":"2016-12-27 11:52:46","account":"w***8","quantity":1,"handle_status":8,"order_type":"2","areaid":"110108","item_id":125},{"address":"湖北省","access_date":"2016-12-27 11:41:52","account":"p***8","quantity":1,"handle_status":8,"order_type":"2","areaid":"420111","item_id":125},{"address":"河北省","access_date":"2016-12-27 11:16:07","account":"f***e","quantity":1,"handle_status":8,"order_type":"2","areaid":"130105","item_id":125},{"address":"河南省","access_date":"2016-12-22 14:31:19","account":"高***波","quantity":1,"handle_status":8,"order_type":"2","areaid":"411701","item_id":125},{"address":"上海市","access_date":"2016-12-22 12:35:23","account":"1***2","quantity":1,"handle_status":8,"order_type":"2","areaid":"310112","item_id":125},{"address":"北京市","access_date":"2016-12-22 12:25:11","account":"l***4","quantity":1,"handle_status":8,"order_type":"2","areaid":"110106","item_id":125},{"address":"江苏省","access_date":"2016-12-22 12:08:57","account":"l***3","quantity":1,"handle_status":8,"order_type":"2","areaid":"320104","item_id":125},{"address":"北京市","access_date":"2016-12-22 11:13:02","account":"j***k","quantity":1,"handle_status":8,"order_type":"2","areaid":"110111","item_id":125},{"address":"山东省","access_date":"2016-12-22 11:09:06","account":"赵***强","quantity":1,"handle_status":8,"order_type":"2","areaid":"371324","item_id":125},{"address":"北京市","access_date":"2016-12-22 11:08:50","account":"j***1","quantity":1,"handle_status":8,"order_type":"2","areaid":"110108","item_id":125},{"address":"陕西省","access_date":"2016-12-22 10:58:11","account":"j***J","quantity":1,"handle_status":8,"order_type":"2","areaid":"610823","item_id":125},{"address":"辽宁省","access_date":"2016-12-22 10:42:09","account":"镇***军","quantity":1,"handle_status":8,"order_type":"2","areaid":"210213","item_id":125},{"address":"福建省","access_date":"2016-12-22 09:58:05","account":"天***域","quantity":1,"handle_status":8,"order_type":"2","areaid":"350681","item_id":125},{"address":"天津市","access_date":"2016-12-22 09:51:39","account":"人***菊","quantity":1,"handle_status":8,"order_type":"2","areaid":"120114","item_id":125},{"address":"湖南省","access_date":"2016-12-21 16:25:39","account":"c***n","quantity":1,"handle_status":8,"order_type":"2","areaid":"430121","item_id":125},{"address":"上海市","access_date":"2016-12-21 16:15:16","account":"1***6","quantity":1,"handle_status":8,"order_type":"2","areaid":"310113","item_id":125},{"address":"江苏省","access_date":"2016-12-21 15:42:40","account":"1***3","quantity":1,"handle_status":8,"order_type":"2","areaid":"320803","item_id":125},{"address":"广东省","access_date":"2016-12-21 15:21:10","account":"h***1","quantity":1,"handle_status":8,"order_type":"2","areaid":"ff8080814cd0d0f4014cd56f66b80001","item_id":125},{"address":"湖南省","access_date":"2016-12-21 14:49:58","account":"l***0","quantity":1,"handle_status":8,"order_type":"2","areaid":"431002","item_id":125},{"address":"陕西省","access_date":"2016-12-21 14:48:01","account":"l***4","quantity":1,"handle_status":8,"order_type":"2","areaid":"610623","item_id":125},{"address":"上海市","access_date":"2016-12-21 14:34:56","account":"风***7","quantity":1,"handle_status":8,"order_type":"2","areaid":"310113","item_id":125},{"address":"江苏省","access_date":"2016-12-21 13:49:24","account":"1***3","quantity":1,"handle_status":8,"order_type":"2","areaid":"320506","item_id":125},{"address":"湖南省","access_date":"2016-12-21 13:22:50","account":"y***4","quantity":1,"handle_status":8,"order_type":"2","areaid":"430481","item_id":125},{"address":"浙江省","access_date":"2016-12-21 13:20:23","account":"1***8","quantity":1,"handle_status":8,"order_type":"2","areaid":"330303","item_id":125},{"address":"福建省","access_date":"2016-12-21 12:26:45","account":"y***3","quantity":1,"handle_status":8,"order_type":"2","areaid":"350681","item_id":125},{"address":"安徽省","access_date":"2016-12-21 11:56:38","account":"m***0","quantity":1,"handle_status":8,"order_type":"2","areaid":"340503","item_id":125},{"address":"辽宁省","access_date":"2016-12-21 11:13:22","account":"g***i","quantity":1,"handle_status":8,"order_type":"2","areaid":"210203","item_id":125},{"address":"浙江省","access_date":"2016-12-21 10:26:42","account":"施***芬","quantity":1,"handle_status":8,"order_type":"2","areaid":"330902","item_id":125},{"address":"湖南省","access_date":"2016-12-21 10:13:07","account":"l***4","quantity":1,"handle_status":8,"order_type":"2","areaid":"430211","item_id":125},{"address":"河北省","access_date":"2016-12-21 10:02:20","account":"明***水","quantity":1,"handle_status":8,"order_type":"2","areaid":"131023","item_id":125},{"address":"上海市","access_date":"2016-12-21 09:53:50","account":"s***3","quantity":1,"handle_status":8,"order_type":"2","areaid":"310107","item_id":125},{"address":"河南省","access_date":"2016-12-21 09:43:23","account":"w***n","quantity":1,"handle_status":8,"order_type":"2","areaid":"411121","item_id":125},{"address":"辽宁省","access_date":"2016-12-21 09:37:02","account":"l***9","quantity":1,"handle_status":8,"order_type":"2","areaid":"210105","item_id":125},{"address":"上海市","access_date":"2016-12-21 09:32:07","account":"h***e","quantity":1,"handle_status":8,"order_type":"2","areaid":"310115","item_id":125},{"address":"浙江省","access_date":"2016-12-20 16:03:58","account":"Z***Y","quantity":1,"handle_status":8,"order_type":"2","areaid":"330283","item_id":125},{"address":"山东省","access_date":"2016-12-20 15:51:25","account":"芦***静","quantity":1,"handle_status":8,"order_type":"2","areaid":"370212","item_id":125},{"address":"北京市","access_date":"2016-12-20 15:09:34","account":"安***珊","quantity":1,"handle_status":8,"order_type":"2","areaid":"110114","item_id":125},{"address":"江苏省","access_date":"2016-12-20 15:06:45","account":"1***2","quantity":1,"handle_status":8,"order_type":"2","areaid":"320981","item_id":125},{"address":"江苏省","access_date":"2016-12-20 14:51:23","account":"1***9","quantity":1,"handle_status":8,"order_type":"2","areaid":"320312","item_id":125},{"address":"四川省","access_date":"2016-12-20 14:33:44","account":"1***0","quantity":1,"handle_status":8,"order_type":"2","areaid":"513229","item_id":125},{"address":"浙江省","access_date":"2016-12-20 13:56:49","account":"宋***恩","quantity":1,"handle_status":8,"order_type":"2","areaid":"330602","item_id":125},{"address":"浙江省","access_date":"2016-12-20 13:44:33","account":"2***鱼","quantity":1,"handle_status":8,"order_type":"2","areaid":"330483","item_id":125},{"address":"江苏省","access_date":"2016-12-20 13:17:35","account":"1***3","quantity":1,"handle_status":8,"order_type":"2","areaid":"320412","item_id":125},{"address":"广东省","access_date":"2016-12-20 13:16:56","account":"i***m","quantity":1,"handle_status":8,"order_type":"2","areaid":"ff8080814cd0d0f4014cd56f66b80001","item_id":125},{"address":"辽宁省","access_date":"2016-12-20 13:03:05","account":"1***8","quantity":1,"handle_status":8,"order_type":"2","areaid":"210213","item_id":125},{"address":"上海市","access_date":"2016-12-20 12:54:51","account":"w***u","quantity":1,"handle_status":8,"order_type":"2","areaid":"310107","item_id":125},{"address":"河北省","access_date":"2016-12-20 12:44:51","account":"1***6","quantity":1,"handle_status":8,"order_type":"2","areaid":"130702","item_id":125},{"address":"江西省","access_date":"2016-12-20 12:13:38","account":"3***7","quantity":1,"handle_status":8,"order_type":"2","areaid":"360103","item_id":125},{"address":"北京市","access_date":"2016-12-20 11:47:04","account":"l***0","quantity":1,"handle_status":8,"order_type":"2","areaid":"110115","item_id":125},{"address":"广东省","access_date":"2016-12-20 11:46:15","account":"T***P","quantity":1,"handle_status":8,"order_type":"2","areaid":"440104","item_id":125},{"address":"上海市","access_date":"2016-12-20 11:43:52","account":"1***2","quantity":1,"handle_status":8,"order_type":"2","areaid":"310115","item_id":125},{"address":"吉林省","access_date":"2016-12-20 11:40:09","account":"1***8","quantity":1,"handle_status":8,"order_type":"2","areaid":"220104","item_id":125},{"address":"江苏省","access_date":"2016-12-20 11:39:36","account":"l***o","quantity":2,"handle_status":8,"order_type":"2","areaid":"321202","item_id":125},{"address":"宁夏回族自治区","access_date":"2016-12-20 10:45:12","account":"李***生","quantity":1,"handle_status":8,"order_type":"2","areaid":"640104","item_id":125},{"address":"江苏省","access_date":"2016-12-20 10:39:05","account":"九***龙","quantity":1,"handle_status":8,"order_type":"2","areaid":"320602","item_id":125},{"address":"上海市","access_date":"2016-12-20 10:36:43","account":"s***3","quantity":1,"handle_status":8,"order_type":"2","areaid":"310107","item_id":125},{"address":"四川省","access_date":"2016-12-20 10:26:48","account":"1***k","quantity":1,"handle_status":8,"order_type":"2","areaid":"510105","item_id":125},{"address":"河北省","access_date":"2016-12-20 10:08:18","account":"l***8","quantity":1,"handle_status":8,"order_type":"2","areaid":"130204","item_id":125},{"address":"上海市","access_date":"2016-12-19 16:19:40","account":"f***i","quantity":1,"handle_status":8,"order_type":"2","areaid":"310115","item_id":125},{"address":"上海市","access_date":"2016-12-19 16:05:05","account":"1***5","quantity":1,"handle_status":8,"order_type":"2","areaid":"310113","item_id":125},{"address":"江苏省","access_date":"2016-12-16 12:15:47","account":"王***博","quantity":1,"handle_status":8,"order_type":"2","areaid":"320116","item_id":125},{"address":"广东省","access_date":"2016-12-16 09:47:02","account":"h***1","quantity":1,"handle_status":-5,"order_type":"2","areaid":"ff8080814cd0d0f4014cd56f66b80001","item_id":125},{"address":"上海市","access_date":"2016-12-16 09:36:12","account":"春***2","quantity":1,"handle_status":8,"order_type":"2","areaid":"310113","item_id":125},{"address":"上海市","access_date":"2016-12-16 09:35:32","account":"j***1","quantity":1,"handle_status":8,"order_type":"2","areaid":"310106","item_id":125},{"address":"江苏省","access_date":"2016-12-16 09:34:26","account":"z***u","quantity":1,"handle_status":8,"order_type":"2","areaid":"320202","item_id":125},{"address":"浙江省","access_date":"2016-12-15 15:38:06","account":"h***i","quantity":1,"handle_status":8,"order_type":"2","areaid":"330328","item_id":125},{"address":"重庆市","access_date":"2016-12-15 15:09:20","account":"z***5","quantity":1,"handle_status":8,"order_type":"2","areaid":"500106","item_id":125},{"address":"广东省","access_date":"2016-12-15 13:19:34","account":"1***2","quantity":1,"handle_status":8,"order_type":"2","areaid":"ff8080814cd0d0f4014cd571e2a50002","item_id":125},{"address":"江苏省","access_date":"2016-12-15 12:27:11","account":"1***8","quantity":5,"handle_status":8,"order_type":"2","areaid":"321102","item_id":125},{"address":"四川省","access_date":"2016-12-15 12:09:26","account":"s***l","quantity":1,"handle_status":8,"order_type":"2","areaid":"510703","item_id":125},{"address":"江苏省","access_date":"2016-12-15 12:00:12","account":"c***y","quantity":1,"handle_status":8,"order_type":"2","areaid":"320481","item_id":125},{"address":"福建省","access_date":"2016-12-15 11:39:03","account":"w***o","quantity":2,"handle_status":8,"order_type":"2","areaid":"350105","item_id":125},{"address":"上海市","access_date":"2016-12-15 11:27:33","account":"1***6","quantity":1,"handle_status":8,"order_type":"2","areaid":"310110","item_id":125},{"address":"广东省","access_date":"2016-12-15 11:17:41","account":"1***7","quantity":1,"handle_status":8,"order_type":"2","areaid":"440513","item_id":125},{"address":"江西省","access_date":"2016-12-15 11:07:45","account":"w***h","quantity":1,"handle_status":8,"order_type":"2","areaid":"360731","item_id":125},{"address":"上海市","access_date":"2016-12-15 11:03:49","account":"我***翁","quantity":1,"handle_status":8,"order_type":"2","areaid":"310107","item_id":125},{"address":"湖北省","access_date":"2016-12-15 11:02:42","account":"l***2","quantity":2,"handle_status":8,"order_type":"2","areaid":"421102","item_id":125},{"address":"上海市","access_date":"2016-12-15 10:45:57","account":"1***6","quantity":1,"handle_status":8,"order_type":"2","areaid":"310110","item_id":125},{"address":"天津市","access_date":"2016-12-15 10:39:30","account":"人***菊","quantity":1,"handle_status":8,"order_type":"2","areaid":"120114","item_id":125},{"address":"上海市","access_date":"2016-12-15 10:09:36","account":"l***o","quantity":1,"handle_status":8,"order_type":"2","areaid":"310112","item_id":125},{"address":"甘肃省","access_date":"2016-12-15 09:58:06","account":"雷***民","quantity":1,"handle_status":8,"order_type":"2","areaid":"620702","item_id":125},{"address":"山西省","access_date":"2016-12-15 09:41:37","account":"1***9","quantity":1,"handle_status":8,"order_type":"2","areaid":"140106","item_id":125},{"address":"浙江省","access_date":"2016-12-15 09:37:50","account":"d***n","quantity":1,"handle_status":8,"order_type":"2","areaid":"330381","item_id":125},{"address":"浙江省","access_date":"2016-12-15 09:35:11","account":"y***l","quantity":1,"handle_status":8,"order_type":"2","areaid":"331081","item_id":125},{"address":"江苏省","access_date":"2016-12-13 10:54:53","account":"1***0","quantity":1,"handle_status":8,"order_type":"2","areaid":"320211","item_id":125},{"address":"江西省","access_date":"2016-12-13 10:24:07","account":"l***i","quantity":1,"handle_status":8,"order_type":"2","areaid":"360102","item_id":125},{"address":"上海市","access_date":"2016-12-13 10:04:34","account":"n***n","quantity":1,"handle_status":8,"order_type":"2","areaid":"310107","item_id":125},{"address":"辽宁省","access_date":"2016-12-13 09:56:33","account":"1***7","quantity":1,"handle_status":8,"order_type":"2","areaid":"210502","item_id":125},{"address":"山西省","access_date":"2016-12-13 09:45:27","account":"c***8","quantity":1,"handle_status":8,"order_type":"2","areaid":"140727","item_id":125},{"address":"四川省","access_date":"2016-12-13 09:38:40","account":"l***7","quantity":1,"handle_status":8,"order_type":"2","areaid":"510802","item_id":125},{"address":"浙江省","access_date":"2016-12-13 09:35:07","account":"l***3","quantity":1,"handle_status":8,"order_type":"2","areaid":"330105","item_id":125},{"address":"浙江省","access_date":"2016-12-13 09:33:11","account":"s***8","quantity":1,"handle_status":8,"order_type":"2","areaid":"330303","item_id":125},{"address":"北京市","access_date":"2016-12-13 09:30:41","account":"z***4","quantity":1,"handle_status":8,"order_type":"2","areaid":"110102","item_id":125},{"address":"江西省","access_date":"2016-12-12 16:23:05","account":"z***7","quantity":1,"handle_status":8,"order_type":"2","areaid":"360702","item_id":125},{"address":"河南省","access_date":"2016-12-12 16:01:26","account":"d***t","quantity":1,"handle_status":8,"order_type":"2","areaid":"411002","item_id":125},{"address":"内蒙古自治区","access_date":"2016-12-12 15:41:41","account":"房***伟","quantity":1,"handle_status":8,"order_type":"2","areaid":"150402","item_id":125},{"address":"广东省","access_date":"2016-12-12 15:35:53","account":"小***扬","quantity":1,"handle_status":8,"order_type":"2","areaid":"445203","item_id":125},{"address":"四川省","access_date":"2016-12-12 15:06:52","account":"p***7","quantity":1,"handle_status":8,"order_type":"2","areaid":"511024","item_id":125},{"address":"重庆市","access_date":"2016-12-12 15:04:56","account":"m***r","quantity":1,"handle_status":8,"order_type":"2","areaid":"500103","item_id":125},{"address":"上海市","access_date":"2016-12-12 14:58:39","account":"c***s","quantity":1,"handle_status":8,"order_type":"2","areaid":"310113","item_id":125},{"address":"上海市","access_date":"2016-12-12 14:58:27","account":"1***3","quantity":1,"handle_status":8,"order_type":"2","areaid":"310104","item_id":125},{"address":"江苏省","access_date":"2016-12-12 14:50:01","account":"潇***主","quantity":1,"handle_status":8,"order_type":"2","areaid":"320402","item_id":125},{"address":"内蒙古自治区","access_date":"2016-12-12 14:40:35","account":"m***u","quantity":2,"handle_status":8,"order_type":"2","areaid":"150781","item_id":125},{"address":"内蒙古自治区","access_date":"2016-12-12 14:25:11","account":"d***n","quantity":1,"handle_status":8,"order_type":"2","areaid":"150402","item_id":125},{"address":"四川省","access_date":"2016-12-12 14:24:37","account":"d***w","quantity":1,"handle_status":8,"order_type":"2","areaid":"510107","item_id":125},{"address":"北京市","access_date":"2016-12-12 14:23:53","account":"龙***人","quantity":1,"handle_status":8,"order_type":"2","areaid":"110108","item_id":125},{"address":"辽宁省","access_date":"2016-12-12 14:08:49","account":"c***e","quantity":2,"handle_status":8,"order_type":"2","areaid":"210112","item_id":125},{"address":"浙江省","access_date":"2016-12-12 14:06:59","account":"1***1","quantity":1,"handle_status":8,"order_type":"2","areaid":"330110","item_id":125},{"address":"北京市","access_date":"2016-12-12 13:54:12","account":"b***n","quantity":1,"handle_status":8,"order_type":"2","areaid":"110108","item_id":125},{"address":"内蒙古自治区","access_date":"2016-12-12 13:50:18","account":"1***6","quantity":1,"handle_status":8,"order_type":"2","areaid":"150426","item_id":125},{"address":"浙江省","access_date":"2016-12-12 13:42:20","account":"l***9","quantity":2,"handle_status":8,"order_type":"2","areaid":"330226","item_id":125},{"address":"江苏省","access_date":"2016-11-25 12:09:36","account":"j***j","quantity":1,"handle_status":8,"order_type":"2","areaid":"320281","item_id":125},{"address":"广东省","access_date":"2016-11-25 11:53:26","account":"m***8","quantity":1,"handle_status":8,"order_type":"2","areaid":"440511","item_id":125},{"address":"山东省","access_date":"2016-11-25 11:52:29","account":"五***肌","quantity":1,"handle_status":8,"order_type":"2","areaid":"370214","item_id":125},{"address":"山东省","access_date":"2016-11-25 10:59:39","account":"放***下","quantity":1,"handle_status":8,"order_type":"2","areaid":"370481","item_id":125},{"address":"广东省","access_date":"2016-11-25 10:20:43","account":"m***s","quantity":1,"handle_status":8,"order_type":"2","areaid":"440304","item_id":125},{"address":"湖北省","access_date":"2016-11-24 15:35:56","account":"d***3","quantity":1,"handle_status":8,"order_type":"2","areaid":"421102","item_id":125},{"address":"江西省","access_date":"2016-11-24 15:12:07","account":"q***9","quantity":1,"handle_status":8,"order_type":"2","areaid":"361121","item_id":125},{"address":"浙江省","access_date":"2016-11-24 14:30:31","account":"罗***芳","quantity":1,"handle_status":8,"order_type":"2","areaid":"331004","item_id":125},{"address":"河北省","access_date":"2016-11-24 14:29:58","account":"w***8","quantity":1,"handle_status":8,"order_type":"2","areaid":"131003","item_id":125},{"address":"河北省","access_date":"2016-11-24 13:19:35","account":"w***9","quantity":1,"handle_status":8,"order_type":"2","areaid":"130703","item_id":125},{"address":"江苏省","access_date":"2016-11-24 12:57:22","account":"1***6","quantity":1,"handle_status":8,"order_type":"2","areaid":"320581","item_id":125},{"address":"山西省","access_date":"2016-11-24 12:36:04","account":"清***正","quantity":1,"handle_status":8,"order_type":"2","areaid":"140109","item_id":125},{"address":"江苏省","access_date":"2016-11-24 12:06:05","account":"1***0","quantity":3,"handle_status":8,"order_type":"2","areaid":"320211","item_id":125},{"address":"内蒙古自治区","access_date":"2016-11-24 11:30:09","account":"g***8","quantity":1,"handle_status":8,"order_type":"2","areaid":"150302","item_id":125},{"address":"辽宁省","access_date":"2016-11-24 11:10:15","account":"l***1","quantity":1,"handle_status":8,"order_type":"2","areaid":"211002","item_id":125},{"address":"广东省","access_date":"2016-11-24 10:47:48","account":"千***寻","quantity":1,"handle_status":8,"order_type":"2","areaid":"ff8080814cd0d0f4014cd571e2a50002","item_id":125},{"address":"北京市","access_date":"2016-11-24 10:38:34","account":"1***6","quantity":1,"handle_status":8,"order_type":"2","areaid":"110113","item_id":125},{"address":"黑龙江省","access_date":"2016-11-24 10:25:57","account":"l***5","quantity":1,"handle_status":8,"order_type":"2","areaid":"231081","item_id":125},{"address":"贵州省","access_date":"2016-11-24 10:07:33","account":"c***2","quantity":1,"handle_status":8,"order_type":"2","areaid":"520303","item_id":125},{"address":"上海市","access_date":"2016-11-24 10:02:57","account":"1***9","quantity":1,"handle_status":8,"order_type":"2","areaid":"310116","item_id":125},{"address":"上海市","access_date":"2016-11-24 09:50:10","account":"b***2","quantity":1,"handle_status":8,"order_type":"2","areaid":"310106","item_id":125},{"address":"陕西省","access_date":"2016-11-24 09:49:31","account":"金***8","quantity":1,"handle_status":8,"order_type":"2","areaid":"610114","item_id":125},{"address":"湖北省","access_date":"2016-11-24 09:37:39","account":"g***0","quantity":2,"handle_status":8,"order_type":"2","areaid":"421222","item_id":125},{"address":"广东省","access_date":"2016-11-23 16:29:32","account":"c***9","quantity":1,"handle_status":8,"order_type":"2","areaid":"440306","item_id":125},{"address":"黑龙江省","access_date":"2016-11-23 15:48:44","account":"1***5","quantity":1,"handle_status":8,"order_type":"2","areaid":"231102","item_id":125},{"address":"浙江省","access_date":"2016-11-23 15:39:48","account":"1***9","quantity":1,"handle_status":8,"order_type":"2","areaid":"331082","item_id":125},{"address":"广东省","access_date":"2016-11-23 15:27:04","account":"1***6","quantity":1,"handle_status":8,"order_type":"2","areaid":"440883","item_id":125},{"address":"北京市","access_date":"2016-11-23 15:15:36","account":"h***1","quantity":1,"handle_status":8,"order_type":"2","areaid":"110108","item_id":125},{"address":"广东省","access_date":"2016-11-23 14:54:29","account":"1***2","quantity":1,"handle_status":8,"order_type":"2","areaid":"440604","item_id":125},{"address":"上海市","access_date":"2016-11-23 14:39:57","account":"b***2","quantity":1,"handle_status":8,"order_type":"2","areaid":"310106","item_id":125},{"address":"广东省","access_date":"2016-11-23 14:26:27","account":"许***滨","quantity":1,"handle_status":8,"order_type":"2","areaid":"440514","item_id":125},{"address":"四川省","access_date":"2016-11-23 14:11:25","account":"h***e","quantity":3,"handle_status":8,"order_type":"2","areaid":"510106","item_id":125},{"address":"重庆市","access_date":"2016-11-23 13:59:22","account":"f***n","quantity":1,"handle_status":8,"order_type":"2","areaid":"500112","item_id":125},{"address":"内蒙古自治区","access_date":"2016-11-23 13:48:38","account":"y***i","quantity":1,"handle_status":8,"order_type":"2","areaid":"152201","item_id":125},{"address":"河南省","access_date":"2016-11-23 12:40:17","account":"风***醉","quantity":1,"handle_status":8,"order_type":"2","areaid":"410101","item_id":125},{"address":"四川省","access_date":"2016-11-23 11:57:56","account":"z***9","quantity":1,"handle_status":8,"order_type":"2","areaid":"510701","item_id":125},{"address":"辽宁省","access_date":"2016-11-23 11:45:53","account":"浪***無","quantity":1,"handle_status":8,"order_type":"2","areaid":"210802","item_id":125},{"address":"广东省","access_date":"2016-11-23 11:42:36","account":"H***3","quantity":1,"handle_status":8,"order_type":"2","areaid":"440183","item_id":125},{"address":"浙江省","access_date":"2016-11-23 11:23:29","account":"一***雨","quantity":1,"handle_status":8,"order_type":"2","areaid":"330381","item_id":125},{"address":"河南省","access_date":"2016-11-23 11:22:44","account":"w***n","quantity":1,"handle_status":8,"order_type":"2","areaid":"411121","item_id":125},{"address":"辽宁省","access_date":"2016-11-23 11:04:43","account":"Z***Y","quantity":1,"handle_status":8,"order_type":"2","areaid":"210711","item_id":125},{"address":"山东省","access_date":"2016-11-23 10:42:07","account":"j***o","quantity":1,"handle_status":8,"order_type":"2","areaid":"371626","item_id":125},{"address":"天津市","access_date":"2016-11-23 10:34:20","account":"1***0","quantity":1,"handle_status":8,"order_type":"2","areaid":"120106","item_id":125},{"address":"上海市","access_date":"2016-11-23 10:26:15","account":"m***4","quantity":1,"handle_status":8,"order_type":"2","areaid":"310104","item_id":125},{"address":"辽宁省","access_date":"2016-11-23 10:05:33","account":"x***7","quantity":1,"handle_status":8,"order_type":"2","areaid":"210114","item_id":125},{"address":"陕西省","access_date":"2016-11-18 15:26:52","account":"w***s","quantity":1,"handle_status":8,"order_type":"2","areaid":"610101","item_id":125},{"address":"浙江省","access_date":"2016-11-18 15:12:15","account":"z***o","quantity":1,"handle_status":8,"order_type":"2","areaid":"330502","item_id":125},{"address":"江苏省","access_date":"2016-11-18 15:06:03","account":"l***o","quantity":1,"handle_status":8,"order_type":"2","areaid":"321202","item_id":125},{"address":"北京市","access_date":"2016-11-18 13:49:49","account":"a***y","quantity":2,"handle_status":8,"order_type":"2","areaid":"110107","item_id":125},{"address":"江苏省","access_date":"2016-11-16 10:08:49","account":"l***t","quantity":1,"handle_status":8,"order_type":"2","areaid":"320509","item_id":125},{"address":"河北省","access_date":"2016-11-16 09:56:11","account":"1***2","quantity":1,"handle_status":8,"order_type":"2","areaid":"130682","item_id":125},{"address":"辽宁省","access_date":"2016-11-16 09:51:44","account":"1***2","quantity":1,"handle_status":8,"order_type":"2","areaid":"210104","item_id":125},{"address":"云南省","access_date":"2016-11-16 09:36:18","account":"j***9","quantity":2,"handle_status":8,"order_type":"2","areaid":"530102","item_id":125},{"address":"北京市","access_date":"2016-11-16 09:32:02","account":"s***6","quantity":1,"handle_status":8,"order_type":"2","areaid":"110105","item_id":125},{"address":"上海市","access_date":"2016-11-15 16:28:53","account":"J***g","quantity":1,"handle_status":8,"order_type":"2","areaid":"310114","item_id":125},{"address":"辽宁省","access_date":"2016-11-15 16:27:20","account":"大***泽","quantity":1,"handle_status":8,"order_type":"2","areaid":"211103","item_id":125},{"address":"江西省","access_date":"2016-11-15 16:18:28","account":"章***3","quantity":1,"handle_status":8,"order_type":"2","areaid":"360429","item_id":125},{"address":"江苏省","access_date":"2016-11-15 16:12:07","account":"王***博","quantity":1,"handle_status":8,"order_type":"2","areaid":"320116","item_id":125},{"address":"青海省","access_date":"2016-11-15 15:33:16","account":"s***u","quantity":1,"handle_status":8,"order_type":"2","areaid":"630105","item_id":125},{"address":"甘肃省","access_date":"2016-11-15 15:01:41","account":"8***5","quantity":1,"handle_status":8,"order_type":"2","areaid":"620103","item_id":125},{"address":"广东省","access_date":"2016-11-15 14:38:26","account":"中***户","quantity":1,"handle_status":8,"order_type":"2","areaid":"ff8080814cd0d0f4014cd571e2a50002","item_id":125},{"address":"湖南省","access_date":"2016-11-15 13:08:12","account":"h***8","quantity":1,"handle_status":8,"order_type":"2","areaid":"430111","item_id":125},{"address":"浙江省","access_date":"2016-11-15 12:56:33","account":"x***o","quantity":1,"handle_status":8,"order_type":"2","areaid":"331081","item_id":125},{"address":"广东省","access_date":"2016-11-15 11:49:06","account":"c***h","quantity":1,"handle_status":8,"order_type":"2","areaid":"440306","item_id":125},{"address":"广东省","access_date":"2016-11-15 11:42:29","account":"c***h","quantity":1,"handle_status":8,"order_type":"2","areaid":"440306","item_id":125},{"address":"海南省","access_date":"2016-11-15 11:38:01","account":"林***步","quantity":1,"handle_status":8,"order_type":"2","areaid":"460106","item_id":125},{"address":"广东省","access_date":"2016-11-15 11:12:13","account":"1***8","quantity":1,"handle_status":8,"order_type":"2","areaid":"440304","item_id":125},{"address":"河南省","access_date":"2016-11-15 11:08:54","account":"杜***新","quantity":1,"handle_status":8,"order_type":"2","areaid":"411421","item_id":125},{"address":"陕西省","access_date":"2016-11-15 11:00:53","account":"壬***辰","quantity":1,"handle_status":8,"order_type":"2","areaid":"610103","item_id":125},{"address":"福建省","access_date":"2016-11-15 10:53:00","account":"y***0","quantity":1,"handle_status":8,"order_type":"2","areaid":"350625","item_id":125},{"address":"北京市","access_date":"2016-11-15 10:52:53","account":"1***9","quantity":1,"handle_status":8,"order_type":"2","areaid":"110108","item_id":125},{"address":"贵州省","access_date":"2016-11-15 10:51:55","account":"z***q","quantity":1,"handle_status":8,"order_type":"2","areaid":"520303","item_id":125},{"address":"四川省","access_date":"2016-11-15 10:44:01","account":"d***x","quantity":1,"handle_status":8,"order_type":"2","areaid":"510106","item_id":125},{"address":"北京市","access_date":"2016-11-15 10:37:24","account":"z***1","quantity":1,"handle_status":8,"order_type":"2","areaid":"110101","item_id":125},{"address":"内蒙古自治区","access_date":"2016-11-15 10:31:29","account":"1***5","quantity":1,"handle_status":8,"order_type":"2","areaid":"150103","item_id":125},{"address":"广东省","access_date":"2016-11-15 09:49:20","account":"胡***鹏","quantity":1,"handle_status":8,"order_type":"2","areaid":"440111","item_id":125},{"address":"浙江省","access_date":"2016-11-15 09:31:13","account":"d***o","quantity":1,"handle_status":8,"order_type":"2","areaid":"330521","item_id":125},{"address":"北京市","access_date":"2016-11-14 16:06:35","account":"j***e","quantity":1,"handle_status":8,"order_type":"2","areaid":"110102","item_id":125},{"address":"上海市","access_date":"2016-11-14 15:17:42","account":"s***h","quantity":1,"handle_status":8,"order_type":"2","areaid":"310108","item_id":125},{"address":"宁夏回族自治区","access_date":"2016-11-14 15:00:12","account":"s***i","quantity":1,"handle_status":8,"order_type":"2","areaid":"640106","item_id":125},{"address":"广西壮族自治区","access_date":"2016-11-14 14:30:04","account":"l***8","quantity":1,"handle_status":8,"order_type":"2","areaid":"450722","item_id":125},{"address":"北京市","access_date":"2016-11-14 14:28:17","account":"s***y","quantity":1,"handle_status":8,"order_type":"2","areaid":"110105","item_id":125},{"address":"贵州省","access_date":"2016-11-14 14:23:49","account":"y***n","quantity":1,"handle_status":8,"order_type":"2","areaid":"522701","item_id":125},{"address":"吉林省","access_date":"2016-11-14 14:07:15","account":"z***2","quantity":1,"handle_status":8,"order_type":"2","areaid":"220781","item_id":125},{"address":"四川省","access_date":"2016-11-14 13:47:32","account":"H***U","quantity":1,"handle_status":8,"order_type":"2","areaid":"511024","item_id":125},{"address":"重庆市","access_date":"2016-11-14 13:36:30","account":"w***g","quantity":1,"handle_status":8,"order_type":"2","areaid":"500112","item_id":125},{"address":"江苏省","access_date":"2016-11-14 13:28:49","account":"1***6","quantity":2,"handle_status":8,"order_type":"2","areaid":"320204","item_id":125},{"address":"河北省","access_date":"2016-11-14 13:20:13","account":"c***3","quantity":1,"handle_status":8,"order_type":"2","areaid":"130622","item_id":125},{"address":"江苏省","access_date":"2016-11-14 13:12:17","account":"h***g","quantity":1,"handle_status":8,"order_type":"2","areaid":"320303","item_id":125},{"address":"河北省","access_date":"2016-11-14 11:52:54","account":"G***e","quantity":1,"handle_status":8,"order_type":"2","areaid":"130203","item_id":125},{"address":"北京市","access_date":"2016-11-14 11:25:11","account":"w***e","quantity":1,"handle_status":8,"order_type":"2","areaid":"110102","item_id":125},{"address":"山东省","access_date":"2016-11-14 10:44:25","account":"t***s","quantity":1,"handle_status":8,"order_type":"2","areaid":"370203","item_id":125},{"address":"四川省","access_date":"2016-11-14 10:36:05","account":"w***7","quantity":1,"handle_status":8,"order_type":"2","areaid":"511402","item_id":125},{"address":"云南省","access_date":"2016-11-14 10:34:20","account":"马***0","quantity":1,"handle_status":8,"order_type":"2","areaid":"530102","item_id":125},{"address":"北京市","access_date":"2016-11-14 10:09:08","account":"g***i","quantity":1,"handle_status":8,"order_type":"2","areaid":"110105","item_id":125},{"address":"陕西省","access_date":"2016-11-14 09:45:01","account":"吴***兴","quantity":1,"handle_status":8,"order_type":"2","areaid":"610102","item_id":125},{"address":"江苏省","access_date":"2016-11-14 09:42:36","account":"y***9","quantity":1,"handle_status":8,"order_type":"2","areaid":"320104","item_id":125},{"address":"重庆市","access_date":"2016-11-10 15:43:54","account":"w***n","quantity":1,"handle_status":8,"order_type":"2","areaid":"500105","item_id":125},{"address":"安徽省","access_date":"2016-11-10 13:16:10","account":"l***5","quantity":1,"handle_status":8,"order_type":"2","areaid":"340801","item_id":125},{"address":"浙江省","access_date":"2016-11-10 11:57:57","account":"冻***心","quantity":1,"handle_status":8,"order_type":"2","areaid":"330104","item_id":125},{"address":"北京市","access_date":"2016-11-10 11:49:32","account":"s***y","quantity":1,"handle_status":8,"order_type":"2","areaid":"110105","item_id":125},{"address":"浙江省","access_date":"2016-11-10 11:36:57","account":"留***想","quantity":5,"handle_status":8,"order_type":"2","areaid":"330203","item_id":125},{"address":"江苏省","access_date":"2016-11-10 10:57:40","account":"在***方","quantity":1,"handle_status":8,"order_type":"2","areaid":"320921","item_id":125},{"address":"云南省","access_date":"2016-11-10 10:04:01","account":"z***i","quantity":1,"handle_status":8,"order_type":"2","areaid":"530423","item_id":125},{"address":"江苏省","access_date":"2016-11-10 09:58:39","account":"H***6","quantity":1,"handle_status":8,"order_type":"2","areaid":"320602","item_id":125},{"address":"福建省","access_date":"2016-11-09 10:37:13","account":"z***9","quantity":1,"handle_status":8,"order_type":"2","areaid":"350206","item_id":125},{"address":"江苏省","access_date":"2016-11-09 10:18:58","account":"j***7","quantity":1,"handle_status":8,"order_type":"2","areaid":"320507","item_id":125},{"address":"河北省","access_date":"2016-11-09 09:57:21","account":"y***g","quantity":1,"handle_status":8,"order_type":"2","areaid":"131003","item_id":125},{"address":"上海市","access_date":"2016-11-09 09:55:27","account":"z***e","quantity":1,"handle_status":8,"order_type":"2","areaid":"310115","item_id":125},{"address":"上海市","access_date":"2016-11-09 09:54:15","account":"巧***l","quantity":1,"handle_status":8,"order_type":"2","areaid":"310110","item_id":125},{"address":"黑龙江省","access_date":"2016-11-09 09:50:14","account":"好***弟","quantity":1,"handle_status":8,"order_type":"2","areaid":"231282","item_id":125},{"address":"河北省","access_date":"2016-11-08 16:26:45","account":"z***3","quantity":1,"handle_status":8,"order_type":"2","areaid":"130725","item_id":125},{"address":"安徽省","access_date":"2016-11-08 15:41:23","account":"z***7","quantity":1,"handle_status":8,"order_type":"2","areaid":"340603","item_id":125},{"address":"浙江省","access_date":"2016-11-08 14:49:17","account":"t***n","quantity":1,"handle_status":8,"order_type":"2","areaid":"330402","item_id":125},{"address":"陕西省","access_date":"2016-11-08 14:02:43","account":"w***i","quantity":1,"handle_status":8,"order_type":"2","areaid":"610302","item_id":125},{"address":"湖北省","access_date":"2016-11-08 14:00:39","account":"m***h","quantity":1,"handle_status":8,"order_type":"2","areaid":"420301","item_id":125},{"address":"湖北省","access_date":"2016-11-08 13:59:46","account":"m***h","quantity":1,"handle_status":8,"order_type":"2","areaid":"420301","item_id":125},{"address":"河南省","access_date":"2016-11-08 13:57:54","account":"1***9","quantity":1,"handle_status":8,"order_type":"2","areaid":"411325","item_id":125},{"address":"内蒙古自治区","access_date":"2016-11-08 13:57:51","account":"1***8","quantity":1,"handle_status":8,"order_type":"2","areaid":"150404","item_id":125},{"address":"山西省","access_date":"2016-11-08 12:35:41","account":"智***树","quantity":1,"handle_status":8,"order_type":"2","areaid":"140203","item_id":125},{"address":"辽宁省","access_date":"2016-11-08 11:44:55","account":"z***8","quantity":1,"handle_status":8,"order_type":"2","areaid":"210106","item_id":125},{"address":"江西省","access_date":"2016-11-08 11:23:30","account":"1***无","quantity":1,"handle_status":8,"order_type":"2","areaid":"360111","item_id":125},{"address":"山东省","access_date":"2016-11-08 10:53:28","account":"z***9","quantity":1,"handle_status":8,"order_type":"2","areaid":"370826","item_id":125},{"address":"山东省","access_date":"2016-11-08 10:44:13","account":"z***9","quantity":1,"handle_status":8,"order_type":"2","areaid":"370826","item_id":125},{"address":"江西省","access_date":"2016-11-08 10:27:32","account":"H***z","quantity":1,"handle_status":8,"order_type":"2","areaid":"360104","item_id":125},{"address":"新疆维吾尔自治区","access_date":"2016-11-08 10:00:27","account":"新***华","quantity":1,"handle_status":8,"order_type":"2","areaid":"652901","item_id":125},{"address":"湖南省","access_date":"2016-11-07 16:27:38","account":"李***毛","quantity":1,"handle_status":8,"order_type":"2","areaid":"430104","item_id":125},{"address":"广东省","access_date":"2016-11-07 16:16:18","account":"j***g","quantity":1,"handle_status":8,"order_type":"2","areaid":"440113","item_id":125},{"address":"上海市","access_date":"2016-11-07 16:09:14","account":"j***o","quantity":1,"handle_status":8,"order_type":"2","areaid":"310112","item_id":125},{"address":"江苏省","access_date":"2016-11-07 16:01:56","account":"迁***鸟","quantity":1,"handle_status":8,"order_type":"2","areaid":"320802","item_id":125},{"address":"浙江省","access_date":"2016-11-07 15:35:41","account":"z***4","quantity":1,"handle_status":8,"order_type":"2","areaid":"330302","item_id":125},{"address":"浙江省","access_date":"2016-11-07 15:15:53","account":"L***3","quantity":5,"handle_status":8,"order_type":"2","areaid":"330382","item_id":125},{"address":"山东省","access_date":"2016-11-07 14:31:47","account":"任***新","quantity":1,"handle_status":8,"order_type":"2","areaid":"371102","item_id":125},{"address":"上海市","access_date":"2016-11-07 13:38:59","account":"z***h","quantity":1,"handle_status":8,"order_type":"2","areaid":"310109","item_id":125},{"address":"山东省","access_date":"2016-11-07 13:12:45","account":"n***7","quantity":1,"handle_status":8,"order_type":"2","areaid":"370212","item_id":125},{"address":"新疆维吾尔自治区","access_date":"2016-11-07 12:40:42","account":"m***6","quantity":1,"handle_status":8,"order_type":"2","areaid":"652801","item_id":125},{"address":"广东省","access_date":"2016-11-07 11:29:07","account":"Y***8","quantity":1,"handle_status":8,"order_type":"2","areaid":"445321","item_id":125},{"address":"黑龙江省","access_date":"2016-11-07 10:57:38","account":"t***5","quantity":1,"handle_status":8,"order_type":"2","areaid":"230110","item_id":125},{"address":"湖南省","access_date":"2016-11-07 10:53:24","account":"l***5","quantity":1,"handle_status":8,"order_type":"2","areaid":"431129","item_id":125},{"address":"上海市","access_date":"2016-11-07 10:44:45","account":"t***t","quantity":1,"handle_status":8,"order_type":"2","areaid":"310110","item_id":125},{"address":"山东省","access_date":"2016-11-07 10:32:18","account":"雪***n","quantity":1,"handle_status":8,"order_type":"2","areaid":"370687","item_id":125},{"address":"四川省","access_date":"2016-11-07 10:29:46","account":"神***侠","quantity":1,"handle_status":8,"order_type":"2","areaid":"510105","item_id":125},{"address":"吉林省","access_date":"2016-11-07 10:10:52","account":"c***4","quantity":1,"handle_status":8,"order_type":"2","areaid":"220105","item_id":125},{"address":"四川省","access_date":"2016-11-07 10:07:40","account":"w***0","quantity":1,"handle_status":8,"order_type":"2","areaid":"511723","item_id":125},{"address":"上海市","access_date":"2016-11-06 12:31:57","account":"1***4","quantity":1,"handle_status":8,"order_type":"2","areaid":"310115","item_id":125},{"address":"安徽省","access_date":"2016-11-05 15:48:46","account":"w***d","quantity":1,"handle_status":8,"order_type":"2","areaid":"340104","item_id":125},{"address":"浙江省","access_date":"2016-11-05 15:19:14","account":"小***8","quantity":1,"handle_status":8,"order_type":"2","areaid":"330683","item_id":125},{"address":"江苏省","access_date":"2016-11-05 12:14:06","account":"q***y","quantity":1,"handle_status":8,"order_type":"2","areaid":"320501","item_id":125},{"address":"江苏省","access_date":"2016-11-05 12:10:40","account":"y***9","quantity":1,"handle_status":8,"order_type":"2","areaid":"320104","item_id":125},{"address":"山东省","access_date":"2016-11-05 12:08:14","account":"c***7","quantity":1,"handle_status":8,"order_type":"2","areaid":"370321","item_id":125},{"address":"天津市","access_date":"2016-11-05 10:09:59","account":"草***阳","quantity":1,"handle_status":8,"order_type":"2","areaid":"120116","item_id":125},{"address":"辽宁省","access_date":"2016-11-04 15:29:35","account":"殿***8","quantity":1,"handle_status":8,"order_type":"2","areaid":"210211","item_id":125},{"address":"内蒙古自治区","access_date":"2016-11-04 14:52:56","account":"l***j","quantity":1,"handle_status":8,"order_type":"2","areaid":"150424","item_id":125},{"address":"湖南省","access_date":"2016-11-04 14:37:34","account":"m***g","quantity":1,"handle_status":8,"order_type":"2","areaid":"430103","item_id":125},{"address":"安徽省","access_date":"2016-11-04 13:18:03","account":"g***6","quantity":1,"handle_status":8,"order_type":"2","areaid":"340104","item_id":125},{"address":"江苏省","access_date":"2016-11-04 11:39:03","account":"n***7","quantity":1,"handle_status":8,"order_type":"2","areaid":"320902","item_id":125},{"address":"上海市","access_date":"2016-11-04 11:08:23","account":"F***o","quantity":1,"handle_status":8,"order_type":"2","areaid":"310105","item_id":125},{"address":"浙江省","access_date":"2016-11-04 09:47:42","account":"l***0","quantity":1,"handle_status":8,"order_type":"2","areaid":"330103","item_id":125},{"address":"辽宁省","access_date":"2016-11-04 09:36:08","account":"l***8","quantity":1,"handle_status":8,"order_type":"2","areaid":"210104","item_id":125},{"address":"辽宁省","access_date":"2016-11-04 09:33:39","account":"l***i","quantity":1,"handle_status":8,"order_type":"2","areaid":"210112","item_id":125},{"address":"上海市","access_date":"2016-11-04 09:32:17","account":"t***4","quantity":1,"handle_status":8,"order_type":"2","areaid":"310107","item_id":125},{"address":"广东省","access_date":"2016-11-03 15:48:42","account":"h***5","quantity":1,"handle_status":8,"order_type":"2","areaid":"441624","item_id":125},{"address":"陕西省","access_date":"2016-11-03 15:05:10","account":"d***2","quantity":1,"handle_status":8,"order_type":"2","areaid":"610102","item_id":125},{"address":"河北省","access_date":"2016-11-03 14:35:44","account":"h***m","quantity":1,"handle_status":8,"order_type":"2","areaid":"130983","item_id":125},{"address":"河南省","access_date":"2016-11-03 12:48:38","account":"n***u","quantity":1,"handle_status":8,"order_type":"2","areaid":"411302","item_id":125},{"address":"山东省","access_date":"2016-11-03 12:34:20","account":"l***8","quantity":1,"handle_status":8,"order_type":"2","areaid":"370285","item_id":125},{"address":"浙江省","access_date":"2016-11-03 12:18:12","account":"m***t","quantity":1,"handle_status":8,"order_type":"2","areaid":"330782","item_id":125},{"address":"上海市","access_date":"2016-11-03 11:36:01","account":"金***芳","quantity":1,"handle_status":8,"order_type":"2","areaid":"310116","item_id":125},{"address":"甘肃省","access_date":"2016-11-03 11:20:38","account":"l***s","quantity":1,"handle_status":8,"order_type":"2","areaid":"620102","item_id":125},{"address":"黑龙江省","access_date":"2016-11-03 11:15:59","account":"w***d","quantity":1,"handle_status":8,"order_type":"2","areaid":"231182","item_id":125},{"address":"山东省","access_date":"2016-11-03 11:02:45","account":"w***g","quantity":1,"handle_status":8,"order_type":"2","areaid":"370782","item_id":125},{"address":"广东省","access_date":"2016-11-03 11:00:04","account":"依***w","quantity":1,"handle_status":8,"order_type":"2","areaid":"440304","item_id":125},{"address":"陕西省","access_date":"2016-11-03 10:34:50","account":"刘***溪","quantity":1,"handle_status":8,"order_type":"2","areaid":"610802","item_id":125},{"address":"广东省","access_date":"2016-11-03 09:33:51","account":"w***7","quantity":1,"handle_status":8,"order_type":"2","areaid":"440304","item_id":125},{"address":"江苏省","access_date":"2016-11-03 09:31:15","account":"宣***伟","quantity":1,"handle_status":8,"order_type":"2","areaid":"320115","item_id":125},{"address":"广东省","access_date":"2016-11-03 09:30:53","account":"1***0","quantity":1,"handle_status":8,"order_type":"2","areaid":"441301","item_id":125},{"address":"陕西省","access_date":"2016-11-03 09:30:32","account":"飘***云","quantity":1,"handle_status":8,"order_type":"2","areaid":"610112","item_id":125},{"address":"辽宁省","access_date":"2016-11-03 09:30:30","account":"乔***妮","quantity":1,"handle_status":8,"order_type":"2","areaid":"210114","item_id":125},{"address":"山东省","access_date":"2016-11-02 14:56:55","account":"宝***J","quantity":1,"handle_status":8,"order_type":"2","areaid":"371602","item_id":125},{"address":"四川省","access_date":"2016-11-02 14:16:51","account":"w***d","quantity":1,"handle_status":8,"order_type":"2","areaid":"510703","item_id":125},{"address":"广东省","access_date":"2016-11-02 13:51:07","account":"s***g","quantity":1,"handle_status":8,"order_type":"2","areaid":"ff8080814cd0d0f4014cd571e2a50002","item_id":125},{"address":"山东省","access_date":"2016-11-02 13:35:27","account":"k***n","quantity":1,"handle_status":8,"order_type":"2","areaid":"370103","item_id":125},{"address":"湖北省","access_date":"2016-11-02 13:34:21","account":"沉***香","quantity":1,"handle_status":8,"order_type":"2","areaid":"421003","item_id":125},{"address":"浙江省","access_date":"2016-11-02 12:26:22","account":"欧***品","quantity":1,"handle_status":8,"order_type":"2","areaid":"330783","item_id":125},{"address":"辽宁省","access_date":"2016-11-02 12:14:59","account":"h***w","quantity":1,"handle_status":8,"order_type":"2","areaid":"211302","item_id":125},{"address":"甘肃省","access_date":"2016-11-02 12:14:12","account":"d***f","quantity":1,"handle_status":8,"order_type":"2","areaid":"620102","item_id":125},{"address":"天津市","access_date":"2016-11-02 12:14:09","account":"e***9","quantity":1,"handle_status":8,"order_type":"2","areaid":"120101","item_id":125},{"address":"北京市","access_date":"2016-11-02 11:29:24","account":"z***1","quantity":1,"handle_status":8,"order_type":"2","areaid":"110108","item_id":125},{"address":"北京市","access_date":"2016-11-02 11:15:54","account":"n***u","quantity":1,"handle_status":8,"order_type":"2","areaid":"110101","item_id":125}]