[{"address":"北京市","access_date":"2015-11-08 15:54:24","account":"t***u","quantity":1,"handle_status":8,"order_type":"2","areaid":"110102","item_id":60},{"address":"山西省","access_date":"2015-11-08 15:15:12","account":"来***人","quantity":1,"handle_status":8,"order_type":"2","areaid":"140224","item_id":60},{"address":"河北省","access_date":"2015-11-08 15:12:27","account":"d***0","quantity":1,"handle_status":8,"order_type":"2","areaid":"130203","item_id":60},{"address":"云南省","access_date":"2015-11-08 15:12:27","account":"刘***8","quantity":1,"handle_status":8,"order_type":"2","areaid":"532801","item_id":60},{"address":"天津市","access_date":"2015-11-08 15:12:13","account":"z***1","quantity":1,"handle_status":8,"order_type":"2","areaid":"120113","item_id":60},{"address":"河南省","access_date":"2015-11-08 15:09:10","account":"风***1","quantity":1,"handle_status":8,"order_type":"2","areaid":"410183","item_id":60},{"address":"安徽省","access_date":"2015-11-08 15:06:24","account":"x***s","quantity":1,"handle_status":8,"order_type":"2","areaid":"340521","item_id":60},{"address":"浙江省","access_date":"2015-11-08 14:49:08","account":"林***麒","quantity":1,"handle_status":8,"order_type":"2","areaid":"331081","item_id":60},{"address":"河南省","access_date":"2015-11-08 14:48:36","account":"梦***8","quantity":1,"handle_status":8,"order_type":"2","areaid":"411621","item_id":60},{"address":"广东省","access_date":"2015-11-08 14:35:19","account":"s***q","quantity":1,"handle_status":8,"order_type":"2","areaid":"440305","item_id":60},{"address":"陕西省","access_date":"2015-11-08 14:32:29","account":"y***7","quantity":1,"handle_status":8,"order_type":"2","areaid":"610723","item_id":60},{"address":"内蒙古自治区","access_date":"2015-11-08 14:31:44","account":"1***1","quantity":1,"handle_status":8,"order_type":"2","areaid":"150103","item_id":60},{"address":"广东省","access_date":"2015-11-08 14:30:34","account":"l***y","quantity":1,"handle_status":8,"order_type":"2","areaid":"440104","item_id":60},{"address":"黑龙江省","access_date":"2015-11-08 14:30:26","account":"5***0","quantity":1,"handle_status":8,"order_type":"2","areaid":"230110","item_id":60},{"address":"广东省","access_date":"2015-11-08 14:30:23","account":"a***p","quantity":1,"handle_status":8,"order_type":"2","areaid":"440304","item_id":60},{"address":"浙江省","access_date":"2015-11-08 14:30:19","account":"吴***清","quantity":1,"handle_status":8,"order_type":"2","areaid":"331002","item_id":60},{"address":"黑龙江省","access_date":"2015-11-08 14:30:08","account":"y***p","quantity":1,"handle_status":8,"order_type":"2","areaid":"230103","item_id":60},{"address":"江苏省","access_date":"2015-11-08 14:29:52","account":"d***2","quantity":1,"handle_status":8,"order_type":"2","areaid":"320581","item_id":60},{"address":"福建省","access_date":"2015-11-08 14:29:48","account":"1***2","quantity":1,"handle_status":8,"order_type":"2","areaid":"350104","item_id":60},{"address":"江西省","access_date":"2015-11-08 14:29:44","account":"t***n","quantity":1,"handle_status":8,"order_type":"2","areaid":"360803","item_id":60},{"address":"浙江省","access_date":"2015-11-08 14:29:42","account":"1***8","quantity":1,"handle_status":8,"order_type":"2","areaid":"330324","item_id":60},{"address":"广东省","access_date":"2015-11-08 14:29:31","account":"a***p","quantity":1,"handle_status":8,"order_type":"2","areaid":"440304","item_id":60},{"address":"河南省","access_date":"2015-11-08 14:29:06","account":"熊***年","quantity":1,"handle_status":8,"order_type":"2","areaid":"410102","item_id":60},{"address":"江苏省","access_date":"2015-11-08 14:28:49","account":"j***y","quantity":1,"handle_status":8,"order_type":"2","areaid":"320202","item_id":60},{"address":"广东省","access_date":"2015-11-08 14:28:47","account":"a***p","quantity":1,"handle_status":8,"order_type":"2","areaid":"440304","item_id":60},{"address":"广东省","access_date":"2015-11-08 14:28:07","account":"a***p","quantity":1,"handle_status":8,"order_type":"2","areaid":"440304","item_id":60},{"address":"四川省","access_date":"2015-11-08 14:28:04","account":"z***6","quantity":1,"handle_status":8,"order_type":"2","areaid":"511002","item_id":60},{"address":"浙江省","access_date":"2015-11-08 14:27:59","account":"1***8","quantity":1,"handle_status":8,"order_type":"2","areaid":"330324","item_id":60},{"address":"河南省","access_date":"2015-11-08 14:27:45","account":"刘***忠","quantity":1,"handle_status":8,"order_type":"2","areaid":"410711","item_id":60},{"address":"广东省","access_date":"2015-11-08 14:26:29","account":"云***波","quantity":1,"handle_status":8,"order_type":"2","areaid":"ff8080814cd0d0f4014cd56f66b80001","item_id":60},{"address":"上海市","access_date":"2015-11-08 14:26:27","account":"k***7","quantity":1,"handle_status":8,"order_type":"2","areaid":"310108","item_id":60},{"address":"湖南省","access_date":"2015-11-08 14:26:13","account":"l***5","quantity":1,"handle_status":8,"order_type":"2","areaid":"430304","item_id":60},{"address":"黑龙江省","access_date":"2015-11-08 14:26:11","account":"y***p","quantity":1,"handle_status":8,"order_type":"2","areaid":"230103","item_id":60},{"address":"山西省","access_date":"2015-11-08 14:26:08","account":"A***9","quantity":1,"handle_status":8,"order_type":"2","areaid":"140411","item_id":60},{"address":"江苏省","access_date":"2015-11-08 14:26:05","account":"w***8","quantity":1,"handle_status":8,"order_type":"2","areaid":"320202","item_id":60},{"address":"天津市","access_date":"2015-11-08 14:26:01","account":"d***u","quantity":1,"handle_status":8,"order_type":"2","areaid":"120103","item_id":60},{"address":"内蒙古自治区","access_date":"2015-11-08 14:25:52","account":"0***0","quantity":1,"handle_status":8,"order_type":"2","areaid":"150621","item_id":60},{"address":"山东省","access_date":"2015-11-08 14:25:46","account":"q***d","quantity":1,"handle_status":8,"order_type":"2","areaid":"370213","item_id":60},{"address":"云南省","access_date":"2015-11-08 14:25:34","account":"k***r","quantity":1,"handle_status":8,"order_type":"2","areaid":"530102","item_id":60},{"address":"北京市","access_date":"2015-11-08 14:25:05","account":"l***g","quantity":1,"handle_status":8,"order_type":"2","areaid":"110102","item_id":60},{"address":"四川省","access_date":"2015-11-08 14:24:51","account":"z***6","quantity":1,"handle_status":8,"order_type":"2","areaid":"511002","item_id":60},{"address":"山东省","access_date":"2015-11-08 14:24:46","account":"浪***7","quantity":1,"handle_status":8,"order_type":"2","areaid":"370202","item_id":60},{"address":"广东省","access_date":"2015-11-08 14:24:27","account":"l***e","quantity":1,"handle_status":8,"order_type":"2","areaid":"440106","item_id":60},{"address":"河北省","access_date":"2015-11-08 14:24:12","account":"遇***8","quantity":1,"handle_status":8,"order_type":"2","areaid":"130102","item_id":60},{"address":"安徽省","access_date":"2015-11-08 14:24:09","account":"a***l","quantity":1,"handle_status":8,"order_type":"2","areaid":"340603","item_id":60},{"address":"江苏省","access_date":"2015-11-08 14:24:08","account":"于***波","quantity":1,"handle_status":8,"order_type":"2","areaid":"320102","item_id":60},{"address":"湖南省","access_date":"2015-11-08 14:24:06","account":"1***6","quantity":1,"handle_status":8,"order_type":"2","areaid":"430408","item_id":60},{"address":"北京市","access_date":"2015-11-08 14:23:38","account":"l***n","quantity":1,"handle_status":8,"order_type":"2","areaid":"110116","item_id":60},{"address":"湖南省","access_date":"2015-11-08 14:23:31","account":"小***7","quantity":1,"handle_status":8,"order_type":"2","areaid":"431021","item_id":60},{"address":"山东省","access_date":"2015-11-08 14:23:28","account":"q***j","quantity":1,"handle_status":8,"order_type":"2","areaid":"370213","item_id":60},{"address":"湖南省","access_date":"2015-11-08 14:23:23","account":"w***u","quantity":1,"handle_status":8,"order_type":"2","areaid":"430702","item_id":60},{"address":"天津市","access_date":"2015-11-08 14:23:16","account":"j***8","quantity":1,"handle_status":8,"order_type":"2","areaid":"120104","item_id":60},{"address":"山东省","access_date":"2015-11-08 14:23:10","account":"郝***旺","quantity":1,"handle_status":8,"order_type":"2","areaid":"370801","item_id":60},{"address":"江苏省","access_date":"2015-11-08 14:21:45","account":"雪***风","quantity":1,"handle_status":8,"order_type":"2","areaid":"320506","item_id":60},{"address":"浙江省","access_date":"2015-11-08 14:21:42","account":"a***8","quantity":1,"handle_status":8,"order_type":"2","areaid":"330329","item_id":60},{"address":"辽宁省","access_date":"2015-11-08 14:21:33","account":"浪***無","quantity":1,"handle_status":8,"order_type":"2","areaid":"210802","item_id":60},{"address":"广东省","access_date":"2015-11-08 14:21:32","account":"a***p","quantity":1,"handle_status":8,"order_type":"2","areaid":"440304","item_id":60},{"address":"山西省","access_date":"2015-11-08 14:21:25","account":"z***b","quantity":1,"handle_status":8,"order_type":"2","areaid":"140202","item_id":60},{"address":"山东省","access_date":"2015-11-08 14:21:14","account":"l***5","quantity":1,"handle_status":8,"order_type":"2","areaid":"371402","item_id":60},{"address":"福建省","access_date":"2015-11-08 14:21:07","account":"君***海","quantity":1,"handle_status":8,"order_type":"2","areaid":"350203","item_id":60},{"address":"浙江省","access_date":"2015-11-08 14:21:04","account":"q***3","quantity":1,"handle_status":8,"order_type":"2","areaid":"331003","item_id":60},{"address":"黑龙江省","access_date":"2015-11-08 14:19:10","account":"g***4","quantity":1,"handle_status":8,"order_type":"2","areaid":"230702","item_id":60},{"address":"山东省","access_date":"2015-11-08 14:18:30","account":"z***n","quantity":1,"handle_status":8,"order_type":"2","areaid":"370781","item_id":60},{"address":"甘肃省","access_date":"2015-11-08 14:18:29","account":"s***6","quantity":1,"handle_status":8,"order_type":"2","areaid":"621002","item_id":60},{"address":"上海市","access_date":"2015-11-08 14:18:27","account":"朱***江","quantity":1,"handle_status":8,"order_type":"2","areaid":"310114","item_id":60},{"address":"北京市","access_date":"2015-11-08 14:18:23","account":"p***y","quantity":2,"handle_status":8,"order_type":"2","areaid":"110108","item_id":60},{"address":"安徽省","access_date":"2015-11-08 14:18:15","account":"w***2","quantity":1,"handle_status":8,"order_type":"2","areaid":"341101","item_id":60},{"address":"浙江省","access_date":"2015-11-08 14:18:12","account":"1***7","quantity":1,"handle_status":8,"order_type":"2","areaid":"330327","item_id":60},{"address":"辽宁省","access_date":"2015-11-08 14:18:11","account":"浪***無","quantity":1,"handle_status":8,"order_type":"2","areaid":"210802","item_id":60},{"address":"浙江省","access_date":"2015-11-08 14:14:16","account":"l***7","quantity":1,"handle_status":8,"order_type":"2","areaid":"330682","item_id":60},{"address":"浙江省","access_date":"2015-11-08 14:14:14","account":"卡***片","quantity":1,"handle_status":8,"order_type":"2","areaid":"330382","item_id":60},{"address":"江苏省","access_date":"2015-11-08 14:14:13","account":"e***e","quantity":1,"handle_status":8,"order_type":"2","areaid":"320303","item_id":60},{"address":"四川省","access_date":"2015-11-08 14:14:08","account":"j***7","quantity":1,"handle_status":8,"order_type":"2","areaid":"510105","item_id":60},{"address":"黑龙江省","access_date":"2015-11-08 14:14:07","account":"g***4","quantity":1,"handle_status":8,"order_type":"2","areaid":"230702","item_id":60},{"address":"江西省","access_date":"2015-11-08 14:14:05","account":"h***6","quantity":1,"handle_status":8,"order_type":"2","areaid":"360829","item_id":60},{"address":"湖北省","access_date":"2015-11-08 14:14:00","account":"f***5","quantity":1,"handle_status":8,"order_type":"2","areaid":"420111","item_id":60},{"address":"辽宁省","access_date":"2015-11-08 14:13:57","account":"浪***無","quantity":1,"handle_status":8,"order_type":"2","areaid":"210802","item_id":60},{"address":"黑龙江省","access_date":"2015-11-08 14:13:55","account":"a***i","quantity":1,"handle_status":8,"order_type":"2","areaid":"230604","item_id":60},{"address":"福建省","access_date":"2015-11-08 14:13:55","account":"c***g","quantity":1,"handle_status":8,"order_type":"2","areaid":"350581","item_id":60},{"address":"江苏省","access_date":"2015-11-08 14:12:19","account":"c***o","quantity":1,"handle_status":8,"order_type":"2","areaid":"320509","item_id":60},{"address":"四川省","access_date":"2015-11-08 14:12:16","account":"y***8","quantity":1,"handle_status":8,"order_type":"2","areaid":"510681","item_id":60},{"address":"江苏省","access_date":"2015-11-08 14:12:16","account":"c***o","quantity":1,"handle_status":8,"order_type":"2","areaid":"320581","item_id":60},{"address":"吉林省","access_date":"2015-11-08 14:12:14","account":"1***1","quantity":1,"handle_status":8,"order_type":"2","areaid":"220103","item_id":60},{"address":"甘肃省","access_date":"2015-11-08 14:12:09","account":"g***y","quantity":1,"handle_status":8,"order_type":"2","areaid":"620102","item_id":60},{"address":"山西省","access_date":"2015-11-08 14:12:04","account":"1***仔","quantity":1,"handle_status":8,"order_type":"2","areaid":"140224","item_id":60},{"address":"广东省","access_date":"2015-11-08 14:12:01","account":"a***p","quantity":1,"handle_status":8,"order_type":"2","areaid":"440304","item_id":60},{"address":"陕西省","access_date":"2015-11-08 14:11:58","account":"a***n","quantity":1,"handle_status":8,"order_type":"2","areaid":"610802","item_id":60},{"address":"上海市","access_date":"2015-11-08 14:11:54","account":"d***2","quantity":1,"handle_status":8,"order_type":"2","areaid":"310112","item_id":60},{"address":"湖南省","access_date":"2015-11-08 14:11:52","account":"小***7","quantity":1,"handle_status":8,"order_type":"2","areaid":"431021","item_id":60},{"address":"甘肃省","access_date":"2015-11-08 14:08:42","account":"j***o","quantity":1,"handle_status":8,"order_type":"2","areaid":"620902","item_id":60},{"address":"甘肃省","access_date":"2015-11-08 14:08:41","account":"n***2","quantity":1,"handle_status":8,"order_type":"2","areaid":"620102","item_id":60},{"address":"广东省","access_date":"2015-11-08 14:08:39","account":"a***p","quantity":1,"handle_status":8,"order_type":"2","areaid":"440304","item_id":60},{"address":"福建省","access_date":"2015-11-08 14:08:36","account":"z***7","quantity":1,"handle_status":8,"order_type":"2","areaid":"350982","item_id":60},{"address":"江西省","access_date":"2015-11-08 14:08:32","account":"平***心","quantity":1,"handle_status":8,"order_type":"2","areaid":"360782","item_id":60},{"address":"山东省","access_date":"2015-11-08 14:02:06","account":"朱***金","quantity":1,"handle_status":8,"order_type":"2","areaid":"371312","item_id":60},{"address":"黑龙江省","access_date":"2015-11-08 14:02:06","account":"m***8","quantity":1,"handle_status":8,"order_type":"2","areaid":"230104","item_id":60},{"address":"广东省","access_date":"2015-11-08 14:02:02","account":"l***e","quantity":1,"handle_status":8,"order_type":"2","areaid":"440106","item_id":60},{"address":"湖南省","access_date":"2015-11-08 14:02:02","account":"1***2","quantity":1,"handle_status":8,"order_type":"2","areaid":"430104","item_id":60}]