[{"address":"安徽省","access_date":"2017-03-02 15:36:51","account":"y***5","quantity":1,"handle_status":8,"order_type":"2","areaid":"340523","item_id":149},{"address":"北京市","access_date":"2017-03-02 14:49:07","account":"v***0","quantity":1,"handle_status":8,"order_type":"2","areaid":"110105","item_id":149},{"address":"上海市","access_date":"2017-03-02 14:48:44","account":"s***h","quantity":1,"handle_status":8,"order_type":"2","areaid":"310108","item_id":149},{"address":"浙江省","access_date":"2017-03-02 14:48:24","account":"汤***荣","quantity":1,"handle_status":8,"order_type":"2","areaid":"330328","item_id":149},{"address":"山东省","access_date":"2017-03-02 14:10:30","account":"w***0","quantity":1,"handle_status":8,"order_type":"2","areaid":"370303","item_id":149},{"address":"山西省","access_date":"2017-03-02 14:10:23","account":"l***2","quantity":2,"handle_status":8,"order_type":"2","areaid":"140881","item_id":149},{"address":"上海市","access_date":"2017-03-02 14:10:20","account":"1***3","quantity":1,"handle_status":8,"order_type":"2","areaid":"310112","item_id":149},{"address":"北京市","access_date":"2017-03-02 14:04:05","account":"1***2","quantity":1,"handle_status":8,"order_type":"2","areaid":"110108","item_id":149},{"address":"山东省","access_date":"2017-03-02 14:02:47","account":"s***8","quantity":1,"handle_status":8,"order_type":"2","areaid":"370611","item_id":149},{"address":"河南省","access_date":"2017-03-02 14:02:47","account":"b***k","quantity":1,"handle_status":8,"order_type":"2","areaid":"410221","item_id":149},{"address":"山东省","access_date":"2017-03-02 14:02:47","account":"王***1","quantity":2,"handle_status":8,"order_type":"2","areaid":"371102","item_id":149},{"address":"内蒙古自治区","access_date":"2017-03-02 14:02:46","account":"m***5","quantity":1,"handle_status":8,"order_type":"2","areaid":"150103","item_id":149},{"address":"云南省","access_date":"2017-03-02 14:02:42","account":"f***8","quantity":1,"handle_status":8,"order_type":"2","areaid":"530381","item_id":149},{"address":"山东省","access_date":"2017-03-02 14:02:40","account":"k***n","quantity":1,"handle_status":8,"order_type":"2","areaid":"370681","item_id":149},{"address":"山西省","access_date":"2017-03-02 14:02:39","account":"c***8","quantity":2,"handle_status":8,"order_type":"2","areaid":"140727","item_id":149},{"address":"浙江省","access_date":"2017-03-02 14:02:39","account":"n***w","quantity":1,"handle_status":8,"order_type":"2","areaid":"330105","item_id":149},{"address":"山西省","access_date":"2017-03-02 14:02:38","account":"1***9","quantity":1,"handle_status":8,"order_type":"2","areaid":"140106","item_id":149},{"address":"北京市","access_date":"2017-03-02 14:02:36","account":"z***i","quantity":1,"handle_status":8,"order_type":"2","areaid":"110109","item_id":149},{"address":"福建省","access_date":"2017-03-02 14:02:22","account":"1***8","quantity":1,"handle_status":8,"order_type":"2","areaid":"350103","item_id":149},{"address":"上海市","access_date":"2017-03-02 14:02:21","account":"c***a","quantity":2,"handle_status":8,"order_type":"2","areaid":"310105","item_id":149},{"address":"新疆维吾尔自治区","access_date":"2017-03-02 14:02:17","account":"f***9","quantity":1,"handle_status":8,"order_type":"2","areaid":"659001","item_id":149},{"address":"山东省","access_date":"2017-03-02 14:02:17","account":"t***2","quantity":2,"handle_status":8,"order_type":"2","areaid":"371322","item_id":149},{"address":"广东省","access_date":"2017-03-02 14:02:16","account":"1***3","quantity":1,"handle_status":8,"order_type":"2","areaid":"440307","item_id":149},{"address":"江苏省","access_date":"2017-03-02 14:02:15","account":"M***r","quantity":1,"handle_status":8,"order_type":"2","areaid":"320585","item_id":149},{"address":"浙江省","access_date":"2017-03-02 14:02:13","account":"1***8","quantity":1,"handle_status":8,"order_type":"2","areaid":"331121","item_id":149},{"address":"吉林省","access_date":"2017-03-02 14:02:12","account":"小***呵","quantity":1,"handle_status":8,"order_type":"2","areaid":"222401","item_id":149},{"address":"上海市","access_date":"2017-03-02 14:02:11","account":"l***o","quantity":1,"handle_status":8,"order_type":"2","areaid":"310112","item_id":149},{"address":"广西壮族自治区","access_date":"2017-03-02 14:02:00","account":"悠***日","quantity":2,"handle_status":8,"order_type":"2","areaid":"450103","item_id":149},{"address":"江苏省","access_date":"2017-03-02 14:01:51","account":"1***5","quantity":1,"handle_status":8,"order_type":"2","areaid":"320205","item_id":149},{"address":"江苏省","access_date":"2017-03-02 14:01:44","account":"l***9","quantity":1,"handle_status":8,"order_type":"2","areaid":"320481","item_id":149},{"address":"北京市","access_date":"2017-03-02 14:01:43","account":"z***c","quantity":1,"handle_status":8,"order_type":"2","areaid":"110108","item_id":149},{"address":"陕西省","access_date":"2017-03-02 14:01:42","account":"x***6","quantity":1,"handle_status":7,"order_type":"2","areaid":"610103","item_id":149},{"address":"河南省","access_date":"2017-03-02 14:01:42","account":"w***n","quantity":1,"handle_status":8,"order_type":"2","areaid":"411121","item_id":149},{"address":"浙江省","access_date":"2017-03-02 14:01:41","account":"1***8","quantity":1,"handle_status":8,"order_type":"2","areaid":"331121","item_id":149},{"address":"江苏省","access_date":"2017-03-02 14:01:38","account":"y***g","quantity":1,"handle_status":8,"order_type":"2","areaid":"320115","item_id":149},{"address":"陕西省","access_date":"2017-03-02 14:01:35","account":"金***8","quantity":1,"handle_status":8,"order_type":"2","areaid":"610114","item_id":149},{"address":"天津市","access_date":"2017-03-02 14:01:34","account":"晏***杰","quantity":1,"handle_status":8,"order_type":"2","areaid":"120101","item_id":149},{"address":"福建省","access_date":"2017-03-02 14:01:30","account":"1***9","quantity":1,"handle_status":8,"order_type":"2","areaid":"350582","item_id":149},{"address":"云南省","access_date":"2017-03-02 14:01:20","account":"1***5","quantity":1,"handle_status":8,"order_type":"2","areaid":"533321","item_id":149},{"address":"福建省","access_date":"2017-03-02 14:01:19","account":"l***4","quantity":1,"handle_status":8,"order_type":"2","areaid":"350802","item_id":149},{"address":"湖南省","access_date":"2017-03-02 14:01:15","account":"1***5","quantity":1,"handle_status":8,"order_type":"2","areaid":"430521","item_id":149},{"address":"上海市","access_date":"2017-03-02 14:01:14","account":"Z***2","quantity":1,"handle_status":8,"order_type":"2","areaid":"310110","item_id":149},{"address":"天津市","access_date":"2017-03-02 14:01:13","account":"l***a","quantity":1,"handle_status":8,"order_type":"2","areaid":"120221","item_id":149},{"address":"浙江省","access_date":"2017-03-02 14:01:12","account":"l***h","quantity":1,"handle_status":8,"order_type":"2","areaid":"331081","item_id":149},{"address":"山东省","access_date":"2017-03-02 14:01:11","account":"1***9","quantity":1,"handle_status":8,"order_type":"2","areaid":"370783","item_id":149},{"address":"江苏省","access_date":"2017-03-02 14:01:10","account":"x***8","quantity":1,"handle_status":8,"order_type":"2","areaid":"320282","item_id":149},{"address":"山东省","access_date":"2017-03-02 14:01:07","account":"花***贝","quantity":1,"handle_status":8,"order_type":"2","areaid":"370214","item_id":149},{"address":"江苏省","access_date":"2017-03-02 14:01:06","account":"h***4","quantity":1,"handle_status":8,"order_type":"2","areaid":"321323","item_id":149},{"address":"上海市","access_date":"2017-03-02 14:01:02","account":"米***鼠","quantity":1,"handle_status":8,"order_type":"2","areaid":"310115","item_id":149},{"address":"辽宁省","access_date":"2017-03-02 14:00:55","account":"1***2","quantity":1,"handle_status":8,"order_type":"2","areaid":"211403","item_id":149},{"address":"山东省","access_date":"2017-03-02 14:00:53","account":"d***8","quantity":1,"handle_status":8,"order_type":"2","areaid":"370785","item_id":149},{"address":"甘肃省","access_date":"2017-03-02 14:00:52","account":"1***9","quantity":1,"handle_status":8,"order_type":"2","areaid":"621102","item_id":149},{"address":"山东省","access_date":"2017-03-02 14:00:51","account":"s***3","quantity":1,"handle_status":8,"order_type":"2","areaid":"370102","item_id":149},{"address":"江苏省","access_date":"2017-03-02 14:00:45","account":"1***3","quantity":2,"handle_status":8,"order_type":"2","areaid":"320506","item_id":149},{"address":"辽宁省","access_date":"2017-03-02 14:00:44","account":"1***5","quantity":1,"handle_status":8,"order_type":"2","areaid":"210202","item_id":149},{"address":"河南省","access_date":"2017-03-02 14:00:39","account":"l***5","quantity":1,"handle_status":8,"order_type":"2","areaid":"410381","item_id":149},{"address":"上海市","access_date":"2017-03-02 14:00:37","account":"g***i","quantity":1,"handle_status":8,"order_type":"2","areaid":"310115","item_id":149},{"address":"浙江省","access_date":"2017-03-02 14:00:35","account":"果***8","quantity":1,"handle_status":8,"order_type":"2","areaid":"330326","item_id":149},{"address":"广东省","access_date":"2017-03-02 14:00:33","account":"何***华","quantity":1,"handle_status":8,"order_type":"2","areaid":"440605","item_id":149},{"address":"上海市","access_date":"2017-03-02 14:00:28","account":"s***x","quantity":1,"handle_status":8,"order_type":"2","areaid":"310115","item_id":149}]