[{"address":"河北省","access_date":"2016-09-29 09:50:02","account":"张***山","quantity":1,"handle_status":8,"order_type":"53","areaid":"130983","item_id":114},{"address":"北京市","access_date":"2016-09-29 09:50:02","account":"1***1","quantity":1,"handle_status":8,"order_type":"53","areaid":"110102","item_id":114},{"address":"福建省","access_date":"2016-09-29 09:50:01","account":"c***1","quantity":1,"handle_status":8,"order_type":"53","areaid":"350521","item_id":114},{"address":"云南省","access_date":"2016-09-29 09:50:01","account":"1***5","quantity":1,"handle_status":8,"order_type":"53","areaid":"530111","item_id":114},{"address":"湖北省","access_date":"2016-09-29 09:50:01","account":"1***3","quantity":1,"handle_status":8,"order_type":"53","areaid":"420105","item_id":114},{"address":"辽宁省","access_date":"2016-09-29 09:50:01","account":"0***w","quantity":1,"handle_status":8,"order_type":"53","areaid":"210211","item_id":114},{"address":"山东省","access_date":"2016-09-29 09:50:01","account":"x***1","quantity":1,"handle_status":8,"order_type":"53","areaid":"371083","item_id":114},{"address":"新疆维吾尔自治区","access_date":"2016-09-29 09:50:01","account":"王***鸽","quantity":1,"handle_status":8,"order_type":"53","areaid":"650102","item_id":114},{"address":"北京市","access_date":"2016-09-29 09:50:01","account":"t***5","quantity":1,"handle_status":8,"order_type":"53","areaid":"110102","item_id":114},{"address":"江苏省","access_date":"2016-09-29 09:50:01","account":"1***2","quantity":1,"handle_status":8,"order_type":"53","areaid":"320201","item_id":114},{"address":"北京市","access_date":"2016-09-29 09:50:01","account":"h***n","quantity":1,"handle_status":8,"order_type":"53","areaid":"110108","item_id":114},{"address":"上海市","access_date":"2016-09-29 09:50:01","account":"1***9","quantity":1,"handle_status":8,"order_type":"53","areaid":"310112","item_id":114},{"address":"河南省","access_date":"2016-09-29 09:50:01","account":"独***客","quantity":1,"handle_status":8,"order_type":"53","areaid":"410825","item_id":114},{"address":"广东省","access_date":"2016-09-29 09:50:01","account":"1***1","quantity":1,"handle_status":8,"order_type":"53","areaid":"440306","item_id":114},{"address":"辽宁省","access_date":"2016-09-29 09:50:01","account":"l***i","quantity":1,"handle_status":8,"order_type":"53","areaid":"210204","item_id":114},{"address":"河北省","access_date":"2016-09-29 09:50:01","account":"t***9","quantity":1,"handle_status":8,"order_type":"53","areaid":"131082","item_id":114},{"address":"浙江省","access_date":"2016-09-29 09:50:01","account":"1***3","quantity":1,"handle_status":8,"order_type":"53","areaid":"331121","item_id":114},{"address":"浙江省","access_date":"2016-09-29 09:50:01","account":"1***3","quantity":1,"handle_status":8,"order_type":"53","areaid":"331081","item_id":114},{"address":"湖南省","access_date":"2016-09-29 09:50:01","account":"g***3","quantity":1,"handle_status":8,"order_type":"53","areaid":"431002","item_id":114},{"address":"辽宁省","access_date":"2016-09-29 09:50:01","account":"s***n","quantity":1,"handle_status":8,"order_type":"53","areaid":"210803","item_id":114},{"address":"上海市","access_date":"2016-09-29 09:50:01","account":"1***0","quantity":1,"handle_status":8,"order_type":"53","areaid":"310112","item_id":114},{"address":"重庆市","access_date":"2016-09-29 09:50:01","account":"c***c","quantity":1,"handle_status":8,"order_type":"53","areaid":"500103","item_id":114},{"address":"重庆市","access_date":"2016-09-29 09:50:01","account":"田***邑","quantity":1,"handle_status":8,"order_type":"53","areaid":"500105","item_id":114},{"address":"上海市","access_date":"2016-09-29 09:50:01","account":"s***尧","quantity":1,"handle_status":8,"order_type":"53","areaid":"310109","item_id":114},{"address":"山东省","access_date":"2016-09-29 09:50:01","account":"孙***勇","quantity":1,"handle_status":8,"order_type":"53","areaid":"370282","item_id":114},{"address":"宁夏回族自治区","access_date":"2016-09-29 09:50:01","account":"g***1","quantity":1,"handle_status":8,"order_type":"53","areaid":"640402","item_id":114},{"address":"山西省","access_date":"2016-09-29 09:50:01","account":"s***z","quantity":1,"handle_status":8,"order_type":"53","areaid":"140402","item_id":114},{"address":"上海市","access_date":"2016-09-29 09:50:01","account":"1***0","quantity":1,"handle_status":8,"order_type":"53","areaid":"310112","item_id":114},{"address":"河北省","access_date":"2016-09-29 09:50:01","account":"s***1","quantity":1,"handle_status":8,"order_type":"53","areaid":"131002","item_id":114},{"address":"浙江省","access_date":"2016-09-29 09:50:01","account":"蓝***缘","quantity":1,"handle_status":8,"order_type":"53","areaid":"330324","item_id":114},{"address":"广东省","access_date":"2016-09-29 09:50:01","account":"何***成","quantity":1,"handle_status":8,"order_type":"53","areaid":"440306","item_id":114},{"address":"湖北省","access_date":"2016-09-29 09:50:01","account":"城***5","quantity":1,"handle_status":8,"order_type":"53","areaid":"429005","item_id":114},{"address":"山东省","access_date":"2016-09-29 09:50:01","account":"w***n","quantity":1,"handle_status":8,"order_type":"53","areaid":"370301","item_id":114},{"address":"浙江省","access_date":"2016-09-29 09:50:00","account":"p***k","quantity":1,"handle_status":8,"order_type":"53","areaid":"330402","item_id":114},{"address":"湖南省","access_date":"2016-09-29 09:50:00","account":"h***8","quantity":1,"handle_status":8,"order_type":"53","areaid":"430502","item_id":114},{"address":"上海市","access_date":"2016-09-29 09:50:00","account":"s***i","quantity":1,"handle_status":8,"order_type":"53","areaid":"310115","item_id":114},{"address":"浙江省","access_date":"2016-09-29 09:50:00","account":"Z***8","quantity":1,"handle_status":8,"order_type":"53","areaid":"330783","item_id":114},{"address":"湖南省","access_date":"2016-09-29 09:50:00","account":"鲲***1","quantity":1,"handle_status":8,"order_type":"53","areaid":"430105","item_id":114},{"address":"山东省","access_date":"2016-09-29 09:50:00","account":"o***4","quantity":1,"handle_status":8,"order_type":"53","areaid":"371323","item_id":114},{"address":"山东省","access_date":"2016-09-29 09:50:00","account":"o***1","quantity":1,"handle_status":8,"order_type":"53","areaid":"371323","item_id":114},{"address":"安徽省","access_date":"2016-09-29 09:50:00","account":"赵***1","quantity":1,"handle_status":8,"order_type":"53","areaid":"341823","item_id":114},{"address":"湖北省","access_date":"2016-09-29 09:50:00","account":"1***7","quantity":1,"handle_status":8,"order_type":"53","areaid":"420106","item_id":114},{"address":"吉林省","access_date":"2016-09-29 09:50:00","account":"5***2","quantity":1,"handle_status":8,"order_type":"53","areaid":"222403","item_id":114},{"address":"广东省","access_date":"2016-09-29 09:50:00","account":"1***9","quantity":1,"handle_status":8,"order_type":"53","areaid":"ff8080814cd0d0f4014cd571e2a50002","item_id":114},{"address":"宁夏回族自治区","access_date":"2016-09-29 09:50:00","account":"s***1","quantity":1,"handle_status":8,"order_type":"53","areaid":"640402","item_id":114},{"address":"北京市","access_date":"2016-09-29 09:50:00","account":"l***i","quantity":1,"handle_status":8,"order_type":"53","areaid":"110105","item_id":114},{"address":"河南省","access_date":"2016-09-29 09:50:00","account":"1***8","quantity":1,"handle_status":8,"order_type":"53","areaid":"410222","item_id":114},{"address":"湖北省","access_date":"2016-09-29 09:50:00","account":"p***6","quantity":1,"handle_status":8,"order_type":"53","areaid":"420502","item_id":114},{"address":"上海市","access_date":"2016-09-29 09:50:00","account":"舍***5","quantity":1,"handle_status":8,"order_type":"53","areaid":"310109","item_id":114},{"address":"湖北省","access_date":"2016-09-29 09:50:00","account":"z***q","quantity":1,"handle_status":8,"order_type":"53","areaid":"420381","item_id":114},{"address":"辽宁省","access_date":"2016-09-29 09:50:00","account":"1***8","quantity":1,"handle_status":8,"order_type":"53","areaid":"210103","item_id":114},{"address":"江苏省","access_date":"2016-09-29 09:50:00","account":"高***兰","quantity":1,"handle_status":8,"order_type":"53","areaid":"321081","item_id":114},{"address":"广东省","access_date":"2016-09-29 09:50:00","account":"郑***海","quantity":1,"handle_status":8,"order_type":"53","areaid":"440305","item_id":114},{"address":"江苏省","access_date":"2016-09-29 09:50:00","account":"1***3","quantity":1,"handle_status":8,"order_type":"53","areaid":"321081","item_id":114},{"address":"浙江省","access_date":"2016-09-29 09:50:00","account":"4***7","quantity":1,"handle_status":8,"order_type":"53","areaid":"330302","item_id":114},{"address":"江西省","access_date":"2016-09-29 09:50:00","account":"j***9","quantity":1,"handle_status":8,"order_type":"53","areaid":"360983","item_id":114},{"address":"上海市","access_date":"2016-09-29 09:50:00","account":"x***n","quantity":1,"handle_status":8,"order_type":"53","areaid":"310112","item_id":114},{"address":"江苏省","access_date":"2016-09-29 09:50:00","account":"k***5","quantity":1,"handle_status":8,"order_type":"53","areaid":"321002","item_id":114},{"address":"河北省","access_date":"2016-09-29 09:50:00","account":"燕***锋","quantity":1,"handle_status":8,"order_type":"53","areaid":"130108","item_id":114},{"address":"山西省","access_date":"2016-09-29 09:50:00","account":"l***1","quantity":1,"handle_status":8,"order_type":"53","areaid":"140728","item_id":114},{"address":"山东省","access_date":"2016-09-29 09:50:00","account":"l***c","quantity":1,"handle_status":8,"order_type":"53","areaid":"370202","item_id":114},{"address":"浙江省","access_date":"2016-09-29 09:50:00","account":"1***5","quantity":1,"handle_status":8,"order_type":"53","areaid":"330402","item_id":114},{"address":"上海市","access_date":"2016-09-29 09:50:00","account":"1***7","quantity":1,"handle_status":8,"order_type":"53","areaid":"310105","item_id":114},{"address":"福建省","access_date":"2016-09-29 09:49:59","account":"f***5","quantity":1,"handle_status":8,"order_type":"53","areaid":"350924","item_id":114},{"address":"上海市","access_date":"2016-09-29 09:49:59","account":"c***1","quantity":1,"handle_status":8,"order_type":"53","areaid":"310115","item_id":114},{"address":"山东省","access_date":"2016-09-29 09:49:59","account":"s***x","quantity":1,"handle_status":8,"order_type":"53","areaid":"371082","item_id":114},{"address":"安徽省","access_date":"2016-09-29 09:49:59","account":"f***g","quantity":1,"handle_status":8,"order_type":"53","areaid":"340322","item_id":114},{"address":"福建省","access_date":"2016-09-29 09:49:59","account":"e***1","quantity":1,"handle_status":8,"order_type":"53","areaid":"350623","item_id":114},{"address":"上海市","access_date":"2016-09-29 09:49:59","account":"煙***渺","quantity":1,"handle_status":8,"order_type":"53","areaid":"310105","item_id":114},{"address":"甘肃省","access_date":"2016-09-29 09:49:59","account":"f***1","quantity":1,"handle_status":8,"order_type":"53","areaid":"621002","item_id":114},{"address":"江苏省","access_date":"2016-09-29 09:49:59","account":"小***6","quantity":1,"handle_status":8,"order_type":"53","areaid":"321003","item_id":114},{"address":"福建省","access_date":"2016-09-29 09:49:59","account":"永***7","quantity":1,"handle_status":8,"order_type":"53","areaid":"350121","item_id":114},{"address":"江苏省","access_date":"2016-09-29 09:49:59","account":"y***2","quantity":1,"handle_status":8,"order_type":"53","areaid":"320582","item_id":114},{"address":"天津市","access_date":"2016-09-29 09:49:59","account":"a***g","quantity":1,"handle_status":8,"order_type":"53","areaid":"120116","item_id":114},{"address":"辽宁省","access_date":"2016-09-29 09:49:59","account":"1***5","quantity":1,"handle_status":8,"order_type":"53","areaid":"210302","item_id":114},{"address":"河北省","access_date":"2016-09-29 09:49:59","account":"l***g","quantity":1,"handle_status":8,"order_type":"53","areaid":"130903","item_id":114},{"address":"辽宁省","access_date":"2016-09-29 09:49:59","account":"1***3","quantity":1,"handle_status":8,"order_type":"53","areaid":"210302","item_id":114},{"address":"北京市","access_date":"2016-09-29 09:49:59","account":"达***国","quantity":1,"handle_status":8,"order_type":"53","areaid":"110106","item_id":114},{"address":"河北省","access_date":"2016-09-29 09:49:59","account":"s***y","quantity":1,"handle_status":8,"order_type":"53","areaid":"131082","item_id":114},{"address":"广东省","access_date":"2016-09-29 09:49:59","account":"r***d","quantity":1,"handle_status":8,"order_type":"53","areaid":"440515","item_id":114},{"address":"北京市","access_date":"2016-09-29 09:49:59","account":"w***0","quantity":1,"handle_status":8,"order_type":"53","areaid":"110108","item_id":114},{"address":"广东省","access_date":"2016-09-29 09:49:59","account":"h***8","quantity":1,"handle_status":8,"order_type":"53","areaid":"ff8080814cd0d0f4014cd56f66b80001","item_id":114},{"address":"甘肃省","access_date":"2016-09-29 09:49:59","account":"w***4","quantity":1,"handle_status":8,"order_type":"53","areaid":"620502","item_id":114},{"address":"浙江省","access_date":"2016-09-29 09:49:59","account":"1***6","quantity":1,"handle_status":8,"order_type":"53","areaid":"330324","item_id":114},{"address":"江苏省","access_date":"2016-09-29 09:49:59","account":"钱***友","quantity":1,"handle_status":8,"order_type":"53","areaid":"320508","item_id":114},{"address":"山东省","access_date":"2016-09-29 09:49:59","account":"r***i","quantity":1,"handle_status":8,"order_type":"53","areaid":"370213","item_id":114},{"address":"北京市","access_date":"2016-09-29 09:49:59","account":"z***n","quantity":1,"handle_status":8,"order_type":"53","areaid":"110106","item_id":114},{"address":"广东省","access_date":"2016-09-29 09:49:59","account":"v***9","quantity":1,"handle_status":8,"order_type":"53","areaid":"440703","item_id":114},{"address":"上海市","access_date":"2016-09-29 09:49:59","account":"t***i","quantity":1,"handle_status":8,"order_type":"53","areaid":"310114","item_id":114},{"address":"上海市","access_date":"2016-09-29 09:49:59","account":"1***9","quantity":1,"handle_status":8,"order_type":"53","areaid":"310104","item_id":114},{"address":"河南省","access_date":"2016-09-29 09:49:59","account":"h***1","quantity":1,"handle_status":8,"order_type":"53","areaid":"410305","item_id":114},{"address":"湖南省","access_date":"2016-09-29 09:49:59","account":"1***6","quantity":1,"handle_status":8,"order_type":"53","areaid":"431103","item_id":114},{"address":"天津市","access_date":"2016-09-29 09:49:58","account":"追***鸟","quantity":1,"handle_status":8,"order_type":"53","areaid":"120101","item_id":114},{"address":"浙江省","access_date":"2016-09-29 09:49:58","account":"1***0","quantity":1,"handle_status":8,"order_type":"53","areaid":"331002","item_id":114},{"address":"四川省","access_date":"2016-09-29 09:49:58","account":"r***1","quantity":1,"handle_status":8,"order_type":"53","areaid":"510106","item_id":114},{"address":"山东省","access_date":"2016-09-29 09:49:58","account":"熊***丈","quantity":1,"handle_status":8,"order_type":"53","areaid":"370203","item_id":114},{"address":"浙江省","access_date":"2016-09-29 09:49:58","account":"K***0","quantity":1,"handle_status":8,"order_type":"53","areaid":"331022","item_id":114},{"address":"湖北省","access_date":"2016-09-29 09:49:58","account":"w***6","quantity":1,"handle_status":8,"order_type":"53","areaid":"420105","item_id":114},{"address":"江苏省","access_date":"2016-09-29 09:49:58","account":"邵***鑫","quantity":1,"handle_status":8,"order_type":"53","areaid":"321102","item_id":114},{"address":"浙江省","access_date":"2016-09-29 09:49:58","account":"1***0","quantity":1,"handle_status":8,"order_type":"53","areaid":"331102","item_id":114},{"address":"广东省","access_date":"2016-09-29 09:49:58","account":"w***8","quantity":1,"handle_status":8,"order_type":"53","areaid":"440305","item_id":114},{"address":"江苏省","access_date":"2016-09-29 09:49:58","account":"戴***3","quantity":1,"handle_status":8,"order_type":"53","areaid":"321281","item_id":114},{"address":"新疆维吾尔自治区","access_date":"2016-09-29 09:49:58","account":"1***2","quantity":1,"handle_status":8,"order_type":"53","areaid":"653121","item_id":114},{"address":"广东省","access_date":"2016-09-29 09:49:58","account":"l***e","quantity":1,"handle_status":8,"order_type":"53","areaid":"440606","item_id":114},{"address":"上海市","access_date":"2016-09-29 09:49:58","account":"y***o","quantity":1,"handle_status":8,"order_type":"53","areaid":"310113","item_id":114},{"address":"广东省","access_date":"2016-09-29 09:49:58","account":"c***t","quantity":1,"handle_status":8,"order_type":"53","areaid":"445102","item_id":114},{"address":"江苏省","access_date":"2016-09-29 09:49:58","account":"1***8","quantity":1,"handle_status":8,"order_type":"53","areaid":"320104","item_id":114},{"address":"上海市","access_date":"2016-09-29 09:49:58","account":"1***1","quantity":1,"handle_status":8,"order_type":"53","areaid":"310108","item_id":114},{"address":"湖北省","access_date":"2016-09-29 09:49:58","account":"1***4","quantity":1,"handle_status":8,"order_type":"53","areaid":"420703","item_id":114},{"address":"广东省","access_date":"2016-09-29 09:49:58","account":"贾***8","quantity":1,"handle_status":8,"order_type":"53","areaid":"440303","item_id":114},{"address":"辽宁省","access_date":"2016-09-29 09:49:58","account":"1***0","quantity":1,"handle_status":8,"order_type":"53","areaid":"211103","item_id":114},{"address":"山西省","access_date":"2016-09-29 09:49:58","account":"马***平","quantity":1,"handle_status":8,"order_type":"53","areaid":"141128","item_id":114},{"address":"辽宁省","access_date":"2016-09-29 09:49:58","account":"管***玉","quantity":1,"handle_status":8,"order_type":"53","areaid":"210802","item_id":114},{"address":"吉林省","access_date":"2016-09-29 09:49:58","account":"a***e","quantity":1,"handle_status":8,"order_type":"53","areaid":"220106","item_id":114},{"address":"湖南省","access_date":"2016-09-29 09:49:58","account":"文***龙","quantity":1,"handle_status":8,"order_type":"53","areaid":"430302","item_id":114},{"address":"浙江省","access_date":"2016-09-29 09:49:58","account":"1***6","quantity":1,"handle_status":8,"order_type":"53","areaid":"330682","item_id":114},{"address":"山东省","access_date":"2016-09-29 09:49:58","account":"杰***多","quantity":1,"handle_status":8,"order_type":"53","areaid":"370602","item_id":114},{"address":"北京市","access_date":"2016-09-29 09:49:58","account":"x***2","quantity":1,"handle_status":8,"order_type":"53","areaid":"110105","item_id":114},{"address":"吉林省","access_date":"2016-09-29 09:49:58","account":"王***利","quantity":1,"handle_status":8,"order_type":"53","areaid":"220523","item_id":114},{"address":"黑龙江省","access_date":"2016-09-29 09:49:58","account":"鲁***5","quantity":1,"handle_status":8,"order_type":"53","areaid":"230302","item_id":114},{"address":"浙江省","access_date":"2016-09-29 09:49:58","account":"d***8","quantity":1,"handle_status":8,"order_type":"53","areaid":"330183","item_id":114},{"address":"山西省","access_date":"2016-09-29 09:49:58","account":"1***9","quantity":1,"handle_status":8,"order_type":"53","areaid":"140202","item_id":114},{"address":"河北省","access_date":"2016-09-29 09:49:58","account":"k***0","quantity":1,"handle_status":8,"order_type":"53","areaid":"130604","item_id":114},{"address":"四川省","access_date":"2016-09-29 09:49:58","account":"大***利","quantity":1,"handle_status":8,"order_type":"53","areaid":"510106","item_id":114},{"address":"湖南省","access_date":"2016-09-29 09:49:57","account":"k***o","quantity":1,"handle_status":8,"order_type":"53","areaid":"431124","item_id":114},{"address":"上海市","access_date":"2016-09-29 09:49:57","account":"1***1","quantity":1,"handle_status":8,"order_type":"53","areaid":"310109","item_id":114},{"address":"贵州省","access_date":"2016-09-29 09:49:57","account":"高***明","quantity":1,"handle_status":8,"order_type":"53","areaid":"520112","item_id":114},{"address":"安徽省","access_date":"2016-09-29 09:49:57","account":"l***5","quantity":1,"handle_status":8,"order_type":"53","areaid":"340403","item_id":114},{"address":"河南省","access_date":"2016-09-29 09:49:57","account":"8***0","quantity":1,"handle_status":8,"order_type":"53","areaid":"410105","item_id":114},{"address":"北京市","access_date":"2016-09-29 09:49:57","account":"1***0","quantity":1,"handle_status":8,"order_type":"53","areaid":"110108","item_id":114},{"address":"河南省","access_date":"2016-09-29 09:49:57","account":"l***8","quantity":1,"handle_status":8,"order_type":"53","areaid":"411526","item_id":114},{"address":"浙江省","access_date":"2016-09-29 09:49:57","account":"林***伟","quantity":1,"handle_status":8,"order_type":"53","areaid":"330382","item_id":114},{"address":"辽宁省","access_date":"2016-09-29 09:49:57","account":"1***7","quantity":1,"handle_status":8,"order_type":"53","areaid":"210102","item_id":114},{"address":"上海市","access_date":"2016-09-29 09:49:57","account":"w***i","quantity":1,"handle_status":8,"order_type":"53","areaid":"310113","item_id":114},{"address":"浙江省","access_date":"2016-09-29 09:49:57","account":"1***4","quantity":1,"handle_status":8,"order_type":"53","areaid":"330824","item_id":114},{"address":"天津市","access_date":"2016-09-29 09:49:57","account":"3***6","quantity":1,"handle_status":8,"order_type":"53","areaid":"120114","item_id":114},{"address":"广东省","access_date":"2016-09-29 09:49:57","account":"o***8","quantity":1,"handle_status":8,"order_type":"53","areaid":"440306","item_id":114},{"address":"山东省","access_date":"2016-09-29 09:49:57","account":"任***河","quantity":1,"handle_status":8,"order_type":"53","areaid":"371202","item_id":114},{"address":"上海市","access_date":"2016-09-29 09:49:57","account":"h***7","quantity":1,"handle_status":8,"order_type":"53","areaid":"310113","item_id":114},{"address":"山东省","access_date":"2016-09-29 09:49:57","account":"p***l","quantity":1,"handle_status":8,"order_type":"53","areaid":"371326","item_id":114},{"address":"湖北省","access_date":"2016-09-29 09:49:57","account":"向***曦","quantity":1,"handle_status":8,"order_type":"53","areaid":"420506","item_id":114},{"address":"河南省","access_date":"2016-09-29 09:49:57","account":"索***庆","quantity":1,"handle_status":8,"order_type":"53","areaid":"411202","item_id":114},{"address":"湖北省","access_date":"2016-09-29 09:49:57","account":"徐***1","quantity":1,"handle_status":8,"order_type":"53","areaid":"420802","item_id":114},{"address":"上海市","access_date":"2016-09-29 09:49:57","account":"x***8","quantity":1,"handle_status":8,"order_type":"53","areaid":"310113","item_id":114},{"address":"河南省","access_date":"2016-09-29 09:49:57","account":"阳***然","quantity":1,"handle_status":8,"order_type":"53","areaid":"410527","item_id":114},{"address":"山东省","access_date":"2016-09-29 09:49:57","account":"1***5","quantity":1,"handle_status":8,"order_type":"53","areaid":"371329","item_id":114},{"address":"浙江省","access_date":"2016-09-29 09:49:57","account":"1***6","quantity":1,"handle_status":8,"order_type":"53","areaid":"330302","item_id":114},{"address":"河北省","access_date":"2016-09-29 09:49:57","account":"l***0","quantity":1,"handle_status":8,"order_type":"53","areaid":"130104","item_id":114},{"address":"山东省","access_date":"2016-09-29 09:49:57","account":"1***9","quantity":1,"handle_status":8,"order_type":"53","areaid":"371329","item_id":114},{"address":"福建省","access_date":"2016-09-29 09:49:57","account":"m***4","quantity":1,"handle_status":8,"order_type":"53","areaid":"350303","item_id":114},{"address":"吉林省","access_date":"2016-09-29 09:49:57","account":"y***a","quantity":1,"handle_status":8,"order_type":"53","areaid":"220106","item_id":114},{"address":"湖南省","access_date":"2016-09-29 09:49:57","account":"l***0","quantity":1,"handle_status":8,"order_type":"53","areaid":"430105","item_id":114},{"address":"山东省","access_date":"2016-09-29 09:49:57","account":"呼***亭","quantity":1,"handle_status":8,"order_type":"53","areaid":"370104","item_id":114},{"address":"广东省","access_date":"2016-09-29 09:49:57","account":"1***9","quantity":1,"handle_status":8,"order_type":"53","areaid":"441283","item_id":114},{"address":"山东省","access_date":"2016-09-29 09:49:57","account":"y***3","quantity":1,"handle_status":8,"order_type":"53","areaid":"370602","item_id":114},{"address":"浙江省","access_date":"2016-09-29 09:49:56","account":"1***6","quantity":1,"handle_status":8,"order_type":"53","areaid":"330381","item_id":114},{"address":"湖北省","access_date":"2016-09-29 09:49:56","account":"金***斌","quantity":1,"handle_status":8,"order_type":"53","areaid":"420102","item_id":114},{"address":"安徽省","access_date":"2016-09-29 09:49:56","account":"d***1","quantity":1,"handle_status":8,"order_type":"53","areaid":"340104","item_id":114},{"address":"吉林省","access_date":"2016-09-29 09:49:56","account":"半***猫","quantity":1,"handle_status":8,"order_type":"53","areaid":"220204","item_id":114},{"address":"山西省","access_date":"2016-09-29 09:49:56","account":"1***3","quantity":1,"handle_status":8,"order_type":"53","areaid":"140109","item_id":114},{"address":"福建省","access_date":"2016-09-29 09:49:56","account":"1***4","quantity":1,"handle_status":8,"order_type":"53","areaid":"350103","item_id":114},{"address":"江苏省","access_date":"2016-09-29 09:49:56","account":"吴***华","quantity":1,"handle_status":8,"order_type":"53","areaid":"321081","item_id":114},{"address":"北京市","access_date":"2016-09-29 09:49:56","account":"1***4","quantity":1,"handle_status":8,"order_type":"53","areaid":"110112","item_id":114},{"address":"山东省","access_date":"2016-09-29 09:49:56","account":"w***3","quantity":1,"handle_status":8,"order_type":"53","areaid":"370785","item_id":114},{"address":"山东省","access_date":"2016-09-29 09:49:56","account":"杨***志","quantity":1,"handle_status":8,"order_type":"53","areaid":"370802","item_id":114},{"address":"山西省","access_date":"2016-09-29 09:49:56","account":"1***4","quantity":1,"handle_status":8,"order_type":"53","areaid":"140728","item_id":114},{"address":"湖北省","access_date":"2016-09-29 09:49:56","account":"1***2","quantity":1,"handle_status":8,"order_type":"53","areaid":"420103","item_id":114},{"address":"天津市","access_date":"2016-09-29 09:49:56","account":"p***0","quantity":1,"handle_status":8,"order_type":"53","areaid":"120104","item_id":114},{"address":"浙江省","access_date":"2016-09-29 09:49:56","account":"1***9","quantity":1,"handle_status":8,"order_type":"53","areaid":"330802","item_id":114},{"address":"河南省","access_date":"2016-09-29 09:49:56","account":"a***2","quantity":1,"handle_status":8,"order_type":"53","areaid":"410825","item_id":114},{"address":"浙江省","access_date":"2016-09-29 09:49:56","account":"1***5","quantity":1,"handle_status":8,"order_type":"53","areaid":"330103","item_id":114},{"address":"浙江省","access_date":"2016-09-29 09:49:56","account":"m***8","quantity":1,"handle_status":8,"order_type":"53","areaid":"330902","item_id":114},{"address":"江苏省","access_date":"2016-09-29 09:49:56","account":"1***2","quantity":1,"handle_status":8,"order_type":"53","areaid":"320106","item_id":114},{"address":"重庆市","access_date":"2016-09-29 09:49:56","account":"G***n","quantity":1,"handle_status":8,"order_type":"53","areaid":"500113","item_id":114},{"address":"北京市","access_date":"2016-09-29 09:49:56","account":"1***5","quantity":1,"handle_status":8,"order_type":"53","areaid":"110106","item_id":114},{"address":"湖北省","access_date":"2016-09-29 09:49:56","account":"8***8","quantity":1,"handle_status":8,"order_type":"53","areaid":"420204","item_id":114},{"address":"重庆市","access_date":"2016-09-29 09:49:56","account":"h***6","quantity":1,"handle_status":8,"order_type":"53","areaid":"500107","item_id":114},{"address":"江苏省","access_date":"2016-09-29 09:49:56","account":"1***1","quantity":1,"handle_status":8,"order_type":"53","areaid":"320381","item_id":114},{"address":"湖北省","access_date":"2016-09-29 09:49:56","account":"1***8","quantity":1,"handle_status":8,"order_type":"53","areaid":"420106","item_id":114},{"address":"云南省","access_date":"2016-09-29 09:49:56","account":"李***玲","quantity":1,"handle_status":8,"order_type":"53","areaid":"530111","item_id":114},{"address":"天津市","access_date":"2016-09-29 09:49:56","account":"j***i","quantity":1,"handle_status":8,"order_type":"53","areaid":"120104","item_id":114},{"address":"湖北省","access_date":"2016-09-29 09:49:56","account":"c***8","quantity":1,"handle_status":8,"order_type":"53","areaid":"421002","item_id":114},{"address":"云南省","access_date":"2016-09-29 09:49:56","account":"b***e","quantity":1,"handle_status":8,"order_type":"53","areaid":"530102","item_id":114},{"address":"江苏省","access_date":"2016-09-29 09:49:56","account":"1***0","quantity":1,"handle_status":8,"order_type":"53","areaid":"320583","item_id":114},{"address":"山东省","access_date":"2016-09-29 09:49:56","account":"张***1","quantity":1,"handle_status":8,"order_type":"53","areaid":"371401","item_id":114},{"address":"湖南省","access_date":"2016-09-29 09:49:55","account":"4***4","quantity":1,"handle_status":8,"order_type":"53","areaid":"430503","item_id":114},{"address":"安徽省","access_date":"2016-09-29 09:49:55","account":"w***g","quantity":1,"handle_status":8,"order_type":"53","areaid":"340202","item_id":114},{"address":"上海市","access_date":"2016-09-29 09:49:55","account":"c***8","quantity":1,"handle_status":8,"order_type":"53","areaid":"310107","item_id":114},{"address":"广西壮族自治区","access_date":"2016-09-29 09:49:55","account":"1***2","quantity":1,"handle_status":8,"order_type":"53","areaid":"450323","item_id":114},{"address":"广东省","access_date":"2016-09-29 09:49:55","account":"Z***0","quantity":1,"handle_status":8,"order_type":"53","areaid":"440802","item_id":114},{"address":"广东省","access_date":"2016-09-29 09:49:55","account":"讨***了","quantity":1,"handle_status":8,"order_type":"53","areaid":"440306","item_id":114},{"address":"福建省","access_date":"2016-09-29 09:49:55","account":"林***溶","quantity":1,"handle_status":8,"order_type":"53","areaid":"350901","item_id":114},{"address":"辽宁省","access_date":"2016-09-29 09:49:55","account":"f***8","quantity":1,"handle_status":8,"order_type":"53","areaid":"210112","item_id":114},{"address":"江西省","access_date":"2016-09-29 09:49:55","account":"绯***生","quantity":1,"handle_status":8,"order_type":"53","areaid":"360725","item_id":114},{"address":"辽宁省","access_date":"2016-09-29 09:49:55","account":"1***5","quantity":1,"handle_status":8,"order_type":"53","areaid":"210204","item_id":114},{"address":"河南省","access_date":"2016-09-29 09:49:55","account":"熊***年","quantity":1,"handle_status":8,"order_type":"53","areaid":"410102","item_id":114},{"address":"四川省","access_date":"2016-09-29 09:49:55","account":"h***8","quantity":1,"handle_status":8,"order_type":"53","areaid":"510108","item_id":114},{"address":"黑龙江省","access_date":"2016-09-29 09:49:55","account":"1***1","quantity":1,"handle_status":8,"order_type":"53","areaid":"230103","item_id":114},{"address":"江苏省","access_date":"2016-09-29 09:49:55","account":"1***8","quantity":1,"handle_status":8,"order_type":"53","areaid":"321081","item_id":114},{"address":"江苏省","access_date":"2016-09-29 09:49:55","account":"l***4","quantity":1,"handle_status":8,"order_type":"53","areaid":"320203","item_id":114},{"address":"黑龙江省","access_date":"2016-09-29 09:49:55","account":"郑***欣","quantity":1,"handle_status":8,"order_type":"53","areaid":"230302","item_id":114},{"address":"甘肃省","access_date":"2016-09-29 09:49:55","account":"1***3","quantity":1,"handle_status":8,"order_type":"53","areaid":"622901","item_id":114},{"address":"黑龙江省","access_date":"2016-09-29 09:49:55","account":"辛***3","quantity":1,"handle_status":8,"order_type":"53","areaid":"230229","item_id":114},{"address":"河南省","access_date":"2016-09-29 09:49:55","account":"1***5","quantity":1,"handle_status":8,"order_type":"53","areaid":"410102","item_id":114},{"address":"黑龙江省","access_date":"2016-09-29 09:49:55","account":"1***2","quantity":1,"handle_status":8,"order_type":"53","areaid":"230205","item_id":114},{"address":"安徽省","access_date":"2016-09-29 09:49:55","account":"1***9","quantity":1,"handle_status":8,"order_type":"53","areaid":"340401","item_id":114},{"address":"江西省","access_date":"2016-09-29 09:49:55","account":"舒***标","quantity":1,"handle_status":8,"order_type":"53","areaid":"360103","item_id":114},{"address":"浙江省","access_date":"2016-09-29 09:49:55","account":"1***7","quantity":1,"handle_status":8,"order_type":"53","areaid":"330183","item_id":114},{"address":"广东省","access_date":"2016-09-29 09:49:55","account":"流***沙","quantity":1,"handle_status":8,"order_type":"53","areaid":"440511","item_id":114},{"address":"浙江省","access_date":"2016-09-29 09:49:55","account":"p***a","quantity":1,"handle_status":8,"order_type":"53","areaid":"330624","item_id":114},{"address":"福建省","access_date":"2016-09-29 09:49:55","account":"z***8","quantity":1,"handle_status":8,"order_type":"53","areaid":"350822","item_id":114},{"address":"上海市","access_date":"2016-09-29 09:49:55","account":"1***8","quantity":1,"handle_status":8,"order_type":"53","areaid":"310115","item_id":114},{"address":"山东省","access_date":"2016-09-29 09:49:55","account":"c***n","quantity":1,"handle_status":8,"order_type":"53","areaid":"370682","item_id":114},{"address":"山东省","access_date":"2016-09-29 09:49:55","account":"刘***宾","quantity":1,"handle_status":8,"order_type":"53","areaid":"370403","item_id":114},{"address":"江西省","access_date":"2016-09-29 09:49:55","account":"g***g","quantity":1,"handle_status":8,"order_type":"53","areaid":"360902","item_id":114},{"address":"江苏省","access_date":"2016-09-29 09:49:55","account":"q***4","quantity":1,"handle_status":8,"order_type":"53","areaid":"321003","item_id":114},{"address":"山西省","access_date":"2016-09-29 09:49:55","account":"w***9","quantity":1,"handle_status":8,"order_type":"53","areaid":"140202","item_id":114},{"address":"浙江省","access_date":"2016-09-29 09:49:55","account":"9***9","quantity":1,"handle_status":8,"order_type":"53","areaid":"330382","item_id":114},{"address":"广东省","access_date":"2016-09-29 09:49:54","account":"1***0","quantity":1,"handle_status":8,"order_type":"53","areaid":"440104","item_id":114},{"address":"浙江省","access_date":"2016-09-29 09:49:54","account":"1***3","quantity":1,"handle_status":8,"order_type":"53","areaid":"330302","item_id":114},{"address":"江苏省","access_date":"2016-09-29 09:49:54","account":"j***g","quantity":1,"handle_status":8,"order_type":"53","areaid":"321003","item_id":114},{"address":"上海市","access_date":"2016-09-29 09:49:54","account":"1***s","quantity":1,"handle_status":8,"order_type":"53","areaid":"310109","item_id":114},{"address":"福建省","access_date":"2016-09-29 09:49:54","account":"李***英","quantity":1,"handle_status":8,"order_type":"53","areaid":"350802","item_id":114},{"address":"天津市","access_date":"2016-09-29 09:49:54","account":"1***2","quantity":1,"handle_status":8,"order_type":"53","areaid":"120104","item_id":114},{"address":"广东省","access_date":"2016-09-29 09:49:54","account":"限***生","quantity":1,"handle_status":8,"order_type":"53","areaid":"440513","item_id":114},{"address":"广东省","access_date":"2016-09-29 09:49:54","account":"v***m","quantity":1,"handle_status":8,"order_type":"53","areaid":"441402","item_id":114},{"address":"浙江省","access_date":"2016-09-29 09:49:54","account":"蒲***龙","quantity":1,"handle_status":8,"order_type":"53","areaid":"331127","item_id":114},{"address":"上海市","access_date":"2016-09-29 09:49:54","account":"1***2","quantity":1,"handle_status":8,"order_type":"53","areaid":"310105","item_id":114},{"address":"江苏省","access_date":"2016-09-29 09:49:54","account":"z***1","quantity":1,"handle_status":8,"order_type":"53","areaid":"321282","item_id":114},{"address":"天津市","access_date":"2016-09-29 09:49:54","account":"w***i","quantity":1,"handle_status":8,"order_type":"53","areaid":"120101","item_id":114},{"address":"上海市","access_date":"2016-09-29 09:49:54","account":"张***义","quantity":1,"handle_status":8,"order_type":"53","areaid":"310115","item_id":114},{"address":"云南省","access_date":"2016-09-29 09:49:54","account":"1***3","quantity":1,"handle_status":8,"order_type":"53","areaid":"532503","item_id":114},{"address":"湖北省","access_date":"2016-09-29 09:49:54","account":"辉***8","quantity":1,"handle_status":8,"order_type":"53","areaid":"422825","item_id":114},{"address":"江苏省","access_date":"2016-09-29 09:49:54","account":"y***6","quantity":1,"handle_status":8,"order_type":"53","areaid":"321283","item_id":114},{"address":"四川省","access_date":"2016-09-29 09:49:54","account":"d***3","quantity":1,"handle_status":8,"order_type":"53","areaid":"510402","item_id":114},{"address":"浙江省","access_date":"2016-09-29 09:49:54","account":"s***r","quantity":1,"handle_status":8,"order_type":"53","areaid":"330302","item_id":114},{"address":"湖北省","access_date":"2016-09-29 09:49:54","account":"1***3","quantity":1,"handle_status":8,"order_type":"53","areaid":"420102","item_id":114},{"address":"山东省","access_date":"2016-09-29 09:49:54","account":"二***护","quantity":1,"handle_status":8,"order_type":"53","areaid":"371121","item_id":114},{"address":"山东省","access_date":"2016-09-29 09:49:54","account":"1***2","quantity":1,"handle_status":8,"order_type":"53","areaid":"370214","item_id":114},{"address":"河北省","access_date":"2016-09-29 09:49:54","account":"高***芳","quantity":1,"handle_status":8,"order_type":"53","areaid":"131081","item_id":114},{"address":"天津市","access_date":"2016-09-29 09:49:54","account":"袋***猫","quantity":1,"handle_status":8,"order_type":"53","areaid":"120103","item_id":114},{"address":"甘肃省","access_date":"2016-09-29 09:49:54","account":"丁***萍","quantity":1,"handle_status":8,"order_type":"53","areaid":"620422","item_id":114},{"address":"重庆市","access_date":"2016-09-29 09:49:54","account":"这***调","quantity":1,"handle_status":8,"order_type":"53","areaid":"500103","item_id":114},{"address":"四川省","access_date":"2016-09-29 09:49:54","account":"2***7","quantity":1,"handle_status":8,"order_type":"53","areaid":"511502","item_id":114},{"address":"北京市","access_date":"2016-09-29 09:49:54","account":"y***g","quantity":1,"handle_status":8,"order_type":"53","areaid":"110106","item_id":114},{"address":"广东省","access_date":"2016-09-29 09:49:54","account":"l***y","quantity":1,"handle_status":8,"order_type":"53","areaid":"ff8080814cd0d0f4014cd571e2a50002","item_id":114},{"address":"江苏省","access_date":"2016-09-29 09:49:54","account":"c***8","quantity":1,"handle_status":8,"order_type":"53","areaid":"320923","item_id":114},{"address":"辽宁省","access_date":"2016-09-29 09:49:54","account":"1***9","quantity":1,"handle_status":8,"order_type":"53","areaid":"210702","item_id":114},{"address":"河南省","access_date":"2016-09-29 09:49:54","account":"g***i","quantity":1,"handle_status":8,"order_type":"53","areaid":"410728","item_id":114},{"address":"山东省","access_date":"2016-09-29 09:49:54","account":"y***e","quantity":1,"handle_status":8,"order_type":"53","areaid":"370203","item_id":114},{"address":"江苏省","access_date":"2016-09-29 09:49:54","account":"C***L","quantity":1,"handle_status":8,"order_type":"53","areaid":"320404","item_id":114},{"address":"山东省","access_date":"2016-09-29 09:49:53","account":"z***0","quantity":1,"handle_status":8,"order_type":"53","areaid":"370281","item_id":114},{"address":"江苏省","access_date":"2016-09-29 09:49:53","account":"1***8","quantity":1,"handle_status":8,"order_type":"53","areaid":"320281","item_id":114},{"address":"北京市","access_date":"2016-09-29 09:49:53","account":"舍***得","quantity":1,"handle_status":8,"order_type":"53","areaid":"110105","item_id":114},{"address":"福建省","access_date":"2016-09-29 09:49:53","account":"1***7","quantity":1,"handle_status":8,"order_type":"53","areaid":"350503","item_id":114},{"address":"天津市","access_date":"2016-09-29 09:49:53","account":"b***6","quantity":1,"handle_status":8,"order_type":"53","areaid":"120116","item_id":114},{"address":"上海市","access_date":"2016-09-29 09:49:53","account":"吴***8","quantity":1,"handle_status":8,"order_type":"53","areaid":"310120","item_id":114},{"address":"福建省","access_date":"2016-09-29 09:49:53","account":"庆***堂","quantity":1,"handle_status":8,"order_type":"53","areaid":"350402","item_id":114},{"address":"福建省","access_date":"2016-09-29 09:49:53","account":"1***9","quantity":1,"handle_status":8,"order_type":"53","areaid":"350521","item_id":114},{"address":"湖北省","access_date":"2016-09-29 09:49:53","account":"s***h","quantity":1,"handle_status":8,"order_type":"53","areaid":"420102","item_id":114},{"address":"浙江省","access_date":"2016-09-29 09:49:53","account":"1***3","quantity":1,"handle_status":8,"order_type":"53","areaid":"330106","item_id":114},{"address":"山西省","access_date":"2016-09-29 09:49:53","account":"a***0","quantity":1,"handle_status":8,"order_type":"53","areaid":"141002","item_id":114},{"address":"贵州省","access_date":"2016-09-29 09:49:53","account":"l***2","quantity":1,"handle_status":8,"order_type":"53","areaid":"520103","item_id":114},{"address":"江西省","access_date":"2016-09-29 09:49:53","account":"x***1","quantity":1,"handle_status":8,"order_type":"53","areaid":"360111","item_id":114},{"address":"上海市","access_date":"2016-09-29 09:49:53","account":"1***2","quantity":1,"handle_status":8,"order_type":"53","areaid":"310107","item_id":114},{"address":"上海市","access_date":"2016-09-29 09:49:53","account":"1***2","quantity":1,"handle_status":8,"order_type":"53","areaid":"310105","item_id":114},{"address":"陕西省","access_date":"2016-09-29 09:49:53","account":"高***情","quantity":1,"handle_status":8,"order_type":"53","areaid":"610303","item_id":114},{"address":"山西省","access_date":"2016-09-29 09:49:53","account":"d***s","quantity":1,"handle_status":8,"order_type":"53","areaid":"140105","item_id":114},{"address":"天津市","access_date":"2016-09-29 09:49:53","account":"j***a","quantity":1,"handle_status":8,"order_type":"53","areaid":"120104","item_id":114},{"address":"山东省","access_date":"2016-09-29 09:49:53","account":"1***3","quantity":1,"handle_status":8,"order_type":"53","areaid":"371322","item_id":114},{"address":"广东省","access_date":"2016-09-29 09:49:53","account":"s***n","quantity":1,"handle_status":8,"order_type":"53","areaid":"440511","item_id":114},{"address":"云南省","access_date":"2016-09-29 09:49:53","account":"李***兰","quantity":1,"handle_status":8,"order_type":"53","areaid":"530111","item_id":114},{"address":"浙江省","access_date":"2016-09-29 09:49:53","account":"米***虫","quantity":1,"handle_status":8,"order_type":"53","areaid":"330102","item_id":114},{"address":"山东省","access_date":"2016-09-29 09:49:53","account":"l***i","quantity":1,"handle_status":8,"order_type":"53","areaid":"370705","item_id":114},{"address":"江西省","access_date":"2016-09-29 09:49:53","account":"1***9","quantity":1,"handle_status":8,"order_type":"53","areaid":"360702","item_id":114},{"address":"江苏省","access_date":"2016-09-29 09:49:53","account":"n***6","quantity":1,"handle_status":8,"order_type":"53","areaid":"320104","item_id":114},{"address":"安徽省","access_date":"2016-09-29 09:49:53","account":"y***5","quantity":1,"handle_status":8,"order_type":"53","areaid":"340802","item_id":114},{"address":"江苏省","access_date":"2016-09-29 09:49:53","account":"1***7","quantity":1,"handle_status":8,"order_type":"53","areaid":"320583","item_id":114},{"address":"浙江省","access_date":"2016-09-29 09:49:53","account":"徐***8","quantity":1,"handle_status":8,"order_type":"53","areaid":"330402","item_id":114},{"address":"安徽省","access_date":"2016-09-29 09:49:53","account":"俺***8","quantity":1,"handle_status":8,"order_type":"53","areaid":"340207","item_id":114},{"address":"河北省","access_date":"2016-09-29 09:49:53","account":"w***5","quantity":1,"handle_status":8,"order_type":"53","areaid":"130503","item_id":114},{"address":"浙江省","access_date":"2016-09-29 09:49:52","account":"c***一","quantity":1,"handle_status":8,"order_type":"53","areaid":"330302","item_id":114},{"address":"江苏省","access_date":"2016-09-29 09:49:52","account":"1***6","quantity":1,"handle_status":8,"order_type":"53","areaid":"320681","item_id":114},{"address":"江苏省","access_date":"2016-09-29 09:49:52","account":"1***2","quantity":1,"handle_status":8,"order_type":"53","areaid":"321322","item_id":114},{"address":"天津市","access_date":"2016-09-29 09:49:52","account":"y***g","quantity":1,"handle_status":8,"order_type":"53","areaid":"120101","item_id":114},{"address":"辽宁省","access_date":"2016-09-29 09:49:52","account":"1***6","quantity":1,"handle_status":8,"order_type":"53","areaid":"210304","item_id":114},{"address":"上海市","access_date":"2016-09-29 09:49:52","account":"e***d","quantity":1,"handle_status":8,"order_type":"53","areaid":"310114","item_id":114},{"address":"重庆市","access_date":"2016-09-29 09:49:52","account":"z***0","quantity":1,"handle_status":8,"order_type":"53","areaid":"500117","item_id":114},{"address":"上海市","access_date":"2016-09-29 09:49:52","account":"s***a","quantity":1,"handle_status":8,"order_type":"53","areaid":"310115","item_id":114},{"address":"河南省","access_date":"2016-09-29 09:49:52","account":"1***8","quantity":1,"handle_status":8,"order_type":"53","areaid":"411722","item_id":114},{"address":"江苏省","access_date":"2016-09-29 09:49:52","account":"施***点","quantity":1,"handle_status":8,"order_type":"53","areaid":"320509","item_id":114},{"address":"江西省","access_date":"2016-09-29 09:49:52","account":"杀***点","quantity":1,"handle_status":8,"order_type":"53","areaid":"361128","item_id":114},{"address":"山东省","access_date":"2016-09-29 09:49:52","account":"我***长","quantity":1,"handle_status":8,"order_type":"53","areaid":"370613","item_id":114},{"address":"山西省","access_date":"2016-09-29 09:49:52","account":"1***6","quantity":1,"handle_status":8,"order_type":"53","areaid":"140829","item_id":114},{"address":"上海市","access_date":"2016-09-29 09:49:52","account":"w***3","quantity":1,"handle_status":8,"order_type":"53","areaid":"310115","item_id":114},{"address":"安徽省","access_date":"2016-09-29 09:49:52","account":"1***2","quantity":1,"handle_status":8,"order_type":"53","areaid":"340203","item_id":114},{"address":"云南省","access_date":"2016-09-29 09:49:52","account":"h***4","quantity":1,"handle_status":8,"order_type":"53","areaid":"530129","item_id":114},{"address":"江苏省","access_date":"2016-09-29 09:49:52","account":"果***珍","quantity":1,"handle_status":8,"order_type":"53","areaid":"320508","item_id":114},{"address":"辽宁省","access_date":"2016-09-29 09:49:52","account":"1***6","quantity":1,"handle_status":8,"order_type":"53","areaid":"211002","item_id":114},{"address":"山西省","access_date":"2016-09-29 09:49:52","account":"s***2","quantity":1,"handle_status":8,"order_type":"53","areaid":"140981","item_id":114},{"address":"广东省","access_date":"2016-09-29 09:49:52","account":"j***f","quantity":1,"handle_status":8,"order_type":"53","areaid":"440507","item_id":114},{"address":"广东省","access_date":"2016-09-29 09:49:52","account":"a***7","quantity":1,"handle_status":8,"order_type":"53","areaid":"440515","item_id":114},{"address":"安徽省","access_date":"2016-09-29 09:49:52","account":"l***7","quantity":1,"handle_status":8,"order_type":"53","areaid":"340603","item_id":114},{"address":"四川省","access_date":"2016-09-29 09:49:52","account":"1***3","quantity":1,"handle_status":8,"order_type":"53","areaid":"510114","item_id":114},{"address":"上海市","access_date":"2016-09-29 09:49:52","account":"x***5","quantity":1,"handle_status":8,"order_type":"53","areaid":"310116","item_id":114},{"address":"湖北省","access_date":"2016-09-29 09:49:52","account":"发***1","quantity":1,"handle_status":8,"order_type":"53","areaid":"420106","item_id":114},{"address":"广东省","access_date":"2016-09-29 09:49:52","account":"C***8","quantity":1,"handle_status":8,"order_type":"53","areaid":"440111","item_id":114},{"address":"浙江省","access_date":"2016-09-29 09:49:52","account":"z***i","quantity":1,"handle_status":8,"order_type":"53","areaid":"330402","item_id":114},{"address":"广东省","access_date":"2016-09-29 09:49:52","account":"j***2","quantity":1,"handle_status":8,"order_type":"53","areaid":"440305","item_id":114},{"address":"浙江省","access_date":"2016-09-29 09:49:52","account":"涂***斌","quantity":1,"handle_status":8,"order_type":"53","areaid":"330302","item_id":114},{"address":"湖南省","access_date":"2016-09-29 09:49:52","account":"y***9","quantity":1,"handle_status":8,"order_type":"53","areaid":"430903","item_id":114},{"address":"江苏省","access_date":"2016-09-29 09:49:52","account":"h***g","quantity":1,"handle_status":8,"order_type":"53","areaid":"320205","item_id":114},{"address":"北京市","access_date":"2016-09-29 09:49:52","account":"1***2","quantity":1,"handle_status":8,"order_type":"53","areaid":"110102","item_id":114},{"address":"浙江省","access_date":"2016-09-29 09:49:51","account":"n***孩","quantity":1,"handle_status":8,"order_type":"53","areaid":"330103","item_id":114},{"address":"福建省","access_date":"2016-09-29 09:49:51","account":"张***旺","quantity":1,"handle_status":8,"order_type":"53","areaid":"350182","item_id":114},{"address":"北京市","access_date":"2016-09-29 09:49:51","account":"z***n","quantity":1,"handle_status":8,"order_type":"53","areaid":"110102","item_id":114},{"address":"内蒙古自治区","access_date":"2016-09-29 09:49:51","account":"1***4","quantity":1,"handle_status":8,"order_type":"53","areaid":"150104","item_id":114},{"address":"安徽省","access_date":"2016-09-29 09:49:51","account":"w***8","quantity":1,"handle_status":8,"order_type":"53","areaid":"341622","item_id":114},{"address":"北京市","access_date":"2016-09-29 09:49:51","account":"w***2","quantity":1,"handle_status":8,"order_type":"53","areaid":"110108","item_id":114},{"address":"浙江省","access_date":"2016-09-29 09:49:51","account":"似***阳","quantity":1,"handle_status":8,"order_type":"53","areaid":"330703","item_id":114},{"address":"河北省","access_date":"2016-09-29 09:49:51","account":"杜***岛","quantity":1,"handle_status":8,"order_type":"53","areaid":"130108","item_id":114},{"address":"贵州省","access_date":"2016-09-29 09:49:51","account":"z***3","quantity":1,"handle_status":8,"order_type":"53","areaid":"520115","item_id":114},{"address":"山东省","access_date":"2016-09-29 09:49:51","account":"l***9","quantity":1,"handle_status":8,"order_type":"53","areaid":"370602","item_id":114},{"address":"山东省","access_date":"2016-09-29 09:49:51","account":"S***N","quantity":1,"handle_status":8,"order_type":"53","areaid":"370103","item_id":114},{"address":"江苏省","access_date":"2016-09-29 09:49:51","account":"泡***泡","quantity":1,"handle_status":8,"order_type":"53","areaid":"320104","item_id":114},{"address":"河南省","access_date":"2016-09-29 09:49:51","account":"y***h","quantity":1,"handle_status":8,"order_type":"53","areaid":"410821","item_id":114},{"address":"广东省","access_date":"2016-09-29 09:49:51","account":"d***z","quantity":1,"handle_status":8,"order_type":"53","areaid":"440306","item_id":114},{"address":"北京市","access_date":"2016-09-29 09:49:51","account":"1***8","quantity":1,"handle_status":8,"order_type":"53","areaid":"110112","item_id":114},{"address":"湖北省","access_date":"2016-09-29 09:49:51","account":"生***女","quantity":1,"handle_status":8,"order_type":"53","areaid":"421002","item_id":114},{"address":"北京市","access_date":"2016-09-29 09:49:51","account":"1***5","quantity":1,"handle_status":8,"order_type":"53","areaid":"110102","item_id":114},{"address":"重庆市","access_date":"2016-09-29 09:49:51","account":"z***0","quantity":1,"handle_status":8,"order_type":"53","areaid":"500103","item_id":114},{"address":"福建省","access_date":"2016-09-29 09:49:51","account":"明***1","quantity":1,"handle_status":8,"order_type":"53","areaid":"350111","item_id":114},{"address":"上海市","access_date":"2016-09-29 09:49:51","account":"司***南","quantity":1,"handle_status":8,"order_type":"53","areaid":"310107","item_id":114},{"address":"山东省","access_date":"2016-09-29 09:49:51","account":"1***6","quantity":1,"handle_status":8,"order_type":"53","areaid":"370701","item_id":114},{"address":"北京市","access_date":"2016-09-29 09:49:51","account":"g***g","quantity":1,"handle_status":8,"order_type":"53","areaid":"110102","item_id":114},{"address":"江苏省","access_date":"2016-09-29 09:49:51","account":"鼠***标","quantity":1,"handle_status":8,"order_type":"53","areaid":"320581","item_id":114},{"address":"浙江省","access_date":"2016-09-29 09:49:51","account":"x***1","quantity":1,"handle_status":8,"order_type":"53","areaid":"330205","item_id":114},{"address":"江苏省","access_date":"2016-09-29 09:49:51","account":"1***8","quantity":1,"handle_status":8,"order_type":"53","areaid":"320211","item_id":114},{"address":"江西省","access_date":"2016-09-29 09:49:51","account":"1***1","quantity":1,"handle_status":8,"order_type":"53","areaid":"360102","item_id":114},{"address":"福建省","access_date":"2016-09-29 09:49:51","account":"1***9","quantity":1,"handle_status":8,"order_type":"53","areaid":"350583","item_id":114},{"address":"江苏省","access_date":"2016-09-29 09:49:51","account":"1***2","quantity":1,"handle_status":8,"order_type":"53","areaid":"320506","item_id":114},{"address":"陕西省","access_date":"2016-09-29 09:49:51","account":"三***福","quantity":1,"handle_status":8,"order_type":"53","areaid":"610102","item_id":114},{"address":"重庆市","access_date":"2016-09-29 09:49:51","account":"w***i","quantity":1,"handle_status":8,"order_type":"53","areaid":"500103","item_id":114},{"address":"广东省","access_date":"2016-09-29 09:49:51","account":"杀***毒","quantity":1,"handle_status":8,"order_type":"53","areaid":"440513","item_id":114},{"address":"北京市","access_date":"2016-09-29 09:49:50","account":"t***o","quantity":1,"handle_status":8,"order_type":"53","areaid":"110114","item_id":114},{"address":"福建省","access_date":"2016-09-29 09:49:50","account":"奇***虫","quantity":1,"handle_status":8,"order_type":"53","areaid":"350104","item_id":114},{"address":"北京市","access_date":"2016-09-29 09:49:50","account":"s***b","quantity":1,"handle_status":8,"order_type":"53","areaid":"110105","item_id":114},{"address":"北京市","access_date":"2016-09-29 09:49:50","account":"1***2","quantity":1,"handle_status":8,"order_type":"53","areaid":"110108","item_id":114},{"address":"江苏省","access_date":"2016-09-29 09:49:50","account":"1***8","quantity":1,"handle_status":8,"order_type":"53","areaid":"320381","item_id":114},{"address":"天津市","access_date":"2016-09-29 09:49:50","account":"冷***e","quantity":1,"handle_status":8,"order_type":"53","areaid":"120104","item_id":114},{"address":"天津市","access_date":"2016-09-29 09:49:50","account":"巴***狗","quantity":1,"handle_status":8,"order_type":"53","areaid":"120104","item_id":114},{"address":"天津市","access_date":"2016-09-29 09:49:50","account":"a***a","quantity":1,"handle_status":8,"order_type":"53","areaid":"120103","item_id":114},{"address":"河北省","access_date":"2016-09-29 09:49:50","account":"x***g","quantity":1,"handle_status":8,"order_type":"53","areaid":"130702","item_id":114},{"address":"上海市","access_date":"2016-09-29 09:49:50","account":"b***c","quantity":1,"handle_status":8,"order_type":"53","areaid":"310115","item_id":114},{"address":"山西省","access_date":"2016-09-29 09:49:50","account":"x***f","quantity":1,"handle_status":8,"order_type":"53","areaid":"140902","item_id":114},{"address":"北京市","access_date":"2016-09-29 09:49:50","account":"1***6","quantity":1,"handle_status":8,"order_type":"53","areaid":"110114","item_id":114},{"address":"山东省","access_date":"2016-09-29 09:49:50","account":"w***6","quantity":1,"handle_status":8,"order_type":"53","areaid":"370705","item_id":114},{"address":"湖南省","access_date":"2016-09-29 09:49:50","account":"h***9","quantity":1,"handle_status":8,"order_type":"53","areaid":"431028","item_id":114},{"address":"吉林省","access_date":"2016-09-29 09:49:50","account":"1***6","quantity":1,"handle_status":8,"order_type":"53","areaid":"220104","item_id":114},{"address":"湖南省","access_date":"2016-09-29 09:49:50","account":"k***h","quantity":1,"handle_status":8,"order_type":"53","areaid":"431024","item_id":114},{"address":"江苏省","access_date":"2016-09-29 09:49:50","account":"y***2","quantity":1,"handle_status":8,"order_type":"53","areaid":"320303","item_id":114},{"address":"陕西省","access_date":"2016-09-29 09:49:50","account":"张***霄","quantity":1,"handle_status":8,"order_type":"53","areaid":"610104","item_id":114},{"address":"山东省","access_date":"2016-09-29 09:49:50","account":"1***2","quantity":1,"handle_status":8,"order_type":"53","areaid":"370602","item_id":114},{"address":"河北省","access_date":"2016-09-29 09:49:50","account":"1***1","quantity":1,"handle_status":8,"order_type":"53","areaid":"130705","item_id":114},{"address":"吉林省","access_date":"2016-09-29 09:49:50","account":"赵***言","quantity":1,"handle_status":8,"order_type":"53","areaid":"220102","item_id":114},{"address":"江苏省","access_date":"2016-09-29 09:49:50","account":"g***k","quantity":1,"handle_status":8,"order_type":"53","areaid":"321012","item_id":114},{"address":"新疆维吾尔自治区","access_date":"2016-09-29 09:49:50","account":"王***飞","quantity":1,"handle_status":8,"order_type":"53","areaid":"650203","item_id":114},{"address":"江西省","access_date":"2016-09-29 09:49:50","account":"吴***林","quantity":1,"handle_status":8,"order_type":"53","areaid":"360111","item_id":114},{"address":"四川省","access_date":"2016-09-29 09:49:50","account":"k***t","quantity":1,"handle_status":8,"order_type":"53","areaid":"511723","item_id":114},{"address":"山西省","access_date":"2016-09-29 09:49:50","account":"y***n","quantity":1,"handle_status":8,"order_type":"53","areaid":"140929","item_id":114},{"address":"上海市","access_date":"2016-09-29 09:49:50","account":"1***3","quantity":1,"handle_status":8,"order_type":"53","areaid":"310101","item_id":114},{"address":"浙江省","access_date":"2016-09-29 09:49:50","account":"e***i","quantity":1,"handle_status":8,"order_type":"53","areaid":"330104","item_id":114},{"address":"江苏省","access_date":"2016-09-29 09:49:50","account":"1***1","quantity":1,"handle_status":8,"order_type":"53","areaid":"320303","item_id":114},{"address":"安徽省","access_date":"2016-09-29 09:49:50","account":"a***f","quantity":1,"handle_status":8,"order_type":"53","areaid":"340302","item_id":114},{"address":"山东省","access_date":"2016-09-29 09:49:50","account":"1***7","quantity":1,"handle_status":8,"order_type":"53","areaid":"370402","item_id":114},{"address":"辽宁省","access_date":"2016-09-29 09:49:49","account":"陈***6","quantity":1,"handle_status":8,"order_type":"53","areaid":"211302","item_id":114},{"address":"江苏省","access_date":"2016-09-29 09:49:49","account":"1***3","quantity":1,"handle_status":8,"order_type":"53","areaid":"320281","item_id":114},{"address":"北京市","access_date":"2016-09-29 09:49:49","account":"y***1","quantity":1,"handle_status":8,"order_type":"53","areaid":"110105","item_id":114},{"address":"上海市","access_date":"2016-09-29 09:49:49","account":"t***1","quantity":1,"handle_status":8,"order_type":"53","areaid":"310110","item_id":114},{"address":"上海市","access_date":"2016-09-29 09:49:49","account":"1***6","quantity":1,"handle_status":8,"order_type":"53","areaid":"310115","item_id":114},{"address":"北京市","access_date":"2016-09-29 09:49:49","account":"k***k","quantity":1,"handle_status":8,"order_type":"53","areaid":"110108","item_id":114},{"address":"浙江省","access_date":"2016-09-29 09:49:49","account":"g***3","quantity":1,"handle_status":8,"order_type":"53","areaid":"330327","item_id":114}]