[{"address":"天津市","access_date":"2017-03-15 20:19:28","account":"晏***杰","quantity":1,"handle_status":8,"order_type":"2","areaid":"120101","item_id":165},{"address":"广东省","access_date":"2017-03-10 21:09:49","account":"叶***8","quantity":1,"handle_status":8,"order_type":"2","areaid":"ff8080814cd0d0f4014cd571e2a50002","item_id":165},{"address":"湖北省","access_date":"2017-03-10 20:41:06","account":"l***0","quantity":1,"handle_status":8,"order_type":"2","areaid":"421024","item_id":165},{"address":"湖北省","access_date":"2017-03-10 20:28:37","account":"1***3","quantity":1,"handle_status":8,"order_type":"2","areaid":"420106","item_id":165},{"address":"广东省","access_date":"2017-03-10 19:42:00","account":"a***1","quantity":1,"handle_status":8,"order_type":"2","areaid":"440605","item_id":165},{"address":"上海市","access_date":"2017-03-10 18:35:21","account":"s***0","quantity":1,"handle_status":8,"order_type":"2","areaid":"310107","item_id":165},{"address":"上海市","access_date":"2017-03-10 18:28:53","account":"j***0","quantity":1,"handle_status":8,"order_type":"2","areaid":"310110","item_id":165},{"address":"河南省","access_date":"2017-03-10 18:01:23","account":"梦***由","quantity":1,"handle_status":8,"order_type":"2","areaid":"411303","item_id":165},{"address":"上海市","access_date":"2017-03-10 18:00:32","account":"1***6","quantity":1,"handle_status":8,"order_type":"2","areaid":"310115","item_id":165},{"address":"河北省","access_date":"2017-03-10 17:49:54","account":"s***n","quantity":1,"handle_status":8,"order_type":"2","areaid":"131003","item_id":165},{"address":"四川省","access_date":"2017-03-10 17:43:08","account":"y***3","quantity":1,"handle_status":8,"order_type":"2","areaid":"510681","item_id":165},{"address":"新疆维吾尔自治区","access_date":"2017-03-10 17:21:54","account":"m***b","quantity":1,"handle_status":8,"order_type":"2","areaid":"652301","item_id":165},{"address":"河北省","access_date":"2017-03-10 17:15:41","account":"m***0","quantity":1,"handle_status":8,"order_type":"2","areaid":"130702","item_id":165},{"address":"广东省","access_date":"2017-03-10 17:13:46","account":"1***7","quantity":1,"handle_status":8,"order_type":"2","areaid":"445102","item_id":165},{"address":"上海市","access_date":"2017-03-10 16:55:44","account":"1***8","quantity":1,"handle_status":8,"order_type":"2","areaid":"310112","item_id":165},{"address":"广东省","access_date":"2017-03-10 16:55:14","account":"e***3","quantity":1,"handle_status":8,"order_type":"2","areaid":"440106","item_id":165},{"address":"江苏省","access_date":"2017-03-10 16:54:42","account":"y***g","quantity":1,"handle_status":8,"order_type":"2","areaid":"320115","item_id":165},{"address":"上海市","access_date":"2017-03-10 16:52:17","account":"1***6","quantity":1,"handle_status":8,"order_type":"2","areaid":"310115","item_id":165},{"address":"上海市","access_date":"2017-03-10 16:47:06","account":"s***2","quantity":1,"handle_status":8,"order_type":"2","areaid":"310109","item_id":165},{"address":"陕西省","access_date":"2017-03-10 16:45:28","account":"1***9","quantity":1,"handle_status":8,"order_type":"2","areaid":"610302","item_id":165},{"address":"黑龙江省","access_date":"2017-03-10 16:44:04","account":"1***1","quantity":1,"handle_status":8,"order_type":"2","areaid":"230110","item_id":165},{"address":"山东省","access_date":"2017-03-10 16:43:23","account":"x***9","quantity":1,"handle_status":8,"order_type":"2","areaid":"371701","item_id":165},{"address":"广东省","access_date":"2017-03-10 16:42:43","account":"聆***8","quantity":1,"handle_status":8,"order_type":"2","areaid":"440305","item_id":165},{"address":"广东省","access_date":"2017-03-10 16:40:37","account":"刘***水","quantity":1,"handle_status":-6,"order_type":"2","areaid":"441422","item_id":165},{"address":"广东省","access_date":"2017-03-10 16:39:26","account":"r***8","quantity":1,"handle_status":8,"order_type":"2","areaid":"440604","item_id":165},{"address":"内蒙古自治区","access_date":"2017-03-10 16:39:17","account":"8***8","quantity":1,"handle_status":8,"order_type":"2","areaid":"150102","item_id":165},{"address":"北京市","access_date":"2017-03-10 16:36:22","account":"s***5","quantity":1,"handle_status":8,"order_type":"2","areaid":"110108","item_id":165},{"address":"辽宁省","access_date":"2017-03-10 16:33:32","account":"h***2","quantity":1,"handle_status":8,"order_type":"2","areaid":"210404","item_id":165},{"address":"北京市","access_date":"2017-03-10 16:33:16","account":"t***u","quantity":1,"handle_status":8,"order_type":"2","areaid":"110108","item_id":165},{"address":"河北省","access_date":"2017-03-10 16:32:58","account":"y***2","quantity":1,"handle_status":8,"order_type":"2","areaid":"130602","item_id":165},{"address":"上海市","access_date":"2017-03-10 16:32:38","account":"z***a","quantity":1,"handle_status":8,"order_type":"2","areaid":"310115","item_id":165},{"address":"广东省","access_date":"2017-03-10 16:24:52","account":"a***9","quantity":1,"handle_status":8,"order_type":"2","areaid":"ff8080814cd0d0f4014cd571e2a50002","item_id":165},{"address":"上海市","access_date":"2017-03-10 16:20:28","account":"y***6","quantity":1,"handle_status":8,"order_type":"2","areaid":"310117","item_id":165},{"address":"河南省","access_date":"2017-03-10 16:08:45","account":"h***9","quantity":1,"handle_status":8,"order_type":"2","areaid":"410901","item_id":165},{"address":"上海市","access_date":"2017-03-10 16:07:55","account":"1***6","quantity":1,"handle_status":8,"order_type":"2","areaid":"310115","item_id":165},{"address":"山西省","access_date":"2017-03-10 16:04:18","account":"q***3","quantity":1,"handle_status":8,"order_type":"2","areaid":"141129","item_id":165},{"address":"山东省","access_date":"2017-03-10 16:00:26","account":"j***1","quantity":1,"handle_status":8,"order_type":"2","areaid":"370202","item_id":165},{"address":"河北省","access_date":"2017-03-10 15:58:48","account":"嘉***8","quantity":2,"handle_status":8,"order_type":"2","areaid":"130302","item_id":165},{"address":"浙江省","access_date":"2017-03-10 15:58:35","account":"w***j","quantity":1,"handle_status":8,"order_type":"2","areaid":"330204","item_id":165},{"address":"四川省","access_date":"2017-03-10 15:57:28","account":"h***l","quantity":1,"handle_status":8,"order_type":"2","areaid":"510107","item_id":165},{"address":"广西壮族自治区","access_date":"2017-03-10 15:54:11","account":"1***6","quantity":1,"handle_status":8,"order_type":"2","areaid":"450603","item_id":165},{"address":"浙江省","access_date":"2017-03-10 15:53:07","account":"1***5","quantity":1,"handle_status":8,"order_type":"2","areaid":"330726","item_id":165},{"address":"北京市","access_date":"2017-03-10 15:51:57","account":"1***5","quantity":1,"handle_status":8,"order_type":"2","areaid":"110105","item_id":165},{"address":"广东省","access_date":"2017-03-10 15:51:08","account":"1***2","quantity":1,"handle_status":8,"order_type":"2","areaid":"440781","item_id":165},{"address":"上海市","access_date":"2017-03-10 15:47:43","account":"s***0","quantity":1,"handle_status":8,"order_type":"2","areaid":"310107","item_id":165},{"address":"湖北省","access_date":"2017-03-10 15:47:26","account":"s***1","quantity":1,"handle_status":8,"order_type":"2","areaid":"420704","item_id":165},{"address":"广东省","access_date":"2017-03-10 15:42:34","account":"k***7","quantity":1,"handle_status":8,"order_type":"2","areaid":"ff8080814cd0d0f4014cd571e2a50002","item_id":165},{"address":"四川省","access_date":"2017-03-10 15:42:20","account":"d***1","quantity":1,"handle_status":8,"order_type":"2","areaid":"510108","item_id":165},{"address":"天津市","access_date":"2017-03-10 15:40:33","account":"1***9","quantity":1,"handle_status":8,"order_type":"2","areaid":"120114","item_id":165},{"address":"北京市","access_date":"2017-03-10 15:40:02","account":"1***0","quantity":1,"handle_status":8,"order_type":"2","areaid":"110108","item_id":165},{"address":"山东省","access_date":"2017-03-10 15:38:18","account":"k***8","quantity":1,"handle_status":8,"order_type":"2","areaid":"371302","item_id":165},{"address":"上海市","access_date":"2017-03-10 15:15:37","account":"1***1","quantity":1,"handle_status":8,"order_type":"2","areaid":"310107","item_id":165},{"address":"广西壮族自治区","access_date":"2017-03-10 14:49:14","account":"黎***春","quantity":1,"handle_status":8,"order_type":"2","areaid":"450103","item_id":165},{"address":"北京市","access_date":"2017-03-10 14:49:04","account":"g***6","quantity":1,"handle_status":8,"order_type":"2","areaid":"110105","item_id":165},{"address":"内蒙古自治区","access_date":"2017-03-10 14:42:47","account":"1***0","quantity":1,"handle_status":8,"order_type":"2","areaid":"150102","item_id":165},{"address":"河南省","access_date":"2017-03-10 14:36:49","account":"王***亮","quantity":1,"handle_status":8,"order_type":"2","areaid":"410105","item_id":165},{"address":"河南省","access_date":"2017-03-10 14:36:34","account":"s***5","quantity":1,"handle_status":8,"order_type":"2","areaid":"410402","item_id":165},{"address":"浙江省","access_date":"2017-03-10 14:36:04","account":"七***9","quantity":1,"handle_status":-6,"order_type":"2","areaid":"330109","item_id":165},{"address":"浙江省","access_date":"2017-03-10 14:23:13","account":"z***s","quantity":1,"handle_status":8,"order_type":"2","areaid":"330903","item_id":165},{"address":"北京市","access_date":"2017-03-10 14:23:12","account":"h***1","quantity":1,"handle_status":8,"order_type":"2","areaid":"110101","item_id":165},{"address":"北京市","access_date":"2017-03-10 14:23:10","account":"e***c","quantity":1,"handle_status":8,"order_type":"2","areaid":"110105","item_id":165},{"address":"江苏省","access_date":"2017-03-10 14:22:52","account":"南***路","quantity":1,"handle_status":8,"order_type":"2","areaid":"320602","item_id":165},{"address":"山东省","access_date":"2017-03-10 14:22:17","account":"l***e","quantity":1,"handle_status":8,"order_type":"2","areaid":"371302","item_id":165},{"address":"湖南省","access_date":"2017-03-10 14:21:04","account":"c***n","quantity":1,"handle_status":8,"order_type":"2","areaid":"430407","item_id":165},{"address":"山东省","access_date":"2017-03-10 14:21:03","account":"n***9","quantity":1,"handle_status":8,"order_type":"2","areaid":"370611","item_id":165},{"address":"上海市","access_date":"2017-03-10 14:21:03","account":"z***n","quantity":1,"handle_status":8,"order_type":"2","areaid":"310115","item_id":165},{"address":"广东省","access_date":"2017-03-10 14:20:56","account":"m***x","quantity":1,"handle_status":8,"order_type":"2","areaid":"440303","item_id":165},{"address":"湖北省","access_date":"2017-03-10 14:20:14","account":"b***9","quantity":1,"handle_status":8,"order_type":"2","areaid":"420102","item_id":165},{"address":"河南省","access_date":"2017-03-10 14:20:13","account":"1***5","quantity":1,"handle_status":8,"order_type":"2","areaid":"410322","item_id":165},{"address":"辽宁省","access_date":"2017-03-10 14:20:04","account":"3***1","quantity":1,"handle_status":8,"order_type":"2","areaid":"211204","item_id":165},{"address":"辽宁省","access_date":"2017-03-10 14:20:03","account":"爱***完","quantity":1,"handle_status":8,"order_type":"2","areaid":"210803","item_id":165},{"address":"河南省","access_date":"2017-03-10 14:19:55","account":"s***4","quantity":1,"handle_status":8,"order_type":"2","areaid":"410928","item_id":165},{"address":"上海市","access_date":"2017-03-10 14:19:05","account":"g***p","quantity":1,"handle_status":8,"order_type":"2","areaid":"310110","item_id":165},{"address":"山东省","access_date":"2017-03-10 14:18:53","account":"1***0","quantity":1,"handle_status":8,"order_type":"2","areaid":"370112","item_id":165},{"address":"北京市","access_date":"2017-03-10 14:18:46","account":"y***2","quantity":1,"handle_status":8,"order_type":"2","areaid":"110107","item_id":165},{"address":"浙江省","access_date":"2017-03-10 14:18:42","account":"老***d","quantity":1,"handle_status":8,"order_type":"2","areaid":"331081","item_id":165},{"address":"广东省","access_date":"2017-03-10 14:18:30","account":"c***x","quantity":1,"handle_status":8,"order_type":"2","areaid":"440104","item_id":165},{"address":"四川省","access_date":"2017-03-10 14:18:20","account":"x***9","quantity":1,"handle_status":8,"order_type":"2","areaid":"510703","item_id":165},{"address":"江西省","access_date":"2017-03-10 14:18:16","account":"金***8","quantity":1,"handle_status":8,"order_type":"2","areaid":"360111","item_id":165},{"address":"上海市","access_date":"2017-03-10 14:18:11","account":"1***5","quantity":1,"handle_status":8,"order_type":"2","areaid":"310110","item_id":165},{"address":"四川省","access_date":"2017-03-10 14:18:00","account":"h***r","quantity":1,"handle_status":8,"order_type":"2","areaid":"510108","item_id":165},{"address":"浙江省","access_date":"2017-03-10 14:17:45","account":"1***7","quantity":1,"handle_status":8,"order_type":"2","areaid":"330103","item_id":165},{"address":"吉林省","access_date":"2017-03-10 14:17:41","account":"y***n","quantity":1,"handle_status":8,"order_type":"2","areaid":"220402","item_id":165},{"address":"江苏省","access_date":"2017-03-10 14:17:38","account":"s***n","quantity":1,"handle_status":8,"order_type":"2","areaid":"320105","item_id":165},{"address":"江西省","access_date":"2017-03-10 14:17:35","account":"1***6","quantity":1,"handle_status":8,"order_type":"2","areaid":"361124","item_id":165},{"address":"浙江省","access_date":"2017-03-10 14:17:12","account":"z***5","quantity":1,"handle_status":8,"order_type":"2","areaid":"330381","item_id":165},{"address":"浙江省","access_date":"2017-03-10 14:17:02","account":"t***y","quantity":1,"handle_status":8,"order_type":"2","areaid":"330110","item_id":165},{"address":"广东省","access_date":"2017-03-10 14:16:43","account":"y***7","quantity":1,"handle_status":8,"order_type":"2","areaid":"440402","item_id":165},{"address":"安徽省","access_date":"2017-03-10 14:16:33","account":"c***1","quantity":1,"handle_status":8,"order_type":"2","areaid":"340403","item_id":165},{"address":"福建省","access_date":"2017-03-10 14:16:03","account":"z***5","quantity":1,"handle_status":8,"order_type":"2","areaid":"350802","item_id":165},{"address":"江苏省","access_date":"2017-03-10 14:16:03","account":"z***1","quantity":1,"handle_status":8,"order_type":"2","areaid":"320721","item_id":165},{"address":"江苏省","access_date":"2017-03-10 14:15:44","account":"g***9","quantity":1,"handle_status":8,"order_type":"2","areaid":"320681","item_id":165},{"address":"江苏省","access_date":"2017-03-10 14:15:31","account":"1***1","quantity":1,"handle_status":8,"order_type":"2","areaid":"320902","item_id":165},{"address":"上海市","access_date":"2017-03-10 14:15:20","account":"j***0","quantity":1,"handle_status":8,"order_type":"2","areaid":"310115","item_id":165},{"address":"山东省","access_date":"2017-03-10 14:15:10","account":"g***3","quantity":1,"handle_status":8,"order_type":"2","areaid":"370103","item_id":165},{"address":"上海市","access_date":"2017-03-10 14:14:28","account":"1***3","quantity":1,"handle_status":8,"order_type":"2","areaid":"310112","item_id":165},{"address":"四川省","access_date":"2017-03-10 14:14:16","account":"g***o","quantity":1,"handle_status":8,"order_type":"2","areaid":"510113","item_id":165},{"address":"浙江省","access_date":"2017-03-10 14:14:15","account":"1***5","quantity":1,"handle_status":8,"order_type":"2","areaid":"330382","item_id":165},{"address":"河南省","access_date":"2017-03-10 14:13:43","account":"b***0","quantity":1,"handle_status":8,"order_type":"2","areaid":"411627","item_id":165},{"address":"安徽省","access_date":"2017-03-10 14:13:40","account":"d***n","quantity":1,"handle_status":-6,"order_type":"2","areaid":"340104","item_id":165},{"address":"上海市","access_date":"2017-03-10 14:13:22","account":"1***7","quantity":1,"handle_status":8,"order_type":"2","areaid":"310101","item_id":165},{"address":"安徽省","access_date":"2017-03-10 14:13:15","account":"杨***5","quantity":2,"handle_status":8,"order_type":"2","areaid":"340403","item_id":165},{"address":"黑龙江省","access_date":"2017-03-10 14:13:00","account":"李***临","quantity":1,"handle_status":8,"order_type":"2","areaid":"230102","item_id":165},{"address":"河南省","access_date":"2017-03-10 14:12:53","account":"1***5","quantity":1,"handle_status":-6,"order_type":"2","areaid":"410105","item_id":165},{"address":"北京市","access_date":"2017-03-10 14:12:14","account":"z***4","quantity":1,"handle_status":8,"order_type":"2","areaid":"110112","item_id":165},{"address":"上海市","access_date":"2017-03-10 14:12:04","account":"v***9","quantity":4,"handle_status":8,"order_type":"2","areaid":"310113","item_id":165},{"address":"上海市","access_date":"2017-03-10 14:12:02","account":"k***h","quantity":1,"handle_status":8,"order_type":"2","areaid":"310104","item_id":165},{"address":"吉林省","access_date":"2017-03-10 14:11:55","account":"邵***玉","quantity":1,"handle_status":8,"order_type":"2","areaid":"220104","item_id":165},{"address":"上海市","access_date":"2017-03-10 14:11:31","account":"c***4","quantity":1,"handle_status":8,"order_type":"2","areaid":"310113","item_id":165},{"address":"广东省","access_date":"2017-03-10 14:11:26","account":"g***u","quantity":1,"handle_status":8,"order_type":"2","areaid":"440106","item_id":165},{"address":"山东省","access_date":"2017-03-10 14:10:54","account":"吾***凡","quantity":1,"handle_status":-6,"order_type":"2","areaid":"370613","item_id":165},{"address":"福建省","access_date":"2017-03-10 14:10:37","account":"1***8","quantity":1,"handle_status":8,"order_type":"2","areaid":"350481","item_id":165},{"address":"北京市","access_date":"2017-03-10 14:10:27","account":"1***0","quantity":1,"handle_status":8,"order_type":"2","areaid":"110108","item_id":165},{"address":"辽宁省","access_date":"2017-03-10 14:09:56","account":"1***5","quantity":1,"handle_status":8,"order_type":"2","areaid":"210211","item_id":165},{"address":"广东省","access_date":"2017-03-10 14:09:51","account":"1***2","quantity":1,"handle_status":8,"order_type":"2","areaid":"440105","item_id":165},{"address":"云南省","access_date":"2017-03-10 14:09:44","account":"龍***佳","quantity":1,"handle_status":8,"order_type":"2","areaid":"530502","item_id":165},{"address":"北京市","access_date":"2017-03-10 14:09:23","account":"l***n","quantity":1,"handle_status":8,"order_type":"2","areaid":"110108","item_id":165},{"address":"山东省","access_date":"2017-03-10 14:08:16","account":"l***1","quantity":1,"handle_status":8,"order_type":"2","areaid":"370502","item_id":165},{"address":"江苏省","access_date":"2017-03-10 14:06:52","account":"y***g","quantity":1,"handle_status":8,"order_type":"2","areaid":"320115","item_id":165},{"address":"北京市","access_date":"2017-03-10 14:06:42","account":"姚***0","quantity":1,"handle_status":8,"order_type":"2","areaid":"110106","item_id":165},{"address":"重庆市","access_date":"2017-03-10 14:06:41","account":"z***6","quantity":1,"handle_status":8,"order_type":"2","areaid":"500112","item_id":165},{"address":"江苏省","access_date":"2017-03-10 14:05:42","account":"1***8","quantity":1,"handle_status":8,"order_type":"2","areaid":"320612","item_id":165},{"address":"山东省","access_date":"2017-03-10 14:04:05","account":"1***5","quantity":1,"handle_status":8,"order_type":"2","areaid":"370402","item_id":165},{"address":"黑龙江省","access_date":"2017-03-10 14:04:00","account":"3***2","quantity":1,"handle_status":8,"order_type":"2","areaid":"230603","item_id":165},{"address":"北京市","access_date":"2017-03-10 14:03:56","account":"Z***3","quantity":1,"handle_status":8,"order_type":"2","areaid":"110105","item_id":165},{"address":"江西省","access_date":"2017-03-10 14:03:32","account":"宋***辉","quantity":1,"handle_status":8,"order_type":"2","areaid":"360823","item_id":165},{"address":"重庆市","access_date":"2017-03-10 14:03:26","account":"z***6","quantity":1,"handle_status":-6,"order_type":"2","areaid":"500112","item_id":165},{"address":"四川省","access_date":"2017-03-10 14:02:52","account":"t***3","quantity":1,"handle_status":8,"order_type":"2","areaid":"511527","item_id":165},{"address":"山东省","access_date":"2017-03-10 14:01:22","account":"1***5","quantity":1,"handle_status":8,"order_type":"2","areaid":"370481","item_id":165},{"address":"北京市","access_date":"2017-03-10 14:00:58","account":"g***4","quantity":2,"handle_status":8,"order_type":"2","areaid":"110105","item_id":165}]