[{"address":"北京市","access_date":"2017-02-10 18:36:34","account":"1***0","quantity":1,"handle_status":8,"order_type":"2","areaid":"110105","item_id":93},{"address":"山东省","access_date":"2016-08-25 22:01:48","account":"w***g","quantity":1,"handle_status":8,"order_type":"2","areaid":"370786","item_id":93},{"address":"广东省","access_date":"2016-08-25 19:36:43","account":"r***n","quantity":1,"handle_status":-6,"order_type":"2","areaid":"440183","item_id":93},{"address":"江苏省","access_date":"2016-08-25 16:59:59","account":"g***c","quantity":1,"handle_status":8,"order_type":"2","areaid":"320581","item_id":93},{"address":"黑龙江省","access_date":"2016-08-25 14:57:59","account":"j***8","quantity":1,"handle_status":8,"order_type":"2","areaid":"231202","item_id":93},{"address":"上海市","access_date":"2016-08-25 14:37:59","account":"z***a","quantity":1,"handle_status":8,"order_type":"2","areaid":"310101","item_id":93},{"address":"广东省","access_date":"2016-08-25 14:29:15","account":"z***6","quantity":1,"handle_status":8,"order_type":"2","areaid":"445202","item_id":93},{"address":"北京市","access_date":"2016-08-09 00:03:42","account":"k***6","quantity":1,"handle_status":8,"order_type":"2","areaid":"110101","item_id":93},{"address":"山东省","access_date":"2016-08-08 14:23:27","account":"q***g","quantity":1,"handle_status":8,"order_type":"2","areaid":"371625","item_id":93},{"address":"上海市","access_date":"2016-07-23 21:13:27","account":"1***0","quantity":1,"handle_status":8,"order_type":"2","areaid":"310107","item_id":93},{"address":"广东省","access_date":"2016-07-23 18:05:29","account":"最***人","quantity":1,"handle_status":-6,"order_type":"2","areaid":"440111","item_id":93},{"address":"上海市","access_date":"2016-07-23 14:25:10","account":"1***6","quantity":1,"handle_status":8,"order_type":"2","areaid":"310101","item_id":93},{"address":"山东省","access_date":"2016-07-23 08:08:09","account":"c***g","quantity":1,"handle_status":8,"order_type":"2","areaid":"370303","item_id":93},{"address":"辽宁省","access_date":"2016-07-22 22:31:34","account":"1***6","quantity":1,"handle_status":8,"order_type":"2","areaid":"210104","item_id":93},{"address":"江苏省","access_date":"2016-07-22 19:55:17","account":"S***J","quantity":1,"handle_status":8,"order_type":"2","areaid":"320281","item_id":93},{"address":"江西省","access_date":"2016-07-22 19:27:26","account":"1***6","quantity":1,"handle_status":8,"order_type":"2","areaid":"360730","item_id":93},{"address":"安徽省","access_date":"2016-07-22 19:26:00","account":"q***h","quantity":1,"handle_status":8,"order_type":"2","areaid":"340603","item_id":93},{"address":"江苏省","access_date":"2016-07-22 19:25:34","account":"p***y","quantity":1,"handle_status":8,"order_type":"2","areaid":"320104","item_id":93},{"address":"福建省","access_date":"2016-07-22 19:25:05","account":"l***n","quantity":1,"handle_status":8,"order_type":"2","areaid":"350302","item_id":93},{"address":"浙江省","access_date":"2016-07-22 19:21:21","account":"啃***猫","quantity":1,"handle_status":8,"order_type":"2","areaid":"330782","item_id":93},{"address":"河北省","access_date":"2016-07-22 19:19:23","account":"a***s","quantity":1,"handle_status":8,"order_type":"2","areaid":"130628","item_id":93},{"address":"江苏省","access_date":"2016-07-22 19:16:34","account":"h***o","quantity":1,"handle_status":8,"order_type":"2","areaid":"320104","item_id":93},{"address":"安徽省","access_date":"2016-07-22 19:12:51","account":"H***8","quantity":1,"handle_status":8,"order_type":"2","areaid":"340824","item_id":93},{"address":"黑龙江省","access_date":"2016-07-22 19:07:26","account":"c***0","quantity":1,"handle_status":8,"order_type":"2","areaid":"230102","item_id":93},{"address":"辽宁省","access_date":"2016-07-22 18:45:19","account":"1***4","quantity":1,"handle_status":-6,"order_type":"2","areaid":"210102","item_id":93},{"address":"上海市","access_date":"2016-07-22 18:44:19","account":"k***h","quantity":1,"handle_status":8,"order_type":"2","areaid":"310101","item_id":93},{"address":"辽宁省","access_date":"2016-07-22 18:43:01","account":"l***2","quantity":1,"handle_status":8,"order_type":"2","areaid":"211002","item_id":93},{"address":"山东省","access_date":"2016-07-22 18:42:42","account":"g***7","quantity":1,"handle_status":8,"order_type":"2","areaid":"370613","item_id":93},{"address":"广东省","access_date":"2016-07-22 18:41:09","account":"1***6","quantity":1,"handle_status":8,"order_type":"2","areaid":"ff8080814cd0d0f4014cd56f66b80001","item_id":93},{"address":"广东省","access_date":"2016-07-22 18:36:15","account":"1***2","quantity":1,"handle_status":8,"order_type":"2","areaid":"ff8080814cd0d0f4014cd571e2a50002","item_id":93},{"address":"湖北省","access_date":"2016-07-22 18:28:49","account":"C***k","quantity":1,"handle_status":8,"order_type":"2","areaid":"420103","item_id":93},{"address":"山东省","access_date":"2016-07-22 18:28:48","account":"1***8","quantity":1,"handle_status":8,"order_type":"2","areaid":"371201","item_id":93},{"address":"湖北省","access_date":"2016-07-22 18:26:47","account":"c***2","quantity":1,"handle_status":-6,"order_type":"2","areaid":"420111","item_id":93},{"address":"上海市","access_date":"2016-07-22 18:25:10","account":"W***5","quantity":1,"handle_status":8,"order_type":"2","areaid":"310108","item_id":93},{"address":"安徽省","access_date":"2016-07-22 18:24:57","account":"j***q","quantity":1,"handle_status":-6,"order_type":"2","areaid":"340104","item_id":93},{"address":"安徽省","access_date":"2016-07-22 18:23:30","account":"z***n","quantity":1,"handle_status":8,"order_type":"2","areaid":"340111","item_id":93},{"address":"江苏省","access_date":"2016-07-22 18:18:19","account":"c***n","quantity":1,"handle_status":8,"order_type":"2","areaid":"320404","item_id":93},{"address":"上海市","access_date":"2016-07-22 17:25:04","account":"b***r","quantity":1,"handle_status":-6,"order_type":"2","areaid":"310118","item_id":93},{"address":"江西省","access_date":"2016-07-22 17:14:02","account":"邱***文","quantity":1,"handle_status":8,"order_type":"2","areaid":"361102","item_id":93},{"address":"山东省","access_date":"2016-07-22 17:06:59","account":"王***森","quantity":1,"handle_status":8,"order_type":"2","areaid":"371302","item_id":93},{"address":"上海市","access_date":"2016-07-22 16:07:17","account":"s***n","quantity":1,"handle_status":8,"order_type":"2","areaid":"310120","item_id":93},{"address":"山西省","access_date":"2016-07-22 16:04:10","account":"天***意","quantity":1,"handle_status":8,"order_type":"2","areaid":"140109","item_id":93},{"address":"山东省","access_date":"2016-07-22 15:57:17","account":"一***香","quantity":1,"handle_status":8,"order_type":"2","areaid":"371081","item_id":93},{"address":"安徽省","access_date":"2016-07-22 15:56:52","account":"c***7","quantity":1,"handle_status":8,"order_type":"2","areaid":"340303","item_id":93},{"address":"浙江省","access_date":"2016-07-22 15:55:58","account":"n***z","quantity":1,"handle_status":8,"order_type":"2","areaid":"330105","item_id":93},{"address":"广东省","access_date":"2016-07-22 15:50:03","account":"g***6","quantity":1,"handle_status":8,"order_type":"2","areaid":"440112","item_id":93},{"address":"河南省","access_date":"2016-07-22 15:48:21","account":"小***刀","quantity":1,"handle_status":8,"order_type":"2","areaid":"410403","item_id":93},{"address":"北京市","access_date":"2016-07-22 15:45:48","account":"王***1","quantity":1,"handle_status":-6,"order_type":"2","areaid":"110105","item_id":93},{"address":"天津市","access_date":"2016-07-22 15:45:29","account":"m***5","quantity":1,"handle_status":8,"order_type":"2","areaid":"120103","item_id":93},{"address":"山东省","access_date":"2016-07-22 15:45:27","account":"l***8","quantity":1,"handle_status":8,"order_type":"2","areaid":"370502","item_id":93},{"address":"辽宁省","access_date":"2016-07-22 15:45:23","account":"7***9","quantity":1,"handle_status":8,"order_type":"2","areaid":"211221","item_id":93},{"address":"山东省","access_date":"2016-07-22 15:41:57","account":"五***肌","quantity":1,"handle_status":8,"order_type":"2","areaid":"370214","item_id":93},{"address":"江苏省","access_date":"2016-07-22 15:41:34","account":"小***子","quantity":1,"handle_status":8,"order_type":"2","areaid":"320981","item_id":93},{"address":"山东省","access_date":"2016-07-22 15:41:00","account":"s***8","quantity":1,"handle_status":8,"order_type":"2","areaid":"370602","item_id":93},{"address":"山东省","access_date":"2016-07-22 15:39:24","account":"z***0","quantity":1,"handle_status":8,"order_type":"2","areaid":"370103","item_id":93},{"address":"北京市","access_date":"2016-07-22 15:39:19","account":"z***y","quantity":1,"handle_status":8,"order_type":"2","areaid":"110108","item_id":93},{"address":"青海省","access_date":"2016-07-22 15:37:13","account":"z***1","quantity":1,"handle_status":8,"order_type":"2","areaid":"630221","item_id":93},{"address":"辽宁省","access_date":"2016-07-22 15:31:02","account":"1***3","quantity":1,"handle_status":-6,"order_type":"2","areaid":"210103","item_id":93},{"address":"辽宁省","access_date":"2016-07-22 15:29:03","account":"j***i","quantity":1,"handle_status":8,"order_type":"2","areaid":"211403","item_id":93},{"address":"山东省","access_date":"2016-07-22 15:28:49","account":"w***z","quantity":1,"handle_status":8,"order_type":"2","areaid":"371101","item_id":93},{"address":"河北省","access_date":"2016-07-22 15:27:40","account":"s***2","quantity":1,"handle_status":8,"order_type":"2","areaid":"131003","item_id":93},{"address":"北京市","access_date":"2016-07-22 15:24:36","account":"y***o","quantity":1,"handle_status":8,"order_type":"2","areaid":"110106","item_id":93},{"address":"吉林省","access_date":"2016-07-22 15:22:35","account":"w***u","quantity":1,"handle_status":8,"order_type":"2","areaid":"220802","item_id":93},{"address":"江苏省","access_date":"2016-07-22 15:20:31","account":"y***6","quantity":1,"handle_status":8,"order_type":"2","areaid":"320581","item_id":93},{"address":"浙江省","access_date":"2016-07-22 15:20:26","account":"g***n","quantity":1,"handle_status":-6,"order_type":"2","areaid":"330411","item_id":93},{"address":"河北省","access_date":"2016-07-22 15:20:24","account":"l***7","quantity":1,"handle_status":8,"order_type":"2","areaid":"130225","item_id":93},{"address":"辽宁省","access_date":"2016-07-22 15:20:04","account":"1***6","quantity":1,"handle_status":-6,"order_type":"2","areaid":"210103","item_id":93},{"address":"四川省","access_date":"2016-07-22 15:18:28","account":"g***e","quantity":1,"handle_status":8,"order_type":"2","areaid":"510105","item_id":93},{"address":"浙江省","access_date":"2016-07-22 15:18:05","account":"c***i","quantity":1,"handle_status":8,"order_type":"2","areaid":"330211","item_id":93},{"address":"辽宁省","access_date":"2016-07-22 15:16:12","account":"c***8","quantity":1,"handle_status":8,"order_type":"2","areaid":"210302","item_id":93},{"address":"江苏省","access_date":"2016-07-22 15:15:40","account":"1***8","quantity":1,"handle_status":-6,"order_type":"2","areaid":"320581","item_id":93},{"address":"河北省","access_date":"2016-07-22 15:14:55","account":"s***n","quantity":1,"handle_status":8,"order_type":"2","areaid":"131003","item_id":93},{"address":"江苏省","access_date":"2016-07-22 15:14:50","account":"1***9","quantity":1,"handle_status":-6,"order_type":"2","areaid":"321282","item_id":93},{"address":"江苏省","access_date":"2016-07-22 15:14:32","account":"5***2","quantity":1,"handle_status":8,"order_type":"2","areaid":"320612","item_id":93},{"address":"上海市","access_date":"2016-07-22 15:13:19","account":"x***7","quantity":1,"handle_status":8,"order_type":"2","areaid":"310114","item_id":93},{"address":"福建省","access_date":"2016-07-22 15:13:11","account":"s***7","quantity":1,"handle_status":8,"order_type":"2","areaid":"350623","item_id":93},{"address":"辽宁省","access_date":"2016-07-22 15:11:05","account":"h***y","quantity":1,"handle_status":8,"order_type":"2","areaid":"210502","item_id":93},{"address":"北京市","access_date":"2016-07-22 15:10:22","account":"1***5","quantity":1,"handle_status":8,"order_type":"2","areaid":"110105","item_id":93},{"address":"福建省","access_date":"2016-07-22 15:08:52","account":"x***0","quantity":1,"handle_status":8,"order_type":"2","areaid":"350629","item_id":93},{"address":"江苏省","access_date":"2016-07-22 15:08:44","account":"c***1","quantity":1,"handle_status":-6,"order_type":"2","areaid":"320602","item_id":93},{"address":"广东省","access_date":"2016-07-22 15:08:44","account":"x***g","quantity":1,"handle_status":8,"order_type":"2","areaid":"440983","item_id":93},{"address":"福建省","access_date":"2016-07-22 15:08:13","account":"苏***忠","quantity":1,"handle_status":8,"order_type":"2","areaid":"350302","item_id":93},{"address":"四川省","access_date":"2016-07-22 15:07:57","account":"a***5","quantity":1,"handle_status":8,"order_type":"2","areaid":"510704","item_id":93},{"address":"山东省","access_date":"2016-07-22 15:07:54","account":"z***3","quantity":1,"handle_status":8,"order_type":"2","areaid":"371322","item_id":93},{"address":"江苏省","access_date":"2016-07-22 15:06:41","account":"s***n","quantity":1,"handle_status":8,"order_type":"2","areaid":"320506","item_id":93},{"address":"福建省","access_date":"2016-07-22 15:04:43","account":"c***n","quantity":1,"handle_status":8,"order_type":"2","areaid":"350111","item_id":93},{"address":"江苏省","access_date":"2016-07-22 15:04:12","account":"1***6","quantity":1,"handle_status":8,"order_type":"2","areaid":"321322","item_id":93},{"address":"安徽省","access_date":"2016-07-22 15:03:28","account":"1***7","quantity":1,"handle_status":8,"order_type":"2","areaid":"340111","item_id":93},{"address":"广西壮族自治区","access_date":"2016-07-22 15:03:18","account":"l***8","quantity":1,"handle_status":-6,"order_type":"2","areaid":"450722","item_id":93},{"address":"新疆维吾尔自治区","access_date":"2016-07-22 14:59:58","account":"z***i","quantity":1,"handle_status":8,"order_type":"2","areaid":"652926","item_id":93},{"address":"河北省","access_date":"2016-07-22 14:59:28","account":"熊***贝","quantity":1,"handle_status":8,"order_type":"2","areaid":"131081","item_id":93},{"address":"黑龙江省","access_date":"2016-07-22 14:58:07","account":"z***4","quantity":1,"handle_status":8,"order_type":"2","areaid":"230302","item_id":93},{"address":"江苏省","access_date":"2016-07-22 14:57:27","account":"1***9","quantity":1,"handle_status":8,"order_type":"2","areaid":"320582","item_id":93},{"address":"上海市","access_date":"2016-07-22 14:55:57","account":"s***g","quantity":1,"handle_status":8,"order_type":"2","areaid":"310105","item_id":93},{"address":"天津市","access_date":"2016-07-22 14:55:52","account":"Y***g","quantity":1,"handle_status":8,"order_type":"2","areaid":"120103","item_id":93},{"address":"北京市","access_date":"2016-07-22 14:55:33","account":"天***羊","quantity":1,"handle_status":8,"order_type":"2","areaid":"110105","item_id":93},{"address":"广东省","access_date":"2016-07-22 14:53:42","account":"w***3","quantity":1,"handle_status":-6,"order_type":"2","areaid":"440881","item_id":93},{"address":"广东省","access_date":"2016-07-22 14:50:49","account":"a***g","quantity":1,"handle_status":8,"order_type":"2","areaid":"440304","item_id":93},{"address":"辽宁省","access_date":"2016-07-22 14:50:06","account":"陈***7","quantity":1,"handle_status":8,"order_type":"2","areaid":"210502","item_id":93},{"address":"陕西省","access_date":"2016-07-22 14:49:53","account":"黎***鳕","quantity":1,"handle_status":8,"order_type":"2","areaid":"610113","item_id":93},{"address":"内蒙古自治区","access_date":"2016-07-22 14:43:10","account":"李***3","quantity":1,"handle_status":8,"order_type":"2","areaid":"150105","item_id":93},{"address":"山东省","access_date":"2016-07-22 14:36:26","account":"1***8","quantity":1,"handle_status":8,"order_type":"2","areaid":"370502","item_id":93},{"address":"新疆维吾尔自治区","access_date":"2016-07-22 14:28:49","account":"h***r","quantity":1,"handle_status":8,"order_type":"2","areaid":"650102","item_id":93},{"address":"江苏省","access_date":"2016-07-22 14:22:04","account":"史***球","quantity":1,"handle_status":8,"order_type":"2","areaid":"320282","item_id":93},{"address":"北京市","access_date":"2016-07-22 14:17:52","account":"r***t","quantity":1,"handle_status":8,"order_type":"2","areaid":"110106","item_id":93},{"address":"山东省","access_date":"2016-07-22 14:17:37","account":"w***r","quantity":1,"handle_status":8,"order_type":"2","areaid":"370202","item_id":93},{"address":"河北省","access_date":"2016-07-22 14:17:17","account":"m***2","quantity":1,"handle_status":8,"order_type":"2","areaid":"130503","item_id":93},{"address":"黑龙江省","access_date":"2016-07-22 14:16:25","account":"c***9","quantity":1,"handle_status":8,"order_type":"2","areaid":"230102","item_id":93},{"address":"广东省","access_date":"2016-07-22 14:16:14","account":"l***3","quantity":1,"handle_status":8,"order_type":"2","areaid":"440307","item_id":93},{"address":"上海市","access_date":"2016-07-22 14:15:17","account":"1***3","quantity":1,"handle_status":8,"order_type":"2","areaid":"310108","item_id":93},{"address":"山东省","access_date":"2016-07-22 14:14:15","account":"潘***z","quantity":1,"handle_status":-6,"order_type":"2","areaid":"370602","item_id":93},{"address":"安徽省","access_date":"2016-07-22 14:14:07","account":"s***e","quantity":1,"handle_status":8,"order_type":"2","areaid":"341302","item_id":93},{"address":"四川省","access_date":"2016-07-22 14:14:04","account":"丹***2","quantity":1,"handle_status":8,"order_type":"2","areaid":"511528","item_id":93},{"address":"甘肃省","access_date":"2016-07-22 14:13:59","account":"h***g","quantity":1,"handle_status":8,"order_type":"2","areaid":"620104","item_id":93},{"address":"陕西省","access_date":"2016-07-22 14:13:49","account":"l***6","quantity":1,"handle_status":8,"order_type":"2","areaid":"610602","item_id":93},{"address":"广东省","access_date":"2016-07-22 14:13:11","account":"1***9","quantity":1,"handle_status":8,"order_type":"2","areaid":"ff8080814cd0d0f4014cd571e2a50002","item_id":93},{"address":"山西省","access_date":"2016-07-22 14:13:05","account":"1***8","quantity":1,"handle_status":8,"order_type":"2","areaid":"140105","item_id":93},{"address":"河北省","access_date":"2016-07-22 14:12:47","account":"w***n","quantity":1,"handle_status":8,"order_type":"2","areaid":"130503","item_id":93},{"address":"湖南省","access_date":"2016-07-22 14:12:27","account":"O***8","quantity":1,"handle_status":8,"order_type":"2","areaid":"430602","item_id":93},{"address":"江苏省","access_date":"2016-07-22 14:12:27","account":"李***琴","quantity":1,"handle_status":8,"order_type":"2","areaid":"320202","item_id":93},{"address":"上海市","access_date":"2016-07-22 14:12:23","account":"1***8","quantity":1,"handle_status":8,"order_type":"2","areaid":"310112","item_id":93},{"address":"浙江省","access_date":"2016-07-22 14:12:17","account":"1***7","quantity":1,"handle_status":8,"order_type":"2","areaid":"330621","item_id":93},{"address":"浙江省","access_date":"2016-07-22 14:12:15","account":"1***0","quantity":1,"handle_status":8,"order_type":"2","areaid":"330701","item_id":93},{"address":"山西省","access_date":"2016-07-22 14:12:00","account":"章***昕","quantity":1,"handle_status":8,"order_type":"2","areaid":"140107","item_id":93},{"address":"北京市","access_date":"2016-07-22 14:11:52","account":"1***6","quantity":1,"handle_status":8,"order_type":"2","areaid":"110105","item_id":93},{"address":"上海市","access_date":"2016-07-22 14:11:41","account":"达***达","quantity":1,"handle_status":8,"order_type":"2","areaid":"310117","item_id":93},{"address":"吉林省","access_date":"2016-07-22 14:11:17","account":"w***7","quantity":1,"handle_status":-6,"order_type":"2","areaid":"220102","item_id":93},{"address":"北京市","access_date":"2016-07-22 14:11:09","account":"f***5","quantity":1,"handle_status":8,"order_type":"2","areaid":"110108","item_id":93},{"address":"江苏省","access_date":"2016-07-22 14:10:45","account":"l***o","quantity":1,"handle_status":8,"order_type":"2","areaid":"320705","item_id":93},{"address":"江西省","access_date":"2016-07-22 14:10:38","account":"1***8","quantity":1,"handle_status":8,"order_type":"2","areaid":"360802","item_id":93},{"address":"江苏省","access_date":"2016-07-22 14:10:26","account":"1***0","quantity":1,"handle_status":8,"order_type":"2","areaid":"320508","item_id":93},{"address":"新疆维吾尔自治区","access_date":"2016-07-22 14:10:15","account":"故***旧","quantity":1,"handle_status":8,"order_type":"2","areaid":"652201","item_id":93},{"address":"江苏省","access_date":"2016-07-22 14:09:56","account":"f***g","quantity":1,"handle_status":8,"order_type":"2","areaid":"320201","item_id":93},{"address":"浙江省","access_date":"2016-07-22 14:09:30","account":"a***8","quantity":1,"handle_status":8,"order_type":"2","areaid":"330329","item_id":93},{"address":"北京市","access_date":"2016-07-22 14:09:22","account":"h***g","quantity":1,"handle_status":8,"order_type":"2","areaid":"110108","item_id":93},{"address":"湖南省","access_date":"2016-07-22 14:09:16","account":"陈***y","quantity":1,"handle_status":8,"order_type":"2","areaid":"430407","item_id":93},{"address":"北京市","access_date":"2016-07-22 14:09:01","account":"z***c","quantity":1,"handle_status":8,"order_type":"2","areaid":"110108","item_id":93},{"address":"辽宁省","access_date":"2016-07-22 14:08:58","account":"1***2","quantity":1,"handle_status":8,"order_type":"2","areaid":"210202","item_id":93},{"address":"贵州省","access_date":"2016-07-22 14:08:52","account":"l***y","quantity":1,"handle_status":8,"order_type":"2","areaid":"520115","item_id":93},{"address":"上海市","access_date":"2016-07-22 14:08:32","account":"M***n","quantity":1,"handle_status":8,"order_type":"2","areaid":"310118","item_id":93},{"address":"辽宁省","access_date":"2016-07-22 14:08:22","account":"l***d","quantity":1,"handle_status":8,"order_type":"2","areaid":"210681","item_id":93},{"address":"湖北省","access_date":"2016-07-22 14:08:02","account":"1***2","quantity":1,"handle_status":8,"order_type":"2","areaid":"420303","item_id":93},{"address":"山东省","access_date":"2016-07-22 14:07:21","account":"s***5","quantity":1,"handle_status":8,"order_type":"2","areaid":"371001","item_id":93},{"address":"河南省","access_date":"2016-07-22 14:07:09","account":"n***h","quantity":1,"handle_status":8,"order_type":"2","areaid":"411302","item_id":93},{"address":"天津市","access_date":"2016-07-22 14:06:55","account":"l***u","quantity":1,"handle_status":8,"order_type":"2","areaid":"120115","item_id":93},{"address":"新疆维吾尔自治区","access_date":"2016-07-22 14:06:55","account":"s***8","quantity":1,"handle_status":8,"order_type":"2","areaid":"650104","item_id":93},{"address":"江苏省","access_date":"2016-07-22 14:06:47","account":"浓***烟","quantity":1,"handle_status":8,"order_type":"2","areaid":"320113","item_id":93},{"address":"福建省","access_date":"2016-07-22 14:06:13","account":"c***0","quantity":1,"handle_status":8,"order_type":"2","areaid":"350629","item_id":93},{"address":"贵州省","access_date":"2016-07-22 14:06:02","account":"肖***波","quantity":1,"handle_status":8,"order_type":"2","areaid":"520181","item_id":93},{"address":"四川省","access_date":"2016-07-22 14:05:52","account":"z***6","quantity":1,"handle_status":8,"order_type":"2","areaid":"511002","item_id":93},{"address":"山东省","access_date":"2016-07-22 14:05:47","account":"c***d","quantity":1,"handle_status":8,"order_type":"2","areaid":"370502","item_id":93},{"address":"浙江省","access_date":"2016-07-22 14:05:45","account":"海***9","quantity":1,"handle_status":8,"order_type":"2","areaid":"331002","item_id":93},{"address":"浙江省","access_date":"2016-07-22 14:05:43","account":"s***7","quantity":1,"handle_status":8,"order_type":"2","areaid":"330104","item_id":93},{"address":"河南省","access_date":"2016-07-22 14:05:36","account":"r***4","quantity":1,"handle_status":8,"order_type":"2","areaid":"410102","item_id":93},{"address":"北京市","access_date":"2016-07-22 14:05:28","account":"w***x","quantity":1,"handle_status":8,"order_type":"2","areaid":"110107","item_id":93},{"address":"重庆市","access_date":"2016-07-22 14:05:24","account":"k***1","quantity":1,"handle_status":8,"order_type":"2","areaid":"500114","item_id":93},{"address":"北京市","access_date":"2016-07-22 14:05:18","account":"h***e","quantity":1,"handle_status":8,"order_type":"2","areaid":"110105","item_id":93},{"address":"湖北省","access_date":"2016-07-22 14:05:16","account":"b***9","quantity":1,"handle_status":8,"order_type":"2","areaid":"420111","item_id":93},{"address":"上海市","access_date":"2016-07-22 14:04:58","account":"阿***侬","quantity":1,"handle_status":8,"order_type":"2","areaid":"310104","item_id":93},{"address":"辽宁省","access_date":"2016-07-22 14:04:54","account":"j***s","quantity":1,"handle_status":8,"order_type":"2","areaid":"210782","item_id":93},{"address":"甘肃省","access_date":"2016-07-22 14:04:28","account":"j***8","quantity":1,"handle_status":-6,"order_type":"2","areaid":"620102","item_id":93},{"address":"上海市","access_date":"2016-07-22 14:04:22","account":"1***5","quantity":1,"handle_status":8,"order_type":"2","areaid":"310107","item_id":93},{"address":"河南省","access_date":"2016-07-22 14:04:19","account":"y***6","quantity":1,"handle_status":8,"order_type":"2","areaid":"411602","item_id":93},{"address":"四川省","access_date":"2016-07-22 14:04:05","account":"w***m","quantity":1,"handle_status":8,"order_type":"2","areaid":"511528","item_id":93},{"address":"河北省","access_date":"2016-07-22 14:03:56","account":"李***山","quantity":1,"handle_status":8,"order_type":"2","areaid":"130123","item_id":93},{"address":"湖北省","access_date":"2016-07-22 14:03:35","account":"b***9","quantity":1,"handle_status":8,"order_type":"2","areaid":"420102","item_id":93},{"address":"甘肃省","access_date":"2016-07-22 14:03:32","account":"s***g","quantity":1,"handle_status":8,"order_type":"2","areaid":"620104","item_id":93},{"address":"四川省","access_date":"2016-07-22 14:03:19","account":"l***a","quantity":1,"handle_status":-6,"order_type":"2","areaid":"510105","item_id":93},{"address":"广东省","access_date":"2016-07-22 14:03:13","account":"1***8","quantity":1,"handle_status":8,"order_type":"2","areaid":"440111","item_id":93},{"address":"吉林省","access_date":"2016-07-22 14:03:07","account":"a***j","quantity":1,"handle_status":8,"order_type":"2","areaid":"222403","item_id":93},{"address":"上海市","access_date":"2016-07-22 14:03:05","account":"t***q","quantity":1,"handle_status":8,"order_type":"2","areaid":"310115","item_id":93},{"address":"上海市","access_date":"2016-07-22 14:03:02","account":"1***2","quantity":1,"handle_status":8,"order_type":"2","areaid":"310104","item_id":93},{"address":"上海市","access_date":"2016-07-22 14:02:52","account":"n***o","quantity":1,"handle_status":8,"order_type":"2","areaid":"310112","item_id":93},{"address":"山东省","access_date":"2016-07-22 14:02:49","account":"j***8","quantity":1,"handle_status":8,"order_type":"2","areaid":"370681","item_id":93},{"address":"山东省","access_date":"2016-07-22 14:02:36","account":"曾***方","quantity":1,"handle_status":8,"order_type":"2","areaid":"370104","item_id":93},{"address":"河南省","access_date":"2016-07-22 14:02:31","account":"n***j","quantity":1,"handle_status":8,"order_type":"2","areaid":"411302","item_id":93},{"address":"江苏省","access_date":"2016-07-22 14:01:56","account":"主***呀","quantity":1,"handle_status":8,"order_type":"2","areaid":"320402","item_id":93},{"address":"内蒙古自治区","access_date":"2016-07-22 14:01:54","account":"s***l","quantity":1,"handle_status":8,"order_type":"2","areaid":"150203","item_id":93},{"address":"浙江省","access_date":"2016-07-22 14:01:53","account":"y***0","quantity":1,"handle_status":8,"order_type":"2","areaid":"330481","item_id":93},{"address":"北京市","access_date":"2016-07-22 14:01:52","account":"w***5","quantity":1,"handle_status":8,"order_type":"2","areaid":"110105","item_id":93},{"address":"北京市","access_date":"2016-07-22 14:01:51","account":"1***3","quantity":1,"handle_status":8,"order_type":"2","areaid":"110102","item_id":93},{"address":"上海市","access_date":"2016-07-22 14:01:50","account":"l***5","quantity":1,"handle_status":8,"order_type":"2","areaid":"310114","item_id":93},{"address":"北京市","access_date":"2016-07-22 14:01:46","account":"Y***3","quantity":1,"handle_status":8,"order_type":"2","areaid":"110102","item_id":93},{"address":"山东省","access_date":"2016-07-22 14:01:45","account":"雀***人","quantity":1,"handle_status":8,"order_type":"2","areaid":"371312","item_id":93},{"address":"辽宁省","access_date":"2016-07-22 14:01:27","account":"沧***笑","quantity":1,"handle_status":8,"order_type":"2","areaid":"211121","item_id":93},{"address":"北京市","access_date":"2016-07-22 14:01:26","account":"h***d","quantity":1,"handle_status":8,"order_type":"2","areaid":"110108","item_id":93},{"address":"浙江省","access_date":"2016-07-22 14:01:24","account":"l***6","quantity":1,"handle_status":8,"order_type":"2","areaid":"330424","item_id":93},{"address":"河北省","access_date":"2016-07-22 14:01:19","account":"谷***文","quantity":1,"handle_status":8,"order_type":"2","areaid":"130229","item_id":93},{"address":"上海市","access_date":"2016-07-22 14:00:48","account":"刘***7","quantity":1,"handle_status":8,"order_type":"2","areaid":"310112","item_id":93},{"address":"浙江省","access_date":"2016-07-22 14:00:47","account":"1***8","quantity":1,"handle_status":-6,"order_type":"2","areaid":"330211","item_id":93},{"address":"山东省","access_date":"2016-07-22 14:00:46","account":"1***7","quantity":1,"handle_status":8,"order_type":"2","areaid":"370214","item_id":93},{"address":"上海市","access_date":"2016-07-22 14:00:43","account":"Z***2","quantity":1,"handle_status":8,"order_type":"2","areaid":"310110","item_id":93},{"address":"山西省","access_date":"2016-07-22 14:00:43","account":"g***0","quantity":1,"handle_status":8,"order_type":"2","areaid":"140502","item_id":93},{"address":"山东省","access_date":"2016-07-22 14:00:42","account":"d***8","quantity":1,"handle_status":8,"order_type":"2","areaid":"370102","item_id":93},{"address":"河北省","access_date":"2016-07-22 14:00:40","account":"m***j","quantity":1,"handle_status":8,"order_type":"2","areaid":"130503","item_id":93},{"address":"北京市","access_date":"2016-07-22 14:00:39","account":"l***i","quantity":1,"handle_status":8,"order_type":"2","areaid":"110108","item_id":93},{"address":"上海市","access_date":"2016-07-22 14:00:39","account":"1***7","quantity":1,"handle_status":8,"order_type":"2","areaid":"310105","item_id":93},{"address":"广东省","access_date":"2016-07-22 14:00:39","account":"S***n","quantity":1,"handle_status":8,"order_type":"2","areaid":"440303","item_id":93},{"address":"辽宁省","access_date":"2016-07-22 14:00:38","account":"1***3","quantity":1,"handle_status":8,"order_type":"2","areaid":"210202","item_id":93},{"address":"江苏省","access_date":"2016-07-22 14:00:33","account":"钱***军","quantity":1,"handle_status":8,"order_type":"2","areaid":"320202","item_id":93},{"address":"吉林省","access_date":"2016-07-22 14:00:33","account":"l***3","quantity":1,"handle_status":8,"order_type":"2","areaid":"222401","item_id":93},{"address":"江苏省","access_date":"2016-07-22 14:00:29","account":"4***8","quantity":1,"handle_status":8,"order_type":"2","areaid":"320106","item_id":93},{"address":"江苏省","access_date":"2016-07-22 14:00:28","account":"1***7","quantity":1,"handle_status":8,"order_type":"2","areaid":"320412","item_id":93},{"address":"内蒙古自治区","access_date":"2016-07-22 14:00:28","account":"m***5","quantity":1,"handle_status":8,"order_type":"2","areaid":"150103","item_id":93},{"address":"上海市","access_date":"2016-07-22 14:00:27","account":"h***m","quantity":1,"handle_status":-6,"order_type":"2","areaid":"310104","item_id":93},{"address":"广东省","access_date":"2016-07-22 14:00:27","account":"1***6","quantity":1,"handle_status":8,"order_type":"2","areaid":"440111","item_id":93},{"address":"江苏省","access_date":"2016-07-22 14:00:26","account":"6***2","quantity":1,"handle_status":8,"order_type":"2","areaid":"320509","item_id":93},{"address":"湖南省","access_date":"2016-07-22 14:00:25","account":"c***n","quantity":1,"handle_status":8,"order_type":"2","areaid":"430407","item_id":93},{"address":"江苏省","access_date":"2016-07-22 14:00:25","account":"1***8","quantity":1,"handle_status":8,"order_type":"2","areaid":"320581","item_id":93},{"address":"江苏省","access_date":"2016-07-22 14:00:22","account":"1***1","quantity":1,"handle_status":8,"order_type":"2","areaid":"321302","item_id":93},{"address":"内蒙古自治区","access_date":"2016-07-22 14:00:22","account":"l***3","quantity":1,"handle_status":8,"order_type":"2","areaid":"150104","item_id":93},{"address":"江苏省","access_date":"2016-07-22 14:00:20","account":"1***0","quantity":1,"handle_status":8,"order_type":"2","areaid":"320412","item_id":93},{"address":"江西省","access_date":"2016-07-22 14:00:19","account":"l***2","quantity":1,"handle_status":-6,"order_type":"2","areaid":"360102","item_id":93},{"address":"广东省","access_date":"2016-07-22 14:00:19","account":"d***8","quantity":1,"handle_status":8,"order_type":"2","areaid":"440306","item_id":93},{"address":"河南省","access_date":"2016-07-22 14:00:18","account":"l***i","quantity":1,"handle_status":8,"order_type":"2","areaid":"410205","item_id":93},{"address":"河北省","access_date":"2016-07-22 14:00:18","account":"w***h","quantity":1,"handle_status":8,"order_type":"2","areaid":"130102","item_id":93},{"address":"浙江省","access_date":"2016-07-22 14:00:17","account":"l***5","quantity":1,"handle_status":8,"order_type":"2","areaid":"330424","item_id":93},{"address":"福建省","access_date":"2016-07-22 14:00:13","account":"l***s","quantity":1,"handle_status":8,"order_type":"2","areaid":"350582","item_id":93},{"address":"山东省","access_date":"2016-07-22 14:00:13","account":"x***6","quantity":1,"handle_status":8,"order_type":"2","areaid":"370214","item_id":93},{"address":"山东省","access_date":"2016-07-22 14:00:11","account":"y***u","quantity":1,"handle_status":8,"order_type":"2","areaid":"370502","item_id":93},{"address":"四川省","access_date":"2016-07-22 14:00:08","account":"c***2","quantity":1,"handle_status":8,"order_type":"2","areaid":"510124","item_id":93},{"address":"陕西省","access_date":"2016-07-19 10:16:30","account":"l***w","quantity":1,"handle_status":8,"order_type":"53","areaid":"610902","item_id":93},{"address":"浙江省","access_date":"2016-07-19 10:16:30","account":"c***r","quantity":1,"handle_status":8,"order_type":"53","areaid":"330104","item_id":93},{"address":"辽宁省","access_date":"2016-07-19 10:16:30","account":"z***b","quantity":1,"handle_status":8,"order_type":"53","areaid":"210602","item_id":93},{"address":"广东省","access_date":"2016-07-19 10:16:30","account":"q***6","quantity":1,"handle_status":8,"order_type":"53","areaid":"440606","item_id":93},{"address":"辽宁省","access_date":"2016-07-19 10:16:30","account":"s***k","quantity":1,"handle_status":8,"order_type":"53","areaid":"211004","item_id":93},{"address":"上海市","access_date":"2016-07-19 10:16:30","account":"袁***明","quantity":1,"handle_status":8,"order_type":"53","areaid":"310115","item_id":93},{"address":"黑龙江省","access_date":"2016-07-19 10:16:29","account":"我***福","quantity":1,"handle_status":8,"order_type":"53","areaid":"231002","item_id":93},{"address":"江苏省","access_date":"2016-07-19 10:16:29","account":"1***8","quantity":1,"handle_status":-6,"order_type":"53","areaid":"320581","item_id":93},{"address":"浙江省","access_date":"2016-07-19 10:16:29","account":"z***v","quantity":1,"handle_status":8,"order_type":"53","areaid":"331002","item_id":93},{"address":"山东省","access_date":"2016-07-19 10:16:29","account":"d***7","quantity":1,"handle_status":8,"order_type":"53","areaid":"370781","item_id":93},{"address":"青海省","access_date":"2016-07-19 10:16:29","account":"李***英","quantity":1,"handle_status":8,"order_type":"53","areaid":"630105","item_id":93},{"address":"北京市","access_date":"2016-07-19 10:16:29","account":"r***t","quantity":1,"handle_status":8,"order_type":"53","areaid":"110108","item_id":93},{"address":"山东省","access_date":"2016-07-19 10:16:29","account":"j***i","quantity":1,"handle_status":8,"order_type":"53","areaid":"370105","item_id":93},{"address":"浙江省","access_date":"2016-07-19 10:16:29","account":"汤***荣","quantity":1,"handle_status":8,"order_type":"53","areaid":"330328","item_id":93},{"address":"浙江省","access_date":"2016-07-19 10:16:29","account":"l***a","quantity":1,"handle_status":8,"order_type":"53","areaid":"330106","item_id":93},{"address":"湖北省","access_date":"2016-07-19 10:16:29","account":"g***8","quantity":1,"handle_status":8,"order_type":"53","areaid":"429005","item_id":93},{"address":"河南省","access_date":"2016-07-19 10:16:29","account":"y***6","quantity":1,"handle_status":8,"order_type":"53","areaid":"411602","item_id":93},{"address":"四川省","access_date":"2016-07-19 10:16:29","account":"L***A","quantity":1,"handle_status":8,"order_type":"53","areaid":"511102","item_id":93},{"address":"浙江省","access_date":"2016-07-19 10:16:29","account":"葛***焱","quantity":1,"handle_status":8,"order_type":"53","areaid":"330303","item_id":93},{"address":"山东省","access_date":"2016-07-19 10:16:29","account":"w***6","quantity":1,"handle_status":8,"order_type":"53","areaid":"370829","item_id":93},{"address":"河南省","access_date":"2016-07-19 10:16:29","account":"郭***M","quantity":1,"handle_status":8,"order_type":"53","areaid":"410201","item_id":93},{"address":"辽宁省","access_date":"2016-07-19 10:16:29","account":"c***0","quantity":1,"handle_status":8,"order_type":"53","areaid":"210726","item_id":93},{"address":"江西省","access_date":"2016-07-19 10:16:29","account":"1***9","quantity":1,"handle_status":8,"order_type":"53","areaid":"360123","item_id":93},{"address":"甘肃省","access_date":"2016-07-19 10:16:29","account":"l***5","quantity":1,"handle_status":8,"order_type":"53","areaid":"620102","item_id":93},{"address":"上海市","access_date":"2016-07-19 10:16:28","account":"n***q","quantity":1,"handle_status":8,"order_type":"53","areaid":"310115","item_id":93},{"address":"四川省","access_date":"2016-07-19 10:16:28","account":"红***梦","quantity":1,"handle_status":8,"order_type":"53","areaid":"510107","item_id":93},{"address":"湖北省","access_date":"2016-07-19 10:16:28","account":"3***7","quantity":1,"handle_status":8,"order_type":"53","areaid":"420106","item_id":93},{"address":"上海市","access_date":"2016-07-19 10:16:28","account":"1***8","quantity":1,"handle_status":8,"order_type":"53","areaid":"310115","item_id":93},{"address":"湖北省","access_date":"2016-07-19 10:16:28","account":"徐***英","quantity":1,"handle_status":8,"order_type":"53","areaid":"421202","item_id":93},{"address":"天津市","access_date":"2016-07-19 10:16:28","account":"1***4","quantity":1,"handle_status":8,"order_type":"53","areaid":"120114","item_id":93},{"address":"湖北省","access_date":"2016-07-19 10:16:28","account":"k***3","quantity":1,"handle_status":8,"order_type":"53","areaid":"420106","item_id":93},{"address":"江苏省","access_date":"2016-07-19 10:16:28","account":"1***0","quantity":1,"handle_status":8,"order_type":"53","areaid":"320508","item_id":93},{"address":"浙江省","access_date":"2016-07-19 10:16:28","account":"s***n","quantity":1,"handle_status":8,"order_type":"53","areaid":"331004","item_id":93},{"address":"江苏省","access_date":"2016-07-19 10:16:28","account":"z***7","quantity":1,"handle_status":8,"order_type":"53","areaid":"320481","item_id":93},{"address":"黑龙江省","access_date":"2016-07-19 10:16:28","account":"1***6","quantity":1,"handle_status":8,"order_type":"53","areaid":"230103","item_id":93},{"address":"四川省","access_date":"2016-07-19 10:16:28","account":"l***5","quantity":1,"handle_status":8,"order_type":"53","areaid":"511802","item_id":93},{"address":"湖南省","access_date":"2016-07-19 10:16:28","account":"J***3","quantity":1,"handle_status":8,"order_type":"53","areaid":"431081","item_id":93},{"address":"广东省","access_date":"2016-07-19 10:16:28","account":"董***霞","quantity":1,"handle_status":8,"order_type":"53","areaid":"ff8080814cd0d0f4014cd571e2a50002","item_id":93},{"address":"上海市","access_date":"2016-07-19 10:16:28","account":"z***4","quantity":1,"handle_status":8,"order_type":"53","areaid":"310115","item_id":93},{"address":"新疆维吾尔自治区","access_date":"2016-07-19 10:16:27","account":"1***0","quantity":1,"handle_status":8,"order_type":"53","areaid":"650105","item_id":93},{"address":"山东省","access_date":"2016-07-19 10:16:27","account":"p***m","quantity":1,"handle_status":-6,"order_type":"53","areaid":"371326","item_id":93},{"address":"辽宁省","access_date":"2016-07-19 10:16:27","account":"w***8","quantity":1,"handle_status":8,"order_type":"53","areaid":"211402","item_id":93},{"address":"湖南省","access_date":"2016-07-19 10:16:27","account":"1***1","quantity":1,"handle_status":8,"order_type":"53","areaid":"431223","item_id":93},{"address":"上海市","access_date":"2016-07-19 10:16:27","account":"h***n","quantity":1,"handle_status":8,"order_type":"53","areaid":"310101","item_id":93},{"address":"辽宁省","access_date":"2016-07-19 10:16:27","account":"C***Z","quantity":1,"handle_status":8,"order_type":"53","areaid":"210726","item_id":93},{"address":"新疆维吾尔自治区","access_date":"2016-07-19 10:16:27","account":"l***6","quantity":1,"handle_status":8,"order_type":"53","areaid":"650203","item_id":93},{"address":"福建省","access_date":"2016-07-19 10:16:27","account":"l***8","quantity":1,"handle_status":8,"order_type":"53","areaid":"350305","item_id":93},{"address":"广东省","access_date":"2016-07-19 10:16:27","account":"i***8","quantity":1,"handle_status":8,"order_type":"53","areaid":"440304","item_id":93},{"address":"安徽省","access_date":"2016-07-19 10:16:27","account":"w***6","quantity":1,"handle_status":8,"order_type":"53","areaid":"340621","item_id":93},{"address":"北京市","access_date":"2016-07-19 10:16:27","account":"米***下","quantity":1,"handle_status":8,"order_type":"53","areaid":"110102","item_id":93},{"address":"浙江省","access_date":"2016-07-19 10:16:27","account":"c***8","quantity":1,"handle_status":8,"order_type":"53","areaid":"331124","item_id":93},{"address":"北京市","access_date":"2016-07-19 10:16:27","account":"m***a","quantity":1,"handle_status":8,"order_type":"53","areaid":"110102","item_id":93},{"address":"新疆维吾尔自治区","access_date":"2016-07-19 10:16:27","account":"1***4","quantity":1,"handle_status":8,"order_type":"53","areaid":"654301","item_id":93},{"address":"上海市","access_date":"2016-07-19 10:16:26","account":"c***4","quantity":1,"handle_status":8,"order_type":"53","areaid":"310112","item_id":93},{"address":"山东省","access_date":"2016-07-19 10:16:26","account":"g***z","quantity":1,"handle_status":-6,"order_type":"53","areaid":"370785","item_id":93},{"address":"北京市","access_date":"2016-07-19 10:16:26","account":"c***e","quantity":1,"handle_status":8,"order_type":"53","areaid":"110108","item_id":93},{"address":"北京市","access_date":"2016-07-19 10:16:26","account":"s***g","quantity":1,"handle_status":8,"order_type":"53","areaid":"110105","item_id":93},{"address":"山东省","access_date":"2016-07-19 10:16:26","account":"y***g","quantity":1,"handle_status":8,"order_type":"53","areaid":"370213","item_id":93},{"address":"江苏省","access_date":"2016-07-19 10:16:26","account":"2***p","quantity":1,"handle_status":8,"order_type":"53","areaid":"320581","item_id":93},{"address":"江苏省","access_date":"2016-07-19 10:16:26","account":"1***7","quantity":1,"handle_status":8,"order_type":"53","areaid":"321081","item_id":93},{"address":"湖南省","access_date":"2016-07-19 10:16:26","account":"1***8","quantity":1,"handle_status":8,"order_type":"53","areaid":"430421","item_id":93},{"address":"江苏省","access_date":"2016-07-19 10:16:26","account":"守***人","quantity":1,"handle_status":8,"order_type":"53","areaid":"320105","item_id":93},{"address":"广东省","access_date":"2016-07-19 10:16:26","account":"b***2","quantity":1,"handle_status":8,"order_type":"53","areaid":"440116","item_id":93},{"address":"辽宁省","access_date":"2016-07-19 10:16:26","account":"s***3","quantity":1,"handle_status":8,"order_type":"53","areaid":"210114","item_id":93},{"address":"山西省","access_date":"2016-07-19 10:16:26","account":"w***2","quantity":1,"handle_status":8,"order_type":"53","areaid":"141022","item_id":93},{"address":"浙江省","access_date":"2016-07-19 10:16:26","account":"z***3","quantity":1,"handle_status":8,"order_type":"53","areaid":"331002","item_id":93},{"address":"浙江省","access_date":"2016-07-19 10:16:26","account":"侯***哥","quantity":1,"handle_status":8,"order_type":"53","areaid":"330381","item_id":93},{"address":"湖南省","access_date":"2016-07-19 10:16:25","account":"1***3","quantity":1,"handle_status":8,"order_type":"53","areaid":"431102","item_id":93},{"address":"山东省","access_date":"2016-07-19 10:16:25","account":"1***8","quantity":1,"handle_status":8,"order_type":"53","areaid":"371721","item_id":93},{"address":"广东省","access_date":"2016-07-19 10:16:25","account":"c***7","quantity":1,"handle_status":8,"order_type":"53","areaid":"440105","item_id":93},{"address":"山东省","access_date":"2016-07-19 10:16:25","account":"w***n","quantity":1,"handle_status":8,"order_type":"53","areaid":"370481","item_id":93},{"address":"广东省","access_date":"2016-07-19 10:16:25","account":"1***2","quantity":1,"handle_status":8,"order_type":"53","areaid":"440306","item_id":93},{"address":"四川省","access_date":"2016-07-19 10:16:25","account":"1***9","quantity":1,"handle_status":8,"order_type":"53","areaid":"511702","item_id":93},{"address":"江苏省","access_date":"2016-07-19 10:16:25","account":"f***d","quantity":1,"handle_status":8,"order_type":"53","areaid":"320602","item_id":93},{"address":"福建省","access_date":"2016-07-19 10:16:25","account":"1***8","quantity":1,"handle_status":8,"order_type":"53","areaid":"350581","item_id":93},{"address":"山西省","access_date":"2016-07-19 10:16:25","account":"段***海","quantity":1,"handle_status":8,"order_type":"53","areaid":"140202","item_id":93},{"address":"江苏省","access_date":"2016-07-19 10:16:25","account":"y***j","quantity":1,"handle_status":8,"order_type":"53","areaid":"320106","item_id":93},{"address":"广东省","access_date":"2016-07-19 10:16:25","account":"晨***雨","quantity":1,"handle_status":8,"order_type":"53","areaid":"440515","item_id":93},{"address":"山东省","access_date":"2016-07-19 10:16:25","account":"阳***6","quantity":1,"handle_status":8,"order_type":"53","areaid":"370283","item_id":93},{"address":"山东省","access_date":"2016-07-19 10:16:25","account":"杰***诺","quantity":1,"handle_status":-6,"order_type":"53","areaid":"370602","item_id":93},{"address":"浙江省","access_date":"2016-07-19 10:16:24","account":"星***状","quantity":1,"handle_status":8,"order_type":"53","areaid":"330702","item_id":93},{"address":"安徽省","access_date":"2016-07-19 10:16:24","account":"w***h","quantity":1,"handle_status":8,"order_type":"53","areaid":"340202","item_id":93},{"address":"上海市","access_date":"2016-07-19 10:16:24","account":"1***9","quantity":1,"handle_status":8,"order_type":"53","areaid":"310104","item_id":93},{"address":"安徽省","access_date":"2016-07-19 10:16:24","account":"w***y","quantity":1,"handle_status":8,"order_type":"53","areaid":"340202","item_id":93},{"address":"河北省","access_date":"2016-07-19 10:16:24","account":"1***2","quantity":1,"handle_status":8,"order_type":"53","areaid":"130903","item_id":93},{"address":"黑龙江省","access_date":"2016-07-19 10:16:24","account":"1***3","quantity":1,"handle_status":8,"order_type":"53","areaid":"230604","item_id":93},{"address":"山东省","access_date":"2016-07-19 10:16:24","account":"a***3","quantity":1,"handle_status":8,"order_type":"53","areaid":"370211","item_id":93},{"address":"安徽省","access_date":"2016-07-19 10:16:24","account":"d***h","quantity":1,"handle_status":8,"order_type":"53","areaid":"340202","item_id":93},{"address":"辽宁省","access_date":"2016-07-19 10:16:24","account":"h***n","quantity":1,"handle_status":8,"order_type":"53","areaid":"210502","item_id":93},{"address":"浙江省","access_date":"2016-07-19 10:16:24","account":"h***1","quantity":1,"handle_status":8,"order_type":"53","areaid":"330702","item_id":93},{"address":"湖南省","access_date":"2016-07-19 10:16:24","account":"小***3","quantity":1,"handle_status":8,"order_type":"53","areaid":"430481","item_id":93},{"address":"浙江省","access_date":"2016-07-19 10:16:24","account":"a***0","quantity":1,"handle_status":8,"order_type":"53","areaid":"330802","item_id":93},{"address":"上海市","access_date":"2016-07-19 10:16:24","account":"z***4","quantity":1,"handle_status":8,"order_type":"53","areaid":"310105","item_id":93},{"address":"吉林省","access_date":"2016-07-19 10:16:24","account":"1***7","quantity":1,"handle_status":8,"order_type":"53","areaid":"220602","item_id":93},{"address":"黑龙江省","access_date":"2016-07-19 10:16:24","account":"1***2","quantity":1,"handle_status":8,"order_type":"53","areaid":"231202","item_id":93},{"address":"广东省","access_date":"2016-07-19 10:16:24","account":"2***6","quantity":1,"handle_status":8,"order_type":"53","areaid":"440513","item_id":93},{"address":"浙江省","access_date":"2016-07-19 10:16:23","account":"蛋***4","quantity":1,"handle_status":8,"order_type":"53","areaid":"331081","item_id":93},{"address":"江西省","access_date":"2016-07-19 10:16:23","account":"3***5","quantity":1,"handle_status":8,"order_type":"53","areaid":"360103","item_id":93},{"address":"上海市","access_date":"2016-07-19 10:16:23","account":"m***1","quantity":1,"handle_status":8,"order_type":"53","areaid":"310115","item_id":93},{"address":"河北省","access_date":"2016-07-19 10:16:23","account":"g***g","quantity":1,"handle_status":8,"order_type":"53","areaid":"130403","item_id":93},{"address":"安徽省","access_date":"2016-07-19 10:16:23","account":"a***h","quantity":1,"handle_status":8,"order_type":"53","areaid":"340302","item_id":93},{"address":"浙江省","access_date":"2016-07-19 10:16:23","account":"1***1","quantity":1,"handle_status":8,"order_type":"53","areaid":"331004","item_id":93},{"address":"山东省","access_date":"2016-07-19 10:16:23","account":"优***天","quantity":1,"handle_status":-6,"order_type":"53","areaid":"371121","item_id":93},{"address":"山东省","access_date":"2016-07-19 10:16:23","account":"穿***箭","quantity":1,"handle_status":8,"order_type":"53","areaid":"370685","item_id":93},{"address":"广东省","access_date":"2016-07-19 10:16:22","account":"倒***G","quantity":1,"handle_status":8,"order_type":"53","areaid":"440307","item_id":93},{"address":"河南省","access_date":"2016-07-19 10:16:22","account":"s***n","quantity":1,"handle_status":8,"order_type":"53","areaid":"410902","item_id":93}]