[{"address":"辽宁省","access_date":"2017-02-10 21:40:57","account":"c***8","quantity":1,"handle_status":8,"order_type":"2","areaid":"210302","item_id":132},{"address":"北京市","access_date":"2017-02-10 17:18:56","account":"1***0","quantity":1,"handle_status":8,"order_type":"2","areaid":"110105","item_id":132},{"address":"广东省","access_date":"2017-02-04 09:09:01","account":"s***s","quantity":1,"handle_status":8,"order_type":"2","areaid":"440703","item_id":132},{"address":"广东省","access_date":"2016-12-12 14:37:24","account":"1***5","quantity":1,"handle_status":8,"order_type":"2","areaid":"440304","item_id":132},{"address":"上海市","access_date":"2016-12-12 08:25:59","account":"z***a","quantity":1,"handle_status":8,"order_type":"2","areaid":"310115","item_id":132},{"address":"北京市","access_date":"2016-12-10 23:40:39","account":"l***4","quantity":1,"handle_status":8,"order_type":"2","areaid":"110106","item_id":132},{"address":"重庆市","access_date":"2016-12-10 23:03:34","account":"1***9","quantity":1,"handle_status":8,"order_type":"2","areaid":"500107","item_id":132},{"address":"山东省","access_date":"2016-12-10 21:17:10","account":"1***9","quantity":1,"handle_status":8,"order_type":"2","areaid":"370828","item_id":132},{"address":"福建省","access_date":"2016-12-10 19:54:35","account":"L***8","quantity":1,"handle_status":8,"order_type":"2","areaid":"350503","item_id":132},{"address":"广东省","access_date":"2016-12-10 19:42:35","account":"e***w","quantity":1,"handle_status":8,"order_type":"2","areaid":"440604","item_id":132},{"address":"上海市","access_date":"2016-12-10 19:16:25","account":"h***4","quantity":1,"handle_status":8,"order_type":"2","areaid":"310115","item_id":132},{"address":"吉林省","access_date":"2016-12-10 19:05:06","account":"邵***玉","quantity":1,"handle_status":8,"order_type":"2","areaid":"220104","item_id":132},{"address":"浙江省","access_date":"2016-12-10 18:55:38","account":"1***8","quantity":1,"handle_status":8,"order_type":"2","areaid":"330382","item_id":132},{"address":"上海市","access_date":"2016-12-10 18:31:38","account":"z***l","quantity":1,"handle_status":8,"order_type":"2","areaid":"310114","item_id":132},{"address":"福建省","access_date":"2016-12-10 17:42:24","account":"c***3","quantity":1,"handle_status":8,"order_type":"2","areaid":"350505","item_id":132},{"address":"安徽省","access_date":"2016-12-10 17:23:01","account":"陈***新","quantity":1,"handle_status":8,"order_type":"2","areaid":"340223","item_id":132},{"address":"山东省","access_date":"2016-12-10 17:13:03","account":"c***g","quantity":1,"handle_status":8,"order_type":"2","areaid":"370303","item_id":132},{"address":"山东省","access_date":"2016-12-10 16:37:34","account":"d***g","quantity":1,"handle_status":8,"order_type":"2","areaid":"370203","item_id":132},{"address":"浙江省","access_date":"2016-12-10 16:19:39","account":"1***3","quantity":1,"handle_status":8,"order_type":"2","areaid":"330324","item_id":132},{"address":"山西省","access_date":"2016-12-10 15:26:19","account":"q***3","quantity":1,"handle_status":8,"order_type":"2","areaid":"141129","item_id":132},{"address":"广东省","access_date":"2016-12-10 14:55:35","account":"1***7","quantity":1,"handle_status":8,"order_type":"2","areaid":"ff8080814cd0d0f4014cd56f66b80001","item_id":132},{"address":"浙江省","access_date":"2016-12-10 14:41:37","account":"h***0","quantity":1,"handle_status":8,"order_type":"2","areaid":"330201","item_id":132},{"address":"浙江省","access_date":"2016-12-10 13:44:42","account":"1***6","quantity":1,"handle_status":8,"order_type":"2","areaid":"330682","item_id":132},{"address":"天津市","access_date":"2016-12-10 13:01:02","account":"姜***强","quantity":1,"handle_status":8,"order_type":"2","areaid":"120101","item_id":132},{"address":"山东省","access_date":"2016-12-10 12:17:04","account":"g***n","quantity":1,"handle_status":8,"order_type":"2","areaid":"370105","item_id":132},{"address":"云南省","access_date":"2016-12-10 11:26:08","account":"龍***佳","quantity":1,"handle_status":8,"order_type":"2","areaid":"530502","item_id":132},{"address":"四川省","access_date":"2016-12-10 11:24:55","account":"天***9","quantity":1,"handle_status":8,"order_type":"2","areaid":"511601","item_id":132},{"address":"江西省","access_date":"2016-12-10 11:15:13","account":"1***7","quantity":1,"handle_status":8,"order_type":"2","areaid":"360102","item_id":132},{"address":"山东省","access_date":"2016-12-10 11:13:46","account":"l***1","quantity":1,"handle_status":8,"order_type":"2","areaid":"370704","item_id":132},{"address":"江西省","access_date":"2016-12-10 11:12:02","account":"y***6","quantity":1,"handle_status":8,"order_type":"2","areaid":"360102","item_id":132},{"address":"江苏省","access_date":"2016-12-10 11:11:28","account":"a***l","quantity":1,"handle_status":8,"order_type":"2","areaid":"320115","item_id":132},{"address":"上海市","access_date":"2016-12-10 10:49:53","account":"n***g","quantity":1,"handle_status":8,"order_type":"2","areaid":"310115","item_id":132},{"address":"浙江省","access_date":"2016-12-10 10:39:23","account":"1***8","quantity":1,"handle_status":8,"order_type":"2","areaid":"331101","item_id":132},{"address":"山东省","access_date":"2016-12-10 10:35:59","account":"l***8","quantity":1,"handle_status":8,"order_type":"2","areaid":"370502","item_id":132},{"address":"江苏省","access_date":"2016-12-10 09:58:21","account":"z***8","quantity":1,"handle_status":8,"order_type":"2","areaid":"320115","item_id":132},{"address":"山东省","access_date":"2016-12-10 09:39:02","account":"z***g","quantity":1,"handle_status":8,"order_type":"2","areaid":"370303","item_id":132},{"address":"山东省","access_date":"2016-12-10 09:09:30","account":"x***n","quantity":1,"handle_status":8,"order_type":"2","areaid":"370306","item_id":132},{"address":"山东省","access_date":"2016-12-10 08:53:55","account":"m***6","quantity":1,"handle_status":8,"order_type":"2","areaid":"370883","item_id":132},{"address":"江苏省","access_date":"2016-12-10 08:51:30","account":"黄***笑","quantity":1,"handle_status":8,"order_type":"2","areaid":"320281","item_id":132},{"address":"河北省","access_date":"2016-12-10 08:13:37","account":"王***翔","quantity":1,"handle_status":8,"order_type":"2","areaid":"130302","item_id":132},{"address":"河北省","access_date":"2016-12-10 07:17:33","account":"茉***8","quantity":1,"handle_status":8,"order_type":"2","areaid":"130302","item_id":132},{"address":"河北省","access_date":"2016-12-10 07:10:50","account":"嘉***8","quantity":1,"handle_status":8,"order_type":"2","areaid":"130302","item_id":132},{"address":"天津市","access_date":"2016-12-10 05:19:52","account":"s***e","quantity":1,"handle_status":8,"order_type":"2","areaid":"120104","item_id":132},{"address":"浙江省","access_date":"2016-12-10 01:24:06","account":"沙***茫","quantity":1,"handle_status":-6,"order_type":"2","areaid":"330104","item_id":132},{"address":"北京市","access_date":"2016-12-10 00:58:13","account":"s***o","quantity":1,"handle_status":8,"order_type":"2","areaid":"110105","item_id":132},{"address":"广东省","access_date":"2016-12-10 00:25:55","account":"e***3","quantity":1,"handle_status":8,"order_type":"2","areaid":"440106","item_id":132},{"address":"广东省","access_date":"2016-12-09 23:43:12","account":"1***1","quantity":1,"handle_status":8,"order_type":"2","areaid":"440307","item_id":132},{"address":"浙江省","access_date":"2016-12-09 23:13:36","account":"1***8","quantity":1,"handle_status":8,"order_type":"2","areaid":"330104","item_id":132},{"address":"湖南省","access_date":"2016-12-09 23:13:18","account":"L***9","quantity":1,"handle_status":8,"order_type":"2","areaid":"430624","item_id":132},{"address":"上海市","access_date":"2016-12-09 23:02:15","account":"y***m","quantity":1,"handle_status":8,"order_type":"2","areaid":"310105","item_id":132},{"address":"上海市","access_date":"2016-12-09 22:57:19","account":"z***8","quantity":1,"handle_status":8,"order_type":"2","areaid":"310107","item_id":132},{"address":"江苏省","access_date":"2016-12-09 22:53:28","account":"y***g","quantity":1,"handle_status":8,"order_type":"2","areaid":"320115","item_id":132},{"address":"山西省","access_date":"2016-12-09 22:51:47","account":"L***G","quantity":1,"handle_status":8,"order_type":"2","areaid":"140109","item_id":132},{"address":"上海市","access_date":"2016-12-09 22:45:59","account":"s***0","quantity":1,"handle_status":8,"order_type":"2","areaid":"310107","item_id":132},{"address":"上海市","access_date":"2016-12-09 22:32:56","account":"s***g","quantity":1,"handle_status":8,"order_type":"2","areaid":"310109","item_id":132},{"address":"江苏省","access_date":"2016-12-09 22:11:20","account":"z***b","quantity":1,"handle_status":8,"order_type":"2","areaid":"320115","item_id":132},{"address":"河北省","access_date":"2016-12-09 21:53:24","account":"s***2","quantity":1,"handle_status":8,"order_type":"2","areaid":"131003","item_id":132},{"address":"河北省","access_date":"2016-12-09 21:52:22","account":"s***n","quantity":1,"handle_status":8,"order_type":"2","areaid":"131003","item_id":132},{"address":"辽宁省","access_date":"2016-12-09 21:23:41","account":"s***8","quantity":1,"handle_status":8,"order_type":"2","areaid":"210502","item_id":132},{"address":"广东省","access_date":"2016-12-09 21:21:00","account":"y***7","quantity":1,"handle_status":8,"order_type":"2","areaid":"440111","item_id":132},{"address":"广西壮族自治区","access_date":"2016-12-09 21:18:29","account":"z***g","quantity":1,"handle_status":8,"order_type":"2","areaid":"450102","item_id":132},{"address":"江苏省","access_date":"2016-12-09 21:10:32","account":"b***3","quantity":1,"handle_status":8,"order_type":"2","areaid":"321281","item_id":132},{"address":"上海市","access_date":"2016-12-09 21:07:19","account":"g***2","quantity":1,"handle_status":8,"order_type":"2","areaid":"310107","item_id":132},{"address":"贵州省","access_date":"2016-12-09 21:04:44","account":"f***1","quantity":1,"handle_status":8,"order_type":"2","areaid":"520303","item_id":132},{"address":"广东省","access_date":"2016-12-09 20:39:31","account":"最***人","quantity":1,"handle_status":8,"order_type":"2","areaid":"440111","item_id":132},{"address":"北京市","access_date":"2016-12-09 20:28:16","account":"y***e","quantity":1,"handle_status":8,"order_type":"2","areaid":"110105","item_id":132},{"address":"江苏省","access_date":"2016-12-09 20:25:50","account":"s***n","quantity":1,"handle_status":8,"order_type":"2","areaid":"320506","item_id":132},{"address":"上海市","access_date":"2016-12-09 20:20:42","account":"s***l","quantity":1,"handle_status":8,"order_type":"2","areaid":"310115","item_id":132},{"address":"江西省","access_date":"2016-12-09 20:16:36","account":"1***8","quantity":1,"handle_status":8,"order_type":"2","areaid":"360702","item_id":132},{"address":"贵州省","access_date":"2016-12-09 20:16:25","account":"付***平","quantity":1,"handle_status":8,"order_type":"2","areaid":"520113","item_id":132},{"address":"北京市","access_date":"2016-12-09 19:51:56","account":"1***8","quantity":1,"handle_status":8,"order_type":"2","areaid":"110101","item_id":132},{"address":"安徽省","access_date":"2016-12-09 19:38:36","account":"c***1","quantity":1,"handle_status":8,"order_type":"2","areaid":"340403","item_id":132},{"address":"山东省","access_date":"2016-12-09 19:29:17","account":"t***2","quantity":1,"handle_status":8,"order_type":"2","areaid":"371322","item_id":132},{"address":"安徽省","access_date":"2016-12-09 19:14:47","account":"l***9","quantity":1,"handle_status":8,"order_type":"2","areaid":"341825","item_id":132},{"address":"吉林省","access_date":"2016-12-09 19:01:00","account":"付***华","quantity":1,"handle_status":8,"order_type":"2","areaid":"220322","item_id":132},{"address":"江苏省","access_date":"2016-12-09 18:57:33","account":"1***7","quantity":1,"handle_status":8,"order_type":"2","areaid":"320114","item_id":132},{"address":"上海市","access_date":"2016-12-09 18:41:28","account":"y***9","quantity":1,"handle_status":8,"order_type":"2","areaid":"310114","item_id":132},{"address":"上海市","access_date":"2016-12-09 18:35:16","account":"x***e","quantity":1,"handle_status":8,"order_type":"2","areaid":"310117","item_id":132},{"address":"福建省","access_date":"2016-12-09 18:30:01","account":"l***5","quantity":1,"handle_status":8,"order_type":"2","areaid":"350802","item_id":132},{"address":"江西省","access_date":"2016-12-09 18:20:09","account":"章***敏","quantity":1,"handle_status":8,"order_type":"2","areaid":"360102","item_id":132},{"address":"四川省","access_date":"2016-12-09 18:00:41","account":"z***6","quantity":1,"handle_status":8,"order_type":"2","areaid":"511002","item_id":132},{"address":"上海市","access_date":"2016-12-09 17:45:59","account":"z***a","quantity":1,"handle_status":8,"order_type":"2","areaid":"310101","item_id":132},{"address":"山西省","access_date":"2016-12-09 17:37:28","account":"z***5","quantity":1,"handle_status":8,"order_type":"2","areaid":"141002","item_id":132},{"address":"吉林省","access_date":"2016-12-09 17:35:16","account":"q***g","quantity":1,"handle_status":8,"order_type":"2","areaid":"220303","item_id":132},{"address":"四川省","access_date":"2016-12-09 17:34:30","account":"g***5","quantity":1,"handle_status":8,"order_type":"2","areaid":"511028","item_id":132},{"address":"河北省","access_date":"2016-12-09 17:33:29","account":"z***6","quantity":1,"handle_status":8,"order_type":"2","areaid":"130534","item_id":132},{"address":"河北省","access_date":"2016-12-09 17:26:27","account":"a***e","quantity":1,"handle_status":8,"order_type":"2","areaid":"130102","item_id":132},{"address":"江苏省","access_date":"2016-12-09 17:15:14","account":"1***9","quantity":1,"handle_status":8,"order_type":"2","areaid":"320902","item_id":132},{"address":"江苏省","access_date":"2016-12-09 17:09:38","account":"1***6","quantity":1,"handle_status":8,"order_type":"2","areaid":"320581","item_id":132},{"address":"四川省","access_date":"2016-12-09 16:57:29","account":"w***d","quantity":1,"handle_status":-6,"order_type":"2","areaid":"510703","item_id":132},{"address":"广东省","access_date":"2016-12-09 16:56:31","account":"X***u","quantity":1,"handle_status":8,"order_type":"2","areaid":"440705","item_id":132},{"address":"湖北省","access_date":"2016-12-09 16:49:46","account":"x***1","quantity":1,"handle_status":8,"order_type":"2","areaid":"420682","item_id":132},{"address":"辽宁省","access_date":"2016-12-09 16:48:34","account":"1***2","quantity":1,"handle_status":8,"order_type":"2","areaid":"210202","item_id":132},{"address":"上海市","access_date":"2016-12-09 16:43:59","account":"1***5","quantity":1,"handle_status":8,"order_type":"2","areaid":"310110","item_id":132},{"address":"上海市","access_date":"2016-12-09 16:35:34","account":"l***5","quantity":1,"handle_status":8,"order_type":"2","areaid":"310112","item_id":132},{"address":"四川省","access_date":"2016-12-09 16:31:33","account":"伴***之","quantity":1,"handle_status":8,"order_type":"2","areaid":"511304","item_id":132},{"address":"浙江省","access_date":"2016-12-09 16:31:03","account":"陈***春","quantity":1,"handle_status":8,"order_type":"2","areaid":"330327","item_id":132},{"address":"新疆维吾尔自治区","access_date":"2016-12-09 16:19:56","account":"3***0","quantity":1,"handle_status":8,"order_type":"2","areaid":"654202","item_id":132},{"address":"浙江省","access_date":"2016-12-09 16:19:50","account":"5***5","quantity":1,"handle_status":8,"order_type":"2","areaid":"330102","item_id":132},{"address":"浙江省","access_date":"2016-12-09 16:18:03","account":"N***n","quantity":1,"handle_status":8,"order_type":"2","areaid":"330212","item_id":132},{"address":"广东省","access_date":"2016-12-09 16:17:00","account":"陈***麟","quantity":1,"handle_status":8,"order_type":"2","areaid":"440507","item_id":132},{"address":"江苏省","access_date":"2016-12-09 16:15:33","account":"5***2","quantity":1,"handle_status":8,"order_type":"2","areaid":"320612","item_id":132},{"address":"江西省","access_date":"2016-12-09 16:13:16","account":"z***0","quantity":1,"handle_status":8,"order_type":"2","areaid":"360111","item_id":132},{"address":"河北省","access_date":"2016-12-09 16:04:34","account":"邪***侠","quantity":1,"handle_status":8,"order_type":"2","areaid":"130534","item_id":132},{"address":"浙江省","access_date":"2016-12-09 16:03:44","account":"s***7","quantity":1,"handle_status":8,"order_type":"2","areaid":"330104","item_id":132},{"address":"浙江省","access_date":"2016-12-09 16:01:48","account":"1***8","quantity":1,"handle_status":8,"order_type":"2","areaid":"330782","item_id":132},{"address":"湖北省","access_date":"2016-12-09 15:58:18","account":"z***2","quantity":1,"handle_status":8,"order_type":"2","areaid":"420105","item_id":132},{"address":"江西省","access_date":"2016-12-09 15:54:09","account":"1***9","quantity":1,"handle_status":8,"order_type":"2","areaid":"360702","item_id":132},{"address":"上海市","access_date":"2016-12-09 15:51:39","account":"三***方","quantity":1,"handle_status":8,"order_type":"2","areaid":"310116","item_id":132},{"address":"北京市","access_date":"2016-12-09 15:37:47","account":"m***9","quantity":1,"handle_status":8,"order_type":"2","areaid":"110102","item_id":132},{"address":"广东省","access_date":"2016-12-09 15:34:37","account":"叶***8","quantity":1,"handle_status":8,"order_type":"2","areaid":"ff8080814cd0d0f4014cd571e2a50002","item_id":132},{"address":"江苏省","access_date":"2016-12-09 15:32:24","account":"任***8","quantity":1,"handle_status":8,"order_type":"2","areaid":"320981","item_id":132},{"address":"江苏省","access_date":"2016-12-09 15:32:13","account":"1***8","quantity":1,"handle_status":8,"order_type":"2","areaid":"320411","item_id":132},{"address":"浙江省","access_date":"2016-12-09 15:29:56","account":"树***诗","quantity":1,"handle_status":8,"order_type":"2","areaid":"330402","item_id":132},{"address":"黑龙江省","access_date":"2016-12-09 15:26:29","account":"w***8","quantity":1,"handle_status":8,"order_type":"2","areaid":"230302","item_id":132},{"address":"山西省","access_date":"2016-12-09 15:25:21","account":"s***8","quantity":1,"handle_status":-6,"order_type":"2","areaid":"140602","item_id":132},{"address":"上海市","access_date":"2016-12-09 15:24:57","account":"1***3","quantity":1,"handle_status":8,"order_type":"2","areaid":"310115","item_id":132},{"address":"贵州省","access_date":"2016-12-09 15:20:35","account":"1***8","quantity":1,"handle_status":8,"order_type":"2","areaid":"522324","item_id":132},{"address":"福建省","access_date":"2016-12-09 15:19:27","account":"o***k","quantity":1,"handle_status":8,"order_type":"2","areaid":"350723","item_id":132},{"address":"四川省","access_date":"2016-12-09 15:14:54","account":"c***2","quantity":1,"handle_status":8,"order_type":"2","areaid":"510124","item_id":132},{"address":"山东省","access_date":"2016-12-09 15:08:33","account":"k***8","quantity":1,"handle_status":8,"order_type":"2","areaid":"371302","item_id":132},{"address":"河北省","access_date":"2016-12-09 15:06:08","account":"4***8","quantity":1,"handle_status":-6,"order_type":"2","areaid":"130601","item_id":132},{"address":"河北省","access_date":"2016-12-09 15:01:23","account":"z***2","quantity":1,"handle_status":8,"order_type":"2","areaid":"130534","item_id":132},{"address":"河北省","access_date":"2016-12-09 14:59:08","account":"3***2","quantity":1,"handle_status":-6,"order_type":"2","areaid":"130602","item_id":132},{"address":"北京市","access_date":"2016-12-09 14:55:20","account":"p***g","quantity":1,"handle_status":8,"order_type":"2","areaid":"110105","item_id":132},{"address":"北京市","access_date":"2016-12-09 14:51:11","account":"h***0","quantity":1,"handle_status":8,"order_type":"2","areaid":"110105","item_id":132},{"address":"北京市","access_date":"2016-12-09 14:48:22","account":"马***兴","quantity":1,"handle_status":8,"order_type":"2","areaid":"110101","item_id":132},{"address":"上海市","access_date":"2016-12-09 14:45:28","account":"g***n","quantity":1,"handle_status":-6,"order_type":"2","areaid":"310104","item_id":132},{"address":"河北省","access_date":"2016-12-09 14:39:07","account":"张***9","quantity":1,"handle_status":8,"order_type":"2","areaid":"130981","item_id":132},{"address":"山东省","access_date":"2016-12-09 14:38:38","account":"w***6","quantity":1,"handle_status":8,"order_type":"2","areaid":"370829","item_id":132},{"address":"山西省","access_date":"2016-12-09 14:37:19","account":"一***梦","quantity":1,"handle_status":8,"order_type":"2","areaid":"140202","item_id":132},{"address":"北京市","access_date":"2016-12-09 14:36:51","account":"z***l","quantity":1,"handle_status":8,"order_type":"2","areaid":"110105","item_id":132},{"address":"山东省","access_date":"2016-12-09 14:35:00","account":"z***s","quantity":1,"handle_status":8,"order_type":"2","areaid":"371524","item_id":132},{"address":"河南省","access_date":"2016-12-09 14:34:18","account":"l***9","quantity":1,"handle_status":8,"order_type":"2","areaid":"410305","item_id":132},{"address":"广东省","access_date":"2016-12-09 14:31:36","account":"c***u","quantity":1,"handle_status":8,"order_type":"2","areaid":"440306","item_id":132},{"address":"山东省","access_date":"2016-12-09 14:29:01","account":"l***6","quantity":1,"handle_status":8,"order_type":"2","areaid":"371323","item_id":132},{"address":"江苏省","access_date":"2016-12-09 14:26:52","account":"g***n","quantity":1,"handle_status":8,"order_type":"2","areaid":"321003","item_id":132},{"address":"山东省","access_date":"2016-12-09 14:26:37","account":"y***l","quantity":1,"handle_status":8,"order_type":"2","areaid":"370303","item_id":132},{"address":"山东省","access_date":"2016-12-09 14:22:38","account":"b***j","quantity":1,"handle_status":8,"order_type":"2","areaid":"371602","item_id":132},{"address":"海南省","access_date":"2016-12-09 14:21:20","account":"b***7","quantity":1,"handle_status":8,"order_type":"2","areaid":"460108","item_id":132},{"address":"云南省","access_date":"2016-12-09 14:15:31","account":"王***6","quantity":1,"handle_status":8,"order_type":"2","areaid":"530324","item_id":132},{"address":"上海市","access_date":"2016-12-09 14:14:42","account":"常***满","quantity":1,"handle_status":-6,"order_type":"2","areaid":"310107","item_id":132},{"address":"上海市","access_date":"2016-12-09 14:14:13","account":"q***5","quantity":1,"handle_status":8,"order_type":"2","areaid":"310113","item_id":132},{"address":"浙江省","access_date":"2016-12-09 14:11:48","account":"c***8","quantity":1,"handle_status":8,"order_type":"2","areaid":"330681","item_id":132},{"address":"北京市","access_date":"2016-12-09 14:08:36","account":"1***5","quantity":1,"handle_status":8,"order_type":"2","areaid":"110105","item_id":132},{"address":"上海市","access_date":"2016-12-09 14:08:07","account":"s***x","quantity":1,"handle_status":8,"order_type":"2","areaid":"310106","item_id":132},{"address":"广东省","access_date":"2016-12-09 14:07:37","account":"聆***沫","quantity":1,"handle_status":8,"order_type":"2","areaid":"440305","item_id":132},{"address":"上海市","access_date":"2016-12-09 14:07:29","account":"h***8","quantity":1,"handle_status":8,"order_type":"2","areaid":"310104","item_id":132},{"address":"广东省","access_date":"2016-12-09 14:07:27","account":"1***9","quantity":1,"handle_status":8,"order_type":"2","areaid":"440106","item_id":132},{"address":"辽宁省","access_date":"2016-12-09 14:07:10","account":"j***s","quantity":1,"handle_status":8,"order_type":"2","areaid":"210782","item_id":132},{"address":"新疆维吾尔自治区","access_date":"2016-12-09 14:06:59","account":"x***9","quantity":1,"handle_status":8,"order_type":"2","areaid":"650105","item_id":132},{"address":"浙江省","access_date":"2016-12-09 14:06:08","account":"c***9","quantity":1,"handle_status":8,"order_type":"2","areaid":"330681","item_id":132},{"address":"内蒙古自治区","access_date":"2016-12-09 14:05:31","account":"b***d","quantity":1,"handle_status":8,"order_type":"2","areaid":"150207","item_id":132},{"address":"辽宁省","access_date":"2016-12-09 14:05:15","account":"爱***完","quantity":1,"handle_status":8,"order_type":"2","areaid":"210803","item_id":132},{"address":"山东省","access_date":"2016-12-09 14:05:14","account":"q***g","quantity":1,"handle_status":8,"order_type":"2","areaid":"370305","item_id":132},{"address":"山东省","access_date":"2016-12-09 14:05:07","account":"1***9","quantity":1,"handle_status":8,"order_type":"2","areaid":"370523","item_id":132},{"address":"辽宁省","access_date":"2016-12-09 14:04:07","account":"k***g","quantity":1,"handle_status":8,"order_type":"2","areaid":"210782","item_id":132},{"address":"山东省","access_date":"2016-12-09 14:03:56","account":"l***7","quantity":1,"handle_status":8,"order_type":"2","areaid":"370202","item_id":132},{"address":"江西省","access_date":"2016-12-09 14:02:53","account":"p***6","quantity":1,"handle_status":8,"order_type":"2","areaid":"360302","item_id":132},{"address":"上海市","access_date":"2016-12-09 14:02:39","account":"j***f","quantity":1,"handle_status":8,"order_type":"2","areaid":"310116","item_id":132},{"address":"江苏省","access_date":"2016-12-09 14:02:26","account":"1***7","quantity":1,"handle_status":8,"order_type":"2","areaid":"320106","item_id":132},{"address":"江苏省","access_date":"2016-12-09 14:02:08","account":"1***7","quantity":1,"handle_status":8,"order_type":"2","areaid":"320211","item_id":132},{"address":"上海市","access_date":"2016-12-09 14:01:32","account":"j***y","quantity":1,"handle_status":8,"order_type":"2","areaid":"310116","item_id":132},{"address":"浙江省","access_date":"2016-12-09 14:01:12","account":"9***9","quantity":1,"handle_status":8,"order_type":"2","areaid":"330382","item_id":132},{"address":"上海市","access_date":"2016-12-09 14:01:10","account":"j***8","quantity":1,"handle_status":8,"order_type":"2","areaid":"310112","item_id":132},{"address":"新疆维吾尔自治区","access_date":"2016-12-09 14:01:05","account":"牧***翁","quantity":1,"handle_status":8,"order_type":"2","areaid":"650105","item_id":132},{"address":"福建省","access_date":"2016-12-09 14:01:01","account":"1***8","quantity":1,"handle_status":8,"order_type":"2","areaid":"350481","item_id":132},{"address":"上海市","access_date":"2016-12-09 14:00:56","account":"y***6","quantity":1,"handle_status":8,"order_type":"2","areaid":"310117","item_id":132},{"address":"湖南省","access_date":"2016-12-09 14:00:50","account":"l***3","quantity":1,"handle_status":8,"order_type":"2","areaid":"431103","item_id":132},{"address":"四川省","access_date":"2016-12-09 14:00:48","account":"c***j","quantity":1,"handle_status":8,"order_type":"2","areaid":"511302","item_id":132},{"address":"上海市","access_date":"2016-12-09 14:00:43","account":"m***n","quantity":1,"handle_status":8,"order_type":"2","areaid":"310107","item_id":132},{"address":"广东省","access_date":"2016-12-09 14:00:36","account":"a***9","quantity":1,"handle_status":8,"order_type":"2","areaid":"ff8080814cd0d0f4014cd571e2a50002","item_id":132},{"address":"江苏省","access_date":"2016-12-09 14:00:27","account":"z***d","quantity":1,"handle_status":8,"order_type":"2","areaid":"320903","item_id":132},{"address":"河南省","access_date":"2016-12-09 14:00:23","account":"d***e","quantity":1,"handle_status":8,"order_type":"2","areaid":"410211","item_id":132},{"address":"上海市","access_date":"2016-12-09 14:00:22","account":"j***g","quantity":1,"handle_status":8,"order_type":"2","areaid":"310116","item_id":132},{"address":"西藏自治区","access_date":"2016-12-06 11:50:42","account":"王***容","quantity":1,"handle_status":8,"order_type":"53","areaid":"542621","item_id":132},{"address":"山东省","access_date":"2016-12-06 11:50:42","account":"放***下","quantity":1,"handle_status":8,"order_type":"53","areaid":"370481","item_id":132},{"address":"河北省","access_date":"2016-12-06 11:50:42","account":"6***8","quantity":1,"handle_status":8,"order_type":"53","areaid":"131126","item_id":132},{"address":"上海市","access_date":"2016-12-06 11:50:42","account":"c***6","quantity":1,"handle_status":8,"order_type":"53","areaid":"310105","item_id":132},{"address":"北京市","access_date":"2016-12-06 11:50:42","account":"l***y","quantity":1,"handle_status":8,"order_type":"53","areaid":"110114","item_id":132},{"address":"浙江省","access_date":"2016-12-06 11:50:42","account":"v***x","quantity":1,"handle_status":8,"order_type":"53","areaid":"330102","item_id":132},{"address":"上海市","access_date":"2016-12-06 11:50:42","account":"1***3","quantity":1,"handle_status":8,"order_type":"53","areaid":"310115","item_id":132},{"address":"上海市","access_date":"2016-12-06 11:50:42","account":"z***n","quantity":1,"handle_status":8,"order_type":"53","areaid":"310105","item_id":132},{"address":"江苏省","access_date":"2016-12-06 11:50:41","account":"杜***9","quantity":1,"handle_status":8,"order_type":"53","areaid":"320722","item_id":132},{"address":"上海市","access_date":"2016-12-06 11:50:41","account":"l***u","quantity":1,"handle_status":8,"order_type":"53","areaid":"310101","item_id":132},{"address":"浙江省","access_date":"2016-12-06 11:50:41","account":"L***S","quantity":1,"handle_status":8,"order_type":"53","areaid":"331023","item_id":132},{"address":"安徽省","access_date":"2016-12-06 11:50:41","account":"1***9","quantity":1,"handle_status":8,"order_type":"53","areaid":"341822","item_id":132},{"address":"山东省","access_date":"2016-12-06 11:50:41","account":"1***8","quantity":1,"handle_status":8,"order_type":"53","areaid":"371202","item_id":132},{"address":"辽宁省","access_date":"2016-12-06 11:50:41","account":"周***宁","quantity":1,"handle_status":8,"order_type":"53","areaid":"210802","item_id":132},{"address":"辽宁省","access_date":"2016-12-06 11:50:41","account":"s***2","quantity":1,"handle_status":8,"order_type":"53","areaid":"211103","item_id":132},{"address":"浙江省","access_date":"2016-12-06 11:50:41","account":"1***1","quantity":1,"handle_status":8,"order_type":"53","areaid":"330283","item_id":132},{"address":"贵州省","access_date":"2016-12-06 11:50:41","account":"周***平","quantity":1,"handle_status":8,"order_type":"53","areaid":"520113","item_id":132},{"address":"辽宁省","access_date":"2016-12-06 11:50:41","account":"蓝***堂","quantity":1,"handle_status":8,"order_type":"53","areaid":"210882","item_id":132},{"address":"河南省","access_date":"2016-12-06 11:50:41","account":"r***0","quantity":1,"handle_status":8,"order_type":"53","areaid":"410104","item_id":132},{"address":"江苏省","access_date":"2016-12-06 11:50:41","account":"1***9","quantity":1,"handle_status":8,"order_type":"53","areaid":"320903","item_id":132},{"address":"浙江省","access_date":"2016-12-06 11:50:41","account":"k***u","quantity":1,"handle_status":8,"order_type":"53","areaid":"330303","item_id":132},{"address":"浙江省","access_date":"2016-12-06 11:50:41","account":"z***0","quantity":1,"handle_status":8,"order_type":"53","areaid":"330282","item_id":132},{"address":"贵州省","access_date":"2016-12-06 11:50:41","account":"h***r","quantity":1,"handle_status":8,"order_type":"53","areaid":"520423","item_id":132},{"address":"浙江省","access_date":"2016-12-06 11:50:41","account":"j***f","quantity":1,"handle_status":8,"order_type":"53","areaid":"330702","item_id":132},{"address":"浙江省","access_date":"2016-12-06 11:50:41","account":"z***5","quantity":1,"handle_status":8,"order_type":"53","areaid":"330102","item_id":132},{"address":"江苏省","access_date":"2016-12-06 11:50:41","account":"秋***0","quantity":1,"handle_status":8,"order_type":"53","areaid":"320113","item_id":132},{"address":"安徽省","access_date":"2016-12-06 11:50:41","account":"罗***罡","quantity":1,"handle_status":8,"order_type":"53","areaid":"340104","item_id":132},{"address":"江苏省","access_date":"2016-12-06 11:50:41","account":"t***8","quantity":1,"handle_status":8,"order_type":"53","areaid":"321111","item_id":132},{"address":"北京市","access_date":"2016-12-06 11:50:41","account":"1***0","quantity":1,"handle_status":8,"order_type":"53","areaid":"110113","item_id":132},{"address":"北京市","access_date":"2016-12-06 11:50:41","account":"1***0","quantity":1,"handle_status":8,"order_type":"53","areaid":"110113","item_id":132},{"address":"河北省","access_date":"2016-12-06 11:50:41","account":"苗***祥","quantity":1,"handle_status":8,"order_type":"53","areaid":"130603","item_id":132},{"address":"江西省","access_date":"2016-12-06 11:50:41","account":"1***7","quantity":1,"handle_status":8,"order_type":"53","areaid":"361026","item_id":132},{"address":"四川省","access_date":"2016-12-06 11:50:41","account":"迷***族","quantity":1,"handle_status":8,"order_type":"53","areaid":"510521","item_id":132},{"address":"山西省","access_date":"2016-12-06 11:50:41","account":"y***7","quantity":1,"handle_status":8,"order_type":"53","areaid":"140322","item_id":132},{"address":"辽宁省","access_date":"2016-12-06 11:50:41","account":"h***a","quantity":1,"handle_status":8,"order_type":"53","areaid":"210103","item_id":132},{"address":"河南省","access_date":"2016-12-06 11:50:40","account":"1***7","quantity":1,"handle_status":8,"order_type":"53","areaid":"411002","item_id":132},{"address":"河北省","access_date":"2016-12-06 11:50:40","account":"地***0","quantity":1,"handle_status":8,"order_type":"53","areaid":"130982","item_id":132},{"address":"河北省","access_date":"2016-12-06 11:50:40","account":"z***n","quantity":1,"handle_status":8,"order_type":"53","areaid":"130185","item_id":132},{"address":"上海市","access_date":"2016-12-06 11:50:40","account":"s***p","quantity":1,"handle_status":8,"order_type":"53","areaid":"310112","item_id":132},{"address":"广西壮族自治区","access_date":"2016-12-06 11:50:40","account":"m***8","quantity":1,"handle_status":8,"order_type":"53","areaid":"451226","item_id":132},{"address":"黑龙江省","access_date":"2016-12-06 11:50:40","account":"l***8","quantity":1,"handle_status":8,"order_type":"53","areaid":"230103","item_id":132},{"address":"江苏省","access_date":"2016-12-06 11:50:40","account":"别***3","quantity":1,"handle_status":8,"order_type":"53","areaid":"320211","item_id":132},{"address":"北京市","access_date":"2016-12-06 11:50:40","account":"z***g","quantity":1,"handle_status":8,"order_type":"53","areaid":"110106","item_id":132},{"address":"北京市","access_date":"2016-12-06 11:50:40","account":"南***佛","quantity":1,"handle_status":8,"order_type":"53","areaid":"110106","item_id":132},{"address":"浙江省","access_date":"2016-12-06 11:50:40","account":"i***s","quantity":1,"handle_status":8,"order_type":"53","areaid":"330104","item_id":132},{"address":"江苏省","access_date":"2016-12-06 11:50:40","account":"s***n","quantity":1,"handle_status":8,"order_type":"53","areaid":"320506","item_id":132},{"address":"辽宁省","access_date":"2016-12-06 11:50:40","account":"1***5","quantity":1,"handle_status":8,"order_type":"53","areaid":"210106","item_id":132},{"address":"吉林省","access_date":"2016-12-06 11:50:40","account":"1***6","quantity":1,"handle_status":8,"order_type":"53","areaid":"220204","item_id":132},{"address":"陕西省","access_date":"2016-12-06 11:50:40","account":"3***7","quantity":1,"handle_status":8,"order_type":"53","areaid":"610602","item_id":132},{"address":"广西壮族自治区","access_date":"2016-12-06 11:50:40","account":"z***0","quantity":1,"handle_status":8,"order_type":"53","areaid":"450102","item_id":132},{"address":"广东省","access_date":"2016-12-06 11:50:40","account":"s***z","quantity":1,"handle_status":8,"order_type":"53","areaid":"440304","item_id":132},{"address":"江苏省","access_date":"2016-12-06 11:50:40","account":"y***6","quantity":1,"handle_status":8,"order_type":"53","areaid":"320581","item_id":132},{"address":"北京市","access_date":"2016-12-06 11:50:40","account":"c***5","quantity":1,"handle_status":8,"order_type":"53","areaid":"110112","item_id":132},{"address":"天津市","access_date":"2016-12-06 11:50:40","account":"x***j","quantity":1,"handle_status":8,"order_type":"53","areaid":"120110","item_id":132},{"address":"北京市","access_date":"2016-12-06 11:50:40","account":"c***u","quantity":1,"handle_status":8,"order_type":"53","areaid":"110108","item_id":132},{"address":"浙江省","access_date":"2016-12-06 11:50:40","account":"w***j","quantity":1,"handle_status":8,"order_type":"53","areaid":"330204","item_id":132},{"address":"上海市","access_date":"2016-12-06 11:50:40","account":"l***0","quantity":1,"handle_status":8,"order_type":"53","areaid":"310115","item_id":132},{"address":"重庆市","access_date":"2016-12-06 11:50:40","account":"1***9","quantity":1,"handle_status":8,"order_type":"53","areaid":"500112","item_id":132},{"address":"浙江省","access_date":"2016-12-06 11:50:39","account":"s***7","quantity":1,"handle_status":8,"order_type":"53","areaid":"330726","item_id":132},{"address":"广东省","access_date":"2016-12-06 11:50:39","account":"w***g","quantity":1,"handle_status":8,"order_type":"53","areaid":"440606","item_id":132},{"address":"山东省","access_date":"2016-12-06 11:50:39","account":"c***8","quantity":1,"handle_status":8,"order_type":"53","areaid":"370303","item_id":132},{"address":"浙江省","access_date":"2016-12-06 11:50:39","account":"1***8","quantity":1,"handle_status":8,"order_type":"53","areaid":"330103","item_id":132},{"address":"山东省","access_date":"2016-12-06 11:50:39","account":"s***4","quantity":1,"handle_status":8,"order_type":"53","areaid":"371301","item_id":132},{"address":"山东省","access_date":"2016-12-06 11:50:39","account":"x***n","quantity":1,"handle_status":8,"order_type":"53","areaid":"371326","item_id":132},{"address":"辽宁省","access_date":"2016-12-06 11:50:39","account":"t***3","quantity":1,"handle_status":8,"order_type":"53","areaid":"210302","item_id":132},{"address":"辽宁省","access_date":"2016-12-06 11:50:39","account":"z***1","quantity":1,"handle_status":8,"order_type":"53","areaid":"210811","item_id":132},{"address":"浙江省","access_date":"2016-12-06 11:50:39","account":"9***7","quantity":1,"handle_status":8,"order_type":"53","areaid":"330825","item_id":132},{"address":"广东省","access_date":"2016-12-06 11:50:39","account":"w***l","quantity":1,"handle_status":8,"order_type":"53","areaid":"440111","item_id":132},{"address":"上海市","access_date":"2016-12-06 11:50:39","account":"d***5","quantity":1,"handle_status":8,"order_type":"53","areaid":"310115","item_id":132},{"address":"湖南省","access_date":"2016-12-06 11:50:39","account":"z***q","quantity":1,"handle_status":8,"order_type":"53","areaid":"430405","item_id":132},{"address":"江苏省","access_date":"2016-12-06 11:50:39","account":"1***0","quantity":1,"handle_status":8,"order_type":"53","areaid":"320581","item_id":132},{"address":"内蒙古自治区","access_date":"2016-12-06 11:50:39","account":"g***9","quantity":1,"handle_status":8,"order_type":"53","areaid":"150402","item_id":132},{"address":"河北省","access_date":"2016-12-06 11:50:39","account":"1***1","quantity":1,"handle_status":8,"order_type":"53","areaid":"130302","item_id":132},{"address":"安徽省","access_date":"2016-12-06 11:50:39","account":"z***8","quantity":1,"handle_status":8,"order_type":"53","areaid":"341221","item_id":132},{"address":"河北省","access_date":"2016-12-06 11:50:39","account":"x***u","quantity":1,"handle_status":8,"order_type":"53","areaid":"130283","item_id":132},{"address":"湖北省","access_date":"2016-12-06 11:50:39","account":"m***g","quantity":1,"handle_status":8,"order_type":"53","areaid":"420281","item_id":132},{"address":"福建省","access_date":"2016-12-06 11:50:39","account":"x***1","quantity":1,"handle_status":8,"order_type":"53","areaid":"350205","item_id":132},{"address":"湖北省","access_date":"2016-12-06 11:50:39","account":"6***3","quantity":1,"handle_status":8,"order_type":"53","areaid":"420104","item_id":132},{"address":"广东省","access_date":"2016-12-06 11:50:39","account":"1***6","quantity":1,"handle_status":8,"order_type":"53","areaid":"440111","item_id":132},{"address":"新疆维吾尔自治区","access_date":"2016-12-06 11:50:39","account":"h***m","quantity":1,"handle_status":8,"order_type":"53","areaid":"653201","item_id":132},{"address":"四川省","access_date":"2016-12-06 11:50:39","account":"C***J","quantity":1,"handle_status":8,"order_type":"53","areaid":"510105","item_id":132},{"address":"四川省","access_date":"2016-12-06 11:50:39","account":"L***J","quantity":1,"handle_status":8,"order_type":"53","areaid":"510105","item_id":132},{"address":"北京市","access_date":"2016-12-06 11:50:39","account":"1***6","quantity":1,"handle_status":8,"order_type":"53","areaid":"110106","item_id":132},{"address":"四川省","access_date":"2016-12-06 11:50:39","account":"n***s","quantity":1,"handle_status":8,"order_type":"53","areaid":"510105","item_id":132},{"address":"内蒙古自治区","access_date":"2016-12-06 11:50:38","account":"l***3","quantity":1,"handle_status":8,"order_type":"53","areaid":"150203","item_id":132},{"address":"云南省","access_date":"2016-12-06 11:50:38","account":"y***n","quantity":1,"handle_status":8,"order_type":"53","areaid":"533123","item_id":132},{"address":"上海市","access_date":"2016-12-06 11:50:38","account":"明***1","quantity":1,"handle_status":8,"order_type":"53","areaid":"310114","item_id":132},{"address":"上海市","access_date":"2016-12-06 11:50:38","account":"c***4","quantity":1,"handle_status":8,"order_type":"53","areaid":"310112","item_id":132},{"address":"山东省","access_date":"2016-12-06 11:50:38","account":"刘***5","quantity":1,"handle_status":8,"order_type":"53","areaid":"370481","item_id":132},{"address":"浙江省","access_date":"2016-12-06 11:50:38","account":"c***h","quantity":1,"handle_status":8,"order_type":"53","areaid":"330102","item_id":132},{"address":"江苏省","access_date":"2016-12-06 11:50:38","account":"c***8","quantity":1,"handle_status":8,"order_type":"53","areaid":"320282","item_id":132},{"address":"江苏省","access_date":"2016-12-06 11:50:38","account":"1***8","quantity":1,"handle_status":-6,"order_type":"53","areaid":"320581","item_id":132},{"address":"天津市","access_date":"2016-12-06 11:50:38","account":"x***1","quantity":1,"handle_status":8,"order_type":"53","areaid":"120223","item_id":132},{"address":"北京市","access_date":"2016-12-06 11:50:38","account":"m***r","quantity":1,"handle_status":8,"order_type":"53","areaid":"110106","item_id":132},{"address":"辽宁省","access_date":"2016-12-06 11:50:38","account":"边***8","quantity":1,"handle_status":8,"order_type":"53","areaid":"210204","item_id":132},{"address":"辽宁省","access_date":"2016-12-06 11:50:38","account":"y***g","quantity":1,"handle_status":8,"order_type":"53","areaid":"210203","item_id":132},{"address":"海南省","access_date":"2016-12-06 11:50:38","account":"h***8","quantity":1,"handle_status":8,"order_type":"53","areaid":"460107","item_id":132},{"address":"浙江省","access_date":"2016-12-06 11:50:38","account":"1***1","quantity":1,"handle_status":8,"order_type":"53","areaid":"330108","item_id":132},{"address":"北京市","access_date":"2016-12-06 11:50:38","account":"1***5","quantity":1,"handle_status":8,"order_type":"53","areaid":"110113","item_id":132},{"address":"上海市","access_date":"2016-12-06 11:50:38","account":"l***l","quantity":1,"handle_status":-6,"order_type":"53","areaid":"310107","item_id":132},{"address":"山东省","access_date":"2016-12-06 11:50:38","account":"本***点","quantity":1,"handle_status":8,"order_type":"53","areaid":"371323","item_id":132},{"address":"福建省","access_date":"2016-12-06 11:50:38","account":"l***0","quantity":1,"handle_status":8,"order_type":"53","areaid":"350629","item_id":132},{"address":"上海市","access_date":"2016-12-06 11:50:38","account":"1***2","quantity":1,"handle_status":8,"order_type":"53","areaid":"310104","item_id":132},{"address":"安徽省","access_date":"2016-12-06 11:50:38","account":"拂***9","quantity":1,"handle_status":8,"order_type":"53","areaid":"341302","item_id":132},{"address":"浙江省","access_date":"2016-12-06 11:50:38","account":"天***r","quantity":1,"handle_status":8,"order_type":"53","areaid":"330302","item_id":132},{"address":"黑龙江省","access_date":"2016-12-06 11:50:38","account":"u***7","quantity":1,"handle_status":8,"order_type":"53","areaid":"230604","item_id":132},{"address":"安徽省","access_date":"2016-12-06 11:50:38","account":"1***8","quantity":1,"handle_status":8,"order_type":"53","areaid":"340225","item_id":132},{"address":"陕西省","access_date":"2016-12-06 11:50:37","account":"1***7","quantity":1,"handle_status":8,"order_type":"53","areaid":"610112","item_id":132},{"address":"北京市","access_date":"2016-12-06 11:50:37","account":"l***0","quantity":1,"handle_status":8,"order_type":"53","areaid":"110105","item_id":132},{"address":"广东省","access_date":"2016-12-06 11:50:37","account":"x***n","quantity":1,"handle_status":8,"order_type":"53","areaid":"440307","item_id":132},{"address":"山东省","access_date":"2016-12-06 11:50:37","account":"1***8","quantity":1,"handle_status":8,"order_type":"53","areaid":"371324","item_id":132},{"address":"江苏省","access_date":"2016-12-06 11:50:37","account":"1***3","quantity":1,"handle_status":8,"order_type":"53","areaid":"320281","item_id":132},{"address":"山西省","access_date":"2016-12-06 11:50:37","account":"1***8","quantity":1,"handle_status":8,"order_type":"53","areaid":"140106","item_id":132},{"address":"上海市","access_date":"2016-12-06 11:50:37","account":"l***e","quantity":1,"handle_status":8,"order_type":"53","areaid":"310112","item_id":132},{"address":"四川省","access_date":"2016-12-06 11:50:37","account":"y***i","quantity":1,"handle_status":8,"order_type":"53","areaid":"510524","item_id":132},{"address":"河南省","access_date":"2016-12-06 11:50:37","account":"f***6","quantity":1,"handle_status":8,"order_type":"53","areaid":"410703","item_id":132},{"address":"湖北省","access_date":"2016-12-06 11:50:37","account":"1***8","quantity":1,"handle_status":8,"order_type":"53","areaid":"420502","item_id":132},{"address":"山西省","access_date":"2016-12-06 11:50:37","account":"东***旆","quantity":1,"handle_status":8,"order_type":"53","areaid":"140202","item_id":132},{"address":"内蒙古自治区","access_date":"2016-12-06 11:50:37","account":"波***浪","quantity":1,"handle_status":8,"order_type":"53","areaid":"152922","item_id":132},{"address":"黑龙江省","access_date":"2016-12-06 11:50:37","account":"武***和","quantity":1,"handle_status":8,"order_type":"53","areaid":"231226","item_id":132},{"address":"山东省","access_date":"2016-12-06 11:50:37","account":"2***4","quantity":1,"handle_status":8,"order_type":"53","areaid":"370305","item_id":132},{"address":"江西省","access_date":"2016-12-06 11:50:37","account":"t***6","quantity":1,"handle_status":8,"order_type":"53","areaid":"360102","item_id":132},{"address":"辽宁省","access_date":"2016-12-06 11:50:37","account":"1***3","quantity":1,"handle_status":8,"order_type":"53","areaid":"210302","item_id":132},{"address":"上海市","access_date":"2016-12-06 11:50:37","account":"F***5","quantity":1,"handle_status":8,"order_type":"53","areaid":"310101","item_id":132},{"address":"重庆市","access_date":"2016-12-06 11:50:37","account":"l***8","quantity":1,"handle_status":8,"order_type":"53","areaid":"500101","item_id":132},{"address":"山西省","access_date":"2016-12-06 11:50:37","account":"1***3","quantity":1,"handle_status":8,"order_type":"53","areaid":"140109","item_id":132},{"address":"辽宁省","access_date":"2016-12-06 11:50:37","account":"c***8","quantity":1,"handle_status":8,"order_type":"53","areaid":"210782","item_id":132},{"address":"山东省","access_date":"2016-12-06 11:50:37","account":"1***0","quantity":1,"handle_status":8,"order_type":"53","areaid":"371322","item_id":132},{"address":"内蒙古自治区","access_date":"2016-12-06 11:50:36","account":"h***1","quantity":1,"handle_status":8,"order_type":"53","areaid":"150402","item_id":132},{"address":"内蒙古自治区","access_date":"2016-12-06 11:50:36","account":"g***g","quantity":1,"handle_status":8,"order_type":"53","areaid":"150402","item_id":132},{"address":"安徽省","access_date":"2016-12-06 11:50:36","account":"1***5","quantity":1,"handle_status":8,"order_type":"53","areaid":"341124","item_id":132},{"address":"江苏省","access_date":"2016-12-06 11:50:36","account":"南***姚","quantity":1,"handle_status":8,"order_type":"53","areaid":"320104","item_id":132},{"address":"上海市","access_date":"2016-12-06 11:50:36","account":"e***8","quantity":1,"handle_status":8,"order_type":"53","areaid":"310107","item_id":132},{"address":"陕西省","access_date":"2016-12-06 11:50:36","account":"w***1","quantity":1,"handle_status":8,"order_type":"53","areaid":"610623","item_id":132}]