[{"address":"北京市","access_date":"2015-08-26 08:51:44","account":"s***阳","quantity":1,"handle_status":8,"order_type":"53","areaid":"110102","item_id":14},{"address":"北京市","access_date":"2015-08-26 08:51:44","account":"l***6","quantity":1,"handle_status":8,"order_type":"53","areaid":"110102","item_id":14},{"address":"北京市","access_date":"2015-08-26 08:51:44","account":"w***i","quantity":1,"handle_status":8,"order_type":"53","areaid":"110102","item_id":14},{"address":"北京市","access_date":"2015-08-26 08:51:44","account":"m***r","quantity":1,"handle_status":8,"order_type":"53","areaid":"110102","item_id":14},{"address":"北京市","access_date":"2015-08-26 08:51:44","account":"z***子","quantity":1,"handle_status":8,"order_type":"53","areaid":"110108","item_id":14},{"address":"北京市","access_date":"2015-08-18 21:24:45","account":"测***0","quantity":1,"handle_status":8,"order_type":"spike","areaid":"110108","item_id":14},{"address":"北京市","access_date":"2015-08-18 17:15:14","account":"t***l","quantity":1,"handle_status":8,"order_type":"53","areaid":"110102","item_id":14},{"access_date":"2015-08-17 15:36:42","address":"暂无","account":"电***商","quantity":8,"handle_status":8,"order_type":"onlinePerson","item_id":14}]