[{"address":"安徽省","access_date":"2017-01-11 11:28:23","account":"懒***网","quantity":1,"handle_status":8,"order_type":"53","areaid":"341723","item_id":136},{"address":"上海市","access_date":"2017-01-11 11:28:23","account":"1***5","quantity":1,"handle_status":8,"order_type":"53","areaid":"310115","item_id":136},{"address":"北京市","access_date":"2017-01-11 11:28:23","account":"1***9","quantity":1,"handle_status":8,"order_type":"53","areaid":"110228","item_id":136},{"address":"江苏省","access_date":"2017-01-11 11:28:23","account":"1***1","quantity":1,"handle_status":8,"order_type":"53","areaid":"320104","item_id":136},{"address":"上海市","access_date":"2017-01-11 11:28:23","account":"1***0","quantity":1,"handle_status":8,"order_type":"53","areaid":"310112","item_id":136},{"address":"广西壮族自治区","access_date":"2017-01-11 11:28:23","account":"f***8","quantity":1,"handle_status":8,"order_type":"53","areaid":"450103","item_id":136},{"address":"黑龙江省","access_date":"2017-01-11 11:28:23","account":"小***9","quantity":1,"handle_status":8,"order_type":"53","areaid":"230604","item_id":136},{"address":"山西省","access_date":"2017-01-11 11:28:23","account":"c***g","quantity":1,"handle_status":8,"order_type":"53","areaid":"140601","item_id":136},{"address":"黑龙江省","access_date":"2017-01-11 11:28:22","account":"龙***龙","quantity":1,"handle_status":8,"order_type":"53","areaid":"230402","item_id":136},{"address":"山东省","access_date":"2017-01-11 11:28:22","account":"h***u","quantity":1,"handle_status":8,"order_type":"53","areaid":"370103","item_id":136},{"address":"辽宁省","access_date":"2017-01-11 11:28:22","account":"天***往","quantity":1,"handle_status":8,"order_type":"53","areaid":"210211","item_id":136},{"address":"江苏省","access_date":"2017-01-11 11:28:21","account":"x***3","quantity":1,"handle_status":8,"order_type":"53","areaid":"320505","item_id":136},{"address":"广东省","access_date":"2017-01-11 11:28:21","account":"m***o","quantity":1,"handle_status":8,"order_type":"53","areaid":"440304","item_id":136},{"address":"江苏省","access_date":"2017-01-11 11:28:21","account":"s***5","quantity":1,"handle_status":8,"order_type":"53","areaid":"320324","item_id":136},{"address":"浙江省","access_date":"2017-01-11 11:28:21","account":"f***a","quantity":1,"handle_status":8,"order_type":"53","areaid":"330782","item_id":136},{"address":"江苏省","access_date":"2017-01-11 11:28:21","account":"1***1","quantity":1,"handle_status":8,"order_type":"53","areaid":"321012","item_id":136},{"address":"河北省","access_date":"2017-01-11 11:28:21","account":"s***0","quantity":1,"handle_status":8,"order_type":"53","areaid":"130681","item_id":136},{"address":"河南省","access_date":"2017-01-11 11:28:21","account":"z***f","quantity":1,"handle_status":8,"order_type":"53","areaid":"410103","item_id":136},{"address":"上海市","access_date":"2017-01-11 11:28:21","account":"l***8","quantity":1,"handle_status":8,"order_type":"53","areaid":"310114","item_id":136},{"address":"吉林省","access_date":"2017-01-11 11:28:21","account":"w***0","quantity":1,"handle_status":8,"order_type":"53","areaid":"220102","item_id":136},{"address":"北京市","access_date":"2017-01-11 11:28:21","account":"韩***敏","quantity":1,"handle_status":8,"order_type":"53","areaid":"110102","item_id":136},{"address":"北京市","access_date":"2017-01-11 11:28:20","account":"T***1","quantity":1,"handle_status":8,"order_type":"53","areaid":"110106","item_id":136},{"address":"江西省","access_date":"2017-01-11 11:28:20","account":"1***9","quantity":1,"handle_status":8,"order_type":"53","areaid":"361128","item_id":136},{"address":"四川省","access_date":"2017-01-11 11:28:20","account":"s***l","quantity":1,"handle_status":8,"order_type":"53","areaid":"510703","item_id":136},{"address":"广东省","access_date":"2017-01-11 11:28:20","account":"1***9","quantity":1,"handle_status":8,"order_type":"53","areaid":"440305","item_id":136},{"address":"江苏省","access_date":"2017-01-11 11:28:20","account":"1***0","quantity":1,"handle_status":8,"order_type":"53","areaid":"320921","item_id":136},{"address":"黑龙江省","access_date":"2017-01-11 11:28:19","account":"c***r","quantity":1,"handle_status":8,"order_type":"53","areaid":"230402","item_id":136},{"address":"湖北省","access_date":"2017-01-11 11:28:19","account":"d***5","quantity":1,"handle_status":8,"order_type":"53","areaid":"422801","item_id":136},{"address":"山东省","access_date":"2017-01-11 11:28:19","account":"w***5","quantity":1,"handle_status":8,"order_type":"53","areaid":"370305","item_id":136},{"address":"江苏省","access_date":"2017-01-11 11:28:19","account":"谢***2","quantity":1,"handle_status":8,"order_type":"53","areaid":"320113","item_id":136},{"address":"浙江省","access_date":"2017-01-11 11:28:18","account":"1***7","quantity":1,"handle_status":8,"order_type":"53","areaid":"330726","item_id":136},{"address":"广东省","access_date":"2017-01-11 11:28:18","account":"z***8","quantity":1,"handle_status":8,"order_type":"53","areaid":"ff8080814cd0d0f4014cd571e2a50002","item_id":136},{"address":"湖北省","access_date":"2017-01-11 11:28:18","account":"j***n","quantity":1,"handle_status":8,"order_type":"53","areaid":"420102","item_id":136},{"address":"江苏省","access_date":"2017-01-11 11:28:18","account":"1***7","quantity":1,"handle_status":8,"order_type":"53","areaid":"320583","item_id":136},{"address":"辽宁省","access_date":"2017-01-11 11:28:18","account":"s***5","quantity":1,"handle_status":8,"order_type":"53","areaid":"210902","item_id":136},{"address":"河南省","access_date":"2017-01-11 11:28:18","account":"木***泽","quantity":1,"handle_status":8,"order_type":"53","areaid":"410104","item_id":136},{"address":"江西省","access_date":"2017-01-11 11:28:18","account":"x***e","quantity":1,"handle_status":8,"order_type":"53","areaid":"360721","item_id":136},{"address":"河南省","access_date":"2017-01-11 11:28:18","account":"d***8","quantity":1,"handle_status":8,"order_type":"53","areaid":"410102","item_id":136},{"address":"福建省","access_date":"2017-01-11 11:28:17","account":"1***5","quantity":1,"handle_status":8,"order_type":"53","areaid":"350305","item_id":136},{"address":"山西省","access_date":"2017-01-11 11:28:17","account":"L***8","quantity":1,"handle_status":8,"order_type":"53","areaid":"140203","item_id":136},{"address":"上海市","access_date":"2017-01-11 11:28:17","account":"j***a","quantity":1,"handle_status":8,"order_type":"53","areaid":"310110","item_id":136},{"address":"北京市","access_date":"2017-01-11 11:28:16","account":"m***8","quantity":1,"handle_status":8,"order_type":"53","areaid":"110105","item_id":136},{"address":"上海市","access_date":"2017-01-11 11:28:16","account":"1***5","quantity":1,"handle_status":8,"order_type":"53","areaid":"310107","item_id":136},{"address":"上海市","access_date":"2017-01-11 11:28:16","account":"D***5","quantity":1,"handle_status":8,"order_type":"53","areaid":"310101","item_id":136},{"address":"山东省","access_date":"2017-01-11 11:28:16","account":"1***6","quantity":1,"handle_status":8,"order_type":"53","areaid":"371727","item_id":136},{"address":"安徽省","access_date":"2017-01-11 11:28:16","account":"李***芬","quantity":1,"handle_status":8,"order_type":"53","areaid":"341321","item_id":136},{"address":"北京市","access_date":"2017-01-11 11:28:16","account":"l***y","quantity":1,"handle_status":8,"order_type":"53","areaid":"110114","item_id":136},{"address":"湖南省","access_date":"2017-01-11 11:28:16","account":"1***8","quantity":1,"handle_status":8,"order_type":"53","areaid":"431124","item_id":136},{"address":"天津市","access_date":"2017-01-11 11:28:16","account":"刘***翔","quantity":1,"handle_status":8,"order_type":"53","areaid":"120116","item_id":136},{"address":"山西省","access_date":"2017-01-11 11:28:15","account":"1***2","quantity":1,"handle_status":8,"order_type":"53","areaid":"140110","item_id":136},{"address":"山东省","access_date":"2017-01-11 11:28:15","account":"z***i","quantity":1,"handle_status":8,"order_type":"53","areaid":"370214","item_id":136},{"address":"山东省","access_date":"2017-01-11 11:28:15","account":"y***g","quantity":1,"handle_status":8,"order_type":"53","areaid":"370283","item_id":136},{"address":"河北省","access_date":"2017-01-11 11:28:15","account":"李***文","quantity":1,"handle_status":8,"order_type":"53","areaid":"130984","item_id":136},{"address":"广东省","access_date":"2017-01-11 11:28:15","account":"梁***辉","quantity":1,"handle_status":8,"order_type":"53","areaid":"440803","item_id":136},{"address":"内蒙古自治区","access_date":"2017-01-11 11:28:15","account":"w***6","quantity":1,"handle_status":8,"order_type":"53","areaid":"150421","item_id":136},{"address":"湖南省","access_date":"2017-01-11 11:28:13","account":"x***5","quantity":1,"handle_status":8,"order_type":"53","areaid":"431322","item_id":136},{"address":"浙江省","access_date":"2017-01-11 11:28:13","account":"t***0","quantity":1,"handle_status":8,"order_type":"53","areaid":"330402","item_id":136},{"address":"浙江省","access_date":"2017-01-11 11:28:13","account":"h***w","quantity":1,"handle_status":8,"order_type":"53","areaid":"330411","item_id":136},{"address":"河南省","access_date":"2017-01-11 11:28:13","account":"1***6","quantity":1,"handle_status":8,"order_type":"53","areaid":"410305","item_id":136},{"address":"河北省","access_date":"2017-01-11 11:28:13","account":"1***8","quantity":1,"handle_status":8,"order_type":"53","areaid":"130429","item_id":136},{"address":"安徽省","access_date":"2017-01-11 11:28:13","account":"羊***道","quantity":1,"handle_status":8,"order_type":"53","areaid":"340603","item_id":136},{"address":"内蒙古自治区","access_date":"2017-01-11 11:28:13","account":"落***4","quantity":1,"handle_status":8,"order_type":"53","areaid":"150782","item_id":136},{"address":"吉林省","access_date":"2017-01-11 11:28:13","account":"m***9","quantity":1,"handle_status":8,"order_type":"53","areaid":"220202","item_id":136},{"address":"山西省","access_date":"2017-01-11 11:28:13","account":"1***6","quantity":1,"handle_status":8,"order_type":"53","areaid":"140581","item_id":136},{"address":"安徽省","access_date":"2017-01-11 11:28:13","account":"l***5","quantity":1,"handle_status":8,"order_type":"53","areaid":"340104","item_id":136},{"address":"上海市","access_date":"2017-01-11 11:28:12","account":"蓝***花","quantity":1,"handle_status":8,"order_type":"53","areaid":"310105","item_id":136},{"address":"山东省","access_date":"2017-01-11 11:28:12","account":"1***6","quantity":1,"handle_status":8,"order_type":"53","areaid":"371329","item_id":136},{"address":"甘肃省","access_date":"2017-01-11 11:28:12","account":"W***8","quantity":1,"handle_status":8,"order_type":"53","areaid":"620902","item_id":136},{"address":"北京市","access_date":"2017-01-11 11:28:12","account":"b***e","quantity":1,"handle_status":8,"order_type":"53","areaid":"110108","item_id":136},{"address":"辽宁省","access_date":"2017-01-11 11:28:12","account":"5***4","quantity":1,"handle_status":8,"order_type":"53","areaid":"210211","item_id":136},{"address":"山东省","access_date":"2017-01-11 11:28:12","account":"1***9","quantity":1,"handle_status":8,"order_type":"53","areaid":"370811","item_id":136},{"address":"上海市","access_date":"2017-01-11 11:28:12","account":"李***道","quantity":1,"handle_status":8,"order_type":"53","areaid":"310105","item_id":136},{"address":"陕西省","access_date":"2017-01-11 11:28:12","account":"h***0","quantity":1,"handle_status":8,"order_type":"53","areaid":"610581","item_id":136},{"address":"江苏省","access_date":"2017-01-11 11:28:12","account":"y***5","quantity":1,"handle_status":8,"order_type":"53","areaid":"320506","item_id":136},{"address":"河北省","access_date":"2017-01-11 11:28:10","account":"W***4","quantity":1,"handle_status":8,"order_type":"53","areaid":"130534","item_id":136},{"address":"江苏省","access_date":"2017-01-11 11:28:10","account":"y***8","quantity":1,"handle_status":8,"order_type":"53","areaid":"320506","item_id":136},{"address":"河南省","access_date":"2017-01-11 11:28:10","account":"1***2","quantity":1,"handle_status":8,"order_type":"53","areaid":"410902","item_id":136},{"address":"福建省","access_date":"2017-01-11 11:28:10","account":"w***5","quantity":1,"handle_status":8,"order_type":"53","areaid":"350924","item_id":136},{"address":"广东省","access_date":"2017-01-11 11:28:10","account":"c***6","quantity":1,"handle_status":8,"order_type":"53","areaid":"440306","item_id":136},{"address":"辽宁省","access_date":"2017-01-11 11:28:09","account":"i***e","quantity":1,"handle_status":8,"order_type":"53","areaid":"210602","item_id":136},{"address":"上海市","access_date":"2017-01-11 11:28:09","account":"h***n","quantity":1,"handle_status":8,"order_type":"53","areaid":"310114","item_id":136},{"address":"广东省","access_date":"2017-01-11 11:28:09","account":"1***5","quantity":1,"handle_status":8,"order_type":"53","areaid":"441302","item_id":136},{"address":"山西省","access_date":"2017-01-11 11:28:09","account":"1***1","quantity":1,"handle_status":8,"order_type":"53","areaid":"140825","item_id":136},{"address":"辽宁省","access_date":"2017-01-11 11:28:09","account":"1***8","quantity":1,"handle_status":8,"order_type":"53","areaid":"210212","item_id":136},{"address":"山西省","access_date":"2017-01-11 11:28:09","account":"s***5","quantity":1,"handle_status":8,"order_type":"53","areaid":"140302","item_id":136},{"address":"北京市","access_date":"2017-01-11 11:28:09","account":"g***g","quantity":1,"handle_status":8,"order_type":"53","areaid":"110112","item_id":136},{"address":"北京市","access_date":"2017-01-11 11:28:09","account":"绝***旦","quantity":1,"handle_status":8,"order_type":"53","areaid":"110108","item_id":136},{"address":"山东省","access_date":"2017-01-11 11:28:09","account":"c***i","quantity":1,"handle_status":8,"order_type":"53","areaid":"370211","item_id":136},{"address":"广东省","access_date":"2017-01-11 11:28:07","account":"z***b","quantity":1,"handle_status":8,"order_type":"53","areaid":"ff8080814cd0d0f4014cd56f66b80001","item_id":136},{"address":"山西省","access_date":"2017-01-11 11:28:07","account":"j***1","quantity":1,"handle_status":8,"order_type":"53","areaid":"140302","item_id":136},{"address":"上海市","access_date":"2017-01-11 11:28:07","account":"m***7","quantity":1,"handle_status":8,"order_type":"53","areaid":"310101","item_id":136},{"address":"江西省","access_date":"2017-01-11 11:28:07","account":"h***o","quantity":1,"handle_status":8,"order_type":"53","areaid":"360902","item_id":136},{"address":"上海市","access_date":"2017-01-11 11:28:07","account":"1***3","quantity":1,"handle_status":8,"order_type":"53","areaid":"310107","item_id":136},{"address":"福建省","access_date":"2017-01-11 11:28:07","account":"1***2","quantity":1,"handle_status":8,"order_type":"53","areaid":"350521","item_id":136},{"address":"福建省","access_date":"2017-01-11 11:28:07","account":"h***8","quantity":1,"handle_status":8,"order_type":"53","areaid":"350525","item_id":136},{"address":"江苏省","access_date":"2017-01-11 11:28:07","account":"1***0","quantity":1,"handle_status":8,"order_type":"53","areaid":"320506","item_id":136},{"address":"黑龙江省","access_date":"2017-01-11 11:28:07","account":"1***4","quantity":1,"handle_status":8,"order_type":"53","areaid":"230103","item_id":136},{"address":"广东省","access_date":"2017-01-11 11:28:06","account":"1***5","quantity":1,"handle_status":8,"order_type":"53","areaid":"440304","item_id":136},{"address":"山西省","access_date":"2017-01-11 11:28:06","account":"B***y","quantity":1,"handle_status":8,"order_type":"53","areaid":"140303","item_id":136},{"address":"江苏省","access_date":"2017-01-11 11:28:06","account":"1***2","quantity":1,"handle_status":8,"order_type":"53","areaid":"320404","item_id":136},{"address":"内蒙古自治区","access_date":"2017-01-11 11:28:06","account":"1***0","quantity":1,"handle_status":8,"order_type":"53","areaid":"150104","item_id":136},{"address":"重庆市","access_date":"2017-01-11 11:28:06","account":"曾***立","quantity":1,"handle_status":8,"order_type":"53","areaid":"500117","item_id":136},{"address":"上海市","access_date":"2017-01-11 11:28:06","account":"d***5","quantity":1,"handle_status":8,"order_type":"53","areaid":"310115","item_id":136},{"address":"湖南省","access_date":"2017-01-11 11:28:06","account":"1***8","quantity":1,"handle_status":8,"order_type":"53","areaid":"431322","item_id":136},{"address":"山东省","access_date":"2017-01-11 11:28:06","account":"1***1","quantity":1,"handle_status":8,"order_type":"53","areaid":"370213","item_id":136},{"address":"黑龙江省","access_date":"2017-01-11 11:28:06","account":"1***4","quantity":1,"handle_status":8,"order_type":"53","areaid":"230602","item_id":136},{"address":"山东省","access_date":"2017-01-11 11:28:04","account":"1***7","quantity":1,"handle_status":8,"order_type":"53","areaid":"370705","item_id":136},{"address":"辽宁省","access_date":"2017-01-11 11:28:04","account":"付***1","quantity":1,"handle_status":8,"order_type":"53","areaid":"210302","item_id":136},{"address":"河南省","access_date":"2017-01-11 11:28:04","account":"2***建","quantity":1,"handle_status":8,"order_type":"53","areaid":"410305","item_id":136},{"address":"广东省","access_date":"2017-01-11 11:28:04","account":"g***e","quantity":1,"handle_status":8,"order_type":"53","areaid":"440114","item_id":136},{"address":"上海市","access_date":"2017-01-11 11:28:04","account":"i***n","quantity":1,"handle_status":8,"order_type":"53","areaid":"310109","item_id":136},{"address":"黑龙江省","access_date":"2017-01-11 11:28:04","account":"c***1","quantity":1,"handle_status":8,"order_type":"53","areaid":"230602","item_id":136},{"address":"贵州省","access_date":"2017-01-11 11:28:04","account":"戢***芳","quantity":1,"handle_status":8,"order_type":"53","areaid":"520113","item_id":136},{"address":"贵州省","access_date":"2017-01-11 11:28:04","account":"付***全","quantity":1,"handle_status":8,"order_type":"53","areaid":"520113","item_id":136},{"address":"湖南省","access_date":"2017-01-11 11:28:03","account":"萝***盒","quantity":1,"handle_status":8,"order_type":"53","areaid":"431322","item_id":136},{"address":"湖南省","access_date":"2017-01-11 11:28:03","account":"1***5","quantity":1,"handle_status":8,"order_type":"53","areaid":"431322","item_id":136},{"address":"广东省","access_date":"2017-01-11 11:28:03","account":"c***u","quantity":1,"handle_status":8,"order_type":"53","areaid":"440306","item_id":136},{"address":"浙江省","access_date":"2017-01-11 11:28:03","account":"R***0","quantity":1,"handle_status":8,"order_type":"53","areaid":"330782","item_id":136},{"address":"江苏省","access_date":"2017-01-11 11:28:03","account":"白***鼠","quantity":1,"handle_status":8,"order_type":"53","areaid":"321102","item_id":136},{"address":"浙江省","access_date":"2017-01-11 11:28:03","account":"l***x","quantity":1,"handle_status":8,"order_type":"53","areaid":"331081","item_id":136},{"address":"辽宁省","access_date":"2017-01-11 11:28:03","account":"z***p","quantity":1,"handle_status":8,"order_type":"53","areaid":"210202","item_id":136},{"address":"陕西省","access_date":"2017-01-11 11:28:03","account":"1***3","quantity":1,"handle_status":8,"order_type":"53","areaid":"610824","item_id":136},{"address":"浙江省","access_date":"2017-01-11 11:28:03","account":"也***恶","quantity":1,"handle_status":8,"order_type":"53","areaid":"330303","item_id":136},{"address":"浙江省","access_date":"2017-01-11 11:28:01","account":"1***3","quantity":1,"handle_status":8,"order_type":"53","areaid":"330183","item_id":136},{"address":"江苏省","access_date":"2017-01-11 11:28:01","account":"1***3","quantity":1,"handle_status":8,"order_type":"53","areaid":"320106","item_id":136},{"address":"湖南省","access_date":"2017-01-11 11:28:01","account":"舒***1","quantity":1,"handle_status":8,"order_type":"53","areaid":"431322","item_id":136},{"address":"湖南省","access_date":"2017-01-11 11:28:01","account":"晁***四","quantity":1,"handle_status":8,"order_type":"53","areaid":"431322","item_id":136},{"address":"山西省","access_date":"2017-01-11 11:28:01","account":"1***7","quantity":1,"handle_status":8,"order_type":"53","areaid":"140109","item_id":136},{"address":"甘肃省","access_date":"2017-01-11 11:28:01","account":"我***王","quantity":1,"handle_status":8,"order_type":"53","areaid":"620102","item_id":136},{"address":"河南省","access_date":"2017-01-11 11:28:01","account":"R***7","quantity":1,"handle_status":8,"order_type":"53","areaid":"410305","item_id":136},{"address":"辽宁省","access_date":"2017-01-11 11:28:01","account":"1***h","quantity":1,"handle_status":8,"order_type":"53","areaid":"210302","item_id":136},{"address":"北京市","access_date":"2017-01-11 11:28:01","account":"h***8","quantity":1,"handle_status":8,"order_type":"53","areaid":"110108","item_id":136},{"address":"广东省","access_date":"2017-01-11 11:28:01","account":"亲***字","quantity":1,"handle_status":8,"order_type":"53","areaid":"ff8080814cd0d0f4014cd56f66b80001","item_id":136},{"address":"浙江省","access_date":"2017-01-11 11:28:01","account":"1***6","quantity":1,"handle_status":8,"order_type":"53","areaid":"330303","item_id":136},{"address":"辽宁省","access_date":"2017-01-11 11:28:00","account":"q***2","quantity":1,"handle_status":8,"order_type":"53","areaid":"210703","item_id":136},{"address":"北京市","access_date":"2017-01-11 11:28:00","account":"1***9","quantity":1,"handle_status":8,"order_type":"53","areaid":"110113","item_id":136},{"address":"北京市","access_date":"2017-01-11 11:28:00","account":"1***3","quantity":1,"handle_status":8,"order_type":"53","areaid":"110113","item_id":136},{"address":"新疆维吾尔自治区","access_date":"2017-01-11 11:28:00","account":"周***9","quantity":1,"handle_status":8,"order_type":"53","areaid":"652801","item_id":136},{"address":"河北省","access_date":"2017-01-11 11:28:00","account":"1***3","quantity":1,"handle_status":8,"order_type":"53","areaid":"130681","item_id":136},{"address":"北京市","access_date":"2017-01-11 11:28:00","account":"1***2","quantity":1,"handle_status":8,"order_type":"53","areaid":"110113","item_id":136},{"address":"北京市","access_date":"2017-01-11 11:28:00","account":"1***0","quantity":1,"handle_status":8,"order_type":"53","areaid":"110113","item_id":136},{"address":"黑龙江省","access_date":"2017-01-11 11:28:00","account":"b***n","quantity":1,"handle_status":8,"order_type":"53","areaid":"230601","item_id":136},{"address":"山西省","access_date":"2017-01-11 11:28:00","account":"1***1","quantity":1,"handle_status":8,"order_type":"53","areaid":"140202","item_id":136},{"address":"广东省","access_date":"2017-01-11 11:28:00","account":"邹***玲","quantity":1,"handle_status":8,"order_type":"53","areaid":"ff8080814cd0d0f4014cd571e2a50002","item_id":136},{"address":"北京市","access_date":"2017-01-11 11:27:58","account":"1***0","quantity":1,"handle_status":8,"order_type":"53","areaid":"110112","item_id":136},{"address":"北京市","access_date":"2017-01-11 11:27:58","account":"1***7","quantity":1,"handle_status":8,"order_type":"53","areaid":"110112","item_id":136},{"address":"北京市","access_date":"2017-01-11 11:27:58","account":"1***9","quantity":1,"handle_status":8,"order_type":"53","areaid":"110113","item_id":136},{"address":"北京市","access_date":"2017-01-11 11:27:58","account":"1***0","quantity":1,"handle_status":8,"order_type":"53","areaid":"110113","item_id":136},{"address":"北京市","access_date":"2017-01-11 11:27:58","account":"1***7","quantity":1,"handle_status":8,"order_type":"53","areaid":"110113","item_id":136},{"address":"北京市","access_date":"2017-01-11 11:27:58","account":"1***4","quantity":1,"handle_status":8,"order_type":"53","areaid":"110113","item_id":136},{"address":"江西省","access_date":"2017-01-11 11:27:58","account":"x***9","quantity":1,"handle_status":8,"order_type":"53","areaid":"360902","item_id":136},{"address":"北京市","access_date":"2017-01-11 11:27:58","account":"1***4","quantity":1,"handle_status":8,"order_type":"53","areaid":"110112","item_id":136},{"address":"北京市","access_date":"2017-01-11 11:27:57","account":"1***3","quantity":1,"handle_status":8,"order_type":"53","areaid":"110113","item_id":136},{"address":"北京市","access_date":"2017-01-11 11:27:57","account":"1***3","quantity":1,"handle_status":8,"order_type":"53","areaid":"110113","item_id":136},{"address":"北京市","access_date":"2017-01-11 11:27:57","account":"1***0","quantity":1,"handle_status":8,"order_type":"53","areaid":"110113","item_id":136},{"address":"北京市","access_date":"2017-01-11 11:27:57","account":"1***7","quantity":1,"handle_status":8,"order_type":"53","areaid":"110113","item_id":136},{"address":"北京市","access_date":"2017-01-11 11:27:57","account":"1***0","quantity":1,"handle_status":8,"order_type":"53","areaid":"110108","item_id":136},{"address":"四川省","access_date":"2017-01-11 11:27:57","account":"1***6","quantity":1,"handle_status":8,"order_type":"53","areaid":"510105","item_id":136},{"address":"河南省","access_date":"2017-01-11 11:27:57","account":"1***6","quantity":1,"handle_status":8,"order_type":"53","areaid":"411329","item_id":136},{"address":"北京市","access_date":"2017-01-11 11:27:57","account":"1***4","quantity":1,"handle_status":8,"order_type":"53","areaid":"110113","item_id":136},{"address":"河南省","access_date":"2017-01-11 11:27:57","account":"c***i","quantity":1,"handle_status":8,"order_type":"53","areaid":"410305","item_id":136},{"address":"北京市","access_date":"2017-01-11 11:27:57","account":"1***4","quantity":1,"handle_status":8,"order_type":"53","areaid":"110113","item_id":136},{"address":"山东省","access_date":"2017-01-11 11:27:57","account":"z***6","quantity":1,"handle_status":8,"order_type":"53","areaid":"371301","item_id":136},{"address":"山东省","access_date":"2017-01-11 11:27:55","account":"z***i","quantity":1,"handle_status":8,"order_type":"53","areaid":"371102","item_id":136},{"address":"广东省","access_date":"2017-01-11 11:27:55","account":"9***6","quantity":1,"handle_status":8,"order_type":"53","areaid":"440306","item_id":136},{"address":"广东省","access_date":"2017-01-11 11:27:55","account":"林***燕","quantity":1,"handle_status":8,"order_type":"53","areaid":"440114","item_id":136},{"address":"河南省","access_date":"2017-01-11 11:27:55","account":"c***5","quantity":1,"handle_status":8,"order_type":"53","areaid":"410305","item_id":136},{"address":"浙江省","access_date":"2017-01-11 11:27:55","account":"1***1","quantity":1,"handle_status":8,"order_type":"53","areaid":"330521","item_id":136},{"address":"天津市","access_date":"2017-01-11 11:27:55","account":"g***3","quantity":1,"handle_status":8,"order_type":"53","areaid":"120103","item_id":136},{"address":"云南省","access_date":"2017-01-11 11:27:55","account":"于***明","quantity":1,"handle_status":8,"order_type":"53","areaid":"530502","item_id":136},{"address":"海南省","access_date":"2017-01-11 11:27:55","account":"1***9","quantity":1,"handle_status":8,"order_type":"53","areaid":"460106","item_id":136},{"address":"陕西省","access_date":"2017-01-11 11:27:55","account":"j***o","quantity":1,"handle_status":8,"order_type":"53","areaid":"610403","item_id":136},{"address":"山东省","access_date":"2017-01-11 11:27:54","account":"k***1","quantity":1,"handle_status":8,"order_type":"53","areaid":"370602","item_id":136},{"address":"北京市","access_date":"2017-01-11 11:27:54","account":"1***1","quantity":1,"handle_status":8,"order_type":"53","areaid":"110112","item_id":136},{"address":"北京市","access_date":"2017-01-11 11:27:54","account":"1***7","quantity":1,"handle_status":8,"order_type":"53","areaid":"110112","item_id":136},{"address":"北京市","access_date":"2017-01-11 11:27:54","account":"1***4","quantity":1,"handle_status":8,"order_type":"53","areaid":"110105","item_id":136},{"address":"贵州省","access_date":"2017-01-11 11:27:54","account":"s***6","quantity":1,"handle_status":8,"order_type":"53","areaid":"520115","item_id":136},{"address":"湖南省","access_date":"2017-01-11 11:27:54","account":"1***5","quantity":1,"handle_status":8,"order_type":"53","areaid":"431322","item_id":136},{"address":"山西省","access_date":"2017-01-11 11:27:54","account":"江***6","quantity":1,"handle_status":8,"order_type":"53","areaid":"140203","item_id":136},{"address":"辽宁省","access_date":"2017-01-11 11:27:54","account":"T***h","quantity":1,"handle_status":8,"order_type":"53","areaid":"211302","item_id":136},{"address":"江西省","access_date":"2017-01-11 11:27:54","account":"w***2","quantity":1,"handle_status":8,"order_type":"53","areaid":"360982","item_id":136},{"address":"湖南省","access_date":"2017-01-11 11:27:54","account":"w***8","quantity":1,"handle_status":8,"order_type":"53","areaid":"431322","item_id":136},{"address":"湖南省","access_date":"2017-01-11 11:27:52","account":"爱***巳","quantity":1,"handle_status":8,"order_type":"53","areaid":"431322","item_id":136},{"address":"河南省","access_date":"2017-01-11 11:27:52","account":"1***0","quantity":1,"handle_status":8,"order_type":"53","areaid":"410305","item_id":136},{"address":"广东省","access_date":"2017-01-11 11:27:52","account":"c***1","quantity":1,"handle_status":8,"order_type":"53","areaid":"440111","item_id":136},{"address":"吉林省","access_date":"2017-01-11 11:27:52","account":"孙***佰","quantity":1,"handle_status":8,"order_type":"53","areaid":"220303","item_id":136},{"address":"江苏省","access_date":"2017-01-11 11:27:52","account":"n***i","quantity":1,"handle_status":8,"order_type":"53","areaid":"320602","item_id":136},{"address":"广东省","access_date":"2017-01-11 11:27:52","account":"唐***5","quantity":1,"handle_status":8,"order_type":"53","areaid":"ff8080814cd0d0f4014cd56f66b80001","item_id":136}]