[{"address":"福建省","access_date":"2017-04-07 09:40:28","account":"赖***传","quantity":1,"handle_status":5,"order_type":"2","areaid":"350881","item_id":119},{"address":"辽宁省","access_date":"2017-04-05 12:17:36","account":"m***g","quantity":1,"handle_status":5,"order_type":"2","areaid":"210105","item_id":119},{"address":"上海市","access_date":"2017-04-05 10:04:59","account":"1***1","quantity":1,"handle_status":5,"order_type":"2","areaid":"310115","item_id":119},{"address":"天津市","access_date":"2017-03-20 09:39:21","account":"f***s","quantity":1,"handle_status":8,"order_type":"2","areaid":"120102","item_id":119},{"address":"北京市","access_date":"2017-03-17 15:46:22","account":"钟***1","quantity":1,"handle_status":8,"order_type":"2","areaid":"110108","item_id":119},{"address":"江西省","access_date":"2017-03-17 12:17:03","account":"1***6","quantity":1,"handle_status":8,"order_type":"2","areaid":"361126","item_id":119},{"address":"浙江省","access_date":"2017-03-17 11:19:04","account":"d***3","quantity":1,"handle_status":8,"order_type":"2","areaid":"330682","item_id":119},{"address":"广东省","access_date":"2017-03-17 10:36:02","account":"z***8","quantity":1,"handle_status":8,"order_type":"2","areaid":"440304","item_id":119},{"address":"上海市","access_date":"2017-03-16 09:30:31","account":"z***r","quantity":1,"handle_status":8,"order_type":"2","areaid":"310109","item_id":119},{"address":"新疆维吾尔自治区","access_date":"2017-03-15 15:57:24","account":"1***6","quantity":1,"handle_status":8,"order_type":"2","areaid":"653101","item_id":119},{"address":"浙江省","access_date":"2017-03-14 12:46:29","account":"s***l","quantity":1,"handle_status":8,"order_type":"2","areaid":"331021","item_id":119},{"address":"浙江省","access_date":"2017-03-13 11:31:42","account":"s***9","quantity":1,"handle_status":8,"order_type":"2","areaid":"330381","item_id":119},{"address":"江西省","access_date":"2017-03-13 10:43:35","account":"v***g","quantity":3,"handle_status":8,"order_type":"2","areaid":"361122","item_id":119},{"address":"四川省","access_date":"2017-03-08 13:56:11","account":"b***2","quantity":1,"handle_status":8,"order_type":"2","areaid":"510104","item_id":119},{"address":"陕西省","access_date":"2017-03-08 12:54:18","account":"招***民","quantity":1,"handle_status":8,"order_type":"2","areaid":"610629","item_id":119},{"address":"山东省","access_date":"2017-03-07 13:07:33","account":"s***n","quantity":1,"handle_status":8,"order_type":"2","areaid":"370103","item_id":119},{"address":"北京市","access_date":"2017-03-06 11:17:22","account":"琦***4","quantity":1,"handle_status":8,"order_type":"2","areaid":"110105","item_id":119},{"address":"山东省","access_date":"2017-03-06 09:38:03","account":"s***8","quantity":1,"handle_status":8,"order_type":"2","areaid":"370911","item_id":119},{"address":"山西省","access_date":"2017-03-05 14:22:34","account":"y***2","quantity":1,"handle_status":8,"order_type":"2","areaid":"140302","item_id":119},{"address":"山东省","access_date":"2017-03-01 13:40:51","account":"j***z","quantity":1,"handle_status":8,"order_type":"2","areaid":"370202","item_id":119},{"address":"广东省","access_date":"2017-02-27 09:57:25","account":"l***u","quantity":1,"handle_status":8,"order_type":"2","areaid":"440902","item_id":119},{"address":"新疆维吾尔自治区","access_date":"2017-02-25 12:37:42","account":"天***f","quantity":1,"handle_status":8,"order_type":"2","areaid":"652222","item_id":119},{"address":"江苏省","access_date":"2017-02-24 13:26:10","account":"z***u","quantity":1,"handle_status":8,"order_type":"2","areaid":"320411","item_id":119},{"address":"吉林省","access_date":"2017-02-24 10:28:06","account":"赵***言","quantity":1,"handle_status":8,"order_type":"2","areaid":"220102","item_id":119},{"address":"吉林省","access_date":"2017-02-24 10:19:15","account":"1***1","quantity":1,"handle_status":8,"order_type":"2","areaid":"220102","item_id":119},{"address":"江苏省","access_date":"2017-02-24 10:08:20","account":"T***a","quantity":1,"handle_status":8,"order_type":"2","areaid":"321282","item_id":119},{"address":"青海省","access_date":"2017-02-24 10:07:49","account":"1***3","quantity":1,"handle_status":8,"order_type":"2","areaid":"630221","item_id":119},{"address":"北京市","access_date":"2017-02-23 16:17:56","account":"1***2","quantity":1,"handle_status":8,"order_type":"2","areaid":"110108","item_id":119},{"address":"山西省","access_date":"2017-02-22 10:08:33","account":"1***1","quantity":1,"handle_status":8,"order_type":"2","areaid":"141102","item_id":119},{"address":"上海市","access_date":"2017-02-21 13:56:10","account":"y***g","quantity":1,"handle_status":8,"order_type":"2","areaid":"310104","item_id":119},{"address":"山西省","access_date":"2017-02-21 09:57:30","account":"1***1","quantity":1,"handle_status":8,"order_type":"2","areaid":"141102","item_id":119},{"address":"福建省","access_date":"2017-02-21 09:46:06","account":"黄***娴","quantity":1,"handle_status":8,"order_type":"2","areaid":"350203","item_id":119},{"address":"广东省","access_date":"2017-02-21 09:35:16","account":"1***9","quantity":1,"handle_status":8,"order_type":"2","areaid":"440402","item_id":119},{"address":"福建省","access_date":"2017-02-20 16:15:52","account":"黄***娴","quantity":1,"handle_status":8,"order_type":"2","areaid":"350203","item_id":119},{"address":"吉林省","access_date":"2017-02-20 12:20:46","account":"x***9","quantity":1,"handle_status":8,"order_type":"2","areaid":"220381","item_id":119},{"address":"广东省","access_date":"2017-02-20 10:27:21","account":"L***心","quantity":1,"handle_status":8,"order_type":"2","areaid":"ff8080814cd0d0f4014cd571e2a50002","item_id":119},{"address":"上海市","access_date":"2017-02-20 09:53:50","account":"k***e","quantity":1,"handle_status":8,"order_type":"2","areaid":"310112","item_id":119},{"address":"新疆维吾尔自治区","access_date":"2017-02-16 10:18:47","account":"m***f","quantity":1,"handle_status":8,"order_type":"2","areaid":"650203","item_id":119},{"address":"广东省","access_date":"2017-02-16 10:01:02","account":"a***k","quantity":1,"handle_status":8,"order_type":"2","areaid":"440304","item_id":119},{"address":"山东省","access_date":"2017-02-16 09:45:17","account":"s***n","quantity":1,"handle_status":8,"order_type":"2","areaid":"370705","item_id":119},{"address":"广东省","access_date":"2017-02-10 15:05:12","account":"1***2","quantity":1,"handle_status":8,"order_type":"2","areaid":"440902","item_id":119},{"address":"广西壮族自治区","access_date":"2017-02-10 10:59:19","account":"m***5","quantity":1,"handle_status":8,"order_type":"2","areaid":"450108","item_id":119},{"address":"四川省","access_date":"2017-02-10 09:44:35","account":"c***a","quantity":1,"handle_status":8,"order_type":"2","areaid":"510681","item_id":119},{"address":"四川省","access_date":"2017-02-08 16:15:14","account":"3***5","quantity":1,"handle_status":8,"order_type":"2","areaid":"510114","item_id":119},{"address":"江苏省","access_date":"2017-02-08 13:35:52","account":"a***1","quantity":1,"handle_status":8,"order_type":"2","areaid":"320703","item_id":119},{"address":"北京市","access_date":"2017-02-07 11:19:28","account":"y***g","quantity":1,"handle_status":8,"order_type":"2","areaid":"110105","item_id":119},{"address":"上海市","access_date":"2017-02-07 10:36:59","account":"1***6","quantity":1,"handle_status":8,"order_type":"2","areaid":"310118","item_id":119},{"address":"北京市","access_date":"2017-02-06 16:19:18","account":"1***9","quantity":1,"handle_status":8,"order_type":"2","areaid":"110105","item_id":119},{"address":"浙江省","access_date":"2017-02-06 16:08:28","account":"f***4","quantity":2,"handle_status":8,"order_type":"2","areaid":"330302","item_id":119},{"address":"福建省","access_date":"2017-01-17 15:08:16","account":"h***6","quantity":1,"handle_status":8,"order_type":"2","areaid":"350583","item_id":119},{"address":"广东省","access_date":"2017-01-17 14:55:40","account":"1***0","quantity":1,"handle_status":8,"order_type":"2","areaid":"440106","item_id":119},{"address":"黑龙江省","access_date":"2017-01-17 14:36:00","account":"m***8","quantity":1,"handle_status":8,"order_type":"2","areaid":"230382","item_id":119},{"address":"广东省","access_date":"2017-01-17 14:15:23","account":"x***g","quantity":1,"handle_status":8,"order_type":"2","areaid":"440106","item_id":119},{"address":"山西省","access_date":"2017-01-17 13:21:29","account":"样***8","quantity":1,"handle_status":8,"order_type":"2","areaid":"140781","item_id":119},{"address":"内蒙古自治区","access_date":"2017-01-17 12:48:51","account":"a***9","quantity":1,"handle_status":8,"order_type":"2","areaid":"150702","item_id":119},{"address":"北京市","access_date":"2017-01-17 11:14:18","account":"l***n","quantity":1,"handle_status":8,"order_type":"2","areaid":"110108","item_id":119},{"address":"江苏省","access_date":"2017-01-17 09:45:55","account":"南***工","quantity":1,"handle_status":8,"order_type":"2","areaid":"320106","item_id":119},{"address":"湖南省","access_date":"2017-01-17 09:34:12","account":"1***1","quantity":1,"handle_status":8,"order_type":"2","areaid":"430408","item_id":119},{"address":"陕西省","access_date":"2017-01-17 09:33:34","account":"m***8","quantity":1,"handle_status":8,"order_type":"2","areaid":"610113","item_id":119},{"address":"山东省","access_date":"2017-01-16 13:40:07","account":"l***i","quantity":1,"handle_status":8,"order_type":"2","areaid":"370502","item_id":119},{"address":"江西省","access_date":"2017-01-16 12:54:02","account":"m***u","quantity":1,"handle_status":8,"order_type":"2","areaid":"360201","item_id":119},{"address":"上海市","access_date":"2017-01-16 12:49:26","account":"x***1","quantity":1,"handle_status":8,"order_type":"2","areaid":"310108","item_id":119},{"address":"陕西省","access_date":"2017-01-16 12:02:49","account":"t***o","quantity":1,"handle_status":8,"order_type":"2","areaid":"610113","item_id":119},{"address":"陕西省","access_date":"2017-01-16 10:03:51","account":"m***8","quantity":2,"handle_status":8,"order_type":"2","areaid":"610113","item_id":119},{"address":"北京市","access_date":"2017-01-16 09:33:37","account":"b***7","quantity":1,"handle_status":8,"order_type":"2","areaid":"110105","item_id":119},{"address":"北京市","access_date":"2017-01-15 10:03:49","account":"钟***1","quantity":1,"handle_status":8,"order_type":"2","areaid":"110108","item_id":119},{"address":"新疆维吾尔自治区","access_date":"2017-01-13 15:48:23","account":"c***7","quantity":1,"handle_status":8,"order_type":"2","areaid":"650102","item_id":119},{"address":"湖北省","access_date":"2017-01-13 15:27:01","account":"L***9","quantity":1,"handle_status":8,"order_type":"2","areaid":"422801","item_id":119},{"address":"山西省","access_date":"2017-01-13 13:17:18","account":"b***y","quantity":1,"handle_status":8,"order_type":"2","areaid":"141102","item_id":119},{"address":"上海市","access_date":"2017-01-13 11:50:20","account":"g***1","quantity":1,"handle_status":8,"order_type":"2","areaid":"310115","item_id":119},{"address":"北京市","access_date":"2017-01-13 11:16:16","account":"白***凯","quantity":1,"handle_status":8,"order_type":"2","areaid":"110105","item_id":119},{"address":"江苏省","access_date":"2017-01-12 16:15:31","account":"z***5","quantity":1,"handle_status":8,"order_type":"2","areaid":"320412","item_id":119},{"address":"海南省","access_date":"2017-01-12 15:12:28","account":"s***i","quantity":1,"handle_status":8,"order_type":"2","areaid":"460106","item_id":119},{"address":"上海市","access_date":"2017-01-12 09:30:58","account":"l***e","quantity":1,"handle_status":8,"order_type":"2","areaid":"310230","item_id":119},{"address":"上海市","access_date":"2017-01-11 15:04:06","account":"h***u","quantity":1,"handle_status":8,"order_type":"2","areaid":"310107","item_id":119},{"address":"山东省","access_date":"2017-01-11 14:53:04","account":"李***群","quantity":1,"handle_status":8,"order_type":"2","areaid":"371302","item_id":119},{"address":"江苏省","access_date":"2017-01-11 10:48:19","account":"1***2","quantity":1,"handle_status":8,"order_type":"2","areaid":"320205","item_id":119},{"address":"江西省","access_date":"2017-01-11 10:16:57","account":"z***i","quantity":1,"handle_status":8,"order_type":"2","areaid":"360203","item_id":119},{"address":"上海市","access_date":"2017-01-11 10:04:08","account":"1***7","quantity":1,"handle_status":8,"order_type":"2","areaid":"310115","item_id":119},{"address":"上海市","access_date":"2017-01-11 09:34:40","account":"6***4","quantity":1,"handle_status":8,"order_type":"2","areaid":"310108","item_id":119},{"address":"陕西省","access_date":"2017-01-11 09:34:00","account":"h***g","quantity":1,"handle_status":8,"order_type":"2","areaid":"610928","item_id":119},{"address":"江苏省","access_date":"2017-01-10 15:05:52","account":"1***9","quantity":1,"handle_status":8,"order_type":"2","areaid":"321102","item_id":119},{"address":"河南省","access_date":"2017-01-10 14:26:29","account":"v***8","quantity":2,"handle_status":8,"order_type":"2","areaid":"410425","item_id":119},{"address":"黑龙江省","access_date":"2017-01-10 14:16:57","account":"1***7","quantity":1,"handle_status":8,"order_type":"2","areaid":"230505","item_id":119},{"address":"四川省","access_date":"2017-01-10 13:26:09","account":"R***6","quantity":1,"handle_status":8,"order_type":"2","areaid":"510704","item_id":119},{"address":"江苏省","access_date":"2017-01-10 09:41:46","account":"c***o","quantity":1,"handle_status":8,"order_type":"2","areaid":"320582","item_id":119},{"address":"河北省","access_date":"2017-01-10 09:34:07","account":"z***8","quantity":1,"handle_status":8,"order_type":"2","areaid":"130104","item_id":119},{"address":"湖北省","access_date":"2017-01-09 14:17:03","account":"z***9","quantity":1,"handle_status":8,"order_type":"2","areaid":"420222","item_id":119},{"address":"湖北省","access_date":"2017-01-09 14:16:03","account":"z***9","quantity":1,"handle_status":8,"order_type":"2","areaid":"420222","item_id":119},{"address":"四川省","access_date":"2017-01-09 14:12:51","account":"1***k","quantity":1,"handle_status":8,"order_type":"2","areaid":"511802","item_id":119},{"address":"内蒙古自治区","access_date":"2017-01-09 14:06:23","account":"x***6","quantity":1,"handle_status":8,"order_type":"2","areaid":"150204","item_id":119},{"address":"广东省","access_date":"2017-01-09 13:46:36","account":"1***5","quantity":1,"handle_status":8,"order_type":"2","areaid":"440106","item_id":119},{"address":"北京市","access_date":"2017-01-09 13:21:17","account":"土***w","quantity":1,"handle_status":8,"order_type":"2","areaid":"110105","item_id":119},{"address":"广东省","access_date":"2017-01-09 13:12:43","account":"l***a","quantity":1,"handle_status":8,"order_type":"2","areaid":"441322","item_id":119},{"address":"上海市","access_date":"2017-01-09 09:45:20","account":"黄***2","quantity":1,"handle_status":8,"order_type":"2","areaid":"310105","item_id":119},{"address":"上海市","access_date":"2017-01-09 09:31:05","account":"k***h","quantity":1,"handle_status":8,"order_type":"2","areaid":"310104","item_id":119},{"address":"北京市","access_date":"2017-01-08 11:15:16","account":"1***0","quantity":1,"handle_status":8,"order_type":"2","areaid":"110102","item_id":119},{"address":"甘肃省","access_date":"2017-01-08 09:54:17","account":"s***g","quantity":1,"handle_status":8,"order_type":"2","areaid":"620802","item_id":119},{"address":"北京市","access_date":"2017-01-08 09:50:37","account":"1***0","quantity":1,"handle_status":8,"order_type":"2","areaid":"110229","item_id":119},{"address":"河南省","access_date":"2017-01-07 14:54:42","account":"1***7","quantity":1,"handle_status":8,"order_type":"2","areaid":"410482","item_id":119},{"address":"河北省","access_date":"2017-01-07 11:48:59","account":"徐***程","quantity":1,"handle_status":8,"order_type":"2","areaid":"131082","item_id":119},{"address":"广东省","access_date":"2017-01-06 13:12:28","account":"c***g","quantity":1,"handle_status":8,"order_type":"2","areaid":"445203","item_id":119},{"address":"北京市","access_date":"2017-01-06 11:07:55","account":"x***n","quantity":1,"handle_status":8,"order_type":"2","areaid":"110105","item_id":119},{"address":"上海市","access_date":"2017-01-06 11:02:10","account":"c***l","quantity":1,"handle_status":8,"order_type":"2","areaid":"310115","item_id":119},{"address":"北京市","access_date":"2017-01-06 10:49:43","account":"v***n","quantity":2,"handle_status":8,"order_type":"2","areaid":"110105","item_id":119},{"address":"上海市","access_date":"2017-01-04 14:26:23","account":"1***9","quantity":1,"handle_status":8,"order_type":"2","areaid":"310115","item_id":119},{"address":"天津市","access_date":"2017-01-04 13:36:44","account":"z***i","quantity":1,"handle_status":8,"order_type":"2","areaid":"120116","item_id":119},{"address":"山东省","access_date":"2017-01-04 12:50:10","account":"冰***5","quantity":3,"handle_status":8,"order_type":"2","areaid":"371102","item_id":119},{"address":"山西省","access_date":"2017-01-04 12:41:23","account":"1***8","quantity":1,"handle_status":8,"order_type":"2","areaid":"140602","item_id":119},{"address":"辽宁省","access_date":"2017-01-04 11:30:47","account":"s***6","quantity":1,"handle_status":8,"order_type":"2","areaid":"210701","item_id":119},{"address":"辽宁省","access_date":"2017-01-04 11:27:24","account":"s***6","quantity":1,"handle_status":8,"order_type":"2","areaid":"210701","item_id":119},{"address":"云南省","access_date":"2017-01-04 10:35:33","account":"1***5","quantity":2,"handle_status":8,"order_type":"2","areaid":"530103","item_id":119},{"address":"天津市","access_date":"2017-01-04 10:09:36","account":"t***蝶","quantity":1,"handle_status":8,"order_type":"2","areaid":"120116","item_id":119},{"address":"陕西省","access_date":"2017-01-04 09:31:12","account":"m***8","quantity":1,"handle_status":8,"order_type":"2","areaid":"610113","item_id":119},{"address":"北京市","access_date":"2017-01-03 14:40:31","account":"1***9","quantity":1,"handle_status":8,"order_type":"2","areaid":"110102","item_id":119},{"address":"江苏省","access_date":"2017-01-03 12:14:21","account":"森***2","quantity":1,"handle_status":8,"order_type":"2","areaid":"320115","item_id":119},{"address":"山东省","access_date":"2017-01-03 11:40:58","account":"f***2","quantity":1,"handle_status":8,"order_type":"2","areaid":"370305","item_id":119},{"address":"山东省","access_date":"2017-01-03 11:38:41","account":"f***2","quantity":1,"handle_status":8,"order_type":"2","areaid":"370305","item_id":119},{"address":"北京市","access_date":"2017-01-03 11:20:18","account":"s***o","quantity":1,"handle_status":8,"order_type":"2","areaid":"110105","item_id":119},{"address":"山东省","access_date":"2016-12-30 13:46:42","account":"百***文","quantity":1,"handle_status":8,"order_type":"2","areaid":"371621","item_id":119},{"address":"北京市","access_date":"2016-12-30 10:41:40","account":"1***6","quantity":1,"handle_status":8,"order_type":"2","areaid":"110105","item_id":119},{"address":"上海市","access_date":"2016-12-29 16:17:08","account":"顾***毅","quantity":1,"handle_status":8,"order_type":"2","areaid":"310101","item_id":119},{"address":"河北省","access_date":"2016-12-29 15:48:26","account":"1***1","quantity":1,"handle_status":8,"order_type":"2","areaid":"130628","item_id":119},{"address":"天津市","access_date":"2016-12-29 15:46:24","account":"小***兽","quantity":1,"handle_status":8,"order_type":"2","areaid":"120105","item_id":119},{"address":"广东省","access_date":"2016-12-29 15:26:50","account":"g***a","quantity":1,"handle_status":8,"order_type":"2","areaid":"440703","item_id":119},{"address":"广东省","access_date":"2016-12-29 14:29:26","account":"L***8","quantity":1,"handle_status":8,"order_type":"2","areaid":"ff8080814cd0d0f4014cd56f66b80001","item_id":119},{"address":"辽宁省","access_date":"2016-12-29 13:43:54","account":"h***x","quantity":1,"handle_status":8,"order_type":"2","areaid":"211402","item_id":119},{"address":"天津市","access_date":"2016-12-28 14:35:48","account":"l***k","quantity":1,"handle_status":8,"order_type":"2","areaid":"120110","item_id":119},{"address":"河北省","access_date":"2016-12-28 14:34:50","account":"m***j","quantity":1,"handle_status":8,"order_type":"2","areaid":"130503","item_id":119},{"address":"北京市","access_date":"2016-12-28 12:59:57","account":"z***c","quantity":1,"handle_status":8,"order_type":"2","areaid":"110108","item_id":119},{"address":"四川省","access_date":"2016-12-28 12:06:04","account":"w***5","quantity":1,"handle_status":8,"order_type":"2","areaid":"510105","item_id":119},{"address":"山东省","access_date":"2016-12-28 10:32:32","account":"w***o","quantity":1,"handle_status":8,"order_type":"2","areaid":"370103","item_id":119},{"address":"广东省","access_date":"2016-12-28 10:10:02","account":"f***3","quantity":1,"handle_status":8,"order_type":"2","areaid":"440115","item_id":119},{"address":"北京市","access_date":"2016-12-28 09:55:07","account":"c***a","quantity":1,"handle_status":8,"order_type":"2","areaid":"110106","item_id":119},{"address":"广东省","access_date":"2016-12-28 09:52:03","account":"1***5","quantity":1,"handle_status":8,"order_type":"2","areaid":"440301","item_id":119},{"address":"山东省","access_date":"2016-12-28 09:41:53","account":"大***官","quantity":1,"handle_status":8,"order_type":"2","areaid":"371002","item_id":119},{"address":"江苏省","access_date":"2016-12-27 15:37:20","account":"n***u","quantity":1,"handle_status":8,"order_type":"2","areaid":"320106","item_id":119},{"address":"陕西省","access_date":"2016-12-27 15:30:24","account":"1***6","quantity":1,"handle_status":8,"order_type":"2","areaid":"610112","item_id":119},{"address":"广东省","access_date":"2016-12-27 14:54:33","account":"1***8","quantity":1,"handle_status":8,"order_type":"2","areaid":"440105","item_id":119},{"address":"山东省","access_date":"2016-12-27 14:54:32","account":"3***4","quantity":1,"handle_status":8,"order_type":"2","areaid":"370303","item_id":119},{"address":"河北省","access_date":"2016-12-27 14:09:31","account":"o***h","quantity":1,"handle_status":8,"order_type":"2","areaid":"130224","item_id":119},{"address":"山东省","access_date":"2016-12-27 13:58:06","account":"l***d","quantity":1,"handle_status":8,"order_type":"2","areaid":"371302","item_id":119},{"address":"湖南省","access_date":"2016-12-27 13:30:57","account":"1***8","quantity":1,"handle_status":8,"order_type":"2","areaid":"431124","item_id":119},{"address":"广东省","access_date":"2016-12-27 13:26:37","account":"1***1","quantity":1,"handle_status":8,"order_type":"2","areaid":"441523","item_id":119},{"address":"福建省","access_date":"2016-12-27 13:15:47","account":"w***3","quantity":1,"handle_status":8,"order_type":"2","areaid":"350782","item_id":119},{"address":"上海市","access_date":"2016-12-27 13:06:49","account":"a***8","quantity":1,"handle_status":8,"order_type":"2","areaid":"310115","item_id":119},{"address":"湖北省","access_date":"2016-12-21 15:44:31","account":"王***5","quantity":1,"handle_status":8,"order_type":"2","areaid":"421101","item_id":119},{"address":"四川省","access_date":"2016-12-21 14:53:52","account":"老***老","quantity":1,"handle_status":8,"order_type":"2","areaid":"510302","item_id":119},{"address":"北京市","access_date":"2016-12-21 13:08:15","account":"l***n","quantity":1,"handle_status":8,"order_type":"2","areaid":"110108","item_id":119},{"address":"江西省","access_date":"2016-12-21 12:48:40","account":"尚***势","quantity":1,"handle_status":8,"order_type":"2","areaid":"360902","item_id":119},{"address":"广东省","access_date":"2016-12-21 10:59:34","account":"1***9","quantity":1,"handle_status":8,"order_type":"2","areaid":"ff8080814cd0d0f4014cd571e2a50002","item_id":119},{"address":"江苏省","access_date":"2016-12-21 10:26:32","account":"沧***海","quantity":1,"handle_status":8,"order_type":"2","areaid":"320582","item_id":119},{"address":"江苏省","access_date":"2016-12-20 15:16:21","account":"a***4","quantity":1,"handle_status":8,"order_type":"2","areaid":"320412","item_id":119},{"address":"安徽省","access_date":"2016-12-20 11:35:28","account":"w***n","quantity":1,"handle_status":8,"order_type":"2","areaid":"340104","item_id":119},{"address":"辽宁省","access_date":"2016-12-19 16:05:23","account":"h***x","quantity":1,"handle_status":8,"order_type":"2","areaid":"211402","item_id":119},{"address":"广东省","access_date":"2016-12-19 15:38:22","account":"o***u","quantity":1,"handle_status":7,"order_type":"2","areaid":"440303","item_id":119},{"address":"山东省","access_date":"2016-12-19 14:22:46","account":"l***0","quantity":1,"handle_status":8,"order_type":"2","areaid":"370523","item_id":119},{"address":"辽宁省","access_date":"2016-12-19 13:41:32","account":"6***3","quantity":1,"handle_status":8,"order_type":"2","areaid":"210105","item_id":119},{"address":"吉林省","access_date":"2016-12-19 12:06:34","account":"1***0","quantity":1,"handle_status":8,"order_type":"2","areaid":"220702","item_id":119},{"address":"北京市","access_date":"2016-12-19 10:59:17","account":"d***j","quantity":1,"handle_status":8,"order_type":"2","areaid":"110105","item_id":119},{"address":"陕西省","access_date":"2016-12-19 10:00:54","account":"1***6","quantity":1,"handle_status":8,"order_type":"2","areaid":"610112","item_id":119},{"address":"山西省","access_date":"2016-12-19 09:36:08","account":"c***1","quantity":1,"handle_status":8,"order_type":"2","areaid":"140202","item_id":119},{"address":"上海市","access_date":"2016-12-16 16:13:48","account":"l***7","quantity":1,"handle_status":8,"order_type":"2","areaid":"310113","item_id":119},{"address":"浙江省","access_date":"2016-12-16 15:59:56","account":"f***e","quantity":1,"handle_status":8,"order_type":"2","areaid":"330502","item_id":119},{"address":"上海市","access_date":"2016-12-15 16:16:29","account":"1***5","quantity":1,"handle_status":8,"order_type":"2","areaid":"310110","item_id":119},{"address":"山东省","access_date":"2016-12-15 13:12:16","account":"冰***5","quantity":2,"handle_status":8,"order_type":"2","areaid":"371102","item_id":119},{"address":"上海市","access_date":"2016-12-15 11:51:38","account":"b***8","quantity":1,"handle_status":8,"order_type":"2","areaid":"310113","item_id":119},{"address":"山西省","access_date":"2016-12-15 11:30:24","account":"王***发","quantity":1,"handle_status":8,"order_type":"2","areaid":"140402","item_id":119},{"address":"河北省","access_date":"2016-12-15 10:40:18","account":"z***2","quantity":1,"handle_status":8,"order_type":"2","areaid":"130534","item_id":119},{"address":"北京市","access_date":"2016-12-15 09:44:45","account":"1***6","quantity":1,"handle_status":8,"order_type":"2","areaid":"110102","item_id":119},{"address":"河北省","access_date":"2016-12-14 15:49:33","account":"R***i","quantity":1,"handle_status":8,"order_type":"2","areaid":"131003","item_id":119},{"address":"广西壮族自治区","access_date":"2016-12-14 15:14:52","account":"1***6","quantity":1,"handle_status":8,"order_type":"2","areaid":"450103","item_id":119},{"address":"上海市","access_date":"2016-12-14 14:55:31","account":"l***l","quantity":1,"handle_status":8,"order_type":"2","areaid":"310107","item_id":119},{"address":"山西省","access_date":"2016-12-14 13:09:18","account":"s***i","quantity":1,"handle_status":8,"order_type":"2","areaid":"141002","item_id":119},{"address":"北京市","access_date":"2016-12-14 12:01:01","account":"1***6","quantity":1,"handle_status":8,"order_type":"2","areaid":"110102","item_id":119},{"address":"青海省","access_date":"2016-12-14 10:29:55","account":"x***g","quantity":2,"handle_status":8,"order_type":"2","areaid":"630221","item_id":119},{"address":"北京市","access_date":"2016-12-14 10:09:06","account":"p***3","quantity":1,"handle_status":8,"order_type":"2","areaid":"110105","item_id":119},{"address":"北京市","access_date":"2016-12-13 10:52:34","account":"v***y","quantity":1,"handle_status":8,"order_type":"2","areaid":"110108","item_id":119},{"address":"北京市","access_date":"2016-12-13 10:22:52","account":"h***p","quantity":1,"handle_status":8,"order_type":"2","areaid":"110105","item_id":119},{"address":"山东省","access_date":"2016-12-13 10:04:24","account":"w***4","quantity":1,"handle_status":8,"order_type":"2","areaid":"371301","item_id":119},{"address":"辽宁省","access_date":"2016-12-12 13:27:48","account":"匀***8","quantity":1,"handle_status":8,"order_type":"2","areaid":"210782","item_id":119},{"address":"广东省","access_date":"2016-12-12 11:10:13","account":"我***酒","quantity":1,"handle_status":8,"order_type":"2","areaid":"440306","item_id":119},{"address":"浙江省","access_date":"2016-12-12 10:42:01","account":"l***3","quantity":1,"handle_status":8,"order_type":"2","areaid":"330103","item_id":119},{"address":"浙江省","access_date":"2016-12-12 10:28:18","account":"陈***国","quantity":1,"handle_status":8,"order_type":"2","areaid":"330701","item_id":119},{"address":"浙江省","access_date":"2016-12-10 11:18:56","account":"i***i","quantity":1,"handle_status":8,"order_type":"2","areaid":"330483","item_id":119},{"address":"浙江省","access_date":"2016-12-10 11:17:04","account":"i***i","quantity":1,"handle_status":8,"order_type":"2","areaid":"330483","item_id":119},{"address":"浙江省","access_date":"2016-12-10 10:55:29","account":"i***i","quantity":1,"handle_status":8,"order_type":"2","areaid":"330483","item_id":119},{"address":"山西省","access_date":"2016-12-10 09:34:53","account":"f***8","quantity":1,"handle_status":8,"order_type":"2","areaid":"140902","item_id":119},{"address":"上海市","access_date":"2016-12-09 16:26:33","account":"a***9","quantity":1,"handle_status":8,"order_type":"2","areaid":"310106","item_id":119},{"address":"陕西省","access_date":"2016-12-09 14:18:39","account":"糖***宝","quantity":1,"handle_status":8,"order_type":"2","areaid":"610302","item_id":119},{"address":"重庆市","access_date":"2016-12-09 11:16:03","account":"c***e","quantity":1,"handle_status":8,"order_type":"2","areaid":"500112","item_id":119},{"address":"山东省","access_date":"2016-12-09 09:32:16","account":"李***奎","quantity":1,"handle_status":8,"order_type":"2","areaid":"370883","item_id":119},{"address":"上海市","access_date":"2016-12-08 16:00:17","account":"v***9","quantity":1,"handle_status":8,"order_type":"2","areaid":"310113","item_id":119},{"address":"广东省","access_date":"2016-12-08 14:14:48","account":"v***t","quantity":1,"handle_status":8,"order_type":"2","areaid":"440114","item_id":119},{"address":"重庆市","access_date":"2016-12-08 13:27:53","account":"c***e","quantity":1,"handle_status":8,"order_type":"2","areaid":"500112","item_id":119},{"address":"浙江省","access_date":"2016-12-08 10:05:52","account":"1***8","quantity":1,"handle_status":8,"order_type":"2","areaid":"330205","item_id":119},{"address":"上海市","access_date":"2016-12-07 13:38:02","account":"h***7","quantity":1,"handle_status":8,"order_type":"2","areaid":"310105","item_id":119},{"address":"北京市","access_date":"2016-12-07 13:32:57","account":"h***u","quantity":1,"handle_status":8,"order_type":"2","areaid":"110102","item_id":119},{"address":"安徽省","access_date":"2016-12-07 10:52:55","account":"k***3","quantity":1,"handle_status":8,"order_type":"2","areaid":"341103","item_id":119},{"address":"湖南省","access_date":"2016-12-07 10:40:52","account":"c***h","quantity":1,"handle_status":8,"order_type":"2","areaid":"430104","item_id":119},{"address":"甘肃省","access_date":"2016-12-06 15:43:14","account":"1***8","quantity":1,"handle_status":8,"order_type":"2","areaid":"620402","item_id":119},{"address":"北京市","access_date":"2016-12-06 14:45:51","account":"h***p","quantity":1,"handle_status":8,"order_type":"2","areaid":"110105","item_id":119},{"address":"江苏省","access_date":"2016-12-06 10:31:40","account":"j***x","quantity":1,"handle_status":8,"order_type":"2","areaid":"321012","item_id":119},{"address":"广东省","access_date":"2016-12-05 16:02:11","account":"1***1","quantity":1,"handle_status":8,"order_type":"2","areaid":"440307","item_id":119},{"address":"山西省","access_date":"2016-12-05 14:41:13","account":"l***0","quantity":1,"handle_status":8,"order_type":"2","areaid":"140502","item_id":119},{"address":"河北省","access_date":"2016-12-05 14:22:08","account":"苏***平","quantity":1,"handle_status":8,"order_type":"2","areaid":"130638","item_id":119},{"address":"江西省","access_date":"2016-12-05 11:15:52","account":"银***鱼","quantity":1,"handle_status":8,"order_type":"2","areaid":"361023","item_id":119},{"address":"广西壮族自治区","access_date":"2016-12-04 14:23:09","account":"f***8","quantity":1,"handle_status":8,"order_type":"2","areaid":"450103","item_id":119},{"address":"河北省","access_date":"2016-12-04 14:15:16","account":"s***x","quantity":1,"handle_status":8,"order_type":"2","areaid":"130102","item_id":119},{"address":"广东省","access_date":"2016-12-04 12:18:04","account":"i***6","quantity":1,"handle_status":8,"order_type":"2","areaid":"440106","item_id":119},{"address":"江西省","access_date":"2016-12-04 10:34:55","account":"1***6","quantity":1,"handle_status":8,"order_type":"2","areaid":"361102","item_id":119},{"address":"福建省","access_date":"2016-12-03 14:21:36","account":"q***7","quantity":1,"handle_status":8,"order_type":"2","areaid":"350203","item_id":119},{"address":"广东省","access_date":"2016-12-02 14:59:42","account":"j***6","quantity":1,"handle_status":8,"order_type":"2","areaid":"ff8080814cd0d0f4014cd56f66b80001","item_id":119},{"address":"广东省","access_date":"2016-12-02 11:15:39","account":"1***7","quantity":1,"handle_status":8,"order_type":"2","areaid":"440304","item_id":119},{"address":"江苏省","access_date":"2016-12-02 10:55:01","account":"j***y","quantity":1,"handle_status":8,"order_type":"2","areaid":"320602","item_id":119},{"address":"浙江省","access_date":"2016-12-02 09:43:56","account":"t***6","quantity":1,"handle_status":8,"order_type":"2","areaid":"330483","item_id":119},{"address":"湖北省","access_date":"2016-12-01 15:49:15","account":"m***4","quantity":1,"handle_status":8,"order_type":"2","areaid":"420106","item_id":119},{"address":"湖南省","access_date":"2016-12-01 13:55:52","account":"1***2","quantity":1,"handle_status":8,"order_type":"2","areaid":"430524","item_id":119},{"address":"内蒙古自治区","access_date":"2016-12-01 11:56:59","account":"东***明","quantity":1,"handle_status":8,"order_type":"2","areaid":"150627","item_id":119},{"address":"内蒙古自治区","access_date":"2016-12-01 11:45:00","account":"东***明","quantity":1,"handle_status":8,"order_type":"2","areaid":"150627","item_id":119},{"address":"河北省","access_date":"2016-12-01 10:10:07","account":"M***o","quantity":1,"handle_status":8,"order_type":"2","areaid":"130602","item_id":119},{"address":"江苏省","access_date":"2016-12-01 09:48:26","account":"h***2","quantity":1,"handle_status":8,"order_type":"2","areaid":"320311","item_id":119},{"address":"北京市","access_date":"2016-12-01 09:41:16","account":"p***8","quantity":1,"handle_status":8,"order_type":"2","areaid":"110108","item_id":119},{"address":"上海市","access_date":"2016-11-30 15:15:03","account":"s***y","quantity":1,"handle_status":8,"order_type":"2","areaid":"310112","item_id":119},{"address":"江苏省","access_date":"2016-11-30 14:59:22","account":"老***树","quantity":1,"handle_status":8,"order_type":"2","areaid":"320402","item_id":119},{"address":"湖南省","access_date":"2016-11-30 14:22:59","account":"j***8","quantity":1,"handle_status":8,"order_type":"2","areaid":"430111","item_id":119},{"address":"上海市","access_date":"2016-11-30 13:25:05","account":"珍***麻","quantity":1,"handle_status":8,"order_type":"2","areaid":"310113","item_id":119},{"address":"福建省","access_date":"2016-11-30 12:01:53","account":"o***k","quantity":1,"handle_status":8,"order_type":"2","areaid":"350723","item_id":119},{"address":"北京市","access_date":"2016-11-30 10:25:49","account":"j***r","quantity":1,"handle_status":8,"order_type":"2","areaid":"110107","item_id":119},{"address":"北京市","access_date":"2016-11-30 09:50:43","account":"s***3","quantity":1,"handle_status":8,"order_type":"2","areaid":"110107","item_id":119},{"address":"浙江省","access_date":"2016-11-29 11:18:02","account":"陈***国","quantity":1,"handle_status":8,"order_type":"2","areaid":"330701","item_id":119},{"address":"山西省","access_date":"2016-11-29 10:48:17","account":"1***6","quantity":1,"handle_status":8,"order_type":"2","areaid":"140402","item_id":119},{"address":"湖北省","access_date":"2016-11-29 09:33:21","account":"y***7","quantity":1,"handle_status":8,"order_type":"2","areaid":"421201","item_id":119},{"address":"内蒙古自治区","access_date":"2016-11-28 14:13:44","account":"解***亮","quantity":1,"handle_status":8,"order_type":"2","areaid":"150203","item_id":119},{"address":"湖南省","access_date":"2016-11-28 13:09:08","account":"大***门","quantity":1,"handle_status":8,"order_type":"2","areaid":"430482","item_id":119},{"address":"江西省","access_date":"2016-11-28 09:48:40","account":"s***3","quantity":1,"handle_status":8,"order_type":"2","areaid":"360103","item_id":119},{"address":"山东省","access_date":"2016-11-27 15:06:57","account":"w***4","quantity":2,"handle_status":8,"order_type":"2","areaid":"371301","item_id":119},{"address":"山东省","access_date":"2016-11-27 13:11:53","account":"w***4","quantity":1,"handle_status":8,"order_type":"2","areaid":"371301","item_id":119},{"address":"江西省","access_date":"2016-11-27 12:32:23","account":"g***n","quantity":1,"handle_status":8,"order_type":"2","areaid":"360103","item_id":119},{"address":"上海市","access_date":"2016-11-27 11:58:02","account":"l***1","quantity":1,"handle_status":8,"order_type":"2","areaid":"310112","item_id":119},{"address":"江苏省","access_date":"2016-11-27 10:41:58","account":"y***9","quantity":1,"handle_status":8,"order_type":"2","areaid":"320404","item_id":119},{"address":"浙江省","access_date":"2016-11-26 11:46:10","account":"大***也","quantity":1,"handle_status":8,"order_type":"2","areaid":"330324","item_id":119},{"address":"辽宁省","access_date":"2016-11-26 10:36:24","account":"l***1","quantity":1,"handle_status":8,"order_type":"2","areaid":"211302","item_id":119},{"address":"北京市","access_date":"2016-11-25 16:03:38","account":"1***8","quantity":1,"handle_status":8,"order_type":"2","areaid":"110101","item_id":119},{"address":"江苏省","access_date":"2016-11-25 15:42:01","account":"Z***1","quantity":1,"handle_status":8,"order_type":"2","areaid":"320104","item_id":119},{"address":"安徽省","access_date":"2016-11-25 15:35:44","account":"h***8","quantity":1,"handle_status":8,"order_type":"2","areaid":"340104","item_id":119},{"address":"江西省","access_date":"2016-11-25 15:08:18","account":"1***6","quantity":1,"handle_status":8,"order_type":"2","areaid":"361102","item_id":119},{"address":"福建省","access_date":"2016-11-25 14:53:35","account":"1***9","quantity":1,"handle_status":8,"order_type":"2","areaid":"350182","item_id":119},{"address":"上海市","access_date":"2016-11-25 13:24:46","account":"w***y","quantity":1,"handle_status":8,"order_type":"2","areaid":"310107","item_id":119},{"address":"内蒙古自治区","access_date":"2016-11-25 11:08:24","account":"I***s","quantity":1,"handle_status":8,"order_type":"2","areaid":"150622","item_id":119},{"address":"四川省","access_date":"2016-11-25 10:59:02","account":"棉***裤","quantity":1,"handle_status":8,"order_type":"2","areaid":"510101","item_id":119},{"address":"四川省","access_date":"2016-11-25 10:41:31","account":"5***u","quantity":1,"handle_status":8,"order_type":"2","areaid":"510105","item_id":119},{"address":"浙江省","access_date":"2016-11-25 10:34:38","account":"a***0","quantity":1,"handle_status":8,"order_type":"2","areaid":"330802","item_id":119},{"address":"湖北省","access_date":"2016-11-25 10:14:30","account":"l***2","quantity":1,"handle_status":8,"order_type":"2","areaid":"420105","item_id":119},{"address":"江西省","access_date":"2016-11-25 10:10:21","account":"y***6","quantity":1,"handle_status":8,"order_type":"2","areaid":"360102","item_id":119},{"address":"江苏省","access_date":"2016-11-25 09:39:18","account":"d***Z","quantity":2,"handle_status":8,"order_type":"2","areaid":"320508","item_id":119},{"address":"山西省","access_date":"2016-11-24 16:08:27","account":"D***5","quantity":2,"handle_status":8,"order_type":"2","areaid":"140202","item_id":119},{"address":"浙江省","access_date":"2016-11-24 16:07:06","account":"a***0","quantity":1,"handle_status":8,"order_type":"2","areaid":"330802","item_id":119},{"address":"广东省","access_date":"2016-11-24 12:39:19","account":"曾***坚","quantity":1,"handle_status":8,"order_type":"2","areaid":"441424","item_id":119},{"address":"广西壮族自治区","access_date":"2016-11-24 12:10:30","account":"i***7","quantity":1,"handle_status":8,"order_type":"2","areaid":"450103","item_id":119},{"address":"江苏省","access_date":"2016-11-24 11:37:33","account":"d***Z","quantity":1,"handle_status":8,"order_type":"2","areaid":"320508","item_id":119},{"address":"河北省","access_date":"2016-11-24 11:04:08","account":"l***o","quantity":1,"handle_status":8,"order_type":"2","areaid":"130602","item_id":119},{"address":"河南省","access_date":"2016-11-24 11:01:08","account":"G***3","quantity":1,"handle_status":8,"order_type":"2","areaid":"410105","item_id":119},{"address":"黑龙江省","access_date":"2016-11-23 12:16:28","account":"c***u","quantity":1,"handle_status":8,"order_type":"2","areaid":"230403","item_id":119},{"address":"江苏省","access_date":"2016-11-23 10:33:48","account":"1***8","quantity":1,"handle_status":8,"order_type":"2","areaid":"320581","item_id":119},{"address":"广东省","access_date":"2016-11-22 09:38:30","account":"w***8","quantity":1,"handle_status":8,"order_type":"2","areaid":"440304","item_id":119},{"address":"山东省","access_date":"2016-11-21 16:04:26","account":"k***7","quantity":1,"handle_status":8,"order_type":"2","areaid":"370112","item_id":119},{"address":"上海市","access_date":"2016-11-21 11:18:30","account":"w***i","quantity":1,"handle_status":8,"order_type":"2","areaid":"310101","item_id":119},{"address":"江西省","access_date":"2016-11-21 11:07:06","account":"o***g","quantity":1,"handle_status":8,"order_type":"2","areaid":"361001","item_id":119},{"address":"北京市","access_date":"2016-11-21 10:46:46","account":"k***n","quantity":1,"handle_status":8,"order_type":"2","areaid":"110108","item_id":119},{"address":"山西省","access_date":"2016-11-21 09:34:05","account":"l***2","quantity":1,"handle_status":8,"order_type":"2","areaid":"140106","item_id":119},{"address":"上海市","access_date":"2016-11-20 10:58:37","account":"m***7","quantity":1,"handle_status":8,"order_type":"2","areaid":"310101","item_id":119},{"address":"江苏省","access_date":"2016-11-19 15:17:01","account":"1***6","quantity":1,"handle_status":8,"order_type":"2","areaid":"320114","item_id":119},{"address":"广东省","access_date":"2016-11-19 13:48:07","account":"1***1","quantity":1,"handle_status":8,"order_type":"2","areaid":"440111","item_id":119},{"address":"上海市","access_date":"2016-11-18 15:47:02","account":"c***v","quantity":1,"handle_status":8,"order_type":"2","areaid":"310114","item_id":119},{"address":"浙江省","access_date":"2016-11-18 15:28:55","account":"赵***新","quantity":1,"handle_status":8,"order_type":"2","areaid":"330726","item_id":119},{"address":"北京市","access_date":"2016-11-18 14:59:49","account":"李***建","quantity":1,"handle_status":8,"order_type":"2","areaid":"110107","item_id":119},{"address":"山西省","access_date":"2016-11-18 14:18:32","account":"l***2","quantity":1,"handle_status":8,"order_type":"2","areaid":"140106","item_id":119},{"address":"河北省","access_date":"2016-11-18 10:45:51","account":"李***8","quantity":1,"handle_status":8,"order_type":"2","areaid":"130104","item_id":119},{"address":"北京市","access_date":"2016-11-18 09:38:03","account":"k***n","quantity":1,"handle_status":8,"order_type":"2","areaid":"110108","item_id":119},{"address":"湖北省","access_date":"2016-11-17 14:06:58","account":"a***8","quantity":1,"handle_status":8,"order_type":"2","areaid":"420112","item_id":119},{"address":"上海市","access_date":"2016-11-17 12:43:49","account":"三***方","quantity":1,"handle_status":8,"order_type":"2","areaid":"310116","item_id":119},{"address":"山西省","access_date":"2016-11-17 09:57:23","account":"L***G","quantity":1,"handle_status":8,"order_type":"2","areaid":"140109","item_id":119},{"address":"江苏省","access_date":"2016-11-17 09:43:44","account":"w***6","quantity":1,"handle_status":8,"order_type":"2","areaid":"320281","item_id":119},{"address":"上海市","access_date":"2016-11-16 14:49:35","account":"l***x","quantity":1,"handle_status":8,"order_type":"2","areaid":"310109","item_id":119},{"address":"江苏省","access_date":"2016-11-16 14:26:15","account":"z***1","quantity":1,"handle_status":8,"order_type":"2","areaid":"320612","item_id":119},{"address":"江苏省","access_date":"2016-11-16 14:07:00","account":"j***8","quantity":1,"handle_status":8,"order_type":"2","areaid":"320507","item_id":119},{"address":"河南省","access_date":"2016-11-16 13:57:08","account":"4***5","quantity":1,"handle_status":8,"order_type":"2","areaid":"410181","item_id":119},{"address":"甘肃省","access_date":"2016-11-16 13:20:55","account":"曹***琛","quantity":1,"handle_status":8,"order_type":"2","areaid":"623001","item_id":119},{"address":"山西省","access_date":"2016-11-16 13:08:20","account":"L***G","quantity":1,"handle_status":8,"order_type":"2","areaid":"140109","item_id":119},{"address":"湖北省","access_date":"2016-11-16 11:55:57","account":"z***n","quantity":1,"handle_status":8,"order_type":"2","areaid":"420111","item_id":119},{"address":"江西省","access_date":"2016-11-16 11:29:04","account":"林***l","quantity":1,"handle_status":8,"order_type":"2","areaid":"360111","item_id":119},{"address":"江西省","access_date":"2016-11-16 10:39:44","account":"1***6","quantity":1,"handle_status":8,"order_type":"2","areaid":"360102","item_id":119},{"address":"河北省","access_date":"2016-11-16 10:24:59","account":"s***x","quantity":1,"handle_status":8,"order_type":"2","areaid":"130102","item_id":119},{"address":"江苏省","access_date":"2016-11-16 09:45:10","account":"J***D","quantity":1,"handle_status":8,"order_type":"2","areaid":"320684","item_id":119},{"address":"江苏省","access_date":"2016-11-16 09:40:55","account":"r***o","quantity":1,"handle_status":8,"order_type":"2","areaid":"320602","item_id":119},{"address":"山东省","access_date":"2016-11-15 16:29:56","account":"t***9","quantity":1,"handle_status":8,"order_type":"2","areaid":"370304","item_id":119},{"address":"广东省","access_date":"2016-11-15 16:18:00","account":"A***n","quantity":1,"handle_status":8,"order_type":"2","areaid":"440306","item_id":119},{"address":"北京市","access_date":"2016-11-15 15:41:09","account":"z***n","quantity":1,"handle_status":8,"order_type":"2","areaid":"110105","item_id":119},{"address":"北京市","access_date":"2016-11-15 14:19:58","account":"e***c","quantity":2,"handle_status":8,"order_type":"2","areaid":"110105","item_id":119},{"address":"江苏省","access_date":"2016-11-15 13:50:09","account":"1***0","quantity":1,"handle_status":8,"order_type":"2","areaid":"320204","item_id":119},{"address":"上海市","access_date":"2016-11-15 13:41:07","account":"1***3","quantity":1,"handle_status":8,"order_type":"2","areaid":"310115","item_id":119},{"address":"山东省","access_date":"2016-11-15 12:23:23","account":"t***9","quantity":1,"handle_status":8,"order_type":"2","areaid":"370304","item_id":119},{"address":"吉林省","access_date":"2016-11-15 11:17:58","account":"q***2","quantity":1,"handle_status":8,"order_type":"2","areaid":"220105","item_id":119},{"address":"江苏省","access_date":"2016-11-15 10:52:43","account":"t***2","quantity":1,"handle_status":8,"order_type":"2","areaid":"320581","item_id":119},{"address":"江苏省","access_date":"2016-11-15 10:40:06","account":"d***2","quantity":1,"handle_status":8,"order_type":"2","areaid":"320581","item_id":119},{"address":"广东省","access_date":"2016-11-15 09:52:52","account":"g***z","quantity":1,"handle_status":8,"order_type":"2","areaid":"440115","item_id":119},{"address":"浙江省","access_date":"2016-11-14 15:24:35","account":"小***f","quantity":1,"handle_status":8,"order_type":"2","areaid":"330483","item_id":119},{"address":"四川省","access_date":"2016-11-14 15:10:11","account":"w***8","quantity":1,"handle_status":8,"order_type":"2","areaid":"510703","item_id":119},{"address":"江西省","access_date":"2016-11-14 14:19:22","account":"q***8","quantity":1,"handle_status":8,"order_type":"2","areaid":"360402","item_id":119},{"address":"山东省","access_date":"2016-11-14 13:48:00","account":"醉***风","quantity":1,"handle_status":8,"order_type":"2","areaid":"371402","item_id":119},{"address":"山东省","access_date":"2016-11-14 13:30:55","account":"g***g","quantity":1,"handle_status":8,"order_type":"2","areaid":"370102","item_id":119},{"address":"山东省","access_date":"2016-11-14 11:53:45","account":"l***b","quantity":1,"handle_status":8,"order_type":"2","areaid":"370611","item_id":119},{"address":"广东省","access_date":"2016-11-14 11:41:39","account":"r***r","quantity":1,"handle_status":8,"order_type":"2","areaid":"445122","item_id":119},{"address":"北京市","access_date":"2016-11-14 11:40:59","account":"1***6","quantity":1,"handle_status":8,"order_type":"2","areaid":"110102","item_id":119},{"address":"福建省","access_date":"2016-11-14 11:24:03","account":"j***n","quantity":1,"handle_status":8,"order_type":"2","areaid":"350203","item_id":119},{"address":"上海市","access_date":"2016-11-14 11:12:00","account":"y***g","quantity":1,"handle_status":8,"order_type":"2","areaid":"310107","item_id":119},{"address":"广东省","access_date":"2016-11-14 11:02:34","account":"1***0","quantity":1,"handle_status":8,"order_type":"2","areaid":"440116","item_id":119},{"address":"上海市","access_date":"2016-11-14 09:44:53","account":"r***f","quantity":1,"handle_status":8,"order_type":"2","areaid":"310104","item_id":119},{"address":"浙江省","access_date":"2016-11-14 09:42:53","account":"天***唱","quantity":1,"handle_status":8,"order_type":"2","areaid":"330109","item_id":119},{"address":"江西省","access_date":"2016-11-14 09:42:11","account":"w***8","quantity":1,"handle_status":8,"order_type":"2","areaid":"360104","item_id":119},{"address":"山东省","access_date":"2016-11-14 09:32:13","account":"1***9","quantity":1,"handle_status":8,"order_type":"2","areaid":"371725","item_id":119},{"address":"上海市","access_date":"2016-11-13 15:47:44","account":"l***9","quantity":1,"handle_status":8,"order_type":"2","areaid":"310104","item_id":119},{"address":"青海省","access_date":"2016-11-13 11:46:37","account":"q***n","quantity":1,"handle_status":8,"order_type":"2","areaid":"630103","item_id":119},{"address":"山东省","access_date":"2016-11-12 15:20:19","account":"r***g","quantity":1,"handle_status":8,"order_type":"2","areaid":"371082","item_id":119},{"address":"上海市","access_date":"2016-11-12 14:52:36","account":"j***h","quantity":1,"handle_status":8,"order_type":"2","areaid":"310105","item_id":119},{"address":"天津市","access_date":"2016-11-12 14:15:33","account":"w***g","quantity":1,"handle_status":8,"order_type":"2","areaid":"120104","item_id":119},{"address":"云南省","access_date":"2016-11-12 13:40:44","account":"1***2","quantity":1,"handle_status":8,"order_type":"2","areaid":"530112","item_id":119},{"address":"河北省","access_date":"2016-11-12 12:37:00","account":"l***8","quantity":1,"handle_status":8,"order_type":"2","areaid":"130105","item_id":119},{"address":"上海市","access_date":"2016-11-12 11:02:18","account":"1***0","quantity":1,"handle_status":8,"order_type":"2","areaid":"310113","item_id":119},{"address":"广西壮族自治区","access_date":"2016-11-11 15:26:30","account":"天***马","quantity":1,"handle_status":8,"order_type":"2","areaid":"450105","item_id":119},{"address":"江西省","access_date":"2016-11-11 14:55:36","account":"n***q","quantity":1,"handle_status":8,"order_type":"2","areaid":"360101","item_id":119},{"address":"北京市","access_date":"2016-11-11 14:21:58","account":"1***0","quantity":1,"handle_status":8,"order_type":"2","areaid":"110102","item_id":119},{"address":"河北省","access_date":"2016-11-11 13:41:06","account":"s***7","quantity":1,"handle_status":8,"order_type":"2","areaid":"130581","item_id":119},{"address":"北京市","access_date":"2016-11-11 13:37:13","account":"h***g","quantity":1,"handle_status":8,"order_type":"2","areaid":"110102","item_id":119},{"address":"江苏省","access_date":"2016-11-11 12:00:01","account":"1***8","quantity":1,"handle_status":8,"order_type":"2","areaid":"320581","item_id":119},{"address":"江苏省","access_date":"2016-11-11 10:18:22","account":"d***1","quantity":1,"handle_status":8,"order_type":"2","areaid":"320113","item_id":119},{"address":"湖北省","access_date":"2016-11-11 10:05:21","account":"m***4","quantity":1,"handle_status":8,"order_type":"2","areaid":"420106","item_id":119},{"address":"北京市","access_date":"2016-11-11 09:54:09","account":"s***i","quantity":1,"handle_status":8,"order_type":"2","areaid":"110108","item_id":119},{"address":"天津市","access_date":"2016-11-11 09:31:50","account":"i***4","quantity":1,"handle_status":8,"order_type":"2","areaid":"120104","item_id":119},{"address":"广东省","access_date":"2016-11-11 09:30:50","account":"林***4","quantity":2,"handle_status":8,"order_type":"2","areaid":"ff8080814cd0d0f4014cd56f66b80001","item_id":119},{"address":"浙江省","access_date":"2016-11-10 16:10:59","account":"f***e","quantity":1,"handle_status":8,"order_type":"2","areaid":"330502","item_id":119},{"address":"河北省","access_date":"2016-11-10 15:25:07","account":"蓝***6","quantity":1,"handle_status":8,"order_type":"2","areaid":"130402","item_id":119},{"address":"广东省","access_date":"2016-11-10 14:40:48","account":"c***e","quantity":1,"handle_status":8,"order_type":"2","areaid":"441202","item_id":119},{"address":"河南省","access_date":"2016-11-10 12:58:45","account":"王***亮","quantity":1,"handle_status":8,"order_type":"2","areaid":"410105","item_id":119},{"address":"山东省","access_date":"2016-11-10 11:40:56","account":"青***毅","quantity":1,"handle_status":8,"order_type":"2","areaid":"370212","item_id":119},{"address":"山西省","access_date":"2016-11-10 11:08:04","account":"1***4","quantity":1,"handle_status":8,"order_type":"2","areaid":"140109","item_id":119},{"address":"江西省","access_date":"2016-11-10 10:51:03","account":"v***g","quantity":2,"handle_status":8,"order_type":"2","areaid":"361122","item_id":119},{"address":"上海市","access_date":"2016-11-10 10:39:14","account":"h***0","quantity":1,"handle_status":8,"order_type":"2","areaid":"310101","item_id":119},{"address":"江苏省","access_date":"2016-11-10 10:38:15","account":"q***1","quantity":1,"handle_status":8,"order_type":"2","areaid":"320203","item_id":119},{"address":"上海市","access_date":"2016-11-10 10:36:24","account":"h***0","quantity":1,"handle_status":8,"order_type":"2","areaid":"310101","item_id":119},{"address":"山东省","access_date":"2016-11-10 10:32:11","account":"百***文","quantity":2,"handle_status":8,"order_type":"2","areaid":"371621","item_id":119},{"address":"山东省","access_date":"2016-11-10 10:23:22","account":"百***文","quantity":3,"handle_status":8,"order_type":"2","areaid":"371621","item_id":119},{"address":"陕西省","access_date":"2016-11-10 09:52:47","account":"1***7","quantity":1,"handle_status":8,"order_type":"2","areaid":"610113","item_id":119},{"address":"黑龙江省","access_date":"2016-11-10 09:51:10","account":"1***9","quantity":1,"handle_status":8,"order_type":"2","areaid":"230103","item_id":119},{"address":"山东省","access_date":"2016-11-09 10:23:09","account":"平***3","quantity":1,"handle_status":8,"order_type":"2","areaid":"371323","item_id":119},{"address":"安徽省","access_date":"2016-11-09 10:08:55","account":"n***6","quantity":1,"handle_status":8,"order_type":"2","areaid":"340104","item_id":119},{"address":"辽宁省","access_date":"2016-11-09 09:45:28","account":"x***0","quantity":1,"handle_status":8,"order_type":"2","areaid":"210103","item_id":119},{"address":"福建省","access_date":"2016-11-09 09:34:31","account":"l***5","quantity":1,"handle_status":8,"order_type":"2","areaid":"350802","item_id":119},{"address":"江苏省","access_date":"2016-11-08 15:13:36","account":"w***h","quantity":1,"handle_status":8,"order_type":"2","areaid":"320681","item_id":119},{"address":"上海市","access_date":"2016-11-08 13:59:54","account":"f***3","quantity":1,"handle_status":8,"order_type":"2","areaid":"310101","item_id":119},{"address":"内蒙古自治区","access_date":"2016-11-08 13:26:09","account":"z***i","quantity":1,"handle_status":8,"order_type":"2","areaid":"150102","item_id":119},{"address":"甘肃省","access_date":"2016-11-08 11:36:44","account":"z***7","quantity":1,"handle_status":8,"order_type":"2","areaid":"620982","item_id":119},{"address":"湖北省","access_date":"2016-11-08 10:27:52","account":"l***1","quantity":1,"handle_status":8,"order_type":"2","areaid":"420112","item_id":119},{"address":"黑龙江省","access_date":"2016-11-07 11:49:37","account":"q***a","quantity":1,"handle_status":8,"order_type":"2","areaid":"231102","item_id":119},{"address":"黑龙江省","access_date":"2016-11-07 11:44:44","account":"q***a","quantity":1,"handle_status":8,"order_type":"2","areaid":"231102","item_id":119},{"address":"福建省","access_date":"2016-11-07 10:43:00","account":"s***n","quantity":1,"handle_status":8,"order_type":"2","areaid":"350104","item_id":119},{"address":"浙江省","access_date":"2016-11-07 10:03:32","account":"h***q","quantity":1,"handle_status":8,"order_type":"2","areaid":"330109","item_id":119},{"address":"四川省","access_date":"2016-11-07 09:53:17","account":"q***1","quantity":1,"handle_status":8,"order_type":"2","areaid":"511423","item_id":119},{"address":"辽宁省","access_date":"2016-11-07 09:35:01","account":"d***8","quantity":1,"handle_status":8,"order_type":"2","areaid":"210112","item_id":119},{"address":"福建省","access_date":"2016-11-06 12:30:06","account":"j***4","quantity":1,"handle_status":8,"order_type":"2","areaid":"350702","item_id":119},{"address":"江西省","access_date":"2016-11-06 11:23:16","account":"o***g","quantity":1,"handle_status":8,"order_type":"2","areaid":"361001","item_id":119},{"address":"黑龙江省","access_date":"2016-11-06 11:14:04","account":"z***t","quantity":1,"handle_status":8,"order_type":"2","areaid":"230202","item_id":119},{"address":"江西省","access_date":"2016-11-06 10:11:56","account":"王***舰","quantity":1,"handle_status":8,"order_type":"2","areaid":"360430","item_id":119},{"address":"上海市","access_date":"2016-11-05 13:48:24","account":"1***3","quantity":1,"handle_status":8,"order_type":"2","areaid":"310113","item_id":119},{"address":"江苏省","access_date":"2016-11-04 13:01:06","account":"1***6","quantity":1,"handle_status":8,"order_type":"2","areaid":"320211","item_id":119},{"address":"山东省","access_date":"2016-11-04 12:53:26","account":"j***x","quantity":1,"handle_status":8,"order_type":"2","areaid":"370112","item_id":119},{"address":"吉林省","access_date":"2016-11-04 10:29:18","account":"s***g","quantity":1,"handle_status":8,"order_type":"2","areaid":"220523","item_id":119},{"address":"福建省","access_date":"2016-11-04 10:20:48","account":"q***8","quantity":1,"handle_status":8,"order_type":"2","areaid":"350104","item_id":119},{"address":"浙江省","access_date":"2016-11-04 09:38:21","account":"1***0","quantity":1,"handle_status":8,"order_type":"2","areaid":"330303","item_id":119},{"address":"江苏省","access_date":"2016-11-04 09:32:04","account":"1***6","quantity":1,"handle_status":8,"order_type":"2","areaid":"320404","item_id":119},{"address":"山西省","access_date":"2016-11-03 14:38:34","account":"张***1","quantity":1,"handle_status":8,"order_type":"2","areaid":"140109","item_id":119},{"address":"山东省","access_date":"2016-11-03 14:04:25","account":"t***9","quantity":1,"handle_status":8,"order_type":"2","areaid":"370304","item_id":119},{"address":"山东省","access_date":"2016-11-03 13:56:25","account":"c***7","quantity":1,"handle_status":8,"order_type":"2","areaid":"370611","item_id":119},{"address":"广东省","access_date":"2016-11-03 13:28:58","account":"d***g","quantity":1,"handle_status":8,"order_type":"2","areaid":"440605","item_id":119},{"address":"上海市","access_date":"2016-11-03 11:23:35","account":"美***珍","quantity":1,"handle_status":8,"order_type":"2","areaid":"310104","item_id":119},{"address":"广东省","access_date":"2016-11-03 11:13:43","account":"x***g","quantity":1,"handle_status":8,"order_type":"2","areaid":"440304","item_id":119},{"address":"上海市","access_date":"2016-11-03 10:09:30","account":"美***珍","quantity":1,"handle_status":8,"order_type":"2","areaid":"310104","item_id":119},{"address":"辽宁省","access_date":"2016-11-03 09:39:40","account":"t***3","quantity":1,"handle_status":8,"order_type":"2","areaid":"210302","item_id":119},{"address":"广东省","access_date":"2016-11-02 14:14:34","account":"x***n","quantity":1,"handle_status":8,"order_type":"2","areaid":"441502","item_id":119},{"address":"江苏省","access_date":"2016-11-02 14:01:52","account":"h***4","quantity":1,"handle_status":8,"order_type":"2","areaid":"320114","item_id":119},{"address":"黑龙江省","access_date":"2016-11-02 13:57:28","account":"k***i","quantity":2,"handle_status":8,"order_type":"2","areaid":"230624","item_id":119},{"address":"上海市","access_date":"2016-11-02 13:49:29","account":"1***1","quantity":1,"handle_status":8,"order_type":"2","areaid":"310117","item_id":119},{"address":"甘肃省","access_date":"2016-11-02 13:43:24","account":"y***0","quantity":1,"handle_status":8,"order_type":"2","areaid":"621102","item_id":119},{"address":"辽宁省","access_date":"2016-11-02 13:36:56","account":"1***7","quantity":1,"handle_status":8,"order_type":"2","areaid":"210504","item_id":119},{"address":"福建省","access_date":"2016-11-02 12:39:19","account":"l***3","quantity":1,"handle_status":8,"order_type":"2","areaid":"350426","item_id":119},{"address":"浙江省","access_date":"2016-11-02 11:45:57","account":"s***y","quantity":1,"handle_status":8,"order_type":"2","areaid":"330702","item_id":119},{"address":"江苏省","access_date":"2016-11-02 11:33:03","account":"l***u","quantity":1,"handle_status":8,"order_type":"2","areaid":"320115","item_id":119},{"address":"江苏省","access_date":"2016-11-02 11:26:00","account":"陈***美","quantity":2,"handle_status":8,"order_type":"2","areaid":"320602","item_id":119},{"address":"山东省","access_date":"2016-11-02 11:01:03","account":"阳***俊","quantity":1,"handle_status":8,"order_type":"2","areaid":"370522","item_id":119},{"address":"河北省","access_date":"2016-11-02 10:51:23","account":"m***n","quantity":1,"handle_status":8,"order_type":"2","areaid":"130105","item_id":119},{"address":"安徽省","access_date":"2016-11-02 10:42:41","account":"0***0","quantity":1,"handle_status":8,"order_type":"2","areaid":"340603","item_id":119},{"address":"青海省","access_date":"2016-11-02 10:38:01","account":"s***8","quantity":1,"handle_status":8,"order_type":"2","areaid":"632801","item_id":119},{"address":"江苏省","access_date":"2016-11-02 10:34:46","account":"于***币","quantity":1,"handle_status":8,"order_type":"2","areaid":"321302","item_id":119},{"address":"北京市","access_date":"2016-11-02 10:27:30","account":"m***j","quantity":1,"handle_status":8,"order_type":"2","areaid":"110105","item_id":119},{"address":"内蒙古自治区","access_date":"2016-11-02 10:11:38","account":"1***i","quantity":1,"handle_status":8,"order_type":"2","areaid":"150421","item_id":119},{"address":"上海市","access_date":"2016-11-02 09:56:17","account":"s***e","quantity":1,"handle_status":8,"order_type":"2","areaid":"310115","item_id":119},{"address":"浙江省","access_date":"2016-11-02 09:47:11","account":"h***p","quantity":1,"handle_status":8,"order_type":"2","areaid":"330782","item_id":119},{"address":"上海市","access_date":"2016-11-02 09:43:57","account":"s***e","quantity":1,"handle_status":8,"order_type":"2","areaid":"310115","item_id":119},{"address":"山东省","access_date":"2016-10-31 15:33:25","account":"f***2","quantity":1,"handle_status":8,"order_type":"2","areaid":"371121","item_id":119},{"address":"广东省","access_date":"2016-10-31 15:29:01","account":"l***7","quantity":1,"handle_status":8,"order_type":"2","areaid":"440306","item_id":119},{"address":"山东省","access_date":"2016-10-31 15:26:01","account":"z***g","quantity":1,"handle_status":8,"order_type":"2","areaid":"370681","item_id":119},{"address":"天津市","access_date":"2016-10-31 15:01:36","account":"l***y","quantity":1,"handle_status":8,"order_type":"2","areaid":"120114","item_id":119},{"address":"湖南省","access_date":"2016-10-31 14:57:58","account":"d***9","quantity":1,"handle_status":8,"order_type":"2","areaid":"430304","item_id":119},{"address":"江西省","access_date":"2016-10-31 14:36:00","account":"w***z","quantity":1,"handle_status":8,"order_type":"2","areaid":"360982","item_id":119},{"address":"广东省","access_date":"2016-10-31 14:29:53","account":"z***u","quantity":1,"handle_status":8,"order_type":"2","areaid":"ff8080814cd0d0f4014cd56f66b80001","item_id":119},{"address":"河南省","access_date":"2016-10-31 14:08:47","account":"C***4","quantity":1,"handle_status":8,"order_type":"2","areaid":"411481","item_id":119},{"address":"江苏省","access_date":"2016-10-31 13:50:37","account":"电***二","quantity":1,"handle_status":8,"order_type":"2","areaid":"321003","item_id":119},{"address":"上海市","access_date":"2016-10-31 13:21:44","account":"S***7","quantity":1,"handle_status":8,"order_type":"2","areaid":"310105","item_id":119},{"address":"上海市","access_date":"2016-10-31 13:13:03","account":"h***u","quantity":1,"handle_status":8,"order_type":"2","areaid":"310117","item_id":119},{"address":"辽宁省","access_date":"2016-10-31 13:02:30","account":"j***y","quantity":1,"handle_status":8,"order_type":"2","areaid":"210106","item_id":119},{"address":"浙江省","access_date":"2016-10-31 12:57:55","account":"d***i","quantity":1,"handle_status":8,"order_type":"2","areaid":"330109","item_id":119},{"address":"河南省","access_date":"2016-10-31 12:56:14","account":"Z***6","quantity":1,"handle_status":8,"order_type":"2","areaid":"410702","item_id":119},{"address":"甘肃省","access_date":"2016-10-31 12:19:04","account":"z***u","quantity":1,"handle_status":8,"order_type":"2","areaid":"620102","item_id":119},{"address":"山东省","access_date":"2016-10-31 12:14:52","account":"c***g","quantity":1,"handle_status":8,"order_type":"2","areaid":"370303","item_id":119},{"address":"黑龙江省","access_date":"2016-10-31 11:58:15","account":"郑***淑","quantity":1,"handle_status":8,"order_type":"2","areaid":"230102","item_id":119},{"address":"河南省","access_date":"2016-10-31 11:48:21","account":"2***o","quantity":1,"handle_status":8,"order_type":"2","areaid":"410724","item_id":119},{"address":"浙江省","access_date":"2016-10-31 11:47:34","account":"z***u","quantity":1,"handle_status":8,"order_type":"2","areaid":"330702","item_id":119},{"address":"安徽省","access_date":"2016-10-31 11:36:46","account":"1***2","quantity":1,"handle_status":8,"order_type":"2","areaid":"340103","item_id":119},{"address":"上海市","access_date":"2016-10-31 11:35:34","account":"z***4","quantity":1,"handle_status":8,"order_type":"2","areaid":"310117","item_id":119},{"address":"山西省","access_date":"2016-10-31 11:32:05","account":"1***8","quantity":1,"handle_status":8,"order_type":"2","areaid":"140402","item_id":119},{"address":"湖北省","access_date":"2016-10-31 11:31:09","account":"d***2","quantity":1,"handle_status":8,"order_type":"2","areaid":"420116","item_id":119},{"address":"甘肃省","access_date":"2016-10-31 11:28:54","account":"胡***林","quantity":1,"handle_status":8,"order_type":"2","areaid":"620102","item_id":119},{"address":"江西省","access_date":"2016-10-31 11:24:28","account":"1***0","quantity":1,"handle_status":8,"order_type":"2","areaid":"360732","item_id":119},{"address":"广东省","access_date":"2016-10-31 11:07:16","account":"1***4","quantity":1,"handle_status":8,"order_type":"2","areaid":"440115","item_id":119},{"address":"上海市","access_date":"2016-10-31 10:53:41","account":"j***8","quantity":1,"handle_status":8,"order_type":"2","areaid":"310114","item_id":119},{"address":"北京市","access_date":"2016-10-31 10:32:03","account":"y***m","quantity":1,"handle_status":8,"order_type":"2","areaid":"110106","item_id":119},{"address":"山东省","access_date":"2016-10-31 10:19:23","account":"t***y","quantity":1,"handle_status":8,"order_type":"2","areaid":"370113","item_id":119},{"address":"上海市","access_date":"2016-10-31 10:16:46","account":"w***1","quantity":1,"handle_status":8,"order_type":"2","areaid":"310112","item_id":119},{"address":"上海市","access_date":"2016-10-31 10:01:22","account":"h***0","quantity":1,"handle_status":8,"order_type":"2","areaid":"310112","item_id":119},{"address":"江苏省","access_date":"2016-10-31 09:52:07","account":"王***8","quantity":1,"handle_status":8,"order_type":"2","areaid":"320106","item_id":119},{"address":"山东省","access_date":"2016-10-31 09:42:30","account":"d***f","quantity":1,"handle_status":8,"order_type":"2","areaid":"370502","item_id":119},{"address":"山东省","access_date":"2016-10-31 09:36:39","account":"d***b","quantity":1,"handle_status":8,"order_type":"2","areaid":"370502","item_id":119},{"address":"四川省","access_date":"2016-10-31 09:33:14","account":"梦***都","quantity":1,"handle_status":8,"order_type":"2","areaid":"510124","item_id":119},{"address":"江西省","access_date":"2016-10-30 16:06:06","account":"y***6","quantity":1,"handle_status":8,"order_type":"2","areaid":"360102","item_id":119},{"address":"江西省","access_date":"2016-10-30 14:16:54","account":"a***l","quantity":1,"handle_status":8,"order_type":"2","areaid":"360121","item_id":119},{"address":"广东省","access_date":"2016-10-30 13:58:34","account":"刘***6","quantity":1,"handle_status":8,"order_type":"2","areaid":"441302","item_id":119},{"address":"山东省","access_date":"2016-10-30 11:54:45","account":"w***g","quantity":1,"handle_status":8,"order_type":"2","areaid":"371401","item_id":119},{"address":"上海市","access_date":"2016-10-30 11:50:40","account":"s***g","quantity":1,"handle_status":8,"order_type":"2","areaid":"310112","item_id":119},{"address":"江苏省","access_date":"2016-10-30 11:19:37","account":"m***2","quantity":1,"handle_status":8,"order_type":"2","areaid":"320102","item_id":119},{"address":"海南省","access_date":"2016-10-30 11:12:43","account":"雷***举","quantity":1,"handle_status":8,"order_type":"2","areaid":"460106","item_id":119},{"address":"广东省","access_date":"2016-10-30 10:58:14","account":"1***3","quantity":1,"handle_status":8,"order_type":"2","areaid":"440307","item_id":119},{"address":"北京市","access_date":"2016-10-30 10:35:26","account":"c***f","quantity":1,"handle_status":8,"order_type":"2","areaid":"110108","item_id":119},{"address":"内蒙古自治区","access_date":"2016-10-30 10:16:43","account":"M***2","quantity":1,"handle_status":8,"order_type":"2","areaid":"150622","item_id":119},{"address":"湖北省","access_date":"2016-10-30 10:06:20","account":"m***5","quantity":1,"handle_status":8,"order_type":"2","areaid":"420606","item_id":119},{"address":"北京市","access_date":"2016-10-30 10:00:47","account":"d***g","quantity":1,"handle_status":8,"order_type":"2","areaid":"110108","item_id":119},{"address":"广东省","access_date":"2016-10-29 16:27:44","account":"z***n","quantity":1,"handle_status":8,"order_type":"2","areaid":"440111","item_id":119},{"address":"山东省","access_date":"2016-10-29 16:24:11","account":"g***0","quantity":1,"handle_status":8,"order_type":"2","areaid":"370202","item_id":119},{"address":"湖北省","access_date":"2016-10-29 16:18:16","account":"y***1","quantity":1,"handle_status":8,"order_type":"2","areaid":"421303","item_id":119},{"address":"江苏省","access_date":"2016-10-29 15:13:17","account":"3***2","quantity":1,"handle_status":8,"order_type":"2","areaid":"320501","item_id":119},{"address":"上海市","access_date":"2016-10-29 14:22:14","account":"y***m","quantity":1,"handle_status":8,"order_type":"2","areaid":"310104","item_id":119},{"address":"北京市","access_date":"2016-10-29 14:02:17","account":"s***n","quantity":1,"handle_status":8,"order_type":"2","areaid":"110108","item_id":119},{"address":"北京市","access_date":"2016-10-29 13:25:12","account":"1***5","quantity":1,"handle_status":8,"order_type":"2","areaid":"110105","item_id":119},{"address":"四川省","access_date":"2016-10-29 13:02:50","account":"1***1","quantity":1,"handle_status":8,"order_type":"2","areaid":"510105","item_id":119},{"address":"广东省","access_date":"2016-10-29 12:58:04","account":"y***6","quantity":1,"handle_status":8,"order_type":"2","areaid":"440111","item_id":119},{"address":"北京市","access_date":"2016-10-29 11:47:26","account":"t***u","quantity":1,"handle_status":8,"order_type":"2","areaid":"110108","item_id":119},{"address":"吉林省","access_date":"2016-10-29 11:32:38","account":"c***n","quantity":1,"handle_status":8,"order_type":"2","areaid":"220101","item_id":119},{"address":"广东省","access_date":"2016-10-29 11:31:35","account":"1***5","quantity":2,"handle_status":8,"order_type":"2","areaid":"440306","item_id":119},{"address":"北京市","access_date":"2016-10-29 11:26:09","account":"t***3","quantity":1,"handle_status":8,"order_type":"2","areaid":"110101","item_id":119},{"address":"吉林省","access_date":"2016-10-29 11:25:24","account":"S***2","quantity":1,"handle_status":8,"order_type":"2","areaid":"220104","item_id":119},{"address":"江苏省","access_date":"2016-10-29 10:58:49","account":"1***7","quantity":1,"handle_status":8,"order_type":"2","areaid":"320211","item_id":119},{"address":"四川省","access_date":"2016-10-29 10:41:11","account":"q***1","quantity":1,"handle_status":8,"order_type":"2","areaid":"511423","item_id":119},{"address":"天津市","access_date":"2016-10-29 10:40:36","account":"d***u","quantity":1,"handle_status":8,"order_type":"2","areaid":"120110","item_id":119},{"address":"黑龙江省","access_date":"2016-10-29 10:39:25","account":"1***8","quantity":1,"handle_status":8,"order_type":"2","areaid":"230102","item_id":119},{"address":"陕西省","access_date":"2016-10-29 10:22:32","account":"x***1","quantity":1,"handle_status":8,"order_type":"2","areaid":"610115","item_id":119},{"address":"辽宁省","access_date":"2016-10-29 10:17:47","account":"8***3","quantity":1,"handle_status":8,"order_type":"2","areaid":"210283","item_id":119},{"address":"上海市","access_date":"2016-10-29 10:02:55","account":"s***g","quantity":1,"handle_status":8,"order_type":"2","areaid":"310112","item_id":119},{"address":"甘肃省","access_date":"2016-10-29 09:54:12","account":"l***5","quantity":1,"handle_status":8,"order_type":"2","areaid":"620102","item_id":119},{"address":"北京市","access_date":"2016-10-29 09:53:22","account":"l***i","quantity":2,"handle_status":8,"order_type":"2","areaid":"110108","item_id":119},{"address":"辽宁省","access_date":"2016-10-29 09:42:18","account":"8***3","quantity":1,"handle_status":8,"order_type":"2","areaid":"210283","item_id":119},{"address":"江西省","access_date":"2016-10-28 16:18:14","account":"s***y","quantity":1,"handle_status":8,"order_type":"2","areaid":"361101","item_id":119},{"address":"广东省","access_date":"2016-10-28 16:08:17","account":"c***n","quantity":1,"handle_status":8,"order_type":"2","areaid":"440306","item_id":119},{"address":"山东省","access_date":"2016-10-28 15:58:46","account":"l***5","quantity":1,"handle_status":8,"order_type":"2","areaid":"371081","item_id":119},{"address":"宁夏回族自治区","access_date":"2016-10-28 15:58:17","account":"s***a","quantity":1,"handle_status":8,"order_type":"2","areaid":"640104","item_id":119},{"address":"上海市","access_date":"2016-10-28 15:53:26","account":"1***1","quantity":1,"handle_status":8,"order_type":"2","areaid":"310115","item_id":119},{"address":"上海市","access_date":"2016-10-28 15:41:03","account":"s***l","quantity":1,"handle_status":8,"order_type":"2","areaid":"310109","item_id":119},{"address":"山东省","access_date":"2016-10-28 15:33:05","account":"1***9","quantity":1,"handle_status":8,"order_type":"2","areaid":"370502","item_id":119},{"address":"上海市","access_date":"2016-10-28 15:24:36","account":"c***6","quantity":1,"handle_status":8,"order_type":"2","areaid":"310230","item_id":119},{"address":"广东省","access_date":"2016-10-28 15:22:07","account":"1***1","quantity":1,"handle_status":8,"order_type":"2","areaid":"440605","item_id":119},{"address":"云南省","access_date":"2016-10-28 15:12:16","account":"w***8","quantity":1,"handle_status":8,"order_type":"2","areaid":"530103","item_id":119},{"address":"山东省","access_date":"2016-10-28 15:02:52","account":"y***6","quantity":1,"handle_status":8,"order_type":"2","areaid":"371083","item_id":119},{"address":"湖北省","access_date":"2016-10-28 14:52:49","account":"6***1","quantity":1,"handle_status":8,"order_type":"2","areaid":"421003","item_id":119},{"address":"山东省","access_date":"2016-10-28 14:48:55","account":"j***i","quantity":1,"handle_status":8,"order_type":"2","areaid":"370102","item_id":119},{"address":"浙江省","access_date":"2016-10-28 14:48:39","account":"山***客","quantity":1,"handle_status":8,"order_type":"2","areaid":"330329","item_id":119},{"address":"浙江省","access_date":"2016-10-28 14:45:10","account":"y***9","quantity":1,"handle_status":8,"order_type":"2","areaid":"330402","item_id":119},{"address":"山东省","access_date":"2016-10-28 14:38:10","account":"蓝***6","quantity":2,"handle_status":8,"order_type":"2","areaid":"370705","item_id":119},{"address":"广东省","access_date":"2016-10-28 14:34:30","account":"y***8","quantity":1,"handle_status":8,"order_type":"2","areaid":"440183","item_id":119},{"address":"北京市","access_date":"2016-10-28 14:23:29","account":"d***8","quantity":1,"handle_status":8,"order_type":"2","areaid":"110108","item_id":119},{"address":"安徽省","access_date":"2016-10-28 14:22:40","account":"蔡***耀","quantity":1,"handle_status":8,"order_type":"2","areaid":"340104","item_id":119},{"address":"湖北省","access_date":"2016-10-28 14:18:52","account":"d***2","quantity":1,"handle_status":8,"order_type":"2","areaid":"420103","item_id":119},{"address":"北京市","access_date":"2016-10-28 14:12:38","account":"j***0","quantity":1,"handle_status":8,"order_type":"2","areaid":"110108","item_id":119},{"address":"浙江省","access_date":"2016-10-28 14:08:10","account":"q***g","quantity":1,"handle_status":8,"order_type":"2","areaid":"330801","item_id":119},{"address":"上海市","access_date":"2016-10-28 14:03:37","account":"1***5","quantity":1,"handle_status":8,"order_type":"2","areaid":"310115","item_id":119},{"address":"河南省","access_date":"2016-10-28 13:45:56","account":"x***k","quantity":1,"handle_status":8,"order_type":"2","areaid":"410105","item_id":119},{"address":"天津市","access_date":"2016-10-28 13:38:44","account":"c***8","quantity":1,"handle_status":8,"order_type":"2","areaid":"120113","item_id":119},{"address":"北京市","access_date":"2016-10-28 13:32:35","account":"x***g","quantity":1,"handle_status":8,"order_type":"2","areaid":"110105","item_id":119},{"address":"河北省","access_date":"2016-10-28 13:17:30","account":"w***s","quantity":1,"handle_status":8,"order_type":"2","areaid":"130103","item_id":119},{"address":"福建省","access_date":"2016-10-28 13:07:31","account":"我***斌","quantity":1,"handle_status":8,"order_type":"2","areaid":"350203","item_id":119},{"address":"河北省","access_date":"2016-10-28 13:02:47","account":"d***7","quantity":1,"handle_status":8,"order_type":"2","areaid":"130102","item_id":119},{"address":"上海市","access_date":"2016-10-28 13:01:49","account":"d***9","quantity":2,"handle_status":8,"order_type":"2","areaid":"310105","item_id":119},{"address":"上海市","access_date":"2016-10-28 13:01:38","account":"c***y","quantity":1,"handle_status":8,"order_type":"2","areaid":"310104","item_id":119},{"address":"浙江省","access_date":"2016-10-28 12:58:11","account":"l***k","quantity":1,"handle_status":8,"order_type":"2","areaid":"330281","item_id":119},{"address":"北京市","access_date":"2016-10-28 12:54:45","account":"王***0","quantity":1,"handle_status":8,"order_type":"2","areaid":"110106","item_id":119},{"address":"江苏省","access_date":"2016-10-28 12:51:57","account":"1***1","quantity":1,"handle_status":8,"order_type":"2","areaid":"320508","item_id":119},{"address":"浙江省","access_date":"2016-10-28 12:34:36","account":"y***8","quantity":1,"handle_status":8,"order_type":"2","areaid":"330122","item_id":119},{"address":"广东省","access_date":"2016-10-28 12:27:40","account":"秋***枫","quantity":1,"handle_status":8,"order_type":"2","areaid":"440106","item_id":119},{"address":"江苏省","access_date":"2016-10-28 12:19:41","account":"h***g","quantity":1,"handle_status":8,"order_type":"2","areaid":"320206","item_id":119},{"address":"湖北省","access_date":"2016-10-28 11:44:28","account":"1***9","quantity":1,"handle_status":8,"order_type":"2","areaid":"420105","item_id":119},{"address":"浙江省","access_date":"2016-10-28 11:33:41","account":"i***s","quantity":1,"handle_status":8,"order_type":"2","areaid":"330104","item_id":119},{"address":"山东省","access_date":"2016-10-28 11:25:33","account":"a***8","quantity":1,"handle_status":8,"order_type":"2","areaid":"370303","item_id":119},{"address":"湖北省","access_date":"2016-10-28 11:15:33","account":"d***2","quantity":1,"handle_status":8,"order_type":"2","areaid":"420103","item_id":119},{"address":"江苏省","access_date":"2016-10-28 11:14:42","account":"w***8","quantity":1,"handle_status":8,"order_type":"2","areaid":"321322","item_id":119},{"address":"山东省","access_date":"2016-10-28 11:00:35","account":"c***g","quantity":1,"handle_status":8,"order_type":"2","areaid":"370303","item_id":119},{"address":"上海市","access_date":"2016-10-28 10:58:12","account":"w***y","quantity":1,"handle_status":8,"order_type":"2","areaid":"310104","item_id":119},{"address":"上海市","access_date":"2016-10-28 10:57:18","account":"g***f","quantity":1,"handle_status":8,"order_type":"2","areaid":"310101","item_id":119},{"address":"广东省","access_date":"2016-10-28 10:57:10","account":"d***y","quantity":1,"handle_status":8,"order_type":"2","areaid":"440112","item_id":119},{"address":"广东省","access_date":"2016-10-28 10:53:11","account":"f***g","quantity":1,"handle_status":8,"order_type":"2","areaid":"440304","item_id":119},{"address":"广东省","access_date":"2016-10-28 10:51:12","account":"z***g","quantity":1,"handle_status":8,"order_type":"2","areaid":"ff8080814cd0d0f4014cd571e2a50002","item_id":119},{"address":"北京市","access_date":"2016-10-28 10:46:47","account":"h***e","quantity":1,"handle_status":8,"order_type":"2","areaid":"110102","item_id":119},{"address":"重庆市","access_date":"2016-10-28 10:42:01","account":"t***t","quantity":1,"handle_status":8,"order_type":"2","areaid":"500107","item_id":119},{"address":"上海市","access_date":"2016-10-28 10:35:30","account":"h***8","quantity":1,"handle_status":8,"order_type":"2","areaid":"310107","item_id":119},{"address":"上海市","access_date":"2016-10-28 10:34:55","account":"g***g","quantity":1,"handle_status":8,"order_type":"2","areaid":"310108","item_id":119},{"address":"上海市","access_date":"2016-10-28 10:34:40","account":"s***h","quantity":1,"handle_status":8,"order_type":"2","areaid":"310104","item_id":119},{"address":"山东省","access_date":"2016-10-28 10:33:04","account":"齐***度","quantity":1,"handle_status":8,"order_type":"2","areaid":"370303","item_id":119},{"address":"广东省","access_date":"2016-10-28 10:30:14","account":"z***g","quantity":1,"handle_status":8,"order_type":"2","areaid":"ff8080814cd0d0f4014cd571e2a50002","item_id":119},{"address":"四川省","access_date":"2016-10-28 10:28:19","account":"可***豚","quantity":1,"handle_status":8,"order_type":"2","areaid":"511381","item_id":119},{"address":"山东省","access_date":"2016-10-28 10:24:32","account":"w***w","quantity":1,"handle_status":8,"order_type":"2","areaid":"371002","item_id":119},{"address":"浙江省","access_date":"2016-10-28 10:22:08","account":"y***u","quantity":1,"handle_status":8,"order_type":"2","areaid":"330784","item_id":119},{"address":"广东省","access_date":"2016-10-28 10:18:48","account":"t***6","quantity":1,"handle_status":8,"order_type":"2","areaid":"440308","item_id":119},{"address":"江苏省","access_date":"2016-10-28 10:18:34","account":"s***g","quantity":1,"handle_status":8,"order_type":"2","areaid":"320104","item_id":119},{"address":"上海市","access_date":"2016-10-28 10:17:00","account":"杜***烨","quantity":1,"handle_status":8,"order_type":"2","areaid":"310112","item_id":119},{"address":"广东省","access_date":"2016-10-28 10:16:55","account":"彭***松","quantity":1,"handle_status":8,"order_type":"2","areaid":"440106","item_id":119},{"address":"辽宁省","access_date":"2016-10-28 10:15:58","account":"l***i","quantity":1,"handle_status":8,"order_type":"2","areaid":"211403","item_id":119},{"address":"北京市","access_date":"2016-10-28 10:15:17","account":"s***o","quantity":1,"handle_status":8,"order_type":"2","areaid":"110101","item_id":119},{"address":"安徽省","access_date":"2016-10-28 10:14:27","account":"x***5","quantity":1,"handle_status":8,"order_type":"2","areaid":"341321","item_id":119},{"address":"上海市","access_date":"2016-10-28 10:11:55","account":"梅***山","quantity":1,"handle_status":8,"order_type":"2","areaid":"310110","item_id":119},{"address":"浙江省","access_date":"2016-10-28 10:11:22","account":"1***6","quantity":1,"handle_status":8,"order_type":"2","areaid":"330324","item_id":119},{"address":"山东省","access_date":"2016-10-28 09:56:42","account":"A***8","quantity":1,"handle_status":8,"order_type":"2","areaid":"370102","item_id":119},{"address":"江苏省","access_date":"2016-10-28 09:55:08","account":"q***6","quantity":2,"handle_status":8,"order_type":"2","areaid":"320681","item_id":119},{"address":"江苏省","access_date":"2016-10-28 09:54:05","account":"1***8","quantity":1,"handle_status":8,"order_type":"2","areaid":"320581","item_id":119},{"address":"上海市","access_date":"2016-10-28 09:51:53","account":"1***3","quantity":1,"handle_status":8,"order_type":"2","areaid":"310112","item_id":119},{"address":"河南省","access_date":"2016-10-28 09:51:53","account":"x***k","quantity":1,"handle_status":8,"order_type":"2","areaid":"410105","item_id":119},{"address":"江苏省","access_date":"2016-10-28 09:50:43","account":"1***4","quantity":1,"handle_status":8,"order_type":"2","areaid":"320115","item_id":119},{"address":"河南省","access_date":"2016-10-28 09:49:14","account":"x***k","quantity":1,"handle_status":8,"order_type":"2","areaid":"410105","item_id":119},{"address":"江西省","access_date":"2016-10-28 09:47:52","account":"w***2","quantity":1,"handle_status":8,"order_type":"2","areaid":"360102","item_id":119},{"address":"上海市","access_date":"2016-10-28 09:47:28","account":"z***a","quantity":1,"handle_status":8,"order_type":"2","areaid":"310115","item_id":119},{"address":"北京市","access_date":"2016-10-28 09:47:27","account":"z***n","quantity":1,"handle_status":8,"order_type":"2","areaid":"110105","item_id":119},{"address":"江西省","access_date":"2016-10-28 09:46:35","account":"y***6","quantity":1,"handle_status":8,"order_type":"2","areaid":"360102","item_id":119},{"address":"天津市","access_date":"2016-10-28 09:45:12","account":"1***7","quantity":1,"handle_status":8,"order_type":"2","areaid":"120223","item_id":119},{"address":"江苏省","access_date":"2016-10-28 09:44:11","account":"h***8","quantity":1,"handle_status":8,"order_type":"2","areaid":"320106","item_id":119},{"address":"上海市","access_date":"2016-10-28 09:43:28","account":"方***之","quantity":1,"handle_status":8,"order_type":"2","areaid":"310113","item_id":119},{"address":"上海市","access_date":"2016-10-28 09:42:30","account":"x***6","quantity":1,"handle_status":8,"order_type":"2","areaid":"310105","item_id":119},{"address":"江苏省","access_date":"2016-10-28 09:41:54","account":"h***8","quantity":1,"handle_status":8,"order_type":"2","areaid":"320106","item_id":119},{"address":"北京市","access_date":"2016-10-28 09:41:24","account":"p***2","quantity":1,"handle_status":8,"order_type":"2","areaid":"110101","item_id":119},{"address":"辽宁省","access_date":"2016-10-28 09:41:07","account":"1***7","quantity":1,"handle_status":8,"order_type":"2","areaid":"210283","item_id":119},{"address":"河北省","access_date":"2016-10-28 09:40:49","account":"m***j","quantity":1,"handle_status":8,"order_type":"2","areaid":"130503","item_id":119},{"address":"北京市","access_date":"2016-10-28 09:39:12","account":"w***t","quantity":1,"handle_status":8,"order_type":"2","areaid":"110102","item_id":119},{"address":"北京市","access_date":"2016-10-28 09:39:11","account":"x***g","quantity":1,"handle_status":8,"order_type":"2","areaid":"110102","item_id":119},{"address":"上海市","access_date":"2016-10-28 09:38:56","account":"1***8","quantity":1,"handle_status":8,"order_type":"2","areaid":"310104","item_id":119},{"address":"河北省","access_date":"2016-10-28 09:38:39","account":"m***j","quantity":1,"handle_status":8,"order_type":"2","areaid":"130503","item_id":119},{"address":"黑龙江省","access_date":"2016-10-28 09:37:52","account":"1***9","quantity":1,"handle_status":8,"order_type":"2","areaid":"230822","item_id":119},{"address":"浙江省","access_date":"2016-10-28 09:37:44","account":"1***4","quantity":1,"handle_status":8,"order_type":"2","areaid":"330281","item_id":119},{"address":"湖北省","access_date":"2016-10-28 09:37:14","account":"张***杨","quantity":1,"handle_status":8,"order_type":"2","areaid":"422826","item_id":119},{"address":"江苏省","access_date":"2016-10-28 09:37:12","account":"c***a","quantity":1,"handle_status":8,"order_type":"2","areaid":"320506","item_id":119},{"address":"上海市","access_date":"2016-10-28 09:37:11","account":"1***1","quantity":2,"handle_status":8,"order_type":"2","areaid":"310116","item_id":119},{"address":"重庆市","access_date":"2016-10-28 09:35:17","account":"1***8","quantity":1,"handle_status":8,"order_type":"2","areaid":"500112","item_id":119},{"address":"山东省","access_date":"2016-10-28 09:35:10","account":"1***0","quantity":1,"handle_status":8,"order_type":"2","areaid":"370202","item_id":119},{"address":"北京市","access_date":"2016-10-28 09:35:01","account":"1***6","quantity":1,"handle_status":8,"order_type":"2","areaid":"110106","item_id":119},{"address":"安徽省","access_date":"2016-10-28 09:34:39","account":"1***8","quantity":1,"handle_status":8,"order_type":"2","areaid":"340202","item_id":119},{"address":"广东省","access_date":"2016-10-28 09:34:31","account":"s***s","quantity":1,"handle_status":8,"order_type":"2","areaid":"440507","item_id":119},{"address":"山西省","access_date":"2016-10-28 09:34:06","account":"易***哥","quantity":1,"handle_status":8,"order_type":"2","areaid":"140202","item_id":119},{"address":"浙江省","access_date":"2016-10-28 09:33:53","account":"j***3","quantity":1,"handle_status":8,"order_type":"2","areaid":"330702","item_id":119},{"address":"北京市","access_date":"2016-10-28 09:33:53","account":"p***0","quantity":1,"handle_status":8,"order_type":"2","areaid":"110115","item_id":119},{"address":"上海市","access_date":"2016-10-28 09:33:45","account":"陆***健","quantity":1,"handle_status":8,"order_type":"2","areaid":"310118","item_id":119},{"address":"北京市","access_date":"2016-10-28 09:33:32","account":"1***1","quantity":1,"handle_status":8,"order_type":"2","areaid":"110108","item_id":119},{"address":"吉林省","access_date":"2016-10-28 09:33:15","account":"邵***玉","quantity":1,"handle_status":8,"order_type":"2","areaid":"220104","item_id":119},{"address":"河北省","access_date":"2016-10-28 09:32:56","account":"c***d","quantity":1,"handle_status":8,"order_type":"2","areaid":"130903","item_id":119},{"address":"江苏省","access_date":"2016-10-28 09:32:54","account":"h***4","quantity":1,"handle_status":8,"order_type":"2","areaid":"320506","item_id":119},{"address":"山东省","access_date":"2016-10-28 09:32:52","account":"c***8","quantity":1,"handle_status":8,"order_type":"2","areaid":"370124","item_id":119},{"address":"浙江省","access_date":"2016-10-28 09:32:36","account":"1***3","quantity":1,"handle_status":8,"order_type":"2","areaid":"330324","item_id":119},{"address":"山东省","access_date":"2016-10-28 09:32:26","account":"q***g","quantity":1,"handle_status":8,"order_type":"2","areaid":"371625","item_id":119},{"address":"广东省","access_date":"2016-10-28 09:32:26","account":"黑***L","quantity":2,"handle_status":8,"order_type":"2","areaid":"440307","item_id":119},{"address":"天津市","access_date":"2016-10-28 09:32:26","account":"f***r","quantity":1,"handle_status":8,"order_type":"2","areaid":"120103","item_id":119},{"address":"江苏省","access_date":"2016-10-28 09:32:22","account":"1***6","quantity":1,"handle_status":8,"order_type":"2","areaid":"320902","item_id":119},{"address":"山东省","access_date":"2016-10-28 09:32:19","account":"s***n","quantity":1,"handle_status":8,"order_type":"2","areaid":"370214","item_id":119},{"address":"天津市","access_date":"2016-10-28 09:32:18","account":"1***8","quantity":1,"handle_status":8,"order_type":"2","areaid":"120116","item_id":119},{"address":"浙江省","access_date":"2016-10-28 09:32:13","account":"1***8","quantity":1,"handle_status":8,"order_type":"2","areaid":"330105","item_id":119},{"address":"广东省","access_date":"2016-10-28 09:32:04","account":"f***n","quantity":1,"handle_status":8,"order_type":"2","areaid":"440306","item_id":119},{"address":"天津市","access_date":"2016-10-28 09:31:56","account":"j***8","quantity":1,"handle_status":8,"order_type":"2","areaid":"120112","item_id":119},{"address":"上海市","access_date":"2016-10-28 09:31:48","account":"e***h","quantity":1,"handle_status":8,"order_type":"2","areaid":"310106","item_id":119},{"address":"辽宁省","access_date":"2016-10-28 09:31:47","account":"金***山","quantity":1,"handle_status":8,"order_type":"2","areaid":"210411","item_id":119},{"address":"山东省","access_date":"2016-10-28 09:31:37","account":"x***8","quantity":1,"handle_status":8,"order_type":"2","areaid":"370521","item_id":119}]