[{"address":"上海市","access_date":"2015-10-15 09:48:12","account":"c***s","quantity":1,"handle_status":8,"order_type":"2","areaid":"310113","item_id":35},{"address":"上海市","access_date":"2015-10-15 09:38:07","account":"s***3","quantity":1,"handle_status":8,"order_type":"2","areaid":"310116","item_id":35},{"address":"浙江省","access_date":"2015-10-15 09:36:45","account":"z***1","quantity":1,"handle_status":8,"order_type":"2","areaid":"330122","item_id":35},{"address":"北京市","access_date":"2015-10-10 15:57:42","account":"l***3","quantity":1,"handle_status":8,"order_type":"2","areaid":"110111","item_id":35},{"address":"四川省","access_date":"2015-10-10 12:27:04","account":"t***n","quantity":1,"handle_status":8,"order_type":"2","areaid":"510503","item_id":35},{"address":"天津市","access_date":"2015-10-10 12:01:22","account":"q***g","quantity":1,"handle_status":8,"order_type":"2","areaid":"120104","item_id":35},{"address":"天津市","access_date":"2015-09-30 09:42:52","account":"诚***友","quantity":1,"handle_status":8,"order_type":"2","areaid":"120105","item_id":35},{"address":"北京市","access_date":"2015-08-19 11:24:04","account":"t***l","quantity":1,"handle_status":8,"order_type":"2","areaid":"110102","item_id":35}]