[{"address":"安徽省","access_date":"2015-11-12 11:01:49","account":"龙***空","quantity":1,"handle_status":8,"order_type":"2","areaid":"341302","item_id":45},{"address":"山东省","access_date":"2015-11-09 20:26:30","account":"爱***翔","quantity":1,"handle_status":8,"order_type":"2","areaid":"370685","item_id":45},{"address":"陕西省","access_date":"2015-11-09 14:03:05","account":"l***8","quantity":1,"handle_status":8,"order_type":"2","areaid":"610502","item_id":45},{"address":"广东省","access_date":"2015-11-09 11:47:05","account":"风***响","quantity":1,"handle_status":8,"order_type":"2","areaid":"440304","item_id":45},{"address":"浙江省","access_date":"2015-11-08 22:07:39","account":"抽***楼","quantity":1,"handle_status":8,"order_type":"2","areaid":"330303","item_id":45},{"address":"河南省","access_date":"2015-11-08 12:18:32","account":"熊***年","quantity":1,"handle_status":8,"order_type":"2","areaid":"410102","item_id":45},{"address":"河北省","access_date":"2015-11-07 21:13:41","account":"李***勇","quantity":1,"handle_status":8,"order_type":"2","areaid":"131003","item_id":45},{"address":"江西省","access_date":"2015-11-07 10:08:23","account":"t***n","quantity":1,"handle_status":8,"order_type":"2","areaid":"360803","item_id":45},{"address":"广东省","access_date":"2015-11-04 11:37:49","account":"l***7","quantity":1,"handle_status":8,"order_type":"2","areaid":"ff8080814cd0d0f4014cd571e2a50002","item_id":45},{"address":"上海市","access_date":"2015-11-03 09:45:19","account":"G***7","quantity":1,"handle_status":8,"order_type":"2","areaid":"310115","item_id":45},{"address":"北京市","access_date":"2015-11-02 17:16:23","account":"h***1","quantity":1,"handle_status":8,"order_type":"2","areaid":"110114","item_id":45},{"address":"上海市","access_date":"2015-11-02 14:57:42","account":"h***0","quantity":1,"handle_status":8,"order_type":"2","areaid":"310115","item_id":45},{"address":"新疆维吾尔自治区","access_date":"2015-10-22 23:39:49","account":"c***7","quantity":1,"handle_status":8,"order_type":"2","areaid":"650203","item_id":45},{"address":"浙江省","access_date":"2015-10-16 10:00:15","account":"黄***燚","quantity":1,"handle_status":8,"order_type":"2","areaid":"330402","item_id":45},{"address":"山东省","access_date":"2015-10-16 09:26:20","account":"沈***务","quantity":1,"handle_status":8,"order_type":"2","areaid":"371625","item_id":45},{"address":"北京市","access_date":"2015-10-14 13:50:05","account":"宋***两","quantity":1,"handle_status":8,"order_type":"2","areaid":"110101","item_id":45},{"address":"河南省","access_date":"2015-10-13 10:52:51","account":"c***n","quantity":1,"handle_status":8,"order_type":"2","areaid":"411002","item_id":45},{"address":"云南省","access_date":"2015-10-12 13:19:24","account":"a***y","quantity":1,"handle_status":8,"order_type":"2","areaid":"530111","item_id":45},{"address":"湖南省","access_date":"2015-10-10 14:58:33","account":"s***c","quantity":1,"handle_status":8,"order_type":"2","areaid":"430624","item_id":45},{"address":"山西省","access_date":"2015-10-09 08:00:10","account":"D***S","quantity":1,"handle_status":8,"order_type":"2","areaid":"140823","item_id":45},{"address":"黑龙江省","access_date":"2015-09-29 20:05:55","account":"小***x","quantity":1,"handle_status":8,"order_type":"2","areaid":"230102","item_id":45},{"address":"北京市","access_date":"2015-08-19 14:40:42","account":"s***a","quantity":1,"handle_status":8,"order_type":"2","areaid":"110102","item_id":45}]