[{"address":"江西省","access_date":"2017-03-17 12:33:16","account":"f***5","quantity":1,"handle_status":8,"order_type":"2","areaid":"361002","item_id":169},{"address":"江苏省","access_date":"2017-03-17 09:48:52","account":"1***6","quantity":1,"handle_status":8,"order_type":"2","areaid":"320501","item_id":169},{"address":"江苏省","access_date":"2017-03-17 09:48:40","account":"x***0","quantity":1,"handle_status":8,"order_type":"2","areaid":"320105","item_id":169},{"address":"新疆维吾尔自治区","access_date":"2017-03-17 09:48:28","account":"f***9","quantity":1,"handle_status":8,"order_type":"2","areaid":"659001","item_id":169},{"address":"浙江省","access_date":"2017-03-17 09:48:24","account":"1***3","quantity":1,"handle_status":8,"order_type":"2","areaid":"330108","item_id":169},{"address":"陕西省","access_date":"2017-03-17 09:48:21","account":"谢***圆","quantity":1,"handle_status":8,"order_type":"2","areaid":"610113","item_id":169},{"address":"河北省","access_date":"2017-03-17 09:03:00","account":"大***7","quantity":1,"handle_status":8,"order_type":"2","areaid":"130224","item_id":169},{"address":"上海市","access_date":"2017-03-17 09:01:55","account":"w***4","quantity":1,"handle_status":8,"order_type":"2","areaid":"310109","item_id":169},{"address":"内蒙古自治区","access_date":"2017-03-17 09:01:48","account":"j***5","quantity":1,"handle_status":8,"order_type":"2","areaid":"150102","item_id":169},{"address":"黑龙江省","access_date":"2017-03-17 09:01:43","account":"z***1","quantity":1,"handle_status":-6,"order_type":"2","areaid":"230402","item_id":169},{"address":"山东省","access_date":"2017-03-17 09:01:32","account":"f***j","quantity":1,"handle_status":8,"order_type":"2","areaid":"370983","item_id":169},{"address":"江苏省","access_date":"2017-03-17 09:01:31","account":"1***7","quantity":1,"handle_status":8,"order_type":"2","areaid":"320106","item_id":169},{"address":"内蒙古自治区","access_date":"2017-03-17 09:01:25","account":"我***花","quantity":1,"handle_status":8,"order_type":"2","areaid":"150430","item_id":169},{"address":"重庆市","access_date":"2017-03-17 09:01:22","account":"c***0","quantity":1,"handle_status":8,"order_type":"2","areaid":"500105","item_id":169},{"address":"湖北省","access_date":"2017-03-17 09:01:20","account":"y***0","quantity":1,"handle_status":8,"order_type":"2","areaid":"420222","item_id":169},{"address":"山西省","access_date":"2017-03-17 09:01:18","account":"1***4","quantity":2,"handle_status":8,"order_type":"2","areaid":"140109","item_id":169},{"address":"北京市","access_date":"2017-03-17 09:01:14","account":"随***游","quantity":1,"handle_status":8,"order_type":"2","areaid":"110107","item_id":169},{"address":"安徽省","access_date":"2017-03-17 09:01:14","account":"g***6","quantity":1,"handle_status":8,"order_type":"2","areaid":"340104","item_id":169},{"address":"北京市","access_date":"2017-03-17 09:01:01","account":"z***l","quantity":1,"handle_status":8,"order_type":"2","areaid":"110105","item_id":169},{"address":"山东省","access_date":"2017-03-17 09:01:01","account":"s***8","quantity":1,"handle_status":8,"order_type":"2","areaid":"370102","item_id":169},{"address":"广东省","access_date":"2017-03-17 09:01:01","account":"h***g","quantity":1,"handle_status":8,"order_type":"2","areaid":"440605","item_id":169},{"address":"北京市","access_date":"2017-03-17 09:00:48","account":"z***c","quantity":2,"handle_status":8,"order_type":"2","areaid":"110108","item_id":169},{"address":"山东省","access_date":"2017-03-17 09:00:45","account":"c***u","quantity":1,"handle_status":8,"order_type":"2","areaid":"370303","item_id":169},{"address":"浙江省","access_date":"2017-03-17 09:00:40","account":"w***j","quantity":1,"handle_status":8,"order_type":"2","areaid":"330204","item_id":169},{"address":"内蒙古自治区","access_date":"2017-03-17 09:00:34","account":"1***0","quantity":1,"handle_status":8,"order_type":"2","areaid":"150102","item_id":169},{"address":"北京市","access_date":"2017-03-17 09:00:34","account":"c***h","quantity":1,"handle_status":8,"order_type":"2","areaid":"110108","item_id":169},{"address":"北京市","access_date":"2017-03-17 09:00:33","account":"t***u","quantity":1,"handle_status":8,"order_type":"2","areaid":"110108","item_id":169},{"address":"陕西省","access_date":"2017-03-17 09:00:32","account":"1***0","quantity":1,"handle_status":8,"order_type":"2","areaid":"610113","item_id":169},{"address":"上海市","access_date":"2017-03-17 09:00:28","account":"1***5","quantity":1,"handle_status":8,"order_type":"2","areaid":"310107","item_id":169}]