[{"address":"安徽省","access_date":"2015-12-03 10:31:50","account":"陈***夫","quantity":1,"handle_status":8,"order_type":"2","areaid":"340503","item_id":53},{"address":"江苏省","access_date":"2015-12-03 09:45:22","account":"听***堂","quantity":1,"handle_status":8,"order_type":"2","areaid":"320404","item_id":53},{"address":"辽宁省","access_date":"2015-12-03 09:43:59","account":"岳***波","quantity":1,"handle_status":8,"order_type":"2","areaid":"211382","item_id":53},{"address":"黑龙江省","access_date":"2015-12-03 09:42:13","account":"h***1","quantity":1,"handle_status":8,"order_type":"2","areaid":"230404","item_id":53},{"address":"江西省","access_date":"2015-12-03 09:40:38","account":"千***要","quantity":1,"handle_status":8,"order_type":"2","areaid":"360302","item_id":53},{"address":"新疆维吾尔自治区","access_date":"2015-12-03 09:39:37","account":"h***u","quantity":1,"handle_status":8,"order_type":"2","areaid":"652201","item_id":53},{"address":"四川省","access_date":"2015-12-03 09:39:08","account":"真***雄","quantity":1,"handle_status":8,"order_type":"2","areaid":"511381","item_id":53},{"address":"北京市","access_date":"2015-12-03 09:38:59","account":"v***0","quantity":1,"handle_status":8,"order_type":"2","areaid":"110108","item_id":53},{"address":"浙江省","access_date":"2015-12-03 09:37:27","account":"t***g","quantity":2,"handle_status":8,"order_type":"2","areaid":"330784","item_id":53},{"address":"江苏省","access_date":"2015-12-03 09:37:25","account":"w***b","quantity":1,"handle_status":8,"order_type":"2","areaid":"320211","item_id":53},{"address":"山东省","access_date":"2015-12-03 09:37:24","account":"z***8","quantity":1,"handle_status":8,"order_type":"2","areaid":"371402","item_id":53},{"address":"上海市","access_date":"2015-12-03 09:37:21","account":"洋***多","quantity":1,"handle_status":8,"order_type":"2","areaid":"310114","item_id":53},{"address":"安徽省","access_date":"2015-12-03 09:36:19","account":"h***a","quantity":1,"handle_status":8,"order_type":"2","areaid":"340827","item_id":53},{"address":"山东省","access_date":"2015-12-03 09:36:16","account":"s***1","quantity":1,"handle_status":8,"order_type":"2","areaid":"370602","item_id":53},{"address":"江苏省","access_date":"2015-12-03 09:35:54","account":"r***n","quantity":5,"handle_status":8,"order_type":"2","areaid":"320508","item_id":53},{"address":"四川省","access_date":"2015-12-03 09:35:16","account":"l***5","quantity":1,"handle_status":8,"order_type":"2","areaid":"511526","item_id":53},{"address":"安徽省","access_date":"2015-12-03 09:35:08","account":"b***s","quantity":1,"handle_status":8,"order_type":"2","areaid":"341125","item_id":53},{"address":"广东省","access_date":"2015-12-03 09:35:05","account":"f***n","quantity":1,"handle_status":8,"order_type":"2","areaid":"440307","item_id":53},{"address":"黑龙江省","access_date":"2015-12-03 09:34:38","account":"c***7","quantity":1,"handle_status":8,"order_type":"2","areaid":"231221","item_id":53},{"address":"湖南省","access_date":"2015-12-03 09:34:15","account":"止***兔","quantity":1,"handle_status":8,"order_type":"2","areaid":"431124","item_id":53},{"address":"上海市","access_date":"2015-12-03 09:33:48","account":"s***3","quantity":1,"handle_status":8,"order_type":"2","areaid":"310107","item_id":53},{"address":"江西省","access_date":"2015-12-03 09:33:28","account":"w***7","quantity":1,"handle_status":8,"order_type":"2","areaid":"360281","item_id":53},{"address":"北京市","access_date":"2015-12-03 09:33:17","account":"m***w","quantity":1,"handle_status":8,"order_type":"2","areaid":"110102","item_id":53},{"address":"福建省","access_date":"2015-12-03 09:32:44","account":"z***6","quantity":1,"handle_status":8,"order_type":"2","areaid":"350722","item_id":53},{"address":"江苏省","access_date":"2015-12-03 09:32:33","account":"1***0","quantity":2,"handle_status":8,"order_type":"2","areaid":"320412","item_id":53},{"address":"安徽省","access_date":"2015-12-03 09:32:30","account":"b***s","quantity":2,"handle_status":8,"order_type":"2","areaid":"341125","item_id":53},{"address":"黑龙江省","access_date":"2015-12-03 09:32:12","account":"3***2","quantity":1,"handle_status":8,"order_type":"2","areaid":"230603","item_id":53},{"address":"湖北省","access_date":"2015-12-03 09:32:03","account":"k***0","quantity":1,"handle_status":8,"order_type":"2","areaid":"421102","item_id":53},{"address":"广西壮族自治区","access_date":"2015-12-03 09:32:01","account":"长***猫","quantity":1,"handle_status":8,"order_type":"2","areaid":"450881","item_id":53},{"address":"辽宁省","access_date":"2015-12-03 09:31:24","account":"朵***麻","quantity":1,"handle_status":8,"order_type":"2","areaid":"210302","item_id":53},{"address":"河南省","access_date":"2015-12-02 16:14:32","account":"t***1","quantity":1,"handle_status":8,"order_type":"2","areaid":"410711","item_id":53},{"address":"北京市","access_date":"2015-12-02 15:56:49","account":"w***g","quantity":2,"handle_status":8,"order_type":"2","areaid":"110101","item_id":53},{"address":"陕西省","access_date":"2015-12-02 15:39:22","account":"p***o","quantity":1,"handle_status":8,"order_type":"2","areaid":"610103","item_id":53},{"address":"广东省","access_date":"2015-12-02 15:37:37","account":"Y***x","quantity":1,"handle_status":8,"order_type":"2","areaid":"440607","item_id":53},{"address":"辽宁省","access_date":"2015-12-02 15:33:54","account":"w***2","quantity":1,"handle_status":8,"order_type":"2","areaid":"210381","item_id":53},{"address":"四川省","access_date":"2015-12-02 15:30:35","account":"y***6","quantity":1,"handle_status":8,"order_type":"2","areaid":"510502","item_id":53},{"address":"四川省","access_date":"2015-12-02 15:15:58","account":"狙***9","quantity":1,"handle_status":8,"order_type":"2","areaid":"511681","item_id":53},{"address":"山东省","access_date":"2015-12-02 15:14:29","account":"丁***艳","quantity":1,"handle_status":8,"order_type":"2","areaid":"370902","item_id":53},{"address":"四川省","access_date":"2015-12-02 14:54:22","account":"8***h","quantity":1,"handle_status":8,"order_type":"2","areaid":"511302","item_id":53},{"address":"浙江省","access_date":"2015-12-02 14:48:52","account":"墨***0","quantity":1,"handle_status":8,"order_type":"2","areaid":"330602","item_id":53},{"address":"湖北省","access_date":"2015-12-02 14:36:07","account":"k***0","quantity":1,"handle_status":8,"order_type":"2","areaid":"421102","item_id":53},{"address":"上海市","access_date":"2015-12-02 14:35:35","account":"c***o","quantity":1,"handle_status":8,"order_type":"2","areaid":"310115","item_id":53},{"address":"黑龙江省","access_date":"2015-12-02 14:16:43","account":"f***8","quantity":1,"handle_status":8,"order_type":"2","areaid":"230602","item_id":53},{"address":"新疆维吾尔自治区","access_date":"2015-12-02 13:52:37","account":"故***旧","quantity":1,"handle_status":8,"order_type":"2","areaid":"652201","item_id":53},{"address":"广东省","access_date":"2015-12-02 13:37:57","account":"东***望","quantity":1,"handle_status":8,"order_type":"2","areaid":"440106","item_id":53},{"address":"山东省","access_date":"2015-12-02 13:37:30","account":"w***7","quantity":2,"handle_status":8,"order_type":"2","areaid":"371302","item_id":53},{"address":"重庆市","access_date":"2015-12-02 13:35:50","account":"c***9","quantity":1,"handle_status":8,"order_type":"2","areaid":"500102","item_id":53},{"address":"江苏省","access_date":"2015-12-02 13:33:49","account":"l***i","quantity":1,"handle_status":8,"order_type":"2","areaid":"320903","item_id":53},{"address":"四川省","access_date":"2015-12-02 13:33:29","account":"y***1","quantity":1,"handle_status":8,"order_type":"2","areaid":"510106","item_id":53},{"address":"山东省","access_date":"2015-12-02 13:31:24","account":"w***7","quantity":1,"handle_status":8,"order_type":"2","areaid":"371302","item_id":53},{"address":"新疆维吾尔自治区","access_date":"2015-12-02 13:26:25","account":"王***飞","quantity":1,"handle_status":8,"order_type":"2","areaid":"650203","item_id":53},{"address":"安徽省","access_date":"2015-12-02 13:22:47","account":"w***8","quantity":2,"handle_status":8,"order_type":"2","areaid":"340202","item_id":53},{"address":"山东省","access_date":"2015-12-02 13:20:37","account":"w***7","quantity":1,"handle_status":8,"order_type":"2","areaid":"371302","item_id":53},{"address":"上海市","access_date":"2015-12-02 13:06:29","account":"y***e","quantity":1,"handle_status":8,"order_type":"2","areaid":"310120","item_id":53},{"address":"湖南省","access_date":"2015-12-02 13:05:48","account":"4***8","quantity":1,"handle_status":8,"order_type":"2","areaid":"430624","item_id":53},{"address":"江苏省","access_date":"2015-12-02 12:55:29","account":"r***n","quantity":5,"handle_status":8,"order_type":"2","areaid":"320508","item_id":53},{"address":"江苏省","access_date":"2015-12-02 12:53:52","account":"1***9","quantity":3,"handle_status":8,"order_type":"2","areaid":"320113","item_id":53},{"address":"广东省","access_date":"2015-12-02 12:36:55","account":"然***b","quantity":1,"handle_status":8,"order_type":"2","areaid":"445202","item_id":53},{"address":"浙江省","access_date":"2015-12-02 12:30:19","account":"q***h","quantity":1,"handle_status":8,"order_type":"2","areaid":"330802","item_id":53},{"address":"山东省","access_date":"2015-12-02 12:25:49","account":"李***国","quantity":1,"handle_status":8,"order_type":"2","areaid":"370303","item_id":53},{"address":"内蒙古自治区","access_date":"2015-12-02 12:25:43","account":"王***n","quantity":1,"handle_status":8,"order_type":"2","areaid":"150105","item_id":53},{"address":"浙江省","access_date":"2015-12-02 12:02:01","account":"冷***索","quantity":1,"handle_status":8,"order_type":"2","areaid":"330483","item_id":53},{"address":"广东省","access_date":"2015-12-02 12:01:21","account":"d***0","quantity":1,"handle_status":8,"order_type":"2","areaid":"ff8080814cd0d0f4014cd571e2a50002","item_id":53},{"address":"北京市","access_date":"2015-12-02 11:58:16","account":"q***e","quantity":1,"handle_status":8,"order_type":"2","areaid":"110105","item_id":53},{"address":"山东省","access_date":"2015-12-02 11:57:33","account":"影***子","quantity":1,"handle_status":8,"order_type":"2","areaid":"370784","item_id":53},{"address":"江苏省","access_date":"2015-12-02 11:43:33","account":"听***堂","quantity":1,"handle_status":8,"order_type":"2","areaid":"320404","item_id":53},{"address":"江西省","access_date":"2015-12-02 11:34:53","account":"s***4","quantity":1,"handle_status":8,"order_type":"2","areaid":"360281","item_id":53},{"address":"天津市","access_date":"2015-12-02 11:33:28","account":"s***y","quantity":1,"handle_status":8,"order_type":"2","areaid":"120113","item_id":53},{"address":"天津市","access_date":"2015-12-02 11:25:19","account":"x***4","quantity":1,"handle_status":8,"order_type":"2","areaid":"120103","item_id":53},{"address":"江苏省","access_date":"2015-12-02 11:21:42","account":"轻***落","quantity":1,"handle_status":8,"order_type":"2","areaid":"320322","item_id":53},{"address":"江西省","access_date":"2015-12-02 11:13:01","account":"x***1","quantity":2,"handle_status":8,"order_type":"2","areaid":"360111","item_id":53},{"address":"吉林省","access_date":"2015-12-02 11:12:09","account":"c***e","quantity":1,"handle_status":8,"order_type":"2","areaid":"220101","item_id":53},{"address":"河北省","access_date":"2015-12-02 11:11:33","account":"y***5","quantity":1,"handle_status":8,"order_type":"2","areaid":"130629","item_id":53},{"address":"广东省","access_date":"2015-12-02 11:10:37","account":"g***e","quantity":1,"handle_status":8,"order_type":"2","areaid":"445202","item_id":53},{"address":"广东省","access_date":"2015-12-02 11:09:59","account":"杨***樊","quantity":1,"handle_status":8,"order_type":"2","areaid":"440106","item_id":53},{"address":"陕西省","access_date":"2015-12-02 11:03:59","account":"陈***志","quantity":1,"handle_status":8,"order_type":"2","areaid":"610104","item_id":53},{"address":"广东省","access_date":"2015-12-02 11:03:03","account":"b***0","quantity":1,"handle_status":8,"order_type":"2","areaid":"ff8080814cd0d0f4014cd571e2a50002","item_id":53},{"address":"江苏省","access_date":"2015-12-02 11:02:04","account":"1***0","quantity":2,"handle_status":8,"order_type":"2","areaid":"320582","item_id":53},{"address":"湖南省","access_date":"2015-12-02 11:01:26","account":"谷***猎","quantity":1,"handle_status":8,"order_type":"2","areaid":"430481","item_id":53},{"address":"河北省","access_date":"2015-12-02 10:57:40","account":"d***b","quantity":1,"handle_status":8,"order_type":"2","areaid":"130982","item_id":53},{"address":"山东省","access_date":"2015-12-02 10:57:05","account":"s***l","quantity":5,"handle_status":8,"order_type":"2","areaid":"371202","item_id":53},{"address":"湖南省","access_date":"2015-12-02 10:47:05","account":"肖***林","quantity":1,"handle_status":8,"order_type":"2","areaid":"431202","item_id":53},{"address":"重庆市","access_date":"2015-12-02 10:40:29","account":"z***9","quantity":1,"handle_status":8,"order_type":"2","areaid":"500112","item_id":53},{"address":"山东省","access_date":"2015-12-02 10:38:35","account":"t***6","quantity":1,"handle_status":8,"order_type":"2","areaid":"370902","item_id":53},{"address":"河南省","access_date":"2015-12-02 10:36:35","account":"l***3","quantity":2,"handle_status":8,"order_type":"2","areaid":"410108","item_id":53},{"address":"广东省","access_date":"2015-12-02 10:36:27","account":"L***8","quantity":1,"handle_status":8,"order_type":"2","areaid":"ff8080814cd0d0f4014cd56f66b80001","item_id":53},{"address":"江苏省","access_date":"2015-12-02 10:36:19","account":"j***y","quantity":1,"handle_status":8,"order_type":"2","areaid":"320106","item_id":53},{"address":"北京市","access_date":"2015-12-02 10:34:59","account":"h***n","quantity":1,"handle_status":8,"order_type":"2","areaid":"110115","item_id":53},{"address":"山东省","access_date":"2015-12-02 10:33:47","account":"s***l","quantity":1,"handle_status":8,"order_type":"2","areaid":"370102","item_id":53},{"address":"江苏省","access_date":"2015-12-02 10:33:33","account":"夜***郎","quantity":1,"handle_status":8,"order_type":"2","areaid":"320684","item_id":53},{"address":"江苏省","access_date":"2015-12-02 10:28:05","account":"e***g","quantity":1,"handle_status":8,"order_type":"2","areaid":"320381","item_id":53},{"address":"江苏省","access_date":"2015-12-02 10:27:57","account":"x***5","quantity":1,"handle_status":8,"order_type":"2","areaid":"320505","item_id":53},{"address":"甘肃省","access_date":"2015-12-02 10:24:32","account":"a***h","quantity":2,"handle_status":8,"order_type":"2","areaid":"620924","item_id":53},{"address":"河北省","access_date":"2015-12-02 10:24:28","account":"f***9","quantity":1,"handle_status":8,"order_type":"2","areaid":"130302","item_id":53},{"address":"上海市","access_date":"2015-12-02 10:22:23","account":"骏***马","quantity":10,"handle_status":8,"order_type":"2","areaid":"310108","item_id":53},{"address":"河南省","access_date":"2015-12-02 10:19:15","account":"l***0","quantity":2,"handle_status":8,"order_type":"2","areaid":"411323","item_id":53},{"address":"黑龙江省","access_date":"2015-12-02 10:17:38","account":"w***s","quantity":1,"handle_status":8,"order_type":"2","areaid":"230103","item_id":53},{"address":"安徽省","access_date":"2015-12-02 10:16:44","account":"1***4","quantity":1,"handle_status":8,"order_type":"2","areaid":"341102","item_id":53},{"address":"江苏省","access_date":"2015-12-02 10:15:22","account":"l***l","quantity":2,"handle_status":8,"order_type":"2","areaid":"320506","item_id":53},{"address":"安徽省","access_date":"2015-12-02 10:01:34","account":"路***旁","quantity":1,"handle_status":8,"order_type":"2","areaid":"340104","item_id":53},{"address":"新疆维吾尔自治区","access_date":"2015-12-02 10:01:16","account":"s***0","quantity":3,"handle_status":8,"order_type":"2","areaid":"650202","item_id":53},{"address":"陕西省","access_date":"2015-12-02 09:58:07","account":"j***y","quantity":1,"handle_status":8,"order_type":"2","areaid":"610113","item_id":53},{"address":"上海市","access_date":"2015-12-02 09:55:46","account":"y***9","quantity":1,"handle_status":8,"order_type":"2","areaid":"310113","item_id":53},{"address":"内蒙古自治区","access_date":"2015-12-02 09:53:14","account":"w***9","quantity":3,"handle_status":8,"order_type":"2","areaid":"150105","item_id":53},{"address":"江苏省","access_date":"2015-12-02 09:52:29","account":"j***q","quantity":1,"handle_status":8,"order_type":"2","areaid":"320582","item_id":53},{"address":"陕西省","access_date":"2015-12-02 09:49:00","account":"1***2","quantity":1,"handle_status":8,"order_type":"2","areaid":"610204","item_id":53},{"address":"安徽省","access_date":"2015-12-02 09:48:52","account":"6***4","quantity":2,"handle_status":8,"order_type":"2","areaid":"341102","item_id":53},{"address":"江苏省","access_date":"2015-12-02 09:47:05","account":"李***宇","quantity":1,"handle_status":8,"order_type":"2","areaid":"320506","item_id":53},{"address":"广东省","access_date":"2015-12-02 09:45:12","account":"o***u","quantity":1,"handle_status":8,"order_type":"2","areaid":"440303","item_id":53},{"address":"山东省","access_date":"2015-12-02 09:42:24","account":"s***1","quantity":1,"handle_status":8,"order_type":"2","areaid":"370687","item_id":53},{"address":"山西省","access_date":"2015-12-02 09:38:57","account":"l***b","quantity":1,"handle_status":8,"order_type":"2","areaid":"140107","item_id":53},{"address":"黑龙江省","access_date":"2015-12-02 09:37:26","account":"1***0","quantity":2,"handle_status":8,"order_type":"2","areaid":"230204","item_id":53},{"address":"河南省","access_date":"2015-12-02 09:36:36","account":"p***7","quantity":1,"handle_status":8,"order_type":"2","areaid":"411202","item_id":53},{"address":"安徽省","access_date":"2015-12-02 09:34:07","account":"m***8","quantity":1,"handle_status":8,"order_type":"2","areaid":"340301","item_id":53},{"address":"云南省","access_date":"2015-12-02 09:33:06","account":"8***8","quantity":1,"handle_status":8,"order_type":"2","areaid":"530102","item_id":53},{"address":"河南省","access_date":"2015-12-02 09:32:44","account":"p***7","quantity":1,"handle_status":8,"order_type":"2","areaid":"411202","item_id":53},{"address":"陕西省","access_date":"2015-12-02 09:30:59","account":"s***9","quantity":1,"handle_status":8,"order_type":"2","areaid":"610104","item_id":53},{"address":"山东省","access_date":"2015-12-02 09:30:55","account":"c***i","quantity":1,"handle_status":8,"order_type":"2","areaid":"370303","item_id":53},{"address":"吉林省","access_date":"2015-12-02 09:30:40","account":"硕***鼠","quantity":1,"handle_status":8,"order_type":"2","areaid":"220722","item_id":53},{"address":"江苏省","access_date":"2015-12-01 16:25:03","account":"y***4","quantity":1,"handle_status":8,"order_type":"2","areaid":"320506","item_id":53},{"address":"广东省","access_date":"2015-12-01 16:19:59","account":"天***城","quantity":1,"handle_status":8,"order_type":"2","areaid":"440703","item_id":53},{"address":"江苏省","access_date":"2015-12-01 16:11:38","account":"y***n","quantity":2,"handle_status":8,"order_type":"2","areaid":"320115","item_id":53},{"address":"山东省","access_date":"2015-12-01 16:11:06","account":"s***n","quantity":1,"handle_status":8,"order_type":"2","areaid":"370612","item_id":53},{"address":"湖北省","access_date":"2015-12-01 16:08:06","account":"Y***白","quantity":1,"handle_status":8,"order_type":"2","areaid":"420115","item_id":53},{"address":"上海市","access_date":"2015-12-01 15:51:05","account":"S***9","quantity":1,"handle_status":8,"order_type":"2","areaid":"310115","item_id":53},{"address":"重庆市","access_date":"2015-12-01 15:46:00","account":"H***3","quantity":1,"handle_status":8,"order_type":"2","areaid":"500111","item_id":53},{"address":"四川省","access_date":"2015-12-01 15:40:57","account":"t***3","quantity":1,"handle_status":8,"order_type":"2","areaid":"511527","item_id":53},{"address":"湖南省","access_date":"2015-12-01 15:29:24","account":"k***r","quantity":1,"handle_status":8,"order_type":"2","areaid":"430621","item_id":53},{"address":"江苏省","access_date":"2015-12-01 15:13:17","account":"z***h","quantity":1,"handle_status":8,"order_type":"2","areaid":"321102","item_id":53},{"address":"山东省","access_date":"2015-12-01 15:12:38","account":"j***9","quantity":1,"handle_status":8,"order_type":"2","areaid":"371625","item_id":53},{"address":"广东省","access_date":"2015-12-01 14:52:40","account":"g***4","quantity":1,"handle_status":8,"order_type":"2","areaid":"440104","item_id":53},{"address":"黑龙江省","access_date":"2015-12-01 14:52:12","account":"G***2","quantity":1,"handle_status":8,"order_type":"2","areaid":"231004","item_id":53},{"address":"山东省","access_date":"2015-12-01 14:50:05","account":"7***1","quantity":1,"handle_status":8,"order_type":"2","areaid":"370704","item_id":53},{"address":"江苏省","access_date":"2015-12-01 14:15:03","account":"Z***7","quantity":2,"handle_status":8,"order_type":"2","areaid":"320115","item_id":53},{"address":"江苏省","access_date":"2015-12-01 14:12:43","account":"a***o","quantity":1,"handle_status":8,"order_type":"2","areaid":"320105","item_id":53},{"address":"山西省","access_date":"2015-12-01 13:58:06","account":"r***i","quantity":1,"handle_status":8,"order_type":"2","areaid":"141081","item_id":53},{"address":"四川省","access_date":"2015-12-01 13:53:09","account":"情***价","quantity":1,"handle_status":8,"order_type":"2","areaid":"511922","item_id":53},{"address":"辽宁省","access_date":"2015-12-01 13:42:42","account":"s***3","quantity":1,"handle_status":8,"order_type":"2","areaid":"210203","item_id":53},{"address":"山东省","access_date":"2015-12-01 13:42:24","account":"a***l","quantity":1,"handle_status":8,"order_type":"2","areaid":"371624","item_id":53},{"address":"安徽省","access_date":"2015-12-01 13:29:43","account":"7***m","quantity":1,"handle_status":8,"order_type":"2","areaid":"340202","item_id":53},{"address":"江苏省","access_date":"2015-12-01 13:03:00","account":"l***9","quantity":1,"handle_status":8,"order_type":"2","areaid":"320105","item_id":53},{"address":"北京市","access_date":"2015-12-01 12:55:47","account":"x***o","quantity":1,"handle_status":8,"order_type":"2","areaid":"110114","item_id":53},{"address":"广东省","access_date":"2015-12-01 12:42:24","account":"1***5","quantity":1,"handle_status":8,"order_type":"2","areaid":"440301","item_id":53},{"address":"江苏省","access_date":"2015-12-01 12:42:21","account":"z***u","quantity":1,"handle_status":8,"order_type":"2","areaid":"320116","item_id":53},{"address":"云南省","access_date":"2015-12-01 12:07:53","account":"房***伟","quantity":1,"handle_status":8,"order_type":"2","areaid":"530802","item_id":53},{"address":"云南省","access_date":"2015-12-01 11:42:12","account":"q***0","quantity":1,"handle_status":8,"order_type":"2","areaid":"530103","item_id":53},{"address":"河南省","access_date":"2015-12-01 10:58:21","account":"郭***杰","quantity":1,"handle_status":8,"order_type":"2","areaid":"411103","item_id":53},{"address":"山西省","access_date":"2015-12-01 10:52:17","account":"1***6","quantity":1,"handle_status":8,"order_type":"2","areaid":"140702","item_id":53},{"address":"浙江省","access_date":"2015-12-01 10:52:15","account":"B***9","quantity":1,"handle_status":8,"order_type":"2","areaid":"330110","item_id":53},{"address":"吉林省","access_date":"2015-12-01 10:31:42","account":"r***7","quantity":1,"handle_status":8,"order_type":"2","areaid":"220104","item_id":53},{"address":"上海市","access_date":"2015-12-01 10:27:20","account":"g***n","quantity":5,"handle_status":8,"order_type":"2","areaid":"310101","item_id":53},{"address":"上海市","access_date":"2015-12-01 10:22:10","account":"g***n","quantity":2,"handle_status":8,"order_type":"2","areaid":"310101","item_id":53},{"address":"上海市","access_date":"2015-12-01 10:17:40","account":"g***n","quantity":1,"handle_status":8,"order_type":"2","areaid":"310101","item_id":53},{"address":"贵州省","access_date":"2015-12-01 09:47:50","account":"x***5","quantity":1,"handle_status":8,"order_type":"2","areaid":"520112","item_id":53},{"address":"云南省","access_date":"2015-12-01 09:43:39","account":"w***0","quantity":1,"handle_status":8,"order_type":"2","areaid":"530625","item_id":53},{"address":"山东省","access_date":"2015-12-01 09:40:54","account":"z***a","quantity":1,"handle_status":8,"order_type":"2","areaid":"371002","item_id":53},{"address":"山西省","access_date":"2015-12-01 09:37:33","account":"大***藏","quantity":1,"handle_status":8,"order_type":"2","areaid":"140203","item_id":53},{"address":"吉林省","access_date":"2015-12-01 09:37:27","account":"d***8","quantity":1,"handle_status":8,"order_type":"2","areaid":"220802","item_id":53},{"address":"上海市","access_date":"2015-12-01 09:34:07","account":"l***g","quantity":1,"handle_status":8,"order_type":"2","areaid":"310115","item_id":53},{"address":"广东省","access_date":"2015-12-01 09:32:49","account":"e***h","quantity":1,"handle_status":8,"order_type":"2","areaid":"440106","item_id":53},{"address":"内蒙古自治区","access_date":"2015-11-30 15:12:58","account":"1***0","quantity":1,"handle_status":8,"order_type":"2","areaid":"150602","item_id":53},{"address":"陕西省","access_date":"2015-11-30 15:12:04","account":"c***s","quantity":1,"handle_status":8,"order_type":"2","areaid":"610102","item_id":53},{"address":"山西省","access_date":"2015-11-30 15:05:27","account":"d***f","quantity":2,"handle_status":8,"order_type":"2","areaid":"140202","item_id":53},{"address":"天津市","access_date":"2015-11-30 15:02:34","account":"1***4","quantity":1,"handle_status":8,"order_type":"2","areaid":"120102","item_id":53},{"address":"广西壮族自治区","access_date":"2015-11-30 15:02:24","account":"1***1","quantity":1,"handle_status":8,"order_type":"2","areaid":"450108","item_id":53},{"address":"江苏省","access_date":"2015-11-30 14:42:25","account":"1***1","quantity":2,"handle_status":8,"order_type":"2","areaid":"320106","item_id":53},{"address":"山东省","access_date":"2015-11-30 14:32:31","account":"t***y","quantity":1,"handle_status":8,"order_type":"2","areaid":"370113","item_id":53},{"address":"河北省","access_date":"2015-11-30 14:30:54","account":"3***2","quantity":1,"handle_status":8,"order_type":"2","areaid":"130602","item_id":53},{"address":"河南省","access_date":"2015-11-30 13:49:39","account":"Z***1","quantity":1,"handle_status":8,"order_type":"2","areaid":"411325","item_id":53},{"address":"山东省","access_date":"2015-11-30 13:48:05","account":"l***1","quantity":1,"handle_status":8,"order_type":"2","areaid":"370202","item_id":53},{"address":"河南省","access_date":"2015-11-30 13:17:52","account":"远***影","quantity":2,"handle_status":8,"order_type":"2","areaid":"410105","item_id":53},{"address":"广东省","access_date":"2015-11-30 13:16:57","account":"y***0","quantity":1,"handle_status":8,"order_type":"2","areaid":"440783","item_id":53},{"address":"浙江省","access_date":"2015-11-30 13:08:03","account":"y***6","quantity":1,"handle_status":8,"order_type":"2","areaid":"330782","item_id":53},{"address":"河北省","access_date":"2015-11-30 13:01:07","account":"d***i","quantity":1,"handle_status":8,"order_type":"2","areaid":"130303","item_id":53},{"address":"北京市","access_date":"2015-11-30 11:25:36","account":"木***可","quantity":1,"handle_status":8,"order_type":"2","areaid":"110115","item_id":53},{"address":"广西壮族自治区","access_date":"2015-11-30 11:25:30","account":"z***8","quantity":1,"handle_status":8,"order_type":"2","areaid":"450102","item_id":53},{"address":"北京市","access_date":"2015-11-30 10:10:40","account":"d***3","quantity":1,"handle_status":8,"order_type":"2","areaid":"110108","item_id":53},{"address":"广东省","access_date":"2015-11-30 09:52:55","account":"x***5","quantity":1,"handle_status":8,"order_type":"2","areaid":"ff8080814cd0d0f4014cd56f66b80001","item_id":53},{"address":"河北省","access_date":"2015-11-30 09:52:02","account":"j***n","quantity":1,"handle_status":8,"order_type":"2","areaid":"130603","item_id":53},{"address":"上海市","access_date":"2015-11-29 15:34:54","account":"孟***军","quantity":2,"handle_status":8,"order_type":"2","areaid":"310112","item_id":53},{"address":"广西壮族自治区","access_date":"2015-11-29 15:27:40","account":"1***7","quantity":1,"handle_status":8,"order_type":"2","areaid":"450325","item_id":53},{"address":"江苏省","access_date":"2015-11-29 12:57:24","account":"h***8","quantity":1,"handle_status":8,"order_type":"2","areaid":"320113","item_id":53},{"address":"浙江省","access_date":"2015-11-29 11:40:37","account":"z***n","quantity":1,"handle_status":8,"order_type":"2","areaid":"330782","item_id":53},{"address":"上海市","access_date":"2015-11-29 11:26:44","account":"w***4","quantity":1,"handle_status":8,"order_type":"2","areaid":"310120","item_id":53},{"address":"北京市","access_date":"2015-11-29 09:44:58","account":"s***e","quantity":1,"handle_status":8,"order_type":"2","areaid":"110108","item_id":53},{"address":"湖北省","access_date":"2015-11-29 09:42:01","account":"l***8","quantity":1,"handle_status":8,"order_type":"2","areaid":"420802","item_id":53},{"address":"湖南省","access_date":"2015-11-28 16:07:41","account":"l***6","quantity":1,"handle_status":8,"order_type":"2","areaid":"430302","item_id":53},{"address":"河南省","access_date":"2015-11-28 15:49:00","account":"沈***英","quantity":1,"handle_status":8,"order_type":"2","areaid":"410303","item_id":53},{"address":"山西省","access_date":"2015-11-28 15:22:15","account":"谷***磊","quantity":1,"handle_status":8,"order_type":"2","areaid":"140802","item_id":53},{"address":"重庆市","access_date":"2015-11-28 13:35:50","account":"何***生","quantity":1,"handle_status":8,"order_type":"2","areaid":"500112","item_id":53},{"address":"浙江省","access_date":"2015-11-28 13:12:29","account":"7***5","quantity":1,"handle_status":8,"order_type":"2","areaid":"330203","item_id":53},{"address":"山东省","access_date":"2015-11-28 12:49:58","account":"w***2","quantity":1,"handle_status":8,"order_type":"2","areaid":"370405","item_id":53},{"address":"江苏省","access_date":"2015-11-28 11:58:12","account":"耶***荣","quantity":1,"handle_status":8,"order_type":"2","areaid":"320115","item_id":53},{"address":"云南省","access_date":"2015-11-28 11:21:58","account":"y***8","quantity":1,"handle_status":8,"order_type":"2","areaid":"530402","item_id":53},{"address":"陕西省","access_date":"2015-11-28 11:17:11","account":"肖***8","quantity":1,"handle_status":8,"order_type":"2","areaid":"610902","item_id":53},{"address":"上海市","access_date":"2015-11-28 10:49:09","account":"t***x","quantity":1,"handle_status":8,"order_type":"2","areaid":"310114","item_id":53},{"address":"北京市","access_date":"2015-11-27 16:13:15","account":"袁***萍","quantity":1,"handle_status":8,"order_type":"2","areaid":"110106","item_id":53},{"address":"江苏省","access_date":"2015-11-27 16:06:42","account":"r***n","quantity":1,"handle_status":8,"order_type":"2","areaid":"320508","item_id":53},{"address":"四川省","access_date":"2015-11-27 15:35:42","account":"杨***波","quantity":1,"handle_status":8,"order_type":"2","areaid":"510105","item_id":53},{"address":"江苏省","access_date":"2015-11-27 13:32:09","account":"g***1","quantity":1,"handle_status":8,"order_type":"2","areaid":"321182","item_id":53},{"address":"江苏省","access_date":"2015-11-27 12:53:27","account":"y***g","quantity":1,"handle_status":8,"order_type":"2","areaid":"321023","item_id":53},{"address":"海南省","access_date":"2015-11-27 12:31:43","account":"海***8","quantity":2,"handle_status":8,"order_type":"2","areaid":"460108","item_id":53},{"address":"湖南省","access_date":"2015-11-27 12:01:44","account":"g***0","quantity":1,"handle_status":8,"order_type":"2","areaid":"430702","item_id":53},{"address":"湖北省","access_date":"2015-11-27 11:46:28","account":"z***x","quantity":1,"handle_status":8,"order_type":"2","areaid":"420106","item_id":53},{"address":"河南省","access_date":"2015-11-27 11:02:53","account":"n***i","quantity":1,"handle_status":8,"order_type":"2","areaid":"411325","item_id":53},{"address":"上海市","access_date":"2015-11-27 10:39:39","account":"a***o","quantity":1,"handle_status":8,"order_type":"2","areaid":"310112","item_id":53},{"address":"江苏省","access_date":"2015-11-27 09:59:55","account":"y***h","quantity":1,"handle_status":8,"order_type":"2","areaid":"320282","item_id":53},{"address":"北京市","access_date":"2015-11-27 09:50:22","account":"n***g","quantity":1,"handle_status":8,"order_type":"2","areaid":"110115","item_id":53},{"address":"江苏省","access_date":"2015-11-27 09:44:20","account":"于***洋","quantity":1,"handle_status":8,"order_type":"2","areaid":"320105","item_id":53},{"address":"四川省","access_date":"2015-11-26 15:43:34","account":"T***I","quantity":1,"handle_status":8,"order_type":"2","areaid":"510114","item_id":53},{"address":"安徽省","access_date":"2015-11-26 12:45:14","account":"l***n","quantity":1,"handle_status":8,"order_type":"2","areaid":"341602","item_id":53},{"address":"广东省","access_date":"2015-11-26 12:24:43","account":"陈***鹏","quantity":1,"handle_status":8,"order_type":"2","areaid":"441322","item_id":53},{"address":"吉林省","access_date":"2015-11-26 12:22:22","account":"邵***玉","quantity":1,"handle_status":8,"order_type":"2","areaid":"220104","item_id":53},{"address":"山东省","access_date":"2015-11-26 12:01:05","account":"g***u","quantity":1,"handle_status":8,"order_type":"2","areaid":"370402","item_id":53},{"address":"浙江省","access_date":"2015-11-26 11:30:12","account":"叶***蓬","quantity":2,"handle_status":8,"order_type":"2","areaid":"330302","item_id":53},{"address":"湖南省","access_date":"2015-11-26 11:21:02","account":"h***i","quantity":1,"handle_status":8,"order_type":"2","areaid":"430103","item_id":53},{"address":"广东省","access_date":"2015-11-26 09:35:40","account":"c***8","quantity":1,"handle_status":8,"order_type":"2","areaid":"ff8080814cd0d0f4014cd56f66b80001","item_id":53},{"address":"广东省","access_date":"2015-11-26 09:32:36","account":"g***l","quantity":1,"handle_status":8,"order_type":"2","areaid":"440305","item_id":53},{"address":"上海市","access_date":"2015-11-25 15:30:46","account":"q***1","quantity":1,"handle_status":8,"order_type":"2","areaid":"310115","item_id":53},{"address":"福建省","access_date":"2015-11-25 14:11:31","account":"短***3","quantity":2,"handle_status":8,"order_type":"2","areaid":"350521","item_id":53},{"address":"浙江省","access_date":"2015-11-25 13:46:34","account":"z***0","quantity":1,"handle_status":8,"order_type":"2","areaid":"330212","item_id":53},{"address":"湖南省","access_date":"2015-11-25 12:54:35","account":"l***n","quantity":1,"handle_status":8,"order_type":"2","areaid":"430527","item_id":53},{"address":"天津市","access_date":"2015-11-25 12:17:18","account":"h***n","quantity":1,"handle_status":8,"order_type":"2","areaid":"120116","item_id":53},{"address":"江苏省","access_date":"2015-11-25 12:13:10","account":"s***8","quantity":1,"handle_status":8,"order_type":"2","areaid":"320211","item_id":53},{"address":"山东省","access_date":"2015-11-25 11:38:14","account":"l***1","quantity":1,"handle_status":8,"order_type":"2","areaid":"370682","item_id":53},{"address":"上海市","access_date":"2015-11-25 11:17:52","account":"l***9","quantity":1,"handle_status":8,"order_type":"2","areaid":"310115","item_id":53},{"address":"江苏省","access_date":"2015-11-25 10:47:32","account":"c***8","quantity":2,"handle_status":8,"order_type":"2","areaid":"320282","item_id":53},{"address":"陕西省","access_date":"2015-11-25 10:21:23","account":"b***5","quantity":1,"handle_status":8,"order_type":"2","areaid":"610303","item_id":53},{"address":"河南省","access_date":"2015-11-25 09:43:14","account":"x***q","quantity":1,"handle_status":8,"order_type":"2","areaid":"410621","item_id":53},{"address":"江苏省","access_date":"2015-11-24 16:23:45","account":"s***j","quantity":1,"handle_status":8,"order_type":"2","areaid":"320321","item_id":53},{"address":"山东省","access_date":"2015-11-24 15:23:05","account":"l***r","quantity":1,"handle_status":8,"order_type":"2","areaid":"370983","item_id":53},{"address":"上海市","access_date":"2015-11-24 12:47:22","account":"g***n","quantity":1,"handle_status":8,"order_type":"2","areaid":"310101","item_id":53},{"address":"广东省","access_date":"2015-11-24 12:46:06","account":"l***6","quantity":1,"handle_status":8,"order_type":"2","areaid":"440305","item_id":53},{"address":"浙江省","access_date":"2015-11-24 12:40:05","account":"f***1","quantity":1,"handle_status":8,"order_type":"2","areaid":"330283","item_id":53},{"address":"江苏省","access_date":"2015-11-24 11:30:20","account":"y***8","quantity":1,"handle_status":8,"order_type":"2","areaid":"321111","item_id":53},{"address":"广东省","access_date":"2015-11-24 11:01:43","account":"i***m","quantity":1,"handle_status":8,"order_type":"2","areaid":"ff8080814cd0d0f4014cd56f66b80001","item_id":53},{"address":"北京市","access_date":"2015-11-24 10:34:03","account":"f***n","quantity":1,"handle_status":8,"order_type":"2","areaid":"110105","item_id":53},{"address":"福建省","access_date":"2015-11-24 10:22:15","account":"1***1","quantity":1,"handle_status":8,"order_type":"2","areaid":"350213","item_id":53},{"address":"江苏省","access_date":"2015-11-24 10:10:36","account":"a***r","quantity":1,"handle_status":8,"order_type":"2","areaid":"320114","item_id":53},{"address":"福建省","access_date":"2015-11-24 09:58:10","account":"1***6","quantity":1,"handle_status":8,"order_type":"2","areaid":"350111","item_id":53},{"address":"辽宁省","access_date":"2015-11-24 09:37:42","account":"l***m","quantity":1,"handle_status":8,"order_type":"2","areaid":"210103","item_id":53},{"address":"北京市","access_date":"2015-11-24 09:35:13","account":"1***7","quantity":1,"handle_status":8,"order_type":"2","areaid":"110101","item_id":53},{"address":"广东省","access_date":"2015-11-23 15:53:22","account":"l***g","quantity":1,"handle_status":8,"order_type":"2","areaid":"440306","item_id":53},{"address":"广东省","access_date":"2015-11-23 14:43:40","account":"中***宫","quantity":1,"handle_status":8,"order_type":"2","areaid":"440803","item_id":53},{"address":"广东省","access_date":"2015-11-23 14:02:58","account":"随***缘","quantity":1,"handle_status":8,"order_type":"2","areaid":"440402","item_id":53},{"address":"山东省","access_date":"2015-11-23 13:46:53","account":"王***顺","quantity":1,"handle_status":8,"order_type":"2","areaid":"370102","item_id":53},{"address":"福建省","access_date":"2015-11-23 13:20:18","account":"z***1","quantity":1,"handle_status":8,"order_type":"2","areaid":"350902","item_id":53},{"address":"四川省","access_date":"2015-11-23 12:52:08","account":"黄***超","quantity":1,"handle_status":8,"order_type":"2","areaid":"513401","item_id":53},{"address":"广东省","access_date":"2015-11-23 12:31:57","account":"1***1","quantity":1,"handle_status":8,"order_type":"2","areaid":"440605","item_id":53},{"address":"江苏省","access_date":"2015-11-23 10:36:32","account":"t***3","quantity":1,"handle_status":8,"order_type":"2","areaid":"320922","item_id":53},{"address":"北京市","access_date":"2015-11-23 10:26:29","account":"l***n","quantity":1,"handle_status":8,"order_type":"2","areaid":"110105","item_id":53},{"address":"河南省","access_date":"2015-11-23 09:53:23","account":"1***2","quantity":1,"handle_status":8,"order_type":"2","areaid":"411403","item_id":53},{"address":"福建省","access_date":"2015-11-23 09:46:37","account":"金***藏","quantity":1,"handle_status":8,"order_type":"2","areaid":"350182","item_id":53},{"address":"山东省","access_date":"2015-11-22 15:58:35","account":"l***0","quantity":1,"handle_status":8,"order_type":"2","areaid":"370523","item_id":53},{"address":"广东省","access_date":"2015-11-22 15:28:09","account":"h***j","quantity":1,"handle_status":8,"order_type":"2","areaid":"440105","item_id":53},{"address":"四川省","access_date":"2015-11-22 11:37:08","account":"竹***光","quantity":1,"handle_status":8,"order_type":"2","areaid":"510107","item_id":53},{"address":"浙江省","access_date":"2015-11-22 11:26:51","account":"1***3","quantity":1,"handle_status":8,"order_type":"2","areaid":"330105","item_id":53},{"address":"广东省","access_date":"2015-11-22 10:28:34","account":"s***c","quantity":1,"handle_status":8,"order_type":"2","areaid":"441301","item_id":53},{"address":"湖北省","access_date":"2015-11-22 10:20:46","account":"C***5","quantity":1,"handle_status":8,"order_type":"2","areaid":"420902","item_id":53},{"address":"内蒙古自治区","access_date":"2015-11-22 09:50:23","account":"李***苗","quantity":1,"handle_status":8,"order_type":"2","areaid":"150826","item_id":53},{"address":"上海市","access_date":"2015-11-21 16:15:41","account":"s***6","quantity":1,"handle_status":8,"order_type":"2","areaid":"310112","item_id":53},{"address":"浙江省","access_date":"2015-11-21 16:13:46","account":"m***8","quantity":1,"handle_status":8,"order_type":"2","areaid":"330481","item_id":53},{"address":"甘肃省","access_date":"2015-11-21 16:02:50","account":"一***清","quantity":1,"handle_status":8,"order_type":"2","areaid":"620105","item_id":53},{"address":"上海市","access_date":"2015-11-21 15:11:12","account":"t***o","quantity":1,"handle_status":8,"order_type":"2","areaid":"310107","item_id":53},{"address":"辽宁省","access_date":"2015-11-21 14:31:20","account":"s***7","quantity":1,"handle_status":8,"order_type":"2","areaid":"210105","item_id":53},{"address":"天津市","access_date":"2015-11-21 14:30:54","account":"d***k","quantity":1,"handle_status":8,"order_type":"2","areaid":"120106","item_id":53},{"address":"重庆市","access_date":"2015-11-21 14:03:40","account":"t***o","quantity":1,"handle_status":8,"order_type":"2","areaid":"500116","item_id":53},{"address":"北京市","access_date":"2015-11-21 13:28:04","account":"l***0","quantity":1,"handle_status":8,"order_type":"2","areaid":"110114","item_id":53},{"address":"北京市","access_date":"2015-11-21 13:09:29","account":"s***r","quantity":1,"handle_status":8,"order_type":"2","areaid":"110105","item_id":53},{"address":"天津市","access_date":"2015-11-21 12:48:56","account":"阿***拉","quantity":1,"handle_status":8,"order_type":"2","areaid":"120113","item_id":53},{"address":"河南省","access_date":"2015-11-21 11:39:29","account":"鲁***生","quantity":2,"handle_status":8,"order_type":"2","areaid":"410423","item_id":53},{"address":"青海省","access_date":"2015-11-21 11:36:02","account":"s***u","quantity":1,"handle_status":8,"order_type":"2","areaid":"630105","item_id":53},{"address":"河南省","access_date":"2015-11-21 10:54:42","account":"d***g","quantity":1,"handle_status":8,"order_type":"2","areaid":"411282","item_id":53},{"address":"上海市","access_date":"2015-11-21 10:25:00","account":"d***s","quantity":1,"handle_status":8,"order_type":"2","areaid":"310113","item_id":53},{"address":"广东省","access_date":"2015-11-21 09:59:43","account":"昆***明","quantity":1,"handle_status":8,"order_type":"2","areaid":"440106","item_id":53},{"address":"四川省","access_date":"2015-11-20 16:27:17","account":"w***7","quantity":1,"handle_status":8,"order_type":"2","areaid":"511402","item_id":53},{"address":"浙江省","access_date":"2015-11-20 16:00:32","account":"a***8","quantity":1,"handle_status":8,"order_type":"2","areaid":"330329","item_id":53},{"address":"浙江省","access_date":"2015-11-20 15:27:04","account":"果***8","quantity":2,"handle_status":8,"order_type":"2","areaid":"330326","item_id":53},{"address":"山东省","access_date":"2015-11-20 15:18:15","account":"j***n","quantity":1,"handle_status":8,"order_type":"2","areaid":"370701","item_id":53},{"address":"江苏省","access_date":"2015-11-20 15:15:30","account":"c***s","quantity":1,"handle_status":8,"order_type":"2","areaid":"320114","item_id":53},{"address":"江苏省","access_date":"2015-11-20 15:02:39","account":"s***g","quantity":2,"handle_status":8,"order_type":"2","areaid":"320203","item_id":53},{"address":"陕西省","access_date":"2015-11-20 15:02:24","account":"人***币","quantity":1,"handle_status":8,"order_type":"2","areaid":"610116","item_id":53},{"address":"江西省","access_date":"2015-11-20 14:55:16","account":"1***9","quantity":1,"handle_status":8,"order_type":"2","areaid":"361026","item_id":53},{"address":"山西省","access_date":"2015-11-20 14:47:27","account":"z***b","quantity":1,"handle_status":8,"order_type":"2","areaid":"140202","item_id":53},{"address":"湖北省","access_date":"2015-11-20 14:38:09","account":"1***6","quantity":1,"handle_status":8,"order_type":"2","areaid":"421083","item_id":53},{"address":"四川省","access_date":"2015-11-20 14:23:46","account":"j***6","quantity":1,"handle_status":8,"order_type":"2","areaid":"510107","item_id":53},{"address":"山东省","access_date":"2015-11-20 13:59:30","account":"l***9","quantity":1,"handle_status":8,"order_type":"2","areaid":"370783","item_id":53},{"address":"浙江省","access_date":"2015-11-20 13:28:36","account":"c***6","quantity":1,"handle_status":8,"order_type":"2","areaid":"330206","item_id":53},{"address":"北京市","access_date":"2015-11-20 13:17:16","account":"l***g","quantity":2,"handle_status":8,"order_type":"2","areaid":"110102","item_id":53},{"address":"重庆市","access_date":"2015-11-20 12:54:57","account":"杨***琼","quantity":1,"handle_status":8,"order_type":"2","areaid":"500109","item_id":53},{"address":"黑龙江省","access_date":"2015-11-20 12:11:44","account":"韩***8","quantity":1,"handle_status":8,"order_type":"2","areaid":"230103","item_id":53},{"address":"广东省","access_date":"2015-11-20 12:06:09","account":"I***L","quantity":1,"handle_status":8,"order_type":"2","areaid":"440111","item_id":53},{"address":"内蒙古自治区","access_date":"2015-11-20 11:53:29","account":"w***4","quantity":1,"handle_status":8,"order_type":"2","areaid":"150902","item_id":53},{"address":"江西省","access_date":"2015-11-20 11:16:00","account":"问***蓉","quantity":2,"handle_status":8,"order_type":"2","areaid":"360981","item_id":53},{"address":"黑龙江省","access_date":"2015-11-20 11:05:14","account":"z***7","quantity":1,"handle_status":8,"order_type":"2","areaid":"230103","item_id":53},{"address":"黑龙江省","access_date":"2015-11-20 10:54:28","account":"z***7","quantity":1,"handle_status":8,"order_type":"2","areaid":"230103","item_id":53},{"address":"江苏省","access_date":"2015-11-20 10:49:55","account":"g***c","quantity":1,"handle_status":8,"order_type":"2","areaid":"320583","item_id":53},{"address":"山东省","access_date":"2015-11-20 10:28:55","account":"丁***艳","quantity":1,"handle_status":8,"order_type":"2","areaid":"370902","item_id":53},{"address":"安徽省","access_date":"2015-11-20 10:23:37","account":"郭***康","quantity":1,"handle_status":8,"order_type":"2","areaid":"340302","item_id":53},{"address":"北京市","access_date":"2015-11-20 10:10:35","account":"孙***L","quantity":2,"handle_status":8,"order_type":"2","areaid":"110105","item_id":53},{"address":"上海市","access_date":"2015-11-20 09:53:44","account":"g***n","quantity":1,"handle_status":8,"order_type":"2","areaid":"310101","item_id":53},{"address":"山西省","access_date":"2015-11-20 09:51:31","account":"1***7","quantity":1,"handle_status":8,"order_type":"2","areaid":"140922","item_id":53},{"address":"上海市","access_date":"2015-11-20 09:37:04","account":"p***g","quantity":1,"handle_status":8,"order_type":"2","areaid":"310112","item_id":53},{"address":"山西省","access_date":"2015-11-19 16:22:35","account":"j***7","quantity":1,"handle_status":8,"order_type":"2","areaid":"141002","item_id":53},{"address":"浙江省","access_date":"2015-11-19 16:15:37","account":"z***8","quantity":1,"handle_status":8,"order_type":"2","areaid":"330302","item_id":53},{"address":"广西壮族自治区","access_date":"2015-11-19 16:11:04","account":"为***孩","quantity":1,"handle_status":8,"order_type":"2","areaid":"450403","item_id":53},{"address":"陕西省","access_date":"2015-11-19 15:38:44","account":"c***q","quantity":1,"handle_status":8,"order_type":"2","areaid":"610104","item_id":53},{"address":"吉林省","access_date":"2015-11-19 15:21:56","account":"w***6","quantity":1,"handle_status":8,"order_type":"2","areaid":"220502","item_id":53},{"address":"江苏省","access_date":"2015-11-19 14:47:03","account":"听***堂","quantity":1,"handle_status":8,"order_type":"2","areaid":"320404","item_id":53},{"address":"山西省","access_date":"2015-11-19 14:45:39","account":"白***强","quantity":1,"handle_status":8,"order_type":"2","areaid":"140107","item_id":53},{"address":"山东省","access_date":"2015-11-19 14:41:33","account":"k***n","quantity":1,"handle_status":8,"order_type":"2","areaid":"370103","item_id":53},{"address":"福建省","access_date":"2015-11-19 14:16:16","account":"w***b","quantity":1,"handle_status":8,"order_type":"2","areaid":"350111","item_id":53},{"address":"浙江省","access_date":"2015-11-19 14:07:55","account":"w***1","quantity":1,"handle_status":8,"order_type":"2","areaid":"330702","item_id":53},{"address":"重庆市","access_date":"2015-11-19 13:08:01","account":"f***n","quantity":2,"handle_status":8,"order_type":"2","areaid":"500112","item_id":53},{"address":"云南省","access_date":"2015-11-19 12:59:55","account":"y***0","quantity":2,"handle_status":8,"order_type":"2","areaid":"530521","item_id":53},{"address":"天津市","access_date":"2015-11-19 12:21:51","account":"z***o","quantity":1,"handle_status":8,"order_type":"2","areaid":"120104","item_id":53},{"address":"浙江省","access_date":"2015-11-19 11:42:22","account":"l***e","quantity":1,"handle_status":8,"order_type":"2","areaid":"330282","item_id":53},{"address":"浙江省","access_date":"2015-11-19 11:21:43","account":"k***r","quantity":1,"handle_status":8,"order_type":"2","areaid":"330402","item_id":53},{"address":"云南省","access_date":"2015-11-19 11:16:54","account":"1***5","quantity":1,"handle_status":8,"order_type":"2","areaid":"533321","item_id":53},{"address":"北京市","access_date":"2015-11-19 10:39:04","account":"1***5","quantity":1,"handle_status":8,"order_type":"2","areaid":"110105","item_id":53},{"address":"广西壮族自治区","access_date":"2015-11-19 10:37:57","account":"l***8","quantity":1,"handle_status":8,"order_type":"2","areaid":"450722","item_id":53},{"address":"河北省","access_date":"2015-11-19 10:20:29","account":"阳***7","quantity":1,"handle_status":8,"order_type":"2","areaid":"131002","item_id":53},{"address":"上海市","access_date":"2015-11-19 10:05:25","account":"黄***丫","quantity":1,"handle_status":8,"order_type":"2","areaid":"310104","item_id":53},{"address":"广东省","access_date":"2015-11-19 10:00:59","account":"S***n","quantity":1,"handle_status":8,"order_type":"2","areaid":"440303","item_id":53},{"address":"广东省","access_date":"2015-11-19 09:51:43","account":"h***8","quantity":1,"handle_status":8,"order_type":"2","areaid":"441602","item_id":53},{"address":"陕西省","access_date":"2015-11-18 16:24:59","account":"y***1","quantity":1,"handle_status":8,"order_type":"2","areaid":"610302","item_id":53},{"address":"陕西省","access_date":"2015-11-18 15:18:33","account":"i***t","quantity":1,"handle_status":8,"order_type":"2","areaid":"610116","item_id":53},{"address":"山东省","access_date":"2015-11-18 15:17:35","account":"1***8","quantity":1,"handle_status":8,"order_type":"2","areaid":"370681","item_id":53},{"address":"云南省","access_date":"2015-11-15 10:48:02","account":"y***0","quantity":2,"handle_status":8,"order_type":"2","areaid":"530521","item_id":53},{"address":"安徽省","access_date":"2015-11-15 10:47:14","account":"安***F","quantity":2,"handle_status":8,"order_type":"2","areaid":"341823","item_id":53},{"address":"上海市","access_date":"2015-11-15 10:32:24","account":"z***6","quantity":1,"handle_status":8,"order_type":"2","areaid":"310117","item_id":53},{"address":"广东省","access_date":"2015-11-15 10:15:33","account":"8***0","quantity":1,"handle_status":8,"order_type":"2","areaid":"440306","item_id":53},{"address":"北京市","access_date":"2015-11-15 09:49:54","account":"G***9","quantity":1,"handle_status":8,"order_type":"2","areaid":"110108","item_id":53},{"address":"安徽省","access_date":"2015-11-14 16:27:04","account":"1***2","quantity":1,"handle_status":8,"order_type":"2","areaid":"340102","item_id":53},{"address":"安徽省","access_date":"2015-11-14 16:13:37","account":"q***h","quantity":1,"handle_status":8,"order_type":"2","areaid":"340603","item_id":53},{"address":"浙江省","access_date":"2015-11-14 15:46:04","account":"果***8","quantity":1,"handle_status":8,"order_type":"2","areaid":"330326","item_id":53},{"address":"黑龙江省","access_date":"2015-11-14 15:14:21","account":"q***m","quantity":2,"handle_status":8,"order_type":"2","areaid":"230202","item_id":53},{"address":"湖北省","access_date":"2015-11-14 14:27:52","account":"z***z","quantity":1,"handle_status":8,"order_type":"2","areaid":"421281","item_id":53},{"address":"安徽省","access_date":"2015-11-14 14:11:58","account":"a***l","quantity":1,"handle_status":8,"order_type":"2","areaid":"340603","item_id":53},{"address":"北京市","access_date":"2015-11-14 13:59:16","account":"l***2","quantity":1,"handle_status":8,"order_type":"2","areaid":"110108","item_id":53},{"address":"福建省","access_date":"2015-11-14 11:40:57","account":"n***8","quantity":2,"handle_status":8,"order_type":"2","areaid":"350702","item_id":53},{"address":"广东省","access_date":"2015-11-14 11:25:40","account":"皓***牛","quantity":1,"handle_status":8,"order_type":"2","areaid":"440305","item_id":53},{"address":"北京市","access_date":"2015-11-14 10:45:38","account":"m***8","quantity":1,"handle_status":8,"order_type":"2","areaid":"110115","item_id":53},{"address":"河南省","access_date":"2015-11-14 10:33:00","account":"o***x","quantity":1,"handle_status":8,"order_type":"2","areaid":"410105","item_id":53},{"address":"北京市","access_date":"2015-11-14 10:12:36","account":"1***6","quantity":1,"handle_status":8,"order_type":"2","areaid":"110105","item_id":53},{"address":"湖南省","access_date":"2015-11-13 16:12:20","account":"w***2","quantity":1,"handle_status":8,"order_type":"2","areaid":"431023","item_id":53},{"address":"广东省","access_date":"2015-11-13 16:02:00","account":"w***1","quantity":1,"handle_status":8,"order_type":"2","areaid":"ff8080814cd0d0f4014cd571e2a50002","item_id":53},{"address":"浙江省","access_date":"2015-11-13 15:12:53","account":"罗***淘","quantity":1,"handle_status":8,"order_type":"2","areaid":"330302","item_id":53},{"address":"浙江省","access_date":"2015-11-13 14:57:02","account":"d***c","quantity":4,"handle_status":8,"order_type":"2","areaid":"330702","item_id":53},{"address":"北京市","access_date":"2015-11-13 14:19:45","account":"h***p","quantity":2,"handle_status":8,"order_type":"2","areaid":"110115","item_id":53},{"address":"江苏省","access_date":"2015-11-13 13:21:02","account":"波***2","quantity":1,"handle_status":8,"order_type":"2","areaid":"320508","item_id":53},{"address":"北京市","access_date":"2015-11-13 13:17:44","account":"z***5","quantity":1,"handle_status":8,"order_type":"2","areaid":"110112","item_id":53},{"address":"广西壮族自治区","access_date":"2015-11-13 12:57:15","account":"d***n","quantity":1,"handle_status":8,"order_type":"2","areaid":"450105","item_id":53},{"address":"上海市","access_date":"2015-11-13 12:30:47","account":"q***n","quantity":1,"handle_status":8,"order_type":"2","areaid":"310104","item_id":53},{"address":"北京市","access_date":"2015-11-13 12:30:28","account":"米***下","quantity":1,"handle_status":8,"order_type":"2","areaid":"110102","item_id":53},{"address":"浙江省","access_date":"2015-11-13 12:19:15","account":"扇***枫","quantity":2,"handle_status":8,"order_type":"2","areaid":"330282","item_id":53},{"address":"广东省","access_date":"2015-11-13 11:41:27","account":"b***f","quantity":1,"handle_status":8,"order_type":"2","areaid":"440106","item_id":53},{"address":"上海市","access_date":"2015-11-13 11:22:26","account":"u***k","quantity":1,"handle_status":8,"order_type":"2","areaid":"310107","item_id":53},{"address":"山东省","access_date":"2015-11-13 11:12:59","account":"牛***芳","quantity":1,"handle_status":8,"order_type":"2","areaid":"370705","item_id":53},{"address":"陕西省","access_date":"2015-11-13 11:10:11","account":"y***k","quantity":1,"handle_status":8,"order_type":"2","areaid":"610103","item_id":53},{"address":"山东省","access_date":"2015-11-13 11:08:10","account":"d***i","quantity":1,"handle_status":8,"order_type":"2","areaid":"370103","item_id":53},{"address":"上海市","access_date":"2015-11-13 10:51:51","account":"m***4","quantity":1,"handle_status":8,"order_type":"2","areaid":"310104","item_id":53},{"address":"西藏自治区","access_date":"2015-11-13 10:30:31","account":"x***8","quantity":2,"handle_status":8,"order_type":"2","areaid":"542121","item_id":53},{"address":"江苏省","access_date":"2015-11-13 10:15:23","account":"在***方","quantity":1,"handle_status":8,"order_type":"2","areaid":"320921","item_id":53},{"address":"江西省","access_date":"2015-11-13 10:11:26","account":"c***5","quantity":1,"handle_status":8,"order_type":"2","areaid":"361001","item_id":53},{"address":"辽宁省","access_date":"2015-11-13 10:09:32","account":"谦***者","quantity":1,"handle_status":8,"order_type":"2","areaid":"210404","item_id":53},{"address":"北京市","access_date":"2015-11-13 09:47:45","account":"c***1","quantity":1,"handle_status":8,"order_type":"2","areaid":"110108","item_id":53},{"address":"内蒙古自治区","access_date":"2015-11-13 09:32:57","account":"g***2","quantity":1,"handle_status":8,"order_type":"2","areaid":"150826","item_id":53},{"address":"江苏省","access_date":"2015-11-13 09:31:55","account":"1***1","quantity":1,"handle_status":8,"order_type":"2","areaid":"320106","item_id":53},{"address":"黑龙江省","access_date":"2015-11-12 16:29:53","account":"w***d","quantity":1,"handle_status":8,"order_type":"2","areaid":"231182","item_id":53},{"address":"江苏省","access_date":"2015-11-12 15:09:47","account":"秋***8","quantity":1,"handle_status":8,"order_type":"2","areaid":"320204","item_id":53},{"address":"上海市","access_date":"2015-11-12 14:41:17","account":"y***n","quantity":1,"handle_status":8,"order_type":"2","areaid":"310105","item_id":53},{"address":"新疆维吾尔自治区","access_date":"2015-11-12 14:35:00","account":"w***g","quantity":1,"handle_status":8,"order_type":"2","areaid":"650104","item_id":53},{"address":"上海市","access_date":"2015-11-12 14:11:03","account":"z***h","quantity":1,"handle_status":8,"order_type":"2","areaid":"310109","item_id":53},{"address":"安徽省","access_date":"2015-11-12 13:57:41","account":"w***i","quantity":1,"handle_status":8,"order_type":"2","areaid":"340104","item_id":53},{"address":"河北省","access_date":"2015-11-12 13:21:36","account":"崇***宝","quantity":1,"handle_status":8,"order_type":"2","areaid":"130602","item_id":53},{"address":"江苏省","access_date":"2015-11-12 13:18:34","account":"W***7","quantity":2,"handle_status":8,"order_type":"2","areaid":"320621","item_id":53},{"address":"河北省","access_date":"2015-11-12 13:12:47","account":"j***n","quantity":1,"handle_status":8,"order_type":"2","areaid":"130126","item_id":53},{"address":"江苏省","access_date":"2015-11-12 12:56:52","account":"o***g","quantity":1,"handle_status":8,"order_type":"2","areaid":"320114","item_id":53},{"address":"浙江省","access_date":"2015-11-12 12:54:17","account":"q***j","quantity":1,"handle_status":8,"order_type":"2","areaid":"331121","item_id":53},{"address":"湖北省","access_date":"2015-11-12 12:53:03","account":"d***2","quantity":1,"handle_status":8,"order_type":"2","areaid":"420502","item_id":53},{"address":"山西省","access_date":"2015-11-12 12:50:34","account":"j***i","quantity":1,"handle_status":8,"order_type":"2","areaid":"140105","item_id":53},{"address":"河北省","access_date":"2015-11-12 12:41:04","account":"崇***宝","quantity":1,"handle_status":8,"order_type":"2","areaid":"130602","item_id":53},{"address":"湖南省","access_date":"2015-11-12 12:21:49","account":"易***文","quantity":1,"handle_status":8,"order_type":"2","areaid":"430181","item_id":53},{"address":"浙江省","access_date":"2015-11-12 12:14:36","account":"y***u","quantity":1,"handle_status":8,"order_type":"2","areaid":"330212","item_id":53},{"address":"广西壮族自治区","access_date":"2015-11-12 12:12:57","account":"1***2","quantity":1,"handle_status":8,"order_type":"2","areaid":"450102","item_id":53},{"address":"广东省","access_date":"2015-11-12 12:04:47","account":"b***2","quantity":1,"handle_status":8,"order_type":"2","areaid":"440116","item_id":53},{"address":"上海市","access_date":"2015-11-12 12:02:58","account":"l***8","quantity":1,"handle_status":8,"order_type":"2","areaid":"310114","item_id":53},{"address":"天津市","access_date":"2015-11-12 11:57:03","account":"x***t","quantity":1,"handle_status":8,"order_type":"2","areaid":"120110","item_id":53},{"address":"湖南省","access_date":"2015-11-12 11:56:24","account":"s***1","quantity":1,"handle_status":8,"order_type":"2","areaid":"433101","item_id":53},{"address":"湖南省","access_date":"2015-11-12 11:55:47","account":"s***1","quantity":1,"handle_status":8,"order_type":"2","areaid":"433101","item_id":53},{"address":"广东省","access_date":"2015-11-12 11:52:13","account":"x***8","quantity":1,"handle_status":8,"order_type":"2","areaid":"440307","item_id":53},{"address":"上海市","access_date":"2015-11-12 11:50:44","account":"m***i","quantity":1,"handle_status":8,"order_type":"2","areaid":"310115","item_id":53},{"address":"山东省","access_date":"2015-11-12 11:45:27","account":"张***伟","quantity":1,"handle_status":8,"order_type":"2","areaid":"371522","item_id":53},{"address":"江苏省","access_date":"2015-11-12 11:37:22","account":"宋***政","quantity":1,"handle_status":8,"order_type":"2","areaid":"320612","item_id":53},{"address":"山东省","access_date":"2015-11-12 11:32:17","account":"c***w","quantity":1,"handle_status":8,"order_type":"2","areaid":"370983","item_id":53},{"address":"江苏省","access_date":"2015-11-12 11:28:53","account":"s***3","quantity":1,"handle_status":8,"order_type":"2","areaid":"320501","item_id":53},{"address":"江苏省","access_date":"2015-11-12 11:21:40","account":"a***r","quantity":1,"handle_status":8,"order_type":"2","areaid":"320501","item_id":53},{"address":"北京市","access_date":"2015-11-12 11:11:01","account":"x***g","quantity":1,"handle_status":8,"order_type":"2","areaid":"110114","item_id":53},{"address":"北京市","access_date":"2015-11-12 11:09:32","account":"g***i","quantity":1,"handle_status":8,"order_type":"2","areaid":"110112","item_id":53},{"address":"浙江省","access_date":"2015-11-12 11:03:49","account":"杨***柯","quantity":1,"handle_status":8,"order_type":"2","areaid":"330602","item_id":53},{"address":"浙江省","access_date":"2015-11-12 10:52:50","account":"7***0","quantity":1,"handle_status":8,"order_type":"2","areaid":"330481","item_id":53},{"address":"上海市","access_date":"2015-11-12 10:27:19","account":"小***草","quantity":1,"handle_status":8,"order_type":"2","areaid":"310115","item_id":53},{"address":"重庆市","access_date":"2015-11-12 10:16:16","account":"j***t","quantity":1,"handle_status":8,"order_type":"2","areaid":"500116","item_id":53},{"address":"山东省","access_date":"2015-11-12 10:08:10","account":"l***2","quantity":1,"handle_status":8,"order_type":"2","areaid":"370105","item_id":53},{"address":"山东省","access_date":"2015-11-12 09:59:11","account":"1***8","quantity":1,"handle_status":8,"order_type":"2","areaid":"371201","item_id":53},{"address":"山东省","access_date":"2015-11-12 09:57:47","account":"f***e","quantity":1,"handle_status":8,"order_type":"2","areaid":"370181","item_id":53},{"address":"江苏省","access_date":"2015-11-12 09:56:12","account":"a***1","quantity":1,"handle_status":8,"order_type":"2","areaid":"320506","item_id":53},{"address":"天津市","access_date":"2015-11-12 09:43:18","account":"晏***杰","quantity":1,"handle_status":8,"order_type":"2","areaid":"120101","item_id":53},{"address":"山东省","access_date":"2015-11-12 09:43:12","account":"l***8","quantity":1,"handle_status":8,"order_type":"2","areaid":"370285","item_id":53},{"address":"浙江省","access_date":"2015-11-12 09:41:30","account":"只***闹","quantity":1,"handle_status":8,"order_type":"2","areaid":"330110","item_id":53},{"address":"上海市","access_date":"2015-11-12 09:36:47","account":"g***h","quantity":1,"handle_status":8,"order_type":"2","areaid":"310115","item_id":53},{"address":"宁夏回族自治区","access_date":"2015-11-12 09:33:11","account":"s***r","quantity":1,"handle_status":8,"order_type":"2","areaid":"640502","item_id":53},{"address":"北京市","access_date":"2015-11-11 16:21:59","account":"l***8","quantity":1,"handle_status":8,"order_type":"2","areaid":"110105","item_id":53},{"address":"上海市","access_date":"2015-11-11 15:51:41","account":"h***0","quantity":1,"handle_status":8,"order_type":"2","areaid":"310108","item_id":53},{"address":"广东省","access_date":"2015-11-11 15:41:45","account":"J***6","quantity":1,"handle_status":8,"order_type":"2","areaid":"440306","item_id":53},{"address":"安徽省","access_date":"2015-11-10 13:00:27","account":"h***i","quantity":1,"handle_status":8,"order_type":"2","areaid":"340123","item_id":53},{"address":"上海市","access_date":"2015-11-10 12:51:33","account":"g***n","quantity":2,"handle_status":8,"order_type":"2","areaid":"310101","item_id":53},{"address":"四川省","access_date":"2015-11-10 12:42:33","account":"s***0","quantity":1,"handle_status":8,"order_type":"2","areaid":"510402","item_id":53},{"address":"福建省","access_date":"2015-11-10 11:49:04","account":"s***8","quantity":5,"handle_status":8,"order_type":"2","areaid":"350203","item_id":53},{"address":"辽宁省","access_date":"2015-11-10 11:48:21","account":"信***翁","quantity":1,"handle_status":8,"order_type":"2","areaid":"210204","item_id":53},{"address":"四川省","access_date":"2015-11-10 11:41:18","account":"l***a","quantity":2,"handle_status":8,"order_type":"2","areaid":"510105","item_id":53},{"address":"云南省","access_date":"2015-11-10 10:53:43","account":"k***r","quantity":1,"handle_status":8,"order_type":"2","areaid":"530102","item_id":53},{"address":"北京市","access_date":"2015-11-10 10:42:08","account":"焰***颍","quantity":1,"handle_status":8,"order_type":"2","areaid":"110108","item_id":53},{"address":"浙江省","access_date":"2015-11-10 10:30:08","account":"1***1","quantity":1,"handle_status":8,"order_type":"2","areaid":"330203","item_id":53},{"address":"云南省","access_date":"2015-11-10 10:23:46","account":"x***n","quantity":1,"handle_status":8,"order_type":"2","areaid":"530102","item_id":53},{"address":"江苏省","access_date":"2015-11-10 10:18:46","account":"洛***涵","quantity":1,"handle_status":8,"order_type":"2","areaid":"320411","item_id":53},{"address":"黑龙江省","access_date":"2015-11-10 10:03:11","account":"沙***鱼","quantity":2,"handle_status":8,"order_type":"2","areaid":"230602","item_id":53},{"address":"上海市","access_date":"2015-11-10 09:55:11","account":"z***r","quantity":2,"handle_status":8,"order_type":"2","areaid":"310112","item_id":53},{"address":"陕西省","access_date":"2015-11-10 09:49:17","account":"9***5","quantity":1,"handle_status":8,"order_type":"2","areaid":"610113","item_id":53},{"address":"甘肃省","access_date":"2015-11-10 09:31:16","account":"y***1","quantity":1,"handle_status":8,"order_type":"2","areaid":"620321","item_id":53},{"address":"北京市","access_date":"2015-11-09 16:21:44","account":"z***1","quantity":1,"handle_status":8,"order_type":"2","areaid":"110108","item_id":53},{"address":"四川省","access_date":"2015-11-09 16:13:52","account":"T***I","quantity":1,"handle_status":8,"order_type":"2","areaid":"510114","item_id":53},{"address":"江苏省","access_date":"2015-11-09 16:00:16","account":"q***6","quantity":1,"handle_status":8,"order_type":"2","areaid":"320611","item_id":53},{"address":"陕西省","access_date":"2015-11-09 15:46:29","account":"陕***北","quantity":1,"handle_status":8,"order_type":"2","areaid":"610821","item_id":53},{"address":"江苏省","access_date":"2015-11-09 15:32:51","account":"q***6","quantity":1,"handle_status":8,"order_type":"2","areaid":"320611","item_id":53},{"address":"江西省","access_date":"2015-11-09 15:23:22","account":"r***y","quantity":1,"handle_status":8,"order_type":"2","areaid":"360111","item_id":53},{"address":"广东省","access_date":"2015-11-09 15:22:54","account":"s***9","quantity":1,"handle_status":8,"order_type":"2","areaid":"440304","item_id":53},{"address":"上海市","access_date":"2015-11-09 15:09:44","account":"s***j","quantity":1,"handle_status":8,"order_type":"2","areaid":"310110","item_id":53},{"address":"黑龙江省","access_date":"2015-11-09 15:09:31","account":"l***9","quantity":1,"handle_status":8,"order_type":"2","areaid":"231282","item_id":53},{"address":"北京市","access_date":"2015-11-09 15:00:27","account":"d***g","quantity":2,"handle_status":8,"order_type":"2","areaid":"110105","item_id":53},{"address":"河北省","access_date":"2015-11-09 14:58:03","account":"p***r","quantity":1,"handle_status":8,"order_type":"2","areaid":"130502","item_id":53},{"address":"新疆维吾尔自治区","access_date":"2015-11-09 14:52:16","account":"l***8","quantity":1,"handle_status":8,"order_type":"2","areaid":"653001","item_id":53},{"address":"浙江省","access_date":"2015-11-09 14:51:38","account":"1***a","quantity":1,"handle_status":8,"order_type":"2","areaid":"330481","item_id":53},{"address":"安徽省","access_date":"2015-11-09 14:39:28","account":"b***q","quantity":1,"handle_status":8,"order_type":"2","areaid":"340104","item_id":53},{"address":"浙江省","access_date":"2015-11-09 14:36:14","account":"8***8","quantity":1,"handle_status":8,"order_type":"2","areaid":"330282","item_id":53},{"address":"北京市","access_date":"2015-11-09 13:58:40","account":"o***1","quantity":1,"handle_status":8,"order_type":"2","areaid":"110105","item_id":53},{"address":"黑龙江省","access_date":"2015-11-09 13:56:09","account":"s***o","quantity":1,"handle_status":8,"order_type":"2","areaid":"230110","item_id":53},{"address":"安徽省","access_date":"2015-11-09 13:53:23","account":"b***q","quantity":1,"handle_status":8,"order_type":"2","areaid":"340104","item_id":53},{"address":"四川省","access_date":"2015-11-09 13:41:32","account":"w***9","quantity":1,"handle_status":8,"order_type":"2","areaid":"510107","item_id":53},{"address":"上海市","access_date":"2015-11-09 13:37:35","account":"1***7","quantity":1,"handle_status":8,"order_type":"2","areaid":"310114","item_id":53},{"address":"北京市","access_date":"2015-11-09 13:36:54","account":"v***0","quantity":1,"handle_status":8,"order_type":"2","areaid":"110108","item_id":53},{"address":"山东省","access_date":"2015-11-09 13:14:15","account":"1***8","quantity":1,"handle_status":8,"order_type":"2","areaid":"370802","item_id":53},{"address":"北京市","access_date":"2015-11-09 13:09:41","account":"1***9","quantity":1,"handle_status":8,"order_type":"2","areaid":"110105","item_id":53},{"address":"山东省","access_date":"2015-11-09 13:01:18","account":"葛***鹏","quantity":1,"handle_status":8,"order_type":"2","areaid":"370882","item_id":53},{"address":"浙江省","access_date":"2015-11-09 12:35:05","account":"1***9","quantity":1,"handle_status":8,"order_type":"2","areaid":"330782","item_id":53},{"address":"江苏省","access_date":"2015-11-09 12:10:31","account":"j***l","quantity":1,"handle_status":8,"order_type":"2","areaid":"321012","item_id":53},{"address":"江苏省","access_date":"2015-11-09 11:55:54","account":"j***y","quantity":2,"handle_status":8,"order_type":"2","areaid":"320404","item_id":53},{"address":"上海市","access_date":"2015-11-09 11:54:47","account":"w***i","quantity":1,"handle_status":8,"order_type":"2","areaid":"310113","item_id":53},{"address":"北京市","access_date":"2015-11-09 11:45:38","account":"b***5","quantity":1,"handle_status":8,"order_type":"2","areaid":"110108","item_id":53},{"address":"江西省","access_date":"2015-11-09 11:41:18","account":"r***y","quantity":1,"handle_status":8,"order_type":"2","areaid":"360111","item_id":53},{"address":"广东省","access_date":"2015-11-09 11:23:44","account":"c***d","quantity":1,"handle_status":8,"order_type":"2","areaid":"440704","item_id":53},{"address":"贵州省","access_date":"2015-11-09 11:16:15","account":"c***2","quantity":1,"handle_status":8,"order_type":"2","areaid":"520303","item_id":53},{"address":"福建省","access_date":"2015-11-09 11:11:57","account":"1***8","quantity":1,"handle_status":8,"order_type":"2","areaid":"350102","item_id":53},{"address":"天津市","access_date":"2015-11-09 10:59:53","account":"x***t","quantity":1,"handle_status":8,"order_type":"2","areaid":"120110","item_id":53},{"address":"陕西省","access_date":"2015-11-09 10:58:30","account":"s***k","quantity":1,"handle_status":8,"order_type":"2","areaid":"610113","item_id":53},{"address":"安徽省","access_date":"2015-11-09 10:40:39","account":"n***8","quantity":1,"handle_status":8,"order_type":"2","areaid":"340103","item_id":53},{"address":"甘肃省","access_date":"2015-11-09 10:32:36","account":"z***u","quantity":1,"handle_status":8,"order_type":"2","areaid":"620102","item_id":53},{"address":"福建省","access_date":"2015-11-09 10:29:38","account":"l***z","quantity":1,"handle_status":8,"order_type":"2","areaid":"350111","item_id":53},{"address":"广东省","access_date":"2015-11-09 10:22:57","account":"f***s","quantity":1,"handle_status":8,"order_type":"2","areaid":"440604","item_id":53},{"address":"山东省","access_date":"2015-11-09 10:22:06","account":"h***w","quantity":2,"handle_status":8,"order_type":"2","areaid":"370322","item_id":53},{"address":"浙江省","access_date":"2015-11-09 10:04:27","account":"1***1","quantity":2,"handle_status":8,"order_type":"2","areaid":"330206","item_id":53},{"address":"河南省","access_date":"2015-11-09 09:50:17","account":"l***8","quantity":5,"handle_status":8,"order_type":"2","areaid":"411526","item_id":53},{"address":"江苏省","access_date":"2015-11-09 09:48:30","account":"g***a","quantity":1,"handle_status":8,"order_type":"2","areaid":"320206","item_id":53},{"address":"广东省","access_date":"2015-11-09 09:39:43","account":"l***松","quantity":1,"handle_status":8,"order_type":"2","areaid":"440705","item_id":53},{"address":"广东省","access_date":"2015-11-09 09:39:25","account":"无***5","quantity":1,"handle_status":8,"order_type":"2","areaid":"441323","item_id":53},{"address":"北京市","access_date":"2015-11-09 09:38:24","account":"s***6","quantity":1,"handle_status":8,"order_type":"2","areaid":"110108","item_id":53},{"address":"广东省","access_date":"2015-11-09 09:37:59","account":"e***7","quantity":1,"handle_status":8,"order_type":"2","areaid":"440304","item_id":53},{"address":"江苏省","access_date":"2015-11-09 09:36:55","account":"h***g","quantity":1,"handle_status":8,"order_type":"2","areaid":"320829","item_id":53},{"address":"安徽省","access_date":"2015-11-09 09:30:38","account":"j***u","quantity":1,"handle_status":8,"order_type":"2","areaid":"340702","item_id":53},{"address":"浙江省","access_date":"2015-11-09 09:30:35","account":"f***c","quantity":3,"handle_status":8,"order_type":"2","areaid":"330104","item_id":53},{"address":"上海市","access_date":"2015-11-09 09:30:29","account":"1***0","quantity":1,"handle_status":8,"order_type":"2","areaid":"310113","item_id":53},{"address":"广东省","access_date":"2015-11-08 16:27:02","account":"秋***枫","quantity":1,"handle_status":8,"order_type":"2","areaid":"440106","item_id":53},{"address":"浙江省","access_date":"2015-11-08 16:26:15","account":"一***金","quantity":1,"handle_status":8,"order_type":"2","areaid":"330483","item_id":53},{"address":"广东省","access_date":"2015-11-08 16:24:28","account":"w***3","quantity":1,"handle_status":8,"order_type":"2","areaid":"440103","item_id":53},{"address":"山东省","access_date":"2015-11-08 16:23:30","account":"l***3","quantity":1,"handle_status":8,"order_type":"2","areaid":"370911","item_id":53},{"address":"福建省","access_date":"2015-11-08 16:07:28","account":"l***1","quantity":1,"handle_status":8,"order_type":"2","areaid":"350203","item_id":53},{"address":"上海市","access_date":"2015-11-08 16:06:03","account":"y***5","quantity":2,"handle_status":8,"order_type":"2","areaid":"310107","item_id":53},{"address":"北京市","access_date":"2015-11-08 15:57:41","account":"李***沐","quantity":1,"handle_status":8,"order_type":"2","areaid":"110114","item_id":53},{"address":"浙江省","access_date":"2015-11-08 15:57:37","account":"果***8","quantity":1,"handle_status":8,"order_type":"2","areaid":"330326","item_id":53},{"address":"浙江省","access_date":"2015-11-08 15:56:59","account":"果***8","quantity":1,"handle_status":8,"order_type":"2","areaid":"330326","item_id":53},{"address":"浙江省","access_date":"2015-11-08 15:56:10","account":"果***8","quantity":1,"handle_status":8,"order_type":"2","areaid":"330326","item_id":53},{"address":"浙江省","access_date":"2015-11-08 15:55:34","account":"果***8","quantity":1,"handle_status":8,"order_type":"2","areaid":"330326","item_id":53},{"address":"海南省","access_date":"2015-11-08 15:54:48","account":"l***n","quantity":1,"handle_status":8,"order_type":"2","areaid":"460105","item_id":53},{"address":"浙江省","access_date":"2015-11-08 15:54:37","account":"果***8","quantity":1,"handle_status":8,"order_type":"2","areaid":"330326","item_id":53},{"address":"山东省","access_date":"2015-11-08 15:38:04","account":"z***n","quantity":1,"handle_status":8,"order_type":"2","areaid":"370781","item_id":53},{"address":"浙江省","access_date":"2015-11-08 15:28:57","account":"d***5","quantity":1,"handle_status":8,"order_type":"2","areaid":"330382","item_id":53},{"address":"湖南省","access_date":"2015-11-08 15:16:00","account":"长***g","quantity":2,"handle_status":8,"order_type":"2","areaid":"430111","item_id":53},{"address":"江西省","access_date":"2015-11-08 15:04:01","account":"1***0","quantity":1,"handle_status":8,"order_type":"2","areaid":"360702","item_id":53},{"address":"内蒙古自治区","access_date":"2015-11-08 14:55:41","account":"0***0","quantity":1,"handle_status":8,"order_type":"2","areaid":"150621","item_id":53},{"address":"广西壮族自治区","access_date":"2015-11-08 14:44:08","account":"c***6","quantity":1,"handle_status":8,"order_type":"2","areaid":"450203","item_id":53},{"address":"贵州省","access_date":"2015-11-08 14:43:44","account":"1***8","quantity":1,"handle_status":8,"order_type":"2","areaid":"520303","item_id":53},{"address":"北京市","access_date":"2015-11-08 13:57:27","account":"p***y","quantity":2,"handle_status":8,"order_type":"2","areaid":"110108","item_id":53},{"address":"江苏省","access_date":"2015-11-08 13:56:24","account":"l***0","quantity":1,"handle_status":8,"order_type":"2","areaid":"320508","item_id":53},{"address":"浙江省","access_date":"2015-11-08 13:48:53","account":"玲***娘","quantity":1,"handle_status":8,"order_type":"2","areaid":"330621","item_id":53},{"address":"安徽省","access_date":"2015-11-08 13:46:10","account":"8***4","quantity":2,"handle_status":8,"order_type":"2","areaid":"340203","item_id":53},{"address":"山西省","access_date":"2015-11-08 13:33:47","account":"天***阁","quantity":1,"handle_status":8,"order_type":"2","areaid":"140902","item_id":53},{"address":"山东省","access_date":"2015-11-08 13:25:19","account":"孙***勇","quantity":1,"handle_status":8,"order_type":"2","areaid":"370282","item_id":53},{"address":"辽宁省","access_date":"2015-11-08 13:16:31","account":"s***i","quantity":1,"handle_status":8,"order_type":"2","areaid":"210102","item_id":53},{"address":"山东省","access_date":"2015-11-08 13:12:38","account":"f***9","quantity":1,"handle_status":8,"order_type":"2","areaid":"370703","item_id":53},{"address":"江苏省","access_date":"2015-11-08 12:59:43","account":"春***虫","quantity":1,"handle_status":8,"order_type":"2","areaid":"320404","item_id":53},{"address":"山东省","access_date":"2015-11-08 12:42:30","account":"h***1","quantity":1,"handle_status":8,"order_type":"2","areaid":"371401","item_id":53},{"address":"湖南省","access_date":"2015-11-08 12:42:08","account":"d***y","quantity":1,"handle_status":8,"order_type":"2","areaid":"430581","item_id":53},{"address":"广东省","access_date":"2015-11-08 12:35:06","account":"爽***爽","quantity":1,"handle_status":8,"order_type":"2","areaid":"440111","item_id":53},{"address":"云南省","access_date":"2015-11-08 12:11:33","account":"在***里","quantity":1,"handle_status":8,"order_type":"2","areaid":"530112","item_id":53},{"address":"上海市","access_date":"2015-11-08 12:08:37","account":"1***9","quantity":1,"handle_status":8,"order_type":"2","areaid":"310101","item_id":53},{"address":"浙江省","access_date":"2015-11-08 12:08:25","account":"h***0","quantity":1,"handle_status":8,"order_type":"2","areaid":"330206","item_id":53},{"address":"天津市","access_date":"2015-11-08 11:55:38","account":"1***4","quantity":1,"handle_status":8,"order_type":"2","areaid":"120102","item_id":53},{"address":"江苏省","access_date":"2015-11-08 11:43:49","account":"s***9","quantity":1,"handle_status":8,"order_type":"2","areaid":"320501","item_id":53},{"address":"安徽省","access_date":"2015-11-08 11:42:12","account":"晶***美","quantity":1,"handle_status":8,"order_type":"2","areaid":"341723","item_id":53},{"address":"江苏省","access_date":"2015-11-08 11:26:01","account":"听***堂","quantity":1,"handle_status":8,"order_type":"2","areaid":"320404","item_id":53},{"address":"陕西省","access_date":"2015-11-08 11:19:25","account":"1***7","quantity":1,"handle_status":8,"order_type":"2","areaid":"610112","item_id":53},{"address":"山东省","access_date":"2015-11-08 11:19:21","account":"p***3","quantity":1,"handle_status":8,"order_type":"2","areaid":"370281","item_id":53},{"address":"上海市","access_date":"2015-11-08 11:17:56","account":"x***n","quantity":1,"handle_status":8,"order_type":"2","areaid":"310110","item_id":53},{"address":"甘肃省","access_date":"2015-11-08 11:15:27","account":"n***2","quantity":1,"handle_status":8,"order_type":"2","areaid":"620102","item_id":53},{"address":"上海市","access_date":"2015-11-08 11:14:22","account":"s***8","quantity":1,"handle_status":8,"order_type":"2","areaid":"310115","item_id":53},{"address":"吉林省","access_date":"2015-11-08 11:13:07","account":"1***0","quantity":1,"handle_status":8,"order_type":"2","areaid":"220104","item_id":53},{"address":"上海市","access_date":"2015-11-08 11:10:33","account":"r***n","quantity":2,"handle_status":8,"order_type":"2","areaid":"310115","item_id":53},{"address":"河南省","access_date":"2015-11-08 11:08:19","account":"b***n","quantity":1,"handle_status":8,"order_type":"2","areaid":"410402","item_id":53},{"address":"上海市","access_date":"2015-11-08 10:48:35","account":"s***n","quantity":1,"handle_status":8,"order_type":"2","areaid":"310120","item_id":53},{"address":"福建省","access_date":"2015-11-08 10:40:53","account":"z***3","quantity":1,"handle_status":8,"order_type":"2","areaid":"350582","item_id":53},{"address":"上海市","access_date":"2015-11-08 10:36:32","account":"h***0","quantity":1,"handle_status":8,"order_type":"2","areaid":"310115","item_id":53},{"address":"浙江省","access_date":"2015-11-08 10:33:55","account":"g***y","quantity":1,"handle_status":8,"order_type":"2","areaid":"330185","item_id":53},{"address":"广东省","access_date":"2015-11-08 10:29:34","account":"g***c","quantity":2,"handle_status":8,"order_type":"2","areaid":"440106","item_id":53},{"address":"浙江省","access_date":"2015-11-08 10:27:45","account":"t***8","quantity":1,"handle_status":8,"order_type":"2","areaid":"330483","item_id":53},{"address":"重庆市","access_date":"2015-11-08 10:19:11","account":"1***0","quantity":2,"handle_status":8,"order_type":"2","areaid":"500104","item_id":53},{"address":"江苏省","access_date":"2015-11-08 10:16:53","account":"z***e","quantity":1,"handle_status":8,"order_type":"2","areaid":"320583","item_id":53},{"address":"四川省","access_date":"2015-11-08 10:12:39","account":"炫***5","quantity":1,"handle_status":8,"order_type":"2","areaid":"513401","item_id":53},{"address":"广东省","access_date":"2015-11-08 10:02:49","account":"a***p","quantity":1,"handle_status":8,"order_type":"2","areaid":"440304","item_id":53},{"address":"广西壮族自治区","access_date":"2015-11-08 10:01:18","account":"c***u","quantity":1,"handle_status":8,"order_type":"2","areaid":"450103","item_id":53},{"address":"河南省","access_date":"2015-11-08 09:39:41","account":"酱***瓶","quantity":1,"handle_status":8,"order_type":"2","areaid":"411521","item_id":53},{"address":"浙江省","access_date":"2015-11-08 09:39:33","account":"l***y","quantity":1,"handle_status":8,"order_type":"2","areaid":"330103","item_id":53},{"address":"广西壮族自治区","access_date":"2015-11-08 09:37:14","account":"g***9","quantity":1,"handle_status":8,"order_type":"2","areaid":"450107","item_id":53},{"address":"广东省","access_date":"2015-11-08 09:35:47","account":"累***富","quantity":1,"handle_status":8,"order_type":"2","areaid":"441423","item_id":53},{"address":"浙江省","access_date":"2015-11-08 09:35:14","account":"青***松","quantity":1,"handle_status":8,"order_type":"2","areaid":"330922","item_id":53},{"address":"黑龙江省","access_date":"2015-11-08 09:34:58","account":"w***x","quantity":1,"handle_status":8,"order_type":"2","areaid":"231102","item_id":53},{"address":"浙江省","access_date":"2015-11-08 09:31:40","account":"z***j","quantity":1,"handle_status":8,"order_type":"2","areaid":"330204","item_id":53},{"address":"浙江省","access_date":"2015-11-08 09:30:37","account":"8***3","quantity":1,"handle_status":8,"order_type":"2","areaid":"330503","item_id":53},{"address":"辽宁省","access_date":"2015-11-07 16:20:52","account":"1***2","quantity":1,"handle_status":8,"order_type":"2","areaid":"210204","item_id":53},{"address":"广东省","access_date":"2015-11-07 16:09:06","account":"4***4","quantity":1,"handle_status":8,"order_type":"2","areaid":"440605","item_id":53},{"address":"上海市","access_date":"2015-11-07 15:52:11","account":"g***n","quantity":1,"handle_status":8,"order_type":"2","areaid":"310101","item_id":53},{"address":"上海市","access_date":"2015-11-07 15:16:17","account":"r***e","quantity":1,"handle_status":8,"order_type":"2","areaid":"310109","item_id":53},{"address":"河北省","access_date":"2015-11-07 14:54:36","account":"Z***B","quantity":1,"handle_status":8,"order_type":"2","areaid":"130703","item_id":53},{"address":"河南省","access_date":"2015-11-07 14:28:10","account":"f***1","quantity":1,"handle_status":8,"order_type":"2","areaid":"410185","item_id":53},{"address":"江苏省","access_date":"2015-11-07 14:13:51","account":"1***8","quantity":1,"handle_status":8,"order_type":"2","areaid":"320506","item_id":53},{"address":"广东省","access_date":"2015-11-07 14:07:56","account":"江***饰","quantity":1,"handle_status":8,"order_type":"2","areaid":"ff8080814cd0d0f4014cd571e2a50002","item_id":53},{"address":"贵州省","access_date":"2015-11-07 13:55:28","account":"l***3","quantity":1,"handle_status":8,"order_type":"2","areaid":"520302","item_id":53},{"address":"江苏省","access_date":"2015-11-07 13:51:28","account":"r***8","quantity":1,"handle_status":8,"order_type":"2","areaid":"320507","item_id":53},{"address":"上海市","access_date":"2015-11-07 13:48:18","account":"g***n","quantity":1,"handle_status":8,"order_type":"2","areaid":"310101","item_id":53},{"address":"山东省","access_date":"2015-11-07 13:40:18","account":"歪***侠","quantity":1,"handle_status":8,"order_type":"2","areaid":"370682","item_id":53},{"address":"江西省","access_date":"2015-11-07 13:25:22","account":"r***2","quantity":2,"handle_status":8,"order_type":"2","areaid":"360102","item_id":53},{"address":"广东省","access_date":"2015-11-07 13:25:01","account":"p***n","quantity":1,"handle_status":8,"order_type":"2","areaid":"440511","item_id":53},{"address":"上海市","access_date":"2015-11-07 13:22:02","account":"朗***8","quantity":1,"handle_status":8,"order_type":"2","areaid":"310230","item_id":53},{"address":"江苏省","access_date":"2015-11-07 12:37:22","account":"l***0","quantity":2,"handle_status":8,"order_type":"2","areaid":"320581","item_id":53},{"address":"湖北省","access_date":"2015-11-07 12:22:42","account":"中***人","quantity":1,"handle_status":8,"order_type":"2","areaid":"420111","item_id":53},{"address":"江苏省","access_date":"2015-11-07 12:11:47","account":"f***6","quantity":1,"handle_status":8,"order_type":"2","areaid":"320114","item_id":53},{"address":"山东省","access_date":"2015-11-07 12:10:40","account":"浪***7","quantity":1,"handle_status":8,"order_type":"2","areaid":"370202","item_id":53},{"address":"新疆维吾尔自治区","access_date":"2015-11-07 12:09:30","account":"1***7","quantity":1,"handle_status":8,"order_type":"2","areaid":"650104","item_id":53},{"address":"安徽省","access_date":"2015-11-07 11:54:32","account":"张***猛","quantity":1,"handle_status":8,"order_type":"2","areaid":"341226","item_id":53},{"address":"江苏省","access_date":"2015-11-07 11:42:21","account":"泛***湖","quantity":1,"handle_status":8,"order_type":"2","areaid":"320508","item_id":53},{"address":"江苏省","access_date":"2015-11-07 10:54:37","account":"y***n","quantity":1,"handle_status":8,"order_type":"2","areaid":"320113","item_id":53},{"address":"云南省","access_date":"2015-11-07 10:37:54","account":"刘***8","quantity":1,"handle_status":8,"order_type":"2","areaid":"532801","item_id":53},{"address":"上海市","access_date":"2015-11-07 10:35:16","account":"j***n","quantity":1,"handle_status":8,"order_type":"2","areaid":"310120","item_id":53},{"address":"甘肃省","access_date":"2015-11-07 10:29:01","account":"g***y","quantity":1,"handle_status":8,"order_type":"2","areaid":"620102","item_id":53},{"address":"上海市","access_date":"2015-11-07 10:23:49","account":"星***光","quantity":1,"handle_status":8,"order_type":"2","areaid":"310115","item_id":53},{"address":"云南省","access_date":"2015-11-07 10:22:02","account":"s***y","quantity":1,"handle_status":8,"order_type":"2","areaid":"530111","item_id":53},{"address":"广东省","access_date":"2015-11-07 10:11:40","account":"w***p","quantity":1,"handle_status":8,"order_type":"2","areaid":"440402","item_id":53},{"address":"浙江省","access_date":"2015-11-07 09:49:27","account":"l***5","quantity":1,"handle_status":8,"order_type":"2","areaid":"331081","item_id":53},{"address":"浙江省","access_date":"2015-11-07 09:40:40","account":"果***8","quantity":2,"handle_status":8,"order_type":"2","areaid":"330326","item_id":53},{"address":"上海市","access_date":"2015-10-23 11:58:06","account":"h***f","quantity":1,"handle_status":8,"order_type":"2","areaid":"310112","item_id":53},{"address":"江苏省","access_date":"2015-10-23 10:55:04","account":"r***8","quantity":1,"handle_status":8,"order_type":"2","areaid":"320507","item_id":53},{"address":"辽宁省","access_date":"2015-10-23 10:42:16","account":"月***酌","quantity":1,"handle_status":8,"order_type":"2","areaid":"210213","item_id":53},{"address":"云南省","access_date":"2015-10-23 10:33:57","account":"y***o","quantity":1,"handle_status":8,"order_type":"2","areaid":"530111","item_id":53},{"address":"浙江省","access_date":"2015-10-23 10:00:04","account":"x***o","quantity":1,"handle_status":8,"order_type":"2","areaid":"331081","item_id":53}]