[{"address":"北京市","access_date":"2015-10-13 09:37:01","account":"p***y","quantity":1,"handle_status":8,"order_type":"2","areaid":"110108","item_id":33},{"address":"天津市","access_date":"2015-10-13 09:30:12","account":"q***g","quantity":1,"handle_status":8,"order_type":"2","areaid":"120104","item_id":33},{"address":"江西省","access_date":"2015-10-12 14:42:18","account":"y***h","quantity":1,"handle_status":8,"order_type":"2","areaid":"360830","item_id":33},{"address":"北京市","access_date":"2015-10-10 09:32:20","account":"d***3","quantity":1,"handle_status":8,"order_type":"2","areaid":"110107","item_id":33},{"address":"广东省","access_date":"2015-10-09 14:43:39","account":"S***g","quantity":1,"handle_status":8,"order_type":"2","areaid":"440305","item_id":33},{"address":"辽宁省","access_date":"2015-10-09 12:27:52","account":"m***n","quantity":1,"handle_status":8,"order_type":"2","areaid":"210702","item_id":33},{"address":"四川省","access_date":"2015-10-08 12:40:24","account":"g***m","quantity":1,"handle_status":8,"order_type":"2","areaid":"511421","item_id":33},{"address":"山东省","access_date":"2015-10-08 10:17:39","account":"一***健","quantity":1,"handle_status":8,"order_type":"2","areaid":"371203","item_id":33},{"address":"上海市","access_date":"2015-10-08 10:10:34","account":"i***a","quantity":1,"handle_status":8,"order_type":"2","areaid":"310115","item_id":33},{"address":"上海市","access_date":"2015-10-08 09:56:01","account":"l***e","quantity":1,"handle_status":8,"order_type":"2","areaid":"310113","item_id":33},{"address":"上海市","access_date":"2015-09-30 11:12:45","account":"w***a","quantity":1,"handle_status":8,"order_type":"2","areaid":"310113","item_id":33}]