[{"address":"河北省","access_date":"2017-04-06 13:43:32","account":"1***9","quantity":1,"handle_status":5,"order_type":"2","areaid":"130702","item_id":118},{"address":"浙江省","access_date":"2017-04-05 10:56:22","account":"l***n","quantity":1,"handle_status":5,"order_type":"2","areaid":"330424","item_id":118},{"address":"上海市","access_date":"2017-03-21 12:01:34","account":"z***9","quantity":1,"handle_status":8,"order_type":"2","areaid":"310115","item_id":118},{"address":"广东省","access_date":"2017-03-21 10:30:38","account":"1***0","quantity":1,"handle_status":8,"order_type":"2","areaid":"ff8080814cd0d0f4014cd571e2a50002","item_id":118},{"address":"上海市","access_date":"2017-03-19 12:01:16","account":"S***a","quantity":1,"handle_status":8,"order_type":"2","areaid":"310115","item_id":118},{"address":"江西省","access_date":"2017-03-14 15:46:09","account":"n***r","quantity":1,"handle_status":8,"order_type":"2","areaid":"360403","item_id":118},{"address":"广东省","access_date":"2017-03-11 10:34:51","account":"s***0","quantity":1,"handle_status":8,"order_type":"2","areaid":"440304","item_id":118},{"address":"黑龙江省","access_date":"2017-03-09 12:21:02","account":"1***8","quantity":1,"handle_status":8,"order_type":"2","areaid":"230603","item_id":118},{"address":"江苏省","access_date":"2017-03-08 14:14:59","account":"w***m","quantity":1,"handle_status":8,"order_type":"2","areaid":"320202","item_id":118},{"address":"江苏省","access_date":"2017-03-08 13:13:09","account":"b***8","quantity":1,"handle_status":8,"order_type":"2","areaid":"320211","item_id":118},{"address":"浙江省","access_date":"2017-03-08 10:40:02","account":"账***太","quantity":1,"handle_status":8,"order_type":"2","areaid":"330106","item_id":118},{"address":"上海市","access_date":"2017-03-08 09:35:34","account":"1***1","quantity":1,"handle_status":8,"order_type":"2","areaid":"310115","item_id":118},{"address":"四川省","access_date":"2017-03-07 13:34:17","account":"q***2","quantity":1,"handle_status":8,"order_type":"2","areaid":"511502","item_id":118},{"address":"浙江省","access_date":"2017-03-06 10:40:11","account":"1***9","quantity":1,"handle_status":8,"order_type":"2","areaid":"330212","item_id":118},{"address":"河南省","access_date":"2017-03-02 13:50:11","account":"1***2","quantity":1,"handle_status":8,"order_type":"2","areaid":"410105","item_id":118},{"address":"内蒙古自治区","access_date":"2017-03-01 16:14:08","account":"1***2","quantity":1,"handle_status":8,"order_type":"2","areaid":"150923","item_id":118},{"address":"吉林省","access_date":"2017-02-28 12:23:26","account":"I***C","quantity":1,"handle_status":8,"order_type":"2","areaid":"220104","item_id":118},{"address":"浙江省","access_date":"2017-02-27 12:36:43","account":"台***级","quantity":1,"handle_status":8,"order_type":"2","areaid":"331082","item_id":118},{"address":"吉林省","access_date":"2017-02-24 11:01:12","account":"1***1","quantity":1,"handle_status":8,"order_type":"2","areaid":"220102","item_id":118},{"address":"湖北省","access_date":"2017-02-24 10:54:31","account":"j***7","quantity":1,"handle_status":8,"order_type":"2","areaid":"420104","item_id":118},{"address":"安徽省","access_date":"2017-02-24 10:25:07","account":"1***8","quantity":1,"handle_status":8,"order_type":"2","areaid":"340302","item_id":118},{"address":"山东省","access_date":"2017-02-23 12:30:15","account":"j***v","quantity":1,"handle_status":8,"order_type":"2","areaid":"371502","item_id":118},{"address":"四川省","access_date":"2017-02-23 12:19:45","account":"h***g","quantity":1,"handle_status":8,"order_type":"2","areaid":"510115","item_id":118},{"address":"内蒙古自治区","access_date":"2017-02-22 15:22:31","account":"武***慧","quantity":1,"handle_status":8,"order_type":"2","areaid":"150602","item_id":118},{"address":"四川省","access_date":"2017-02-21 12:54:25","account":"赵***彧","quantity":1,"handle_status":8,"order_type":"2","areaid":"510106","item_id":118},{"address":"新疆维吾尔自治区","access_date":"2017-02-21 09:49:41","account":"m***f","quantity":1,"handle_status":8,"order_type":"2","areaid":"650203","item_id":118},{"address":"广东省","access_date":"2017-02-20 15:40:12","account":"l***u","quantity":1,"handle_status":8,"order_type":"2","areaid":"440902","item_id":118},{"address":"广东省","access_date":"2017-02-20 10:36:36","account":"L***心","quantity":1,"handle_status":8,"order_type":"2","areaid":"ff8080814cd0d0f4014cd571e2a50002","item_id":118},{"address":"吉林省","access_date":"2017-02-20 09:43:30","account":"8***7","quantity":1,"handle_status":8,"order_type":"2","areaid":"220781","item_id":118},{"address":"吉林省","access_date":"2017-02-20 09:36:29","account":"8***7","quantity":1,"handle_status":8,"order_type":"2","areaid":"220781","item_id":118},{"address":"浙江省","access_date":"2017-02-17 15:18:08","account":"1***8","quantity":1,"handle_status":8,"order_type":"2","areaid":"330902","item_id":118},{"address":"湖南省","access_date":"2017-02-17 10:26:48","account":"1***1","quantity":1,"handle_status":8,"order_type":"2","areaid":"430304","item_id":118},{"address":"上海市","access_date":"2017-02-13 14:13:35","account":"1***1","quantity":1,"handle_status":8,"order_type":"2","areaid":"310115","item_id":118},{"address":"广东省","access_date":"2017-02-11 09:46:43","account":"1***7","quantity":1,"handle_status":8,"order_type":"2","areaid":"440106","item_id":118},{"address":"上海市","access_date":"2017-02-10 10:16:12","account":"g***d","quantity":1,"handle_status":8,"order_type":"2","areaid":"310112","item_id":118},{"address":"上海市","access_date":"2017-02-09 14:02:50","account":"1***5","quantity":1,"handle_status":8,"order_type":"2","areaid":"310113","item_id":118},{"address":"浙江省","access_date":"2017-02-08 14:38:10","account":"叶***君","quantity":1,"handle_status":8,"order_type":"2","areaid":"331004","item_id":118},{"address":"安徽省","access_date":"2017-02-08 10:49:55","account":"q***3","quantity":1,"handle_status":8,"order_type":"2","areaid":"340823","item_id":118},{"address":"河北省","access_date":"2017-02-07 15:57:41","account":"1***9","quantity":1,"handle_status":8,"order_type":"2","areaid":"130682","item_id":118},{"address":"山东省","access_date":"2017-02-07 13:56:32","account":"l***i","quantity":1,"handle_status":8,"order_type":"2","areaid":"370502","item_id":118},{"address":"吉林省","access_date":"2017-02-07 12:19:37","account":"a***2","quantity":1,"handle_status":8,"order_type":"2","areaid":"220582","item_id":118},{"address":"四川省","access_date":"2017-02-07 12:04:08","account":"柳***4","quantity":1,"handle_status":8,"order_type":"2","areaid":"510106","item_id":118},{"address":"广东省","access_date":"2017-02-06 12:25:21","account":"b***p","quantity":1,"handle_status":8,"order_type":"2","areaid":"440111","item_id":118},{"address":"浙江省","access_date":"2017-01-17 15:04:44","account":"来***头","quantity":1,"handle_status":8,"order_type":"2","areaid":"331023","item_id":118},{"address":"甘肃省","access_date":"2017-01-17 13:42:29","account":"嘉***宝","quantity":1,"handle_status":8,"order_type":"2","areaid":"620902","item_id":118},{"address":"陕西省","access_date":"2017-01-17 09:33:34","account":"m***8","quantity":1,"handle_status":8,"order_type":"2","areaid":"610113","item_id":118},{"address":"内蒙古自治区","access_date":"2017-01-16 15:39:34","account":"牛***仁","quantity":1,"handle_status":8,"order_type":"2","areaid":"152201","item_id":118},{"address":"上海市","access_date":"2017-01-16 12:55:19","account":"a***1","quantity":1,"handle_status":8,"order_type":"2","areaid":"310107","item_id":118},{"address":"浙江省","access_date":"2017-01-16 11:26:59","account":"f***4","quantity":1,"handle_status":8,"order_type":"2","areaid":"330302","item_id":118},{"address":"江西省","access_date":"2017-01-15 13:17:59","account":"饭***0","quantity":1,"handle_status":8,"order_type":"2","areaid":"360111","item_id":118},{"address":"广东省","access_date":"2017-01-13 14:20:10","account":"7***h","quantity":1,"handle_status":8,"order_type":"2","areaid":"440106","item_id":118},{"address":"江苏省","access_date":"2017-01-13 11:15:55","account":"1***1","quantity":1,"handle_status":8,"order_type":"2","areaid":"320281","item_id":118},{"address":"上海市","access_date":"2017-01-12 12:19:30","account":"z***8","quantity":1,"handle_status":8,"order_type":"2","areaid":"310113","item_id":118},{"address":"辽宁省","access_date":"2017-01-12 10:35:48","account":"疯***e","quantity":1,"handle_status":8,"order_type":"2","areaid":"210804","item_id":118},{"address":"江苏省","access_date":"2017-01-11 12:58:24","account":"1***8","quantity":1,"handle_status":8,"order_type":"2","areaid":"320902","item_id":118},{"address":"广西壮族自治区","access_date":"2017-01-11 11:27:05","account":"j***5","quantity":1,"handle_status":8,"order_type":"2","areaid":"450405","item_id":118},{"address":"黑龙江省","access_date":"2017-01-10 15:01:48","account":"d***e","quantity":1,"handle_status":8,"order_type":"2","areaid":"230602","item_id":118},{"address":"浙江省","access_date":"2017-01-09 16:03:12","account":"w***9","quantity":1,"handle_status":8,"order_type":"2","areaid":"331081","item_id":118},{"address":"广东省","access_date":"2017-01-09 14:18:21","account":"1***7","quantity":1,"handle_status":8,"order_type":"2","areaid":"440104","item_id":118},{"address":"云南省","access_date":"2017-01-09 09:51:56","account":"b***d","quantity":1,"handle_status":8,"order_type":"2","areaid":"530112","item_id":118},{"address":"广东省","access_date":"2017-01-08 13:18:43","account":"d***9","quantity":1,"handle_status":8,"order_type":"2","areaid":"440113","item_id":118},{"address":"山西省","access_date":"2017-01-07 11:34:52","account":"朵***慢","quantity":1,"handle_status":8,"order_type":"2","areaid":"140107","item_id":118},{"address":"辽宁省","access_date":"2017-01-06 15:33:17","account":"l***u","quantity":1,"handle_status":8,"order_type":"2","areaid":"210204","item_id":118},{"address":"陕西省","access_date":"2017-01-06 15:15:48","account":"1***4","quantity":1,"handle_status":8,"order_type":"2","areaid":"610802","item_id":118},{"address":"浙江省","access_date":"2017-01-06 15:07:06","account":"f***u","quantity":1,"handle_status":8,"order_type":"2","areaid":"330782","item_id":118},{"address":"贵州省","access_date":"2017-01-06 14:06:27","account":"z***9","quantity":1,"handle_status":8,"order_type":"2","areaid":"520111","item_id":118},{"address":"河北省","access_date":"2017-01-06 13:36:34","account":"s***3","quantity":1,"handle_status":8,"order_type":"2","areaid":"130302","item_id":118},{"address":"内蒙古自治区","access_date":"2017-01-06 12:51:00","account":"1***1","quantity":1,"handle_status":8,"order_type":"2","areaid":"150783","item_id":118},{"address":"安徽省","access_date":"2017-01-06 12:20:21","account":"q***7","quantity":1,"handle_status":8,"order_type":"2","areaid":"341225","item_id":118},{"address":"江西省","access_date":"2017-01-06 11:35:11","account":"1***9","quantity":1,"handle_status":8,"order_type":"2","areaid":"360825","item_id":118},{"address":"河南省","access_date":"2017-01-06 10:59:57","account":"g***q","quantity":1,"handle_status":8,"order_type":"2","areaid":"410702","item_id":118},{"address":"山西省","access_date":"2017-01-04 14:39:12","account":"y***p","quantity":1,"handle_status":8,"order_type":"2","areaid":"140802","item_id":118},{"address":"北京市","access_date":"2017-01-04 13:28:13","account":"木***贤","quantity":1,"handle_status":8,"order_type":"2","areaid":"110102","item_id":118},{"address":"浙江省","access_date":"2017-01-04 11:04:12","account":"z***1","quantity":1,"handle_status":8,"order_type":"2","areaid":"330102","item_id":118},{"address":"北京市","access_date":"2017-01-04 10:05:57","account":"1***6","quantity":1,"handle_status":8,"order_type":"2","areaid":"110108","item_id":118},{"address":"天津市","access_date":"2017-01-03 15:26:12","account":"1***5","quantity":1,"handle_status":8,"order_type":"2","areaid":"120111","item_id":118},{"address":"辽宁省","access_date":"2017-01-03 15:04:32","account":"g***l","quantity":1,"handle_status":8,"order_type":"2","areaid":"210202","item_id":118},{"address":"浙江省","access_date":"2017-01-03 12:57:42","account":"r***8","quantity":1,"handle_status":8,"order_type":"2","areaid":"330782","item_id":118},{"address":"湖南省","access_date":"2016-12-30 13:38:10","account":"1***7","quantity":1,"handle_status":8,"order_type":"2","areaid":"431321","item_id":118},{"address":"湖北省","access_date":"2016-12-30 12:48:29","account":"1***2","quantity":1,"handle_status":8,"order_type":"2","areaid":"420111","item_id":118},{"address":"广东省","access_date":"2016-12-30 12:25:41","account":"1***6","quantity":1,"handle_status":8,"order_type":"2","areaid":"440303","item_id":118},{"address":"黑龙江省","access_date":"2016-12-30 10:52:54","account":"p***y","quantity":1,"handle_status":8,"order_type":"2","areaid":"230382","item_id":118},{"address":"山东省","access_date":"2016-12-30 10:01:39","account":"g***q","quantity":1,"handle_status":8,"order_type":"2","areaid":"370602","item_id":118},{"address":"上海市","access_date":"2016-12-29 15:31:04","account":"1***2","quantity":1,"handle_status":8,"order_type":"2","areaid":"310110","item_id":118},{"address":"北京市","access_date":"2016-12-29 13:36:58","account":"y***0","quantity":1,"handle_status":8,"order_type":"2","areaid":"110102","item_id":118},{"address":"陕西省","access_date":"2016-12-29 13:36:37","account":"x***e","quantity":1,"handle_status":8,"order_type":"2","areaid":"610104","item_id":118},{"address":"福建省","access_date":"2016-12-29 12:24:32","account":"l***n","quantity":1,"handle_status":8,"order_type":"2","areaid":"350206","item_id":118},{"address":"上海市","access_date":"2016-12-29 12:22:23","account":"s***h","quantity":1,"handle_status":8,"order_type":"2","areaid":"310107","item_id":118},{"address":"重庆市","access_date":"2016-12-29 11:08:06","account":"c***e","quantity":1,"handle_status":8,"order_type":"2","areaid":"500112","item_id":118},{"address":"江西省","access_date":"2016-12-29 11:06:17","account":"1***3","quantity":1,"handle_status":8,"order_type":"2","areaid":"360983","item_id":118},{"address":"山西省","access_date":"2016-12-29 09:43:45","account":"z***w","quantity":1,"handle_status":8,"order_type":"2","areaid":"140402","item_id":118},{"address":"上海市","access_date":"2016-12-28 14:58:15","account":"1***5","quantity":1,"handle_status":8,"order_type":"2","areaid":"310114","item_id":118},{"address":"北京市","access_date":"2016-12-28 14:16:19","account":"1***6","quantity":1,"handle_status":8,"order_type":"2","areaid":"110105","item_id":118},{"address":"河北省","access_date":"2016-12-28 14:06:40","account":"云***舒","quantity":1,"handle_status":8,"order_type":"2","areaid":"130102","item_id":118},{"address":"浙江省","access_date":"2016-12-28 13:07:55","account":"l***o","quantity":1,"handle_status":8,"order_type":"2","areaid":"330204","item_id":118},{"address":"上海市","access_date":"2016-12-28 12:28:01","account":"s***l","quantity":1,"handle_status":8,"order_type":"2","areaid":"310106","item_id":118},{"address":"山东省","access_date":"2016-12-28 11:15:13","account":"周***路","quantity":1,"handle_status":8,"order_type":"2","areaid":"370202","item_id":118},{"address":"湖南省","access_date":"2016-12-28 10:20:53","account":"尹***平","quantity":1,"handle_status":8,"order_type":"2","areaid":"430103","item_id":118},{"address":"天津市","access_date":"2016-12-28 10:05:20","account":"p***g","quantity":2,"handle_status":8,"order_type":"2","areaid":"120223","item_id":118},{"address":"江西省","access_date":"2016-12-28 09:58:21","account":"z***g","quantity":1,"handle_status":8,"order_type":"2","areaid":"360724","item_id":118},{"address":"北京市","access_date":"2016-12-28 09:34:32","account":"s***i","quantity":1,"handle_status":8,"order_type":"2","areaid":"110114","item_id":118},{"address":"山东省","access_date":"2016-12-28 09:30:47","account":"驭***风","quantity":1,"handle_status":8,"order_type":"2","areaid":"371602","item_id":118},{"address":"江苏省","access_date":"2016-12-27 15:41:09","account":"n***u","quantity":1,"handle_status":8,"order_type":"2","areaid":"320106","item_id":118},{"address":"广东省","access_date":"2016-12-27 13:26:37","account":"1***1","quantity":1,"handle_status":8,"order_type":"2","areaid":"441523","item_id":118},{"address":"上海市","access_date":"2016-12-27 12:54:34","account":"J***e","quantity":2,"handle_status":8,"order_type":"2","areaid":"310112","item_id":118},{"address":"浙江省","access_date":"2016-12-27 12:48:35","account":"f***n","quantity":1,"handle_status":8,"order_type":"2","areaid":"330203","item_id":118},{"address":"黑龙江省","access_date":"2016-12-27 12:37:51","account":"g***g","quantity":1,"handle_status":8,"order_type":"2","areaid":"230102","item_id":118},{"address":"浙江省","access_date":"2016-12-27 11:24:24","account":"贾***勇","quantity":1,"handle_status":8,"order_type":"2","areaid":"330110","item_id":118},{"address":"北京市","access_date":"2016-12-22 14:54:13","account":"f***2","quantity":1,"handle_status":8,"order_type":"2","areaid":"110105","item_id":118},{"address":"江苏省","access_date":"2016-12-21 15:25:21","account":"c***n","quantity":1,"handle_status":8,"order_type":"2","areaid":"320508","item_id":118},{"address":"安徽省","access_date":"2016-12-21 13:32:49","account":"z***8","quantity":1,"handle_status":8,"order_type":"2","areaid":"341802","item_id":118},{"address":"上海市","access_date":"2016-12-20 15:40:12","account":"t***x","quantity":1,"handle_status":8,"order_type":"2","areaid":"310101","item_id":118},{"address":"陕西省","access_date":"2016-12-20 15:15:48","account":"1***6","quantity":1,"handle_status":8,"order_type":"2","areaid":"610112","item_id":118},{"address":"广东省","access_date":"2016-12-20 13:30:47","account":"q***8","quantity":1,"handle_status":8,"order_type":"2","areaid":"ff8080814cd0d0f4014cd571e2a50002","item_id":118},{"address":"上海市","access_date":"2016-12-20 12:28:26","account":"1***2","quantity":1,"handle_status":8,"order_type":"2","areaid":"310113","item_id":118},{"address":"山西省","access_date":"2016-12-20 09:32:26","account":"l***4","quantity":1,"handle_status":8,"order_type":"2","areaid":"140105","item_id":118},{"address":"陕西省","access_date":"2016-12-19 12:31:05","account":"t***w","quantity":1,"handle_status":8,"order_type":"2","areaid":"610113","item_id":118},{"address":"广东省","access_date":"2016-12-19 12:09:38","account":"1***1","quantity":1,"handle_status":8,"order_type":"2","areaid":"440604","item_id":118},{"address":"上海市","access_date":"2016-12-19 11:42:12","account":"1***6","quantity":1,"handle_status":8,"order_type":"2","areaid":"310113","item_id":118},{"address":"江苏省","access_date":"2016-12-19 10:09:54","account":"r***7","quantity":1,"handle_status":8,"order_type":"2","areaid":"320203","item_id":118},{"address":"上海市","access_date":"2016-12-19 09:58:52","account":"w***h","quantity":1,"handle_status":8,"order_type":"2","areaid":"310106","item_id":118},{"address":"上海市","access_date":"2016-12-19 09:36:17","account":"g***n","quantity":1,"handle_status":8,"order_type":"2","areaid":"310101","item_id":118},{"address":"陕西省","access_date":"2016-12-18 13:00:43","account":"z***g","quantity":1,"handle_status":8,"order_type":"2","areaid":"610111","item_id":118},{"address":"广东省","access_date":"2016-12-16 15:46:52","account":"新***号","quantity":1,"handle_status":8,"order_type":"2","areaid":"440604","item_id":118},{"address":"北京市","access_date":"2016-12-16 10:46:22","account":"x***l","quantity":1,"handle_status":8,"order_type":"2","areaid":"110105","item_id":118},{"address":"湖北省","access_date":"2016-12-16 09:54:48","account":"y***2","quantity":1,"handle_status":8,"order_type":"2","areaid":"420115","item_id":118},{"address":"北京市","access_date":"2016-12-16 09:35:35","account":"s***o","quantity":1,"handle_status":8,"order_type":"2","areaid":"110105","item_id":118},{"address":"北京市","access_date":"2016-12-15 14:20:51","account":"x***g","quantity":1,"handle_status":8,"order_type":"2","areaid":"110114","item_id":118},{"address":"河北省","access_date":"2016-12-15 11:58:17","account":"1***2","quantity":1,"handle_status":8,"order_type":"2","areaid":"130302","item_id":118},{"address":"内蒙古自治区","access_date":"2016-12-15 11:51:47","account":"李***晔","quantity":1,"handle_status":8,"order_type":"2","areaid":"150103","item_id":118},{"address":"上海市","access_date":"2016-12-15 11:32:01","account":"1***5","quantity":1,"handle_status":8,"order_type":"2","areaid":"310114","item_id":118},{"address":"山东省","access_date":"2016-12-15 11:08:50","account":"s***n","quantity":1,"handle_status":8,"order_type":"2","areaid":"370811","item_id":118},{"address":"江苏省","access_date":"2016-12-15 11:04:18","account":"a***l","quantity":1,"handle_status":8,"order_type":"2","areaid":"320115","item_id":118},{"address":"江西省","access_date":"2016-12-15 10:35:12","account":"y***6","quantity":1,"handle_status":8,"order_type":"2","areaid":"360102","item_id":118},{"address":"江苏省","access_date":"2016-12-15 10:12:09","account":"l***8","quantity":1,"handle_status":8,"order_type":"2","areaid":"320508","item_id":118},{"address":"甘肃省","access_date":"2016-12-15 09:45:48","account":"w***2","quantity":1,"handle_status":8,"order_type":"2","areaid":"620102","item_id":118},{"address":"浙江省","access_date":"2016-12-15 09:34:11","account":"z***4","quantity":1,"handle_status":8,"order_type":"2","areaid":"330106","item_id":118},{"address":"辽宁省","access_date":"2016-12-14 15:47:44","account":"x***0","quantity":1,"handle_status":8,"order_type":"2","areaid":"210603","item_id":118},{"address":"江苏省","access_date":"2016-12-14 15:15:36","account":"z***1","quantity":1,"handle_status":8,"order_type":"2","areaid":"320612","item_id":118},{"address":"重庆市","access_date":"2016-12-13 16:09:22","account":"c***e","quantity":1,"handle_status":8,"order_type":"2","areaid":"500112","item_id":118},{"address":"福建省","access_date":"2016-12-13 15:49:17","account":"h***6","quantity":1,"handle_status":8,"order_type":"2","areaid":"350583","item_id":118},{"address":"广东省","access_date":"2016-12-13 15:04:30","account":"t***k","quantity":1,"handle_status":8,"order_type":"2","areaid":"440301","item_id":118},{"address":"广东省","access_date":"2016-12-13 15:03:02","account":"t***k","quantity":1,"handle_status":8,"order_type":"2","areaid":"440301","item_id":118},{"address":"广东省","access_date":"2016-12-13 15:01:57","account":"t***k","quantity":1,"handle_status":8,"order_type":"2","areaid":"440301","item_id":118},{"address":"广东省","access_date":"2016-12-13 15:00:56","account":"t***k","quantity":1,"handle_status":8,"order_type":"2","areaid":"440301","item_id":118},{"address":"江苏省","access_date":"2016-12-13 14:44:59","account":"1***8","quantity":1,"handle_status":8,"order_type":"2","areaid":"320681","item_id":118},{"address":"江苏省","access_date":"2016-12-12 11:47:05","account":"分***光","quantity":1,"handle_status":8,"order_type":"2","areaid":"320722","item_id":118},{"address":"重庆市","access_date":"2016-12-12 11:00:19","account":"c***e","quantity":1,"handle_status":8,"order_type":"2","areaid":"500112","item_id":118},{"address":"广东省","access_date":"2016-12-11 09:59:26","account":"a***f","quantity":1,"handle_status":8,"order_type":"2","areaid":"440105","item_id":118},{"address":"贵州省","access_date":"2016-12-09 16:13:19","account":"g***z","quantity":1,"handle_status":8,"order_type":"2","areaid":"522727","item_id":118},{"address":"江苏省","access_date":"2016-12-09 13:56:03","account":"m***2","quantity":1,"handle_status":8,"order_type":"2","areaid":"320506","item_id":118},{"address":"上海市","access_date":"2016-12-09 10:56:12","account":"1***2","quantity":1,"handle_status":8,"order_type":"2","areaid":"310113","item_id":118},{"address":"北京市","access_date":"2016-12-09 10:20:13","account":"s***1","quantity":1,"handle_status":8,"order_type":"2","areaid":"110108","item_id":118},{"address":"广西壮族自治区","access_date":"2016-12-08 15:54:42","account":"x***5","quantity":2,"handle_status":8,"order_type":"2","areaid":"450103","item_id":118},{"address":"江西省","access_date":"2016-12-08 14:39:50","account":"f***4","quantity":1,"handle_status":8,"order_type":"2","areaid":"360702","item_id":118},{"address":"上海市","access_date":"2016-12-08 10:38:48","account":"1***5","quantity":1,"handle_status":8,"order_type":"2","areaid":"310113","item_id":118},{"address":"江苏省","access_date":"2016-12-08 10:14:33","account":"c***n","quantity":1,"handle_status":8,"order_type":"2","areaid":"320411","item_id":118},{"address":"浙江省","access_date":"2016-12-08 09:36:56","account":"我***风","quantity":1,"handle_status":8,"order_type":"2","areaid":"330302","item_id":118},{"address":"河北省","access_date":"2016-12-07 15:09:49","account":"h***m","quantity":1,"handle_status":8,"order_type":"2","areaid":"130902","item_id":118},{"address":"辽宁省","access_date":"2016-12-07 12:49:24","account":"h***1","quantity":1,"handle_status":8,"order_type":"2","areaid":"210411","item_id":118},{"address":"浙江省","access_date":"2016-12-07 12:47:25","account":"y***0","quantity":1,"handle_status":8,"order_type":"2","areaid":"331126","item_id":118},{"address":"吉林省","access_date":"2016-12-07 10:06:00","account":"章***3","quantity":1,"handle_status":8,"order_type":"2","areaid":"220602","item_id":118},{"address":"浙江省","access_date":"2016-12-06 14:55:48","account":"m***n","quantity":1,"handle_status":8,"order_type":"2","areaid":"330203","item_id":118},{"address":"上海市","access_date":"2016-12-06 12:47:11","account":"1***0","quantity":1,"handle_status":8,"order_type":"2","areaid":"310115","item_id":118},{"address":"黑龙江省","access_date":"2016-12-06 11:42:31","account":"m***o","quantity":1,"handle_status":8,"order_type":"2","areaid":"230104","item_id":118},{"address":"山东省","access_date":"2016-12-06 11:37:56","account":"i***3","quantity":1,"handle_status":8,"order_type":"2","areaid":"370285","item_id":118},{"address":"北京市","access_date":"2016-12-06 11:10:50","account":"s***7","quantity":1,"handle_status":8,"order_type":"2","areaid":"110105","item_id":118},{"address":"北京市","access_date":"2016-12-06 11:00:48","account":"s***a","quantity":1,"handle_status":8,"order_type":"2","areaid":"110105","item_id":118},{"address":"江苏省","access_date":"2016-12-06 09:30:51","account":"崔***子","quantity":1,"handle_status":8,"order_type":"2","areaid":"320581","item_id":118},{"address":"湖南省","access_date":"2016-12-05 15:43:30","account":"d***1","quantity":1,"handle_status":8,"order_type":"2","areaid":"430104","item_id":118},{"address":"广东省","access_date":"2016-12-05 14:30:29","account":"c***e","quantity":1,"handle_status":8,"order_type":"2","areaid":"440113","item_id":118},{"address":"上海市","access_date":"2016-12-05 14:13:08","account":"c***y","quantity":1,"handle_status":8,"order_type":"2","areaid":"310107","item_id":118},{"address":"江苏省","access_date":"2016-12-05 12:52:24","account":"w***儿","quantity":2,"handle_status":8,"order_type":"2","areaid":"320281","item_id":118},{"address":"广东省","access_date":"2016-12-05 12:29:01","account":"f***7","quantity":1,"handle_status":8,"order_type":"2","areaid":"440304","item_id":118},{"address":"天津市","access_date":"2016-12-05 09:40:10","account":"1***7","quantity":1,"handle_status":8,"order_type":"2","areaid":"120223","item_id":118},{"address":"北京市","access_date":"2016-12-04 11:15:56","account":"s***y","quantity":1,"handle_status":8,"order_type":"2","areaid":"110106","item_id":118},{"address":"广东省","access_date":"2016-12-04 10:48:18","account":"g***9","quantity":1,"handle_status":8,"order_type":"2","areaid":"440115","item_id":118},{"address":"吉林省","access_date":"2016-12-03 12:34:37","account":"w***1","quantity":1,"handle_status":8,"order_type":"2","areaid":"220104","item_id":118},{"address":"安徽省","access_date":"2016-12-02 13:57:20","account":"H***9","quantity":1,"handle_status":8,"order_type":"2","areaid":"341324","item_id":118},{"address":"山东省","access_date":"2016-12-02 13:15:13","account":"t***8","quantity":1,"handle_status":8,"order_type":"2","areaid":"370202","item_id":118},{"address":"浙江省","access_date":"2016-12-02 11:49:24","account":"1***8","quantity":1,"handle_status":8,"order_type":"2","areaid":"330382","item_id":118},{"address":"北京市","access_date":"2016-12-01 16:06:05","account":"1***8","quantity":1,"handle_status":8,"order_type":"2","areaid":"110105","item_id":118},{"address":"江苏省","access_date":"2016-12-01 14:34:53","account":"1***0","quantity":1,"handle_status":8,"order_type":"2","areaid":"321084","item_id":118},{"address":"上海市","access_date":"2016-12-01 12:49:42","account":"小***兔","quantity":1,"handle_status":8,"order_type":"2","areaid":"310105","item_id":118},{"address":"江苏省","access_date":"2016-12-01 12:45:50","account":"m***g","quantity":1,"handle_status":8,"order_type":"2","areaid":"320106","item_id":118},{"address":"安徽省","access_date":"2016-12-01 11:46:06","account":"s***9","quantity":1,"handle_status":8,"order_type":"2","areaid":"340104","item_id":118},{"address":"山东省","access_date":"2016-12-01 11:13:32","account":"庄***贵","quantity":1,"handle_status":8,"order_type":"2","areaid":"370212","item_id":118},{"address":"湖南省","access_date":"2016-12-01 10:36:12","account":"谷***米","quantity":1,"handle_status":8,"order_type":"2","areaid":"430802","item_id":118},{"address":"浙江省","access_date":"2016-12-01 10:34:41","account":"s***8","quantity":1,"handle_status":8,"order_type":"2","areaid":"330212","item_id":118},{"address":"北京市","access_date":"2016-12-01 09:41:16","account":"p***8","quantity":1,"handle_status":8,"order_type":"2","areaid":"110108","item_id":118},{"address":"内蒙古自治区","access_date":"2016-11-30 10:38:47","account":"b***d","quantity":1,"handle_status":8,"order_type":"2","areaid":"150207","item_id":118},{"address":"上海市","access_date":"2016-11-29 13:32:44","account":"s***z","quantity":1,"handle_status":8,"order_type":"2","areaid":"310115","item_id":118},{"address":"山西省","access_date":"2016-11-29 12:08:06","account":"L***S","quantity":1,"handle_status":8,"order_type":"2","areaid":"140581","item_id":118},{"address":"上海市","access_date":"2016-11-29 11:16:35","account":"s***8","quantity":1,"handle_status":8,"order_type":"2","areaid":"310107","item_id":118},{"address":"山西省","access_date":"2016-11-29 11:00:26","account":"1***6","quantity":1,"handle_status":8,"order_type":"2","areaid":"140402","item_id":118},{"address":"上海市","access_date":"2016-11-28 15:49:37","account":"w***n","quantity":1,"handle_status":8,"order_type":"2","areaid":"310117","item_id":118},{"address":"北京市","access_date":"2016-11-28 10:35:52","account":"t***m","quantity":1,"handle_status":8,"order_type":"2","areaid":"110105","item_id":118},{"address":"浙江省","access_date":"2016-11-27 12:33:19","account":"J***7","quantity":1,"handle_status":8,"order_type":"2","areaid":"330282","item_id":118},{"address":"广东省","access_date":"2016-11-26 16:03:56","account":"y***7","quantity":1,"handle_status":8,"order_type":"2","areaid":"ff8080814cd0d0f4014cd571e2a50002","item_id":118},{"address":"上海市","access_date":"2016-11-26 14:36:22","account":"t***i","quantity":1,"handle_status":8,"order_type":"2","areaid":"310113","item_id":118},{"address":"黑龙江省","access_date":"2016-11-25 15:20:52","account":"m***o","quantity":1,"handle_status":8,"order_type":"2","areaid":"230104","item_id":118},{"address":"山东省","access_date":"2016-11-25 11:14:03","account":"李***群","quantity":1,"handle_status":8,"order_type":"2","areaid":"371302","item_id":118},{"address":"江苏省","access_date":"2016-11-25 10:30:22","account":"1***8","quantity":1,"handle_status":8,"order_type":"2","areaid":"320506","item_id":118},{"address":"江苏省","access_date":"2016-11-24 11:17:11","account":"d***Z","quantity":1,"handle_status":8,"order_type":"2","areaid":"320508","item_id":118},{"address":"山西省","access_date":"2016-11-24 11:12:04","account":"冷***客","quantity":1,"handle_status":8,"order_type":"2","areaid":"141022","item_id":118},{"address":"河北省","access_date":"2016-11-24 10:55:19","account":"l***7","quantity":1,"handle_status":8,"order_type":"2","areaid":"130183","item_id":118},{"address":"广东省","access_date":"2016-11-24 10:18:18","account":"a***6","quantity":1,"handle_status":8,"order_type":"2","areaid":"440106","item_id":118},{"address":"上海市","access_date":"2016-11-24 09:47:00","account":"1***7","quantity":1,"handle_status":8,"order_type":"2","areaid":"310115","item_id":118},{"address":"陕西省","access_date":"2016-11-22 10:55:25","account":"6***7","quantity":1,"handle_status":8,"order_type":"2","areaid":"610113","item_id":118},{"address":"广东省","access_date":"2016-11-22 10:00:49","account":"s***7","quantity":1,"handle_status":8,"order_type":"2","areaid":"ff8080814cd0d0f4014cd571e2a50002","item_id":118},{"address":"广东省","access_date":"2016-11-21 16:12:52","account":"g***z","quantity":1,"handle_status":8,"order_type":"2","areaid":"440115","item_id":118},{"address":"浙江省","access_date":"2016-11-21 13:19:07","account":"书***有","quantity":3,"handle_status":8,"order_type":"2","areaid":"330282","item_id":118},{"address":"天津市","access_date":"2016-11-20 15:31:17","account":"1***5","quantity":1,"handle_status":8,"order_type":"2","areaid":"120104","item_id":118},{"address":"青海省","access_date":"2016-11-18 13:52:42","account":"j***h","quantity":1,"handle_status":8,"order_type":"2","areaid":"630104","item_id":118},{"address":"浙江省","access_date":"2016-11-18 13:29:36","account":"s***8","quantity":1,"handle_status":8,"order_type":"2","areaid":"330212","item_id":118},{"address":"四川省","access_date":"2016-11-18 10:38:59","account":"z***1","quantity":1,"handle_status":8,"order_type":"2","areaid":"510105","item_id":118},{"address":"云南省","access_date":"2016-11-17 15:48:06","account":"1***3","quantity":1,"handle_status":8,"order_type":"2","areaid":"530111","item_id":118},{"address":"河北省","access_date":"2016-11-17 15:31:08","account":"猪***道","quantity":1,"handle_status":8,"order_type":"2","areaid":"130208","item_id":118},{"address":"上海市","access_date":"2016-11-17 13:46:03","account":"l***5","quantity":1,"handle_status":8,"order_type":"2","areaid":"310115","item_id":118},{"address":"江苏省","access_date":"2016-11-17 11:32:04","account":"a***a","quantity":1,"handle_status":8,"order_type":"2","areaid":"320482","item_id":118},{"address":"湖南省","access_date":"2016-11-16 13:16:10","account":"f***5","quantity":1,"handle_status":8,"order_type":"2","areaid":"430502","item_id":118},{"address":"江苏省","access_date":"2016-11-15 13:34:07","account":"j***b","quantity":1,"handle_status":8,"order_type":"2","areaid":"320106","item_id":118},{"address":"上海市","access_date":"2016-11-15 11:27:11","account":"h***5","quantity":1,"handle_status":8,"order_type":"2","areaid":"310113","item_id":118},{"address":"江苏省","access_date":"2016-11-15 11:11:47","account":"q***1","quantity":1,"handle_status":8,"order_type":"2","areaid":"320203","item_id":118},{"address":"广东省","access_date":"2016-11-15 11:04:30","account":"a***9","quantity":1,"handle_status":8,"order_type":"2","areaid":"ff8080814cd0d0f4014cd571e2a50002","item_id":118},{"address":"安徽省","access_date":"2016-11-15 10:49:45","account":"c***8","quantity":1,"handle_status":8,"order_type":"2","areaid":"341324","item_id":118},{"address":"山东省","access_date":"2016-11-15 10:37:03","account":"k***8","quantity":1,"handle_status":8,"order_type":"2","areaid":"371302","item_id":118},{"address":"福建省","access_date":"2016-11-15 09:45:15","account":"w***3","quantity":1,"handle_status":8,"order_type":"2","areaid":"350782","item_id":118},{"address":"江苏省","access_date":"2016-11-15 09:37:56","account":"周***芬","quantity":1,"handle_status":8,"order_type":"2","areaid":"320402","item_id":118},{"address":"广东省","access_date":"2016-11-14 15:41:57","account":"x***9","quantity":1,"handle_status":8,"order_type":"2","areaid":"440306","item_id":118},{"address":"河南省","access_date":"2016-11-14 14:37:38","account":"1***2","quantity":1,"handle_status":8,"order_type":"2","areaid":"410101","item_id":118},{"address":"广东省","access_date":"2016-11-14 13:55:12","account":"l***2","quantity":1,"handle_status":8,"order_type":"2","areaid":"440106","item_id":118},{"address":"山西省","access_date":"2016-11-14 12:58:51","account":"z***p","quantity":1,"handle_status":8,"order_type":"2","areaid":"140107","item_id":118},{"address":"上海市","access_date":"2016-11-14 12:40:54","account":"1***8","quantity":1,"handle_status":8,"order_type":"2","areaid":"310101","item_id":118},{"address":"浙江省","access_date":"2016-11-14 10:57:57","account":"w***s","quantity":1,"handle_status":8,"order_type":"2","areaid":"330302","item_id":118},{"address":"上海市","access_date":"2016-11-14 10:14:46","account":"1***7","quantity":1,"handle_status":8,"order_type":"2","areaid":"310105","item_id":118},{"address":"安徽省","access_date":"2016-11-14 10:00:26","account":"s***e","quantity":1,"handle_status":8,"order_type":"2","areaid":"341302","item_id":118},{"address":"广东省","access_date":"2016-11-14 09:40:54","account":"s***3","quantity":1,"handle_status":8,"order_type":"2","areaid":"440303","item_id":118},{"address":"上海市","access_date":"2016-11-14 09:40:47","account":"n***2","quantity":1,"handle_status":8,"order_type":"2","areaid":"310112","item_id":118},{"address":"北京市","access_date":"2016-11-14 09:38:31","account":"1***5","quantity":1,"handle_status":8,"order_type":"2","areaid":"110105","item_id":118},{"address":"北京市","access_date":"2016-11-14 09:35:47","account":"c***3","quantity":2,"handle_status":8,"order_type":"2","areaid":"110101","item_id":118},{"address":"上海市","access_date":"2016-11-14 09:32:20","account":"g***u","quantity":1,"handle_status":8,"order_type":"2","areaid":"310104","item_id":118},{"address":"四川省","access_date":"2016-11-13 15:01:09","account":"雨***0","quantity":1,"handle_status":8,"order_type":"2","areaid":"511502","item_id":118},{"address":"湖南省","access_date":"2016-11-13 13:15:46","account":"1***3","quantity":1,"handle_status":8,"order_type":"2","areaid":"431302","item_id":118},{"address":"北京市","access_date":"2016-11-12 14:16:47","account":"s***y","quantity":1,"handle_status":8,"order_type":"2","areaid":"110108","item_id":118},{"address":"浙江省","access_date":"2016-11-11 12:34:56","account":"p***5","quantity":2,"handle_status":8,"order_type":"2","areaid":"330108","item_id":118},{"address":"山东省","access_date":"2016-11-11 11:50:40","account":"w***e","quantity":1,"handle_status":8,"order_type":"2","areaid":"371521","item_id":118},{"address":"辽宁省","access_date":"2016-11-11 10:57:59","account":"1***6","quantity":1,"handle_status":8,"order_type":"2","areaid":"210103","item_id":118},{"address":"江苏省","access_date":"2016-11-11 10:28:59","account":"f***h","quantity":1,"handle_status":8,"order_type":"2","areaid":"320509","item_id":118},{"address":"浙江省","access_date":"2016-11-11 10:24:33","account":"f***e","quantity":1,"handle_status":8,"order_type":"2","areaid":"330502","item_id":118},{"address":"黑龙江省","access_date":"2016-11-10 16:18:19","account":"m***i","quantity":1,"handle_status":8,"order_type":"2","areaid":"230202","item_id":118},{"address":"山西省","access_date":"2016-11-10 15:29:22","account":"w***4","quantity":1,"handle_status":8,"order_type":"2","areaid":"140302","item_id":118},{"address":"山东省","access_date":"2016-11-10 10:35:55","account":"t***1","quantity":1,"handle_status":8,"order_type":"2","areaid":"370102","item_id":118},{"address":"上海市","access_date":"2016-11-09 10:28:15","account":"1***0","quantity":1,"handle_status":8,"order_type":"2","areaid":"310109","item_id":118},{"address":"上海市","access_date":"2016-11-09 10:03:38","account":"s***6","quantity":1,"handle_status":8,"order_type":"2","areaid":"310115","item_id":118},{"address":"上海市","access_date":"2016-11-09 09:45:11","account":"s***2","quantity":1,"handle_status":8,"order_type":"2","areaid":"310109","item_id":118},{"address":"江苏省","access_date":"2016-11-09 09:36:38","account":"h***g","quantity":1,"handle_status":8,"order_type":"2","areaid":"320281","item_id":118},{"address":"云南省","access_date":"2016-11-08 15:09:03","account":"1***5","quantity":1,"handle_status":8,"order_type":"2","areaid":"533321","item_id":118},{"address":"北京市","access_date":"2016-11-08 13:25:05","account":"1***6","quantity":1,"handle_status":8,"order_type":"2","areaid":"110102","item_id":118},{"address":"上海市","access_date":"2016-11-08 11:09:26","account":"1***2","quantity":1,"handle_status":8,"order_type":"2","areaid":"310105","item_id":118},{"address":"上海市","access_date":"2016-11-08 11:04:40","account":"f***a","quantity":1,"handle_status":8,"order_type":"2","areaid":"310105","item_id":118},{"address":"北京市","access_date":"2016-11-08 10:03:52","account":"b***i","quantity":1,"handle_status":8,"order_type":"2","areaid":"110105","item_id":118},{"address":"上海市","access_date":"2016-11-08 09:49:45","account":"z***3","quantity":1,"handle_status":8,"order_type":"2","areaid":"310115","item_id":118},{"address":"河南省","access_date":"2016-11-07 14:09:02","account":"a***i","quantity":1,"handle_status":8,"order_type":"2","areaid":"410502","item_id":118},{"address":"江苏省","access_date":"2016-11-07 12:11:57","account":"j***s","quantity":1,"handle_status":8,"order_type":"2","areaid":"320105","item_id":118},{"address":"北京市","access_date":"2016-11-07 11:23:05","account":"p***u","quantity":1,"handle_status":8,"order_type":"2","areaid":"110102","item_id":118},{"address":"山东省","access_date":"2016-11-07 10:57:56","account":"h***g","quantity":1,"handle_status":8,"order_type":"2","areaid":"370681","item_id":118},{"address":"湖北省","access_date":"2016-11-06 10:09:16","account":"f***0","quantity":1,"handle_status":8,"order_type":"2","areaid":"420984","item_id":118},{"address":"江西省","access_date":"2016-11-05 10:09:55","account":"l***r","quantity":1,"handle_status":8,"order_type":"2","areaid":"360103","item_id":118},{"address":"上海市","access_date":"2016-11-05 10:09:24","account":"s***r","quantity":1,"handle_status":8,"order_type":"2","areaid":"310112","item_id":118},{"address":"广东省","access_date":"2016-11-04 15:04:52","account":"X***G","quantity":1,"handle_status":8,"order_type":"2","areaid":"440507","item_id":118},{"address":"上海市","access_date":"2016-11-04 14:48:15","account":"x***5","quantity":1,"handle_status":8,"order_type":"2","areaid":"310107","item_id":118},{"address":"广东省","access_date":"2016-11-04 09:55:36","account":"k***u","quantity":1,"handle_status":8,"order_type":"2","areaid":"440306","item_id":118},{"address":"浙江省","access_date":"2016-11-03 16:14:33","account":"w***i","quantity":1,"handle_status":8,"order_type":"2","areaid":"330382","item_id":118},{"address":"黑龙江省","access_date":"2016-11-03 15:28:26","account":"1***9","quantity":1,"handle_status":8,"order_type":"2","areaid":"230822","item_id":118},{"address":"北京市","access_date":"2016-11-03 14:08:27","account":"y***e","quantity":1,"handle_status":8,"order_type":"2","areaid":"110105","item_id":118},{"address":"浙江省","access_date":"2016-11-03 12:51:53","account":"1***1","quantity":1,"handle_status":8,"order_type":"2","areaid":"330302","item_id":118},{"address":"北京市","access_date":"2016-11-03 12:48:18","account":"袁***萍","quantity":1,"handle_status":8,"order_type":"2","areaid":"110106","item_id":118},{"address":"浙江省","access_date":"2016-11-03 12:20:04","account":"b***a","quantity":1,"handle_status":8,"order_type":"2","areaid":"330782","item_id":118},{"address":"江苏省","access_date":"2016-11-02 14:48:56","account":"a***a","quantity":1,"handle_status":8,"order_type":"2","areaid":"320211","item_id":118},{"address":"浙江省","access_date":"2016-11-02 13:57:44","account":"1***3","quantity":2,"handle_status":8,"order_type":"2","areaid":"330206","item_id":118},{"address":"上海市","access_date":"2016-11-02 10:07:59","account":"c***7","quantity":1,"handle_status":8,"order_type":"2","areaid":"310113","item_id":118},{"address":"浙江省","access_date":"2016-11-02 09:32:59","account":"m***1","quantity":1,"handle_status":8,"order_type":"2","areaid":"330103","item_id":118},{"address":"湖北省","access_date":"2016-11-01 16:00:14","account":"x***3","quantity":1,"handle_status":8,"order_type":"2","areaid":"420801","item_id":118},{"address":"浙江省","access_date":"2016-11-01 15:30:41","account":"1***8","quantity":1,"handle_status":8,"order_type":"2","areaid":"330902","item_id":118},{"address":"广东省","access_date":"2016-11-01 12:51:13","account":"n***y","quantity":1,"handle_status":8,"order_type":"2","areaid":"440106","item_id":118},{"address":"河北省","access_date":"2016-11-01 11:59:17","account":"1***7","quantity":1,"handle_status":8,"order_type":"2","areaid":"130681","item_id":118},{"address":"山东省","access_date":"2016-11-01 11:26:18","account":"王***3","quantity":1,"handle_status":8,"order_type":"2","areaid":"370203","item_id":118},{"address":"北京市","access_date":"2016-11-01 11:18:16","account":"f***1","quantity":1,"handle_status":8,"order_type":"2","areaid":"110105","item_id":118},{"address":"陕西省","access_date":"2016-11-01 11:14:43","account":"l***5","quantity":1,"handle_status":8,"order_type":"2","areaid":"610525","item_id":118},{"address":"上海市","access_date":"2016-11-01 11:13:03","account":"m***e","quantity":1,"handle_status":8,"order_type":"2","areaid":"310113","item_id":118},{"address":"北京市","access_date":"2016-11-01 10:44:19","account":"t***3","quantity":1,"handle_status":8,"order_type":"2","areaid":"110101","item_id":118},{"address":"上海市","access_date":"2016-11-01 10:43:08","account":"m***n","quantity":1,"handle_status":8,"order_type":"2","areaid":"310115","item_id":118},{"address":"天津市","access_date":"2016-11-01 10:35:57","account":"1***7","quantity":1,"handle_status":8,"order_type":"2","areaid":"120101","item_id":118},{"address":"北京市","access_date":"2016-11-01 10:02:17","account":"z***7","quantity":1,"handle_status":8,"order_type":"2","areaid":"110106","item_id":118},{"address":"河北省","access_date":"2016-11-01 10:00:41","account":"d***7","quantity":1,"handle_status":8,"order_type":"2","areaid":"130105","item_id":118},{"address":"湖南省","access_date":"2016-11-01 09:45:31","account":"c***y","quantity":1,"handle_status":8,"order_type":"2","areaid":"430602","item_id":118},{"address":"贵州省","access_date":"2016-11-01 09:32:34","account":"1***0","quantity":1,"handle_status":8,"order_type":"2","areaid":"520102","item_id":118},{"address":"广东省","access_date":"2016-10-31 16:22:07","account":"z***8","quantity":1,"handle_status":8,"order_type":"2","areaid":"440113","item_id":118},{"address":"山东省","access_date":"2016-10-31 15:36:54","account":"f***2","quantity":1,"handle_status":8,"order_type":"2","areaid":"371121","item_id":118},{"address":"上海市","access_date":"2016-10-31 15:33:44","account":"y***m","quantity":2,"handle_status":8,"order_type":"2","areaid":"310105","item_id":118},{"address":"浙江省","access_date":"2016-10-31 14:43:02","account":"1***9","quantity":1,"handle_status":8,"order_type":"2","areaid":"331127","item_id":118},{"address":"内蒙古自治区","access_date":"2016-10-31 14:27:43","account":"1***6","quantity":1,"handle_status":8,"order_type":"2","areaid":"150403","item_id":118},{"address":"天津市","access_date":"2016-10-31 13:53:35","account":"t***x","quantity":1,"handle_status":8,"order_type":"2","areaid":"120111","item_id":118},{"address":"浙江省","access_date":"2016-10-31 13:26:54","account":"d***h","quantity":1,"handle_status":8,"order_type":"2","areaid":"330302","item_id":118},{"address":"湖南省","access_date":"2016-10-31 12:15:48","account":"c***9","quantity":1,"handle_status":8,"order_type":"2","areaid":"430104","item_id":118},{"address":"广东省","access_date":"2016-10-31 11:55:44","account":"垚***0","quantity":1,"handle_status":8,"order_type":"2","areaid":"441721","item_id":118},{"address":"辽宁省","access_date":"2016-10-31 11:54:07","account":"1***0","quantity":1,"handle_status":8,"order_type":"2","areaid":"210281","item_id":118},{"address":"新疆维吾尔自治区","access_date":"2016-10-31 11:27:52","account":"y***8","quantity":1,"handle_status":8,"order_type":"2","areaid":"650103","item_id":118},{"address":"上海市","access_date":"2016-10-31 10:51:25","account":"j***3","quantity":1,"handle_status":8,"order_type":"2","areaid":"310109","item_id":118},{"address":"福建省","access_date":"2016-10-31 10:33:09","account":"l***u","quantity":1,"handle_status":8,"order_type":"2","areaid":"350182","item_id":118},{"address":"上海市","access_date":"2016-10-31 10:07:39","account":"h***4","quantity":1,"handle_status":8,"order_type":"2","areaid":"310115","item_id":118},{"address":"河北省","access_date":"2016-10-31 09:53:08","account":"h***r","quantity":1,"handle_status":8,"order_type":"2","areaid":"130209","item_id":118},{"address":"江苏省","access_date":"2016-10-31 09:52:07","account":"王***8","quantity":1,"handle_status":8,"order_type":"2","areaid":"320106","item_id":118},{"address":"上海市","access_date":"2016-10-31 09:51:32","account":"s***g","quantity":1,"handle_status":8,"order_type":"2","areaid":"310115","item_id":118},{"address":"山东省","access_date":"2016-10-31 09:37:31","account":"w***z","quantity":1,"handle_status":8,"order_type":"2","areaid":"370782","item_id":118},{"address":"海南省","access_date":"2016-10-31 09:35:25","account":"t***6","quantity":1,"handle_status":8,"order_type":"2","areaid":"460108","item_id":118},{"address":"广东省","access_date":"2016-10-31 09:31:54","account":"1***0","quantity":1,"handle_status":8,"order_type":"2","areaid":"440104","item_id":118},{"address":"江苏省","access_date":"2016-10-30 15:21:55","account":"c***i","quantity":1,"handle_status":8,"order_type":"2","areaid":"321204","item_id":118},{"address":"辽宁省","access_date":"2016-10-30 15:04:34","account":"1***8","quantity":1,"handle_status":8,"order_type":"2","areaid":"210802","item_id":118},{"address":"甘肃省","access_date":"2016-10-30 15:03:54","account":"1***4","quantity":1,"handle_status":8,"order_type":"2","areaid":"620302","item_id":118},{"address":"湖南省","access_date":"2016-10-30 14:20:27","account":"z***n","quantity":1,"handle_status":8,"order_type":"2","areaid":"430702","item_id":118},{"address":"四川省","access_date":"2016-10-30 12:11:04","account":"m***i","quantity":1,"handle_status":8,"order_type":"2","areaid":"510104","item_id":118},{"address":"江苏省","access_date":"2016-10-30 11:24:24","account":"m***2","quantity":1,"handle_status":8,"order_type":"2","areaid":"320102","item_id":118},{"address":"江苏省","access_date":"2016-10-30 10:44:22","account":"t***0","quantity":1,"handle_status":8,"order_type":"2","areaid":"320106","item_id":118},{"address":"甘肃省","access_date":"2016-10-30 10:17:27","account":"p***4","quantity":1,"handle_status":8,"order_type":"2","areaid":"621002","item_id":118},{"address":"河北省","access_date":"2016-10-30 10:04:21","account":"c***i","quantity":1,"handle_status":8,"order_type":"2","areaid":"131003","item_id":118},{"address":"北京市","access_date":"2016-10-30 09:43:57","account":"s***d","quantity":1,"handle_status":8,"order_type":"2","areaid":"110108","item_id":118},{"address":"天津市","access_date":"2016-10-29 15:47:41","account":"齐***志","quantity":1,"handle_status":8,"order_type":"2","areaid":"120104","item_id":118},{"address":"浙江省","access_date":"2016-10-29 15:34:56","account":"1***8","quantity":1,"handle_status":8,"order_type":"2","areaid":"330109","item_id":118},{"address":"上海市","access_date":"2016-10-29 14:42:47","account":"y***9","quantity":1,"handle_status":8,"order_type":"2","areaid":"310114","item_id":118},{"address":"江西省","access_date":"2016-10-29 14:34:46","account":"c***1","quantity":1,"handle_status":8,"order_type":"2","areaid":"360901","item_id":118},{"address":"山东省","access_date":"2016-10-29 13:47:56","account":"g***3","quantity":1,"handle_status":8,"order_type":"2","areaid":"370103","item_id":118},{"address":"广东省","access_date":"2016-10-29 13:45:18","account":"e***w","quantity":1,"handle_status":8,"order_type":"2","areaid":"440604","item_id":118},{"address":"北京市","access_date":"2016-10-29 13:20:37","account":"大***军","quantity":1,"handle_status":8,"order_type":"2","areaid":"110108","item_id":118},{"address":"四川省","access_date":"2016-10-29 13:04:06","account":"1***1","quantity":1,"handle_status":8,"order_type":"2","areaid":"510105","item_id":118},{"address":"福建省","access_date":"2016-10-29 12:26:34","account":"l***5","quantity":1,"handle_status":8,"order_type":"2","areaid":"350503","item_id":118},{"address":"上海市","access_date":"2016-10-29 11:34:28","account":"c***9","quantity":1,"handle_status":8,"order_type":"2","areaid":"310112","item_id":118},{"address":"广东省","access_date":"2016-10-29 11:31:35","account":"1***5","quantity":1,"handle_status":8,"order_type":"2","areaid":"440306","item_id":118},{"address":"新疆维吾尔自治区","access_date":"2016-10-29 10:56:06","account":"r***b","quantity":1,"handle_status":8,"order_type":"2","areaid":"653201","item_id":118},{"address":"辽宁省","access_date":"2016-10-29 10:46:38","account":"v***8","quantity":1,"handle_status":8,"order_type":"2","areaid":"210102","item_id":118},{"address":"江苏省","access_date":"2016-10-29 10:25:16","account":"r***7","quantity":1,"handle_status":8,"order_type":"2","areaid":"320203","item_id":118},{"address":"上海市","access_date":"2016-10-28 16:21:21","account":"q***n","quantity":1,"handle_status":8,"order_type":"2","areaid":"310110","item_id":118},{"address":"北京市","access_date":"2016-10-28 16:12:45","account":"1***6","quantity":1,"handle_status":8,"order_type":"2","areaid":"110106","item_id":118},{"address":"浙江省","access_date":"2016-10-28 15:39:19","account":"y***n","quantity":1,"handle_status":8,"order_type":"2","areaid":"331021","item_id":118},{"address":"江苏省","access_date":"2016-10-28 15:23:00","account":"y***4","quantity":1,"handle_status":8,"order_type":"2","areaid":"320507","item_id":118},{"address":"上海市","access_date":"2016-10-28 15:22:29","account":"y***f","quantity":1,"handle_status":8,"order_type":"2","areaid":"310115","item_id":118},{"address":"山东省","access_date":"2016-10-28 14:59:09","account":"y***6","quantity":1,"handle_status":8,"order_type":"2","areaid":"371083","item_id":118},{"address":"上海市","access_date":"2016-10-28 14:53:47","account":"l***0","quantity":1,"handle_status":8,"order_type":"2","areaid":"310104","item_id":118},{"address":"福建省","access_date":"2016-10-28 14:33:25","account":"q***7","quantity":1,"handle_status":8,"order_type":"2","areaid":"350203","item_id":118},{"address":"山东省","access_date":"2016-10-28 14:31:31","account":"蓝***6","quantity":2,"handle_status":8,"order_type":"2","areaid":"370705","item_id":118},{"address":"四川省","access_date":"2016-10-28 14:23:06","account":"5***5","quantity":1,"handle_status":8,"order_type":"2","areaid":"510108","item_id":118},{"address":"江苏省","access_date":"2016-10-28 14:18:57","account":"j***u","quantity":1,"handle_status":8,"order_type":"2","areaid":"320505","item_id":118},{"address":"浙江省","access_date":"2016-10-28 13:55:58","account":"a***8","quantity":1,"handle_status":8,"order_type":"2","areaid":"330329","item_id":118},{"address":"山东省","access_date":"2016-10-28 13:46:11","account":"l***e","quantity":1,"handle_status":8,"order_type":"2","areaid":"371302","item_id":118},{"address":"浙江省","access_date":"2016-10-28 13:35:24","account":"不***龙","quantity":1,"handle_status":8,"order_type":"2","areaid":"330103","item_id":118},{"address":"上海市","access_date":"2016-10-28 13:12:14","account":"h***3","quantity":1,"handle_status":8,"order_type":"2","areaid":"310117","item_id":118},{"address":"江苏省","access_date":"2016-10-28 13:08:56","account":"1***0","quantity":1,"handle_status":8,"order_type":"2","areaid":"320508","item_id":118},{"address":"江苏省","access_date":"2016-10-28 12:34:41","account":"c***n","quantity":1,"handle_status":8,"order_type":"2","areaid":"320411","item_id":118},{"address":"北京市","access_date":"2016-10-28 12:26:41","account":"f***n","quantity":1,"handle_status":8,"order_type":"2","areaid":"110105","item_id":118},{"address":"山东省","access_date":"2016-10-28 11:59:26","account":"1***8","quantity":1,"handle_status":8,"order_type":"2","areaid":"370502","item_id":118},{"address":"湖北省","access_date":"2016-10-28 11:44:00","account":"宁***可","quantity":1,"handle_status":8,"order_type":"2","areaid":"420602","item_id":118},{"address":"四川省","access_date":"2016-10-28 11:42:34","account":"t***3","quantity":1,"handle_status":8,"order_type":"2","areaid":"510603","item_id":118},{"address":"江苏省","access_date":"2016-10-28 11:32:03","account":"l***4","quantity":1,"handle_status":8,"order_type":"2","areaid":"320802","item_id":118},{"address":"湖北省","access_date":"2016-10-28 11:29:08","account":"菜***地","quantity":1,"handle_status":8,"order_type":"2","areaid":"429005","item_id":118},{"address":"北京市","access_date":"2016-10-28 11:25:50","account":"1***9","quantity":1,"handle_status":8,"order_type":"2","areaid":"110105","item_id":118},{"address":"湖北省","access_date":"2016-10-28 11:12:35","account":"许***昉","quantity":1,"handle_status":8,"order_type":"2","areaid":"420111","item_id":118},{"address":"上海市","access_date":"2016-10-28 11:08:07","account":"萍***涯","quantity":1,"handle_status":8,"order_type":"2","areaid":"310105","item_id":118},{"address":"甘肃省","access_date":"2016-10-28 10:56:40","account":"c***u","quantity":1,"handle_status":8,"order_type":"2","areaid":"620103","item_id":118},{"address":"上海市","access_date":"2016-10-28 10:56:01","account":"1***3","quantity":1,"handle_status":8,"order_type":"2","areaid":"310117","item_id":118},{"address":"广东省","access_date":"2016-10-28 10:54:48","account":"嘿***黑","quantity":1,"handle_status":8,"order_type":"2","areaid":"440515","item_id":118},{"address":"广东省","access_date":"2016-10-28 10:46:47","account":"1***3","quantity":1,"handle_status":8,"order_type":"2","areaid":"445102","item_id":118},{"address":"河南省","access_date":"2016-10-28 10:46:03","account":"z***g","quantity":1,"handle_status":8,"order_type":"2","areaid":"411701","item_id":118},{"address":"山西省","access_date":"2016-10-28 10:36:45","account":"t***o","quantity":1,"handle_status":8,"order_type":"2","areaid":"140106","item_id":118},{"address":"广东省","access_date":"2016-10-28 10:34:08","account":"y***5","quantity":1,"handle_status":8,"order_type":"2","areaid":"440515","item_id":118},{"address":"江苏省","access_date":"2016-10-28 10:25:44","account":"1***3","quantity":1,"handle_status":8,"order_type":"2","areaid":"320602","item_id":118},{"address":"宁夏回族自治区","access_date":"2016-10-28 10:20:33","account":"j***5","quantity":1,"handle_status":8,"order_type":"2","areaid":"640104","item_id":118},{"address":"北京市","access_date":"2016-10-28 10:18:20","account":"j***o","quantity":1,"handle_status":8,"order_type":"2","areaid":"110105","item_id":118},{"address":"上海市","access_date":"2016-10-28 10:14:23","account":"j***n","quantity":1,"handle_status":8,"order_type":"2","areaid":"310105","item_id":118},{"address":"上海市","access_date":"2016-10-28 10:13:46","account":"h***g","quantity":1,"handle_status":8,"order_type":"2","areaid":"310101","item_id":118},{"address":"上海市","access_date":"2016-10-28 10:13:09","account":"z***l","quantity":1,"handle_status":8,"order_type":"2","areaid":"310115","item_id":118},{"address":"浙江省","access_date":"2016-10-28 10:07:21","account":"z***1","quantity":1,"handle_status":8,"order_type":"2","areaid":"330304","item_id":118},{"address":"江苏省","access_date":"2016-10-28 10:04:17","account":"大***m","quantity":1,"handle_status":8,"order_type":"2","areaid":"320211","item_id":118},{"address":"湖北省","access_date":"2016-10-28 09:53:47","account":"l***1","quantity":1,"handle_status":8,"order_type":"2","areaid":"420112","item_id":118},{"address":"湖北省","access_date":"2016-10-28 09:52:53","account":"1***2","quantity":1,"handle_status":8,"order_type":"2","areaid":"420104","item_id":118},{"address":"山西省","access_date":"2016-10-28 09:48:50","account":"易***哥","quantity":1,"handle_status":8,"order_type":"2","areaid":"140202","item_id":118},{"address":"上海市","access_date":"2016-10-28 09:47:28","account":"z***a","quantity":1,"handle_status":8,"order_type":"2","areaid":"310115","item_id":118},{"address":"北京市","access_date":"2016-10-28 09:47:27","account":"z***n","quantity":1,"handle_status":8,"order_type":"2","areaid":"110105","item_id":118},{"address":"内蒙古自治区","access_date":"2016-10-28 09:47:21","account":"1***7","quantity":1,"handle_status":8,"order_type":"2","areaid":"150602","item_id":118},{"address":"北京市","access_date":"2016-10-28 09:47:11","account":"1***1","quantity":1,"handle_status":8,"order_type":"2","areaid":"110108","item_id":118},{"address":"江苏省","access_date":"2016-10-28 09:42:55","account":"1***0","quantity":1,"handle_status":8,"order_type":"2","areaid":"320581","item_id":118},{"address":"浙江省","access_date":"2016-10-28 09:40:11","account":"陈***华","quantity":1,"handle_status":8,"order_type":"2","areaid":"330326","item_id":118},{"address":"浙江省","access_date":"2016-10-28 09:39:23","account":"w***j","quantity":1,"handle_status":8,"order_type":"2","areaid":"330204","item_id":118},{"address":"上海市","access_date":"2016-10-28 09:38:47","account":"e***h","quantity":1,"handle_status":8,"order_type":"2","areaid":"310106","item_id":118},{"address":"浙江省","access_date":"2016-10-28 09:38:08","account":"y***m","quantity":1,"handle_status":8,"order_type":"2","areaid":"330782","item_id":118},{"address":"江苏省","access_date":"2016-10-28 09:37:43","account":"n***2","quantity":1,"handle_status":8,"order_type":"2","areaid":"320106","item_id":118},{"address":"浙江省","access_date":"2016-10-28 09:37:40","account":"c***u","quantity":1,"handle_status":8,"order_type":"2","areaid":"330327","item_id":118},{"address":"山西省","access_date":"2016-10-28 09:37:24","account":"封***6","quantity":1,"handle_status":8,"order_type":"2","areaid":"140202","item_id":118},{"address":"河北省","access_date":"2016-10-28 09:37:08","account":"秋***爽","quantity":1,"handle_status":8,"order_type":"2","areaid":"130105","item_id":118},{"address":"山东省","access_date":"2016-10-28 09:36:59","account":"1***3","quantity":2,"handle_status":8,"order_type":"2","areaid":"371602","item_id":118},{"address":"山东省","access_date":"2016-10-28 09:36:41","account":"1***3","quantity":1,"handle_status":8,"order_type":"2","areaid":"371424","item_id":118},{"address":"四川省","access_date":"2016-10-28 09:36:24","account":"d***3","quantity":1,"handle_status":8,"order_type":"2","areaid":"510122","item_id":118},{"address":"江苏省","access_date":"2016-10-28 09:36:21","account":"n***n","quantity":1,"handle_status":8,"order_type":"2","areaid":"320602","item_id":118},{"address":"上海市","access_date":"2016-10-28 09:36:04","account":"1***4","quantity":1,"handle_status":8,"order_type":"2","areaid":"310113","item_id":118},{"address":"江苏省","access_date":"2016-10-28 09:35:53","account":"k***s","quantity":1,"handle_status":8,"order_type":"2","areaid":"320105","item_id":118},{"address":"山西省","access_date":"2016-10-28 09:35:53","account":"封***6","quantity":1,"handle_status":8,"order_type":"2","areaid":"140202","item_id":118},{"address":"广东省","access_date":"2016-10-28 09:34:41","account":"X***N","quantity":1,"handle_status":8,"order_type":"2","areaid":"440507","item_id":118},{"address":"上海市","access_date":"2016-10-28 09:34:18","account":"q***g","quantity":1,"handle_status":8,"order_type":"2","areaid":"310104","item_id":118},{"address":"上海市","access_date":"2016-10-28 09:34:04","account":"S***1","quantity":1,"handle_status":8,"order_type":"2","areaid":"310115","item_id":118},{"address":"湖南省","access_date":"2016-10-28 09:33:36","account":"紫***0","quantity":1,"handle_status":8,"order_type":"2","areaid":"430111","item_id":118},{"address":"山东省","access_date":"2016-10-28 09:33:22","account":"1***3","quantity":1,"handle_status":8,"order_type":"2","areaid":"370203","item_id":118},{"address":"浙江省","access_date":"2016-10-28 09:33:12","account":"疯***猪","quantity":1,"handle_status":8,"order_type":"2","areaid":"330109","item_id":118},{"address":"广东省","access_date":"2016-10-28 09:32:51","account":"西***爹","quantity":1,"handle_status":8,"order_type":"2","areaid":"440308","item_id":118},{"address":"江苏省","access_date":"2016-10-28 09:32:43","account":"Z***G","quantity":1,"handle_status":8,"order_type":"2","areaid":"320601","item_id":118},{"address":"江苏省","access_date":"2016-10-28 09:32:27","account":"1***7","quantity":1,"handle_status":8,"order_type":"2","areaid":"320508","item_id":118},{"address":"广东省","access_date":"2016-10-28 09:32:24","account":"a***3","quantity":1,"handle_status":8,"order_type":"2","areaid":"440304","item_id":118},{"address":"浙江省","access_date":"2016-10-28 09:32:13","account":"n***z","quantity":1,"handle_status":8,"order_type":"2","areaid":"330105","item_id":118},{"address":"江苏省","access_date":"2016-10-28 09:32:10","account":"l***9","quantity":1,"handle_status":8,"order_type":"2","areaid":"320481","item_id":118},{"address":"北京市","access_date":"2016-10-28 09:32:09","account":"g***g","quantity":1,"handle_status":8,"order_type":"2","areaid":"110106","item_id":118},{"address":"江苏省","access_date":"2016-10-28 09:32:03","account":"Z***G","quantity":1,"handle_status":8,"order_type":"2","areaid":"320601","item_id":118},{"address":"山东省","access_date":"2016-10-28 09:32:02","account":"月***翩","quantity":1,"handle_status":8,"order_type":"2","areaid":"370323","item_id":118},{"address":"吉林省","access_date":"2016-10-28 09:31:58","account":"小***呵","quantity":1,"handle_status":8,"order_type":"2","areaid":"222401","item_id":118},{"address":"上海市","access_date":"2016-10-28 09:31:56","account":"f***d","quantity":1,"handle_status":8,"order_type":"2","areaid":"310106","item_id":118},{"address":"上海市","access_date":"2016-10-28 09:31:46","account":"o***3","quantity":1,"handle_status":8,"order_type":"2","areaid":"310109","item_id":118}]