[{"address":"广东省","access_date":"2015-11-12 09:30:21","account":"k***8","quantity":1,"handle_status":8,"order_type":"2","areaid":"440902","item_id":52},{"address":"山东省","access_date":"2015-11-11 16:18:50","account":"l***8","quantity":2,"handle_status":8,"order_type":"2","areaid":"371082","item_id":52},{"address":"甘肃省","access_date":"2015-11-11 16:17:18","account":"z***7","quantity":1,"handle_status":8,"order_type":"2","areaid":"620982","item_id":52},{"address":"北京市","access_date":"2015-11-11 16:13:24","account":"o***1","quantity":1,"handle_status":8,"order_type":"2","areaid":"110108","item_id":52},{"address":"北京市","access_date":"2015-11-11 16:12:37","account":"l***8","quantity":1,"handle_status":8,"order_type":"2","areaid":"110105","item_id":52},{"address":"山东省","access_date":"2015-11-11 16:09:02","account":"l***8","quantity":1,"handle_status":8,"order_type":"2","areaid":"371082","item_id":52},{"address":"广东省","access_date":"2015-11-11 15:42:28","account":"J***6","quantity":1,"handle_status":8,"order_type":"2","areaid":"440306","item_id":52},{"address":"上海市","access_date":"2015-11-11 15:38:14","account":"h***0","quantity":1,"handle_status":8,"order_type":"2","areaid":"310115","item_id":52},{"address":"山东省","access_date":"2015-11-11 15:24:06","account":"l***8","quantity":1,"handle_status":8,"order_type":"2","areaid":"370285","item_id":52},{"address":"山东省","access_date":"2015-11-07 11:09:33","account":"l***3","quantity":1,"handle_status":8,"order_type":"2","areaid":"370911","item_id":52},{"address":"山东省","access_date":"2015-11-07 10:36:26","account":"G***9","quantity":1,"handle_status":8,"order_type":"2","areaid":"370212","item_id":52},{"address":"安徽省","access_date":"2015-11-07 10:17:09","account":"c***0","quantity":1,"handle_status":8,"order_type":"2","areaid":"340181","item_id":52},{"address":"江西省","access_date":"2015-11-07 10:08:23","account":"t***n","quantity":1,"handle_status":8,"order_type":"2","areaid":"360803","item_id":52},{"address":"浙江省","access_date":"2015-11-07 10:08:01","account":"l***z","quantity":1,"handle_status":8,"order_type":"2","areaid":"330103","item_id":52},{"address":"上海市","access_date":"2015-11-07 09:47:20","account":"星***光","quantity":1,"handle_status":8,"order_type":"2","areaid":"310115","item_id":52},{"address":"浙江省","access_date":"2015-11-07 09:40:40","account":"果***8","quantity":2,"handle_status":8,"order_type":"2","areaid":"330326","item_id":52},{"address":"江西省","access_date":"2015-10-23 14:25:59","account":"平***心","quantity":1,"handle_status":8,"order_type":"2","areaid":"360782","item_id":52},{"address":"江苏省","access_date":"2015-10-23 10:57:11","account":"d***m","quantity":1,"handle_status":8,"order_type":"2","areaid":"320115","item_id":52},{"address":"辽宁省","access_date":"2015-10-23 10:56:02","account":"月***酌","quantity":1,"handle_status":8,"order_type":"2","areaid":"210213","item_id":52},{"address":"浙江省","access_date":"2015-10-23 10:22:29","account":"h***u","quantity":1,"handle_status":8,"order_type":"2","areaid":"330103","item_id":52},{"address":"浙江省","access_date":"2015-10-23 10:12:38","account":"x***o","quantity":1,"handle_status":8,"order_type":"2","areaid":"331081","item_id":52}]