[{"address":"陕西省","access_date":"2016-05-13 15:39:32","account":"快***佳","quantity":1,"handle_status":8,"order_type":"2","areaid":"610702","item_id":86},{"address":"上海市","access_date":"2016-05-13 15:23:55","account":"k***7","quantity":1,"handle_status":8,"order_type":"2","areaid":"310108","item_id":86},{"address":"河南省","access_date":"2016-05-13 15:21:26","account":"1***3","quantity":1,"handle_status":8,"order_type":"2","areaid":"411602","item_id":86},{"address":"广西壮族自治区","access_date":"2016-05-13 15:18:08","account":"1***3","quantity":1,"handle_status":8,"order_type":"2","areaid":"450821","item_id":86},{"address":"福建省","access_date":"2016-05-13 15:03:08","account":"赖***传","quantity":3,"handle_status":8,"order_type":"2","areaid":"350881","item_id":86},{"address":"福建省","access_date":"2016-05-13 14:58:33","account":"赖***传","quantity":1,"handle_status":8,"order_type":"2","areaid":"350881","item_id":86},{"address":"湖南省","access_date":"2016-05-13 14:51:43","account":"海***跃","quantity":1,"handle_status":8,"order_type":"2","areaid":"430302","item_id":86},{"address":"福建省","access_date":"2016-05-13 14:51:27","account":"赖***传","quantity":1,"handle_status":8,"order_type":"2","areaid":"350881","item_id":86},{"address":"山东省","access_date":"2016-05-13 14:31:40","account":"1***2","quantity":1,"handle_status":8,"order_type":"2","areaid":"370784","item_id":86},{"address":"天津市","access_date":"2016-05-13 14:13:56","account":"末***闻","quantity":2,"handle_status":8,"order_type":"2","areaid":"120114","item_id":86},{"address":"安徽省","access_date":"2016-05-13 14:11:18","account":"晶***美","quantity":1,"handle_status":8,"order_type":"2","areaid":"341723","item_id":86},{"address":"黑龙江省","access_date":"2016-05-13 13:50:37","account":"l***8","quantity":1,"handle_status":8,"order_type":"2","areaid":"230524","item_id":86},{"address":"河南省","access_date":"2016-05-13 13:38:11","account":"清***霖","quantity":1,"handle_status":8,"order_type":"2","areaid":"410105","item_id":86},{"address":"天津市","access_date":"2016-05-13 13:09:02","account":"梁***梁","quantity":1,"handle_status":8,"order_type":"2","areaid":"120114","item_id":86},{"address":"天津市","access_date":"2016-05-13 12:57:33","account":"k***6","quantity":1,"handle_status":8,"order_type":"2","areaid":"120114","item_id":86},{"address":"河北省","access_date":"2016-05-13 12:54:24","account":"1***0","quantity":1,"handle_status":8,"order_type":"2","areaid":"130406","item_id":86},{"address":"山西省","access_date":"2016-05-13 12:53:24","account":"l***1","quantity":1,"handle_status":8,"order_type":"2","areaid":"140202","item_id":86},{"address":"云南省","access_date":"2016-05-13 12:53:04","account":"汤***海","quantity":1,"handle_status":8,"order_type":"2","areaid":"530502","item_id":86},{"address":"云南省","access_date":"2016-05-13 12:51:57","account":"汤***海","quantity":1,"handle_status":8,"order_type":"2","areaid":"530502","item_id":86},{"address":"安徽省","access_date":"2016-05-13 11:59:30","account":"石***天","quantity":1,"handle_status":8,"order_type":"2","areaid":"340225","item_id":86},{"address":"山东省","access_date":"2016-05-13 11:55:41","account":"a***g","quantity":1,"handle_status":8,"order_type":"2","areaid":"370481","item_id":86},{"address":"浙江省","access_date":"2016-05-13 11:39:48","account":"z***8","quantity":1,"handle_status":8,"order_type":"2","areaid":"330109","item_id":86},{"address":"广东省","access_date":"2016-05-13 11:22:30","account":"g***3","quantity":1,"handle_status":8,"order_type":"2","areaid":"ff8080814cd0d0f4014cd571e2a50002","item_id":86},{"address":"江苏省","access_date":"2016-05-13 11:14:32","account":"无***鹿","quantity":1,"handle_status":8,"order_type":"2","areaid":"320204","item_id":86},{"address":"河北省","access_date":"2016-05-13 10:47:17","account":"小***斌","quantity":1,"handle_status":8,"order_type":"2","areaid":"130705","item_id":86},{"address":"河北省","access_date":"2016-05-13 10:37:02","account":"z***o","quantity":1,"handle_status":8,"order_type":"2","areaid":"130104","item_id":86},{"address":"福建省","access_date":"2016-05-13 10:17:14","account":"郑***钦","quantity":1,"handle_status":8,"order_type":"2","areaid":"350581","item_id":86},{"address":"北京市","access_date":"2016-05-13 10:04:48","account":"w***c","quantity":1,"handle_status":8,"order_type":"2","areaid":"110108","item_id":86},{"address":"浙江省","access_date":"2016-05-13 09:51:25","account":"渡***o","quantity":1,"handle_status":8,"order_type":"2","areaid":"330481","item_id":86},{"address":"贵州省","access_date":"2016-05-13 09:12:36","account":"8***1","quantity":1,"handle_status":8,"order_type":"2","areaid":"520526","item_id":86},{"address":"上海市","access_date":"2016-05-13 08:41:26","account":"好***子","quantity":1,"handle_status":8,"order_type":"2","areaid":"310112","item_id":86},{"address":"河北省","access_date":"2016-05-13 08:40:26","account":"布***主","quantity":1,"handle_status":8,"order_type":"2","areaid":"130223","item_id":86},{"address":"江西省","access_date":"2016-05-13 08:38:40","account":"杨***韬","quantity":2,"handle_status":8,"order_type":"2","areaid":"361102","item_id":86},{"address":"湖南省","access_date":"2016-05-13 08:31:04","account":"y***7","quantity":1,"handle_status":8,"order_type":"2","areaid":"430103","item_id":86},{"address":"辽宁省","access_date":"2016-05-13 06:59:35","account":"1***6","quantity":1,"handle_status":8,"order_type":"2","areaid":"210211","item_id":86},{"address":"辽宁省","access_date":"2016-05-13 06:52:58","account":"b***0","quantity":1,"handle_status":8,"order_type":"2","areaid":"210211","item_id":86},{"address":"广东省","access_date":"2016-05-13 03:30:12","account":"a***6","quantity":1,"handle_status":8,"order_type":"2","areaid":"440605","item_id":86},{"address":"广东省","access_date":"2016-05-13 00:14:43","account":"何***9","quantity":1,"handle_status":8,"order_type":"2","areaid":"440105","item_id":86},{"address":"上海市","access_date":"2016-05-12 23:56:51","account":"5***9","quantity":1,"handle_status":8,"order_type":"2","areaid":"310112","item_id":86},{"address":"陕西省","access_date":"2016-05-12 23:52:43","account":"t***t","quantity":1,"handle_status":8,"order_type":"2","areaid":"610114","item_id":86},{"address":"河北省","access_date":"2016-05-12 23:41:50","account":"来***吧","quantity":1,"handle_status":8,"order_type":"2","areaid":"130224","item_id":86},{"address":"河北省","access_date":"2016-05-12 22:45:30","account":"8***9","quantity":1,"handle_status":8,"order_type":"2","areaid":"130208","item_id":86},{"address":"上海市","access_date":"2016-05-12 22:21:22","account":"P***8","quantity":1,"handle_status":8,"order_type":"2","areaid":"310101","item_id":86},{"address":"湖北省","access_date":"2016-05-12 21:20:26","account":"x***c","quantity":1,"handle_status":8,"order_type":"2","areaid":"420606","item_id":86},{"address":"河北省","access_date":"2016-05-12 21:13:55","account":"x***3","quantity":1,"handle_status":8,"order_type":"2","areaid":"131081","item_id":86},{"address":"江苏省","access_date":"2016-05-12 20:50:15","account":"x***e","quantity":1,"handle_status":8,"order_type":"2","areaid":"320684","item_id":86},{"address":"浙江省","access_date":"2016-05-12 19:17:23","account":"y***9","quantity":1,"handle_status":8,"order_type":"2","areaid":"330104","item_id":86},{"address":"广东省","access_date":"2016-05-12 17:32:41","account":"d***3","quantity":1,"handle_status":8,"order_type":"2","areaid":"440104","item_id":86},{"address":"河南省","access_date":"2016-05-12 17:05:19","account":"1***6","quantity":1,"handle_status":8,"order_type":"2","areaid":"410403","item_id":86},{"address":"山东省","access_date":"2016-05-12 16:05:16","account":"三***满","quantity":2,"handle_status":8,"order_type":"2","areaid":"371312","item_id":86},{"address":"贵州省","access_date":"2016-05-12 16:04:31","account":"h***j","quantity":1,"handle_status":8,"order_type":"2","areaid":"522324","item_id":86},{"address":"广东省","access_date":"2016-05-12 16:03:37","account":"1***8","quantity":2,"handle_status":8,"order_type":"2","areaid":"440183","item_id":86},{"address":"广东省","access_date":"2016-05-12 15:50:36","account":"k***8","quantity":1,"handle_status":8,"order_type":"2","areaid":"440606","item_id":86},{"address":"山西省","access_date":"2016-05-12 15:21:48","account":"j***i","quantity":1,"handle_status":8,"order_type":"2","areaid":"140105","item_id":86},{"address":"北京市","access_date":"2016-05-12 15:21:21","account":"s***p","quantity":2,"handle_status":8,"order_type":"2","areaid":"110105","item_id":86},{"address":"湖南省","access_date":"2016-05-12 15:03:06","account":"l***5","quantity":2,"handle_status":8,"order_type":"2","areaid":"431129","item_id":86},{"address":"北京市","access_date":"2016-05-12 14:57:26","account":"半***两","quantity":1,"handle_status":8,"order_type":"2","areaid":"110105","item_id":86},{"address":"广东省","access_date":"2016-05-12 14:49:00","account":"j***l","quantity":1,"handle_status":8,"order_type":"2","areaid":"ff8080814cd0d0f4014cd571e2a50002","item_id":86},{"address":"山西省","access_date":"2016-05-12 14:48:01","account":"山***默","quantity":1,"handle_status":8,"order_type":"2","areaid":"140402","item_id":86},{"address":"辽宁省","access_date":"2016-05-12 14:45:58","account":"1***0","quantity":1,"handle_status":8,"order_type":"2","areaid":"210602","item_id":86},{"address":"黑龙江省","access_date":"2016-05-12 14:38:49","account":"z***1","quantity":1,"handle_status":8,"order_type":"2","areaid":"230402","item_id":86},{"address":"浙江省","access_date":"2016-05-12 14:35:22","account":"欧***品","quantity":1,"handle_status":8,"order_type":"2","areaid":"330783","item_id":86},{"address":"福建省","access_date":"2016-05-12 14:27:14","account":"q***i","quantity":1,"handle_status":8,"order_type":"2","areaid":"350822","item_id":86},{"address":"辽宁省","access_date":"2016-05-12 14:15:25","account":"s***9","quantity":2,"handle_status":8,"order_type":"2","areaid":"210202","item_id":86},{"address":"广东省","access_date":"2016-05-12 13:59:57","account":"d***8","quantity":1,"handle_status":8,"order_type":"2","areaid":"440306","item_id":86},{"address":"北京市","access_date":"2016-05-12 13:58:00","account":"s***7","quantity":1,"handle_status":8,"order_type":"2","areaid":"110114","item_id":86},{"address":"福建省","access_date":"2016-05-12 13:54:29","account":"黄***j","quantity":1,"handle_status":8,"order_type":"2","areaid":"350583","item_id":86},{"address":"浙江省","access_date":"2016-05-12 13:42:34","account":"g***9","quantity":1,"handle_status":8,"order_type":"2","areaid":"330783","item_id":86},{"address":"浙江省","access_date":"2016-05-12 13:41:43","account":"s***h","quantity":1,"handle_status":8,"order_type":"2","areaid":"330783","item_id":86},{"address":"四川省","access_date":"2016-05-12 13:35:25","account":"z***6","quantity":1,"handle_status":8,"order_type":"2","areaid":"511002","item_id":86},{"address":"四川省","access_date":"2016-05-12 13:15:41","account":"z***m","quantity":1,"handle_status":8,"order_type":"2","areaid":"510104","item_id":86},{"address":"江苏省","access_date":"2016-05-12 13:14:40","account":"1***8","quantity":1,"handle_status":8,"order_type":"2","areaid":"320281","item_id":86},{"address":"云南省","access_date":"2016-05-12 13:09:18","account":"y***o","quantity":1,"handle_status":8,"order_type":"2","areaid":"530111","item_id":86},{"address":"浙江省","access_date":"2016-05-12 12:58:05","account":"海***峰","quantity":1,"handle_status":8,"order_type":"2","areaid":"330602","item_id":86},{"address":"北京市","access_date":"2016-05-12 12:56:16","account":"l***3","quantity":1,"handle_status":8,"order_type":"2","areaid":"110111","item_id":86},{"address":"广东省","access_date":"2016-05-12 12:33:03","account":"w***n","quantity":1,"handle_status":8,"order_type":"2","areaid":"440605","item_id":86},{"address":"山东省","access_date":"2016-05-12 12:27:30","account":"j***i","quantity":1,"handle_status":8,"order_type":"2","areaid":"370105","item_id":86},{"address":"浙江省","access_date":"2016-05-12 12:16:05","account":"有***币","quantity":1,"handle_status":8,"order_type":"2","areaid":"330382","item_id":86},{"address":"江西省","access_date":"2016-05-12 12:09:58","account":"1***6","quantity":1,"handle_status":8,"order_type":"2","areaid":"360111","item_id":86},{"address":"江苏省","access_date":"2016-05-12 12:08:47","account":"Z***1","quantity":1,"handle_status":8,"order_type":"2","areaid":"320203","item_id":86},{"address":"河南省","access_date":"2016-05-12 11:49:56","account":"嘻***0","quantity":1,"handle_status":8,"order_type":"2","areaid":"410105","item_id":86},{"address":"江苏省","access_date":"2016-05-12 11:45:33","account":"瞿***建","quantity":1,"handle_status":8,"order_type":"2","areaid":"320508","item_id":86},{"address":"河北省","access_date":"2016-05-12 11:35:19","account":"w***8","quantity":2,"handle_status":8,"order_type":"2","areaid":"130203","item_id":86},{"address":"江苏省","access_date":"2016-05-12 11:28:37","account":"s***n","quantity":2,"handle_status":8,"order_type":"2","areaid":"320411","item_id":86},{"address":"浙江省","access_date":"2016-05-12 11:26:08","account":"k***r","quantity":5,"handle_status":8,"order_type":"2","areaid":"330402","item_id":86}]