[{"address":"辽宁省","access_date":"2016-02-29 09:48:18","account":"v***7","quantity":1,"handle_status":8,"order_type":"2","areaid":"210703","item_id":62},{"address":"河北省","access_date":"2016-02-29 09:48:17","account":"知***8","quantity":1,"handle_status":8,"order_type":"2","areaid":"131181","item_id":62},{"address":"河北省","access_date":"2016-02-29 09:48:13","account":"y***2","quantity":1,"handle_status":8,"order_type":"2","areaid":"130926","item_id":62},{"address":"上海市","access_date":"2016-02-29 09:01:52","account":"k***7","quantity":1,"handle_status":8,"order_type":"2","areaid":"310108","item_id":62},{"address":"河北省","access_date":"2016-02-29 09:01:38","account":"q***i","quantity":1,"handle_status":8,"order_type":"2","areaid":"130903","item_id":62},{"address":"浙江省","access_date":"2016-02-29 09:01:35","account":"x***1","quantity":1,"handle_status":8,"order_type":"2","areaid":"330303","item_id":62},{"address":"辽宁省","access_date":"2016-02-29 09:01:21","account":"q***9","quantity":1,"handle_status":8,"order_type":"2","areaid":"210212","item_id":62},{"address":"广东省","access_date":"2016-02-29 09:01:01","account":"1***1","quantity":1,"handle_status":8,"order_type":"2","areaid":"441422","item_id":62},{"address":"黑龙江省","access_date":"2016-02-29 09:00:58","account":"h***1","quantity":1,"handle_status":8,"order_type":"2","areaid":"230404","item_id":62},{"address":"黑龙江省","access_date":"2016-02-29 09:00:57","account":"w***i","quantity":1,"handle_status":8,"order_type":"2","areaid":"230102","item_id":62},{"address":"北京市","access_date":"2016-02-29 09:00:56","account":"z***7","quantity":1,"handle_status":8,"order_type":"2","areaid":"110102","item_id":62},{"address":"北京市","access_date":"2016-02-29 09:00:53","account":"s***g","quantity":1,"handle_status":8,"order_type":"2","areaid":"110106","item_id":62},{"address":"山东省","access_date":"2016-02-29 09:00:48","account":"r***8","quantity":1,"handle_status":8,"order_type":"2","areaid":"370202","item_id":62},{"address":"广西壮族自治区","access_date":"2016-02-29 09:00:37","account":"对***角","quantity":1,"handle_status":8,"order_type":"2","areaid":"450107","item_id":62},{"address":"北京市","access_date":"2016-02-29 09:00:36","account":"l***g","quantity":1,"handle_status":8,"order_type":"2","areaid":"110108","item_id":62},{"address":"河南省","access_date":"2016-02-29 09:00:36","account":"l***c","quantity":1,"handle_status":8,"order_type":"2","areaid":"410105","item_id":62},{"address":"辽宁省","access_date":"2016-02-29 09:00:35","account":"p***4","quantity":1,"handle_status":8,"order_type":"2","areaid":"210711","item_id":62},{"address":"福建省","access_date":"2016-02-29 09:00:34","account":"施***抄","quantity":1,"handle_status":8,"order_type":"2","areaid":"350582","item_id":62},{"address":"山东省","access_date":"2016-02-29 09:00:32","account":"q***e","quantity":1,"handle_status":8,"order_type":"2","areaid":"370105","item_id":62},{"address":"上海市","access_date":"2016-02-29 09:00:28","account":"t***2","quantity":1,"handle_status":8,"order_type":"2","areaid":"310101","item_id":62},{"address":"辽宁省","access_date":"2016-02-29 09:00:22","account":"1***4","quantity":1,"handle_status":8,"order_type":"2","areaid":"210702","item_id":62},{"address":"北京市","access_date":"2016-02-29 09:00:22","account":"l***0","quantity":1,"handle_status":8,"order_type":"2","areaid":"110106","item_id":62},{"address":"北京市","access_date":"2016-02-29 09:00:22","account":"1***1","quantity":1,"handle_status":8,"order_type":"2","areaid":"110102","item_id":62},{"address":"河北省","access_date":"2016-02-29 09:00:20","account":"高***武","quantity":1,"handle_status":8,"order_type":"2","areaid":"130903","item_id":62},{"address":"北京市","access_date":"2016-02-29 09:00:14","account":"陌***心","quantity":1,"handle_status":8,"order_type":"2","areaid":"110102","item_id":62},{"address":"北京市","access_date":"2016-02-29 09:00:10","account":"h***7","quantity":1,"handle_status":8,"order_type":"2","areaid":"110102","item_id":62},{"address":"福建省","access_date":"2015-11-08 16:16:09","account":"l***1","quantity":1,"handle_status":8,"order_type":"2","areaid":"350203","item_id":62},{"address":"广东省","access_date":"2015-11-08 15:32:43","account":"1***4","quantity":1,"handle_status":8,"order_type":"2","areaid":"440605","item_id":62},{"address":"北京市","access_date":"2015-11-08 15:16:46","account":"Z***3","quantity":1,"handle_status":8,"order_type":"2","areaid":"110105","item_id":62},{"address":"天津市","access_date":"2015-11-08 14:27:16","account":"齐***志","quantity":1,"handle_status":8,"order_type":"2","areaid":"120104","item_id":62},{"address":"湖南省","access_date":"2015-11-08 14:20:57","account":"x***e","quantity":1,"handle_status":8,"order_type":"2","areaid":"430302","item_id":62},{"address":"河南省","access_date":"2015-11-08 09:16:23","account":"n***j","quantity":1,"handle_status":8,"order_type":"2","areaid":"411302","item_id":62},{"address":"山西省","access_date":"2015-11-08 01:34:32","account":"z***1","quantity":1,"handle_status":8,"order_type":"2","areaid":"140107","item_id":62},{"address":"浙江省","access_date":"2015-11-08 00:29:03","account":"n***z","quantity":2,"handle_status":8,"order_type":"2","areaid":"330105","item_id":62},{"address":"上海市","access_date":"2015-11-08 00:00:30","account":"h***2","quantity":1,"handle_status":8,"order_type":"2","areaid":"310107","item_id":62}]