[{"address":"北京市","access_date":"2015-08-19 16:43:42","account":"t***k","quantity":1,"handle_status":8,"order_type":"2","areaid":"110102","item_id":24},{"address":"北京市","access_date":"2015-08-19 16:29:09","account":"清***流","quantity":1,"handle_status":8,"order_type":"2","areaid":"110102","item_id":24},{"address":"北京市","access_date":"2015-08-19 16:26:58","account":"1***0","quantity":1,"handle_status":8,"order_type":"2","areaid":"110102","item_id":24},{"address":"北京市","access_date":"2015-08-19 16:25:48","account":"c***h","quantity":5,"handle_status":8,"order_type":"2","areaid":"110102","item_id":24},{"address":"北京市","access_date":"2015-08-19 16:24:21","account":"P***5","quantity":6,"handle_status":8,"order_type":"2","areaid":"110102","item_id":24},{"address":"北京市","access_date":"2015-08-19 15:52:14","account":"c***a","quantity":3,"handle_status":8,"order_type":"2","areaid":"110102","item_id":24},{"address":"北京市","access_date":"2015-08-19 15:47:42","account":"c***h","quantity":10,"handle_status":8,"order_type":"2","areaid":"110102","item_id":24},{"address":"北京市","access_date":"2015-08-19 15:45:46","account":"J***1","quantity":1,"handle_status":8,"order_type":"2","areaid":"110102","item_id":24},{"address":"北京市","access_date":"2015-08-19 15:00:24","account":"l***g","quantity":4,"handle_status":8,"order_type":"2","areaid":"110102","item_id":24},{"address":"北京市","access_date":"2015-08-19 14:49:43","account":"s***阳","quantity":1,"handle_status":8,"order_type":"2","areaid":"110102","item_id":24},{"address":"北京市","access_date":"2015-08-19 14:48:19","account":"D***m","quantity":5,"handle_status":8,"order_type":"2","areaid":"110102","item_id":24},{"address":"北京市","access_date":"2015-08-19 14:22:02","account":"s***6","quantity":1,"handle_status":8,"order_type":"2","areaid":"110102","item_id":24},{"address":"北京市","access_date":"2015-08-19 14:07:43","account":"z***n","quantity":1,"handle_status":8,"order_type":"2","areaid":"110102","item_id":24},{"address":"北京市","access_date":"2015-08-19 13:44:35","account":"Y***e","quantity":10,"handle_status":8,"order_type":"2","areaid":"110102","item_id":24}]