[{"address":"四川省","access_date":"2017-03-15 21:10:38","account":"书***生","quantity":1,"handle_status":8,"order_type":"2","areaid":"510107","item_id":161},{"address":"浙江省","access_date":"2017-03-15 20:24:01","account":"七***9","quantity":1,"handle_status":-6,"order_type":"2","areaid":"330109","item_id":161},{"address":"北京市","access_date":"2017-03-13 17:34:58","account":"g***i","quantity":1,"handle_status":8,"order_type":"2","areaid":"110105","item_id":161},{"address":"河南省","access_date":"2017-03-11 08:29:29","account":"l***i","quantity":1,"handle_status":8,"order_type":"2","areaid":"410205","item_id":161},{"address":"广西壮族自治区","access_date":"2017-03-10 23:22:59","account":"a***5","quantity":1,"handle_status":8,"order_type":"2","areaid":"450107","item_id":161},{"address":"江苏省","access_date":"2017-03-10 21:59:12","account":"云***风","quantity":1,"handle_status":8,"order_type":"2","areaid":"320302","item_id":161},{"address":"湖北省","access_date":"2017-03-10 20:27:43","account":"b***1","quantity":1,"handle_status":8,"order_type":"2","areaid":"420102","item_id":161},{"address":"江苏省","access_date":"2017-03-10 18:22:36","account":"1***6","quantity":1,"handle_status":-6,"order_type":"2","areaid":"320111","item_id":161},{"address":"湖南省","access_date":"2017-03-10 18:11:44","account":"1***2","quantity":1,"handle_status":8,"order_type":"2","areaid":"430103","item_id":161},{"address":"上海市","access_date":"2017-03-10 18:00:30","account":"1***8","quantity":1,"handle_status":8,"order_type":"2","areaid":"310114","item_id":161},{"address":"江苏省","access_date":"2017-03-10 17:35:57","account":"于***龙","quantity":1,"handle_status":-6,"order_type":"2","areaid":"320111","item_id":161},{"address":"湖南省","access_date":"2017-03-10 17:15:08","account":"q***g","quantity":1,"handle_status":8,"order_type":"2","areaid":"430111","item_id":161},{"address":"浙江省","access_date":"2017-03-10 17:09:20","account":"K***6","quantity":1,"handle_status":8,"order_type":"2","areaid":"330110","item_id":161},{"address":"北京市","access_date":"2017-03-10 16:59:08","account":"1***4","quantity":1,"handle_status":8,"order_type":"2","areaid":"110101","item_id":161},{"address":"江苏省","access_date":"2017-03-10 16:29:01","account":"浪***恒","quantity":1,"handle_status":8,"order_type":"2","areaid":"320506","item_id":161},{"address":"吉林省","access_date":"2017-03-10 16:28:25","account":"z***8","quantity":1,"handle_status":8,"order_type":"2","areaid":"220302","item_id":161},{"address":"浙江省","access_date":"2017-03-10 16:27:22","account":"z***5","quantity":1,"handle_status":8,"order_type":"2","areaid":"330483","item_id":161},{"address":"安徽省","access_date":"2017-03-10 16:25:01","account":"w***8","quantity":1,"handle_status":8,"order_type":"2","areaid":"340202","item_id":161},{"address":"河北省","access_date":"2017-03-10 16:24:43","account":"1***8","quantity":1,"handle_status":8,"order_type":"2","areaid":"130105","item_id":161},{"address":"辽宁省","access_date":"2017-03-10 16:24:39","account":"w***9","quantity":1,"handle_status":8,"order_type":"2","areaid":"210106","item_id":161},{"address":"江苏省","access_date":"2017-03-10 16:24:31","account":"李***浩","quantity":1,"handle_status":8,"order_type":"2","areaid":"320203","item_id":161},{"address":"浙江省","access_date":"2017-03-10 16:24:29","account":"j***n","quantity":1,"handle_status":8,"order_type":"2","areaid":"330421","item_id":161},{"address":"甘肃省","access_date":"2017-03-10 16:21:34","account":"s***1","quantity":1,"handle_status":8,"order_type":"2","areaid":"620702","item_id":161},{"address":"山东省","access_date":"2017-03-10 16:21:19","account":"s***8","quantity":1,"handle_status":8,"order_type":"2","areaid":"371602","item_id":161},{"address":"辽宁省","access_date":"2017-03-10 15:40:32","account":"1***9","quantity":1,"handle_status":8,"order_type":"2","areaid":"211005","item_id":161},{"address":"四川省","access_date":"2017-03-10 15:40:06","account":"d***1","quantity":1,"handle_status":8,"order_type":"2","areaid":"510108","item_id":161},{"address":"江苏省","access_date":"2017-03-10 15:39:46","account":"c***n","quantity":1,"handle_status":8,"order_type":"2","areaid":"320404","item_id":161},{"address":"上海市","access_date":"2017-03-10 15:39:42","account":"z***a","quantity":1,"handle_status":8,"order_type":"2","areaid":"310115","item_id":161},{"address":"江苏省","access_date":"2017-03-10 15:39:30","account":"l***2","quantity":1,"handle_status":8,"order_type":"2","areaid":"320501","item_id":161},{"address":"北京市","access_date":"2017-03-10 15:38:50","account":"1***9","quantity":1,"handle_status":8,"order_type":"2","areaid":"110108","item_id":161},{"address":"江苏省","access_date":"2017-03-10 15:38:41","account":"W***3","quantity":1,"handle_status":-4,"order_type":"2","areaid":"320402","item_id":161},{"address":"四川省","access_date":"2017-03-10 15:38:30","account":"l***2","quantity":1,"handle_status":8,"order_type":"2","areaid":"511303","item_id":161},{"address":"内蒙古自治区","access_date":"2017-03-10 15:38:10","account":"b***8","quantity":1,"handle_status":8,"order_type":"2","areaid":"150721","item_id":161},{"address":"辽宁省","access_date":"2017-03-10 15:37:26","account":"王***新","quantity":1,"handle_status":-6,"order_type":"2","areaid":"210602","item_id":161},{"address":"山东省","access_date":"2017-03-10 15:37:03","account":"l***7","quantity":1,"handle_status":8,"order_type":"2","areaid":"370103","item_id":161},{"address":"江苏省","access_date":"2017-03-10 15:36:57","account":"z***6","quantity":1,"handle_status":8,"order_type":"2","areaid":"320621","item_id":161},{"address":"浙江省","access_date":"2017-03-10 15:36:28","account":"M***n","quantity":1,"handle_status":8,"order_type":"2","areaid":"330103","item_id":161},{"address":"江苏省","access_date":"2017-03-10 15:34:36","account":"t***9","quantity":1,"handle_status":8,"order_type":"2","areaid":"321202","item_id":161},{"address":"北京市","access_date":"2017-03-10 15:34:33","account":"宋***熊","quantity":1,"handle_status":8,"order_type":"2","areaid":"110107","item_id":161},{"address":"河北省","access_date":"2017-03-10 15:34:23","account":"y***2","quantity":1,"handle_status":8,"order_type":"2","areaid":"130602","item_id":161},{"address":"江苏省","access_date":"2017-03-10 15:34:20","account":"z***u","quantity":1,"handle_status":8,"order_type":"2","areaid":"320602","item_id":161},{"address":"河北省","access_date":"2017-03-10 15:34:19","account":"g***1","quantity":1,"handle_status":8,"order_type":"2","areaid":"130403","item_id":161},{"address":"山东省","access_date":"2017-03-10 15:34:17","account":"利***y","quantity":1,"handle_status":8,"order_type":"2","areaid":"371082","item_id":161},{"address":"湖北省","access_date":"2017-03-10 15:34:05","account":"b***9","quantity":1,"handle_status":8,"order_type":"2","areaid":"420102","item_id":161},{"address":"北京市","access_date":"2017-03-10 15:31:02","account":"z***c","quantity":1,"handle_status":8,"order_type":"2","areaid":"110108","item_id":161},{"address":"山东省","access_date":"2017-03-10 15:17:28","account":"y***0","quantity":1,"handle_status":8,"order_type":"2","areaid":"370705","item_id":161},{"address":"山西省","access_date":"2017-03-10 15:15:54","account":"l***8","quantity":1,"handle_status":8,"order_type":"2","areaid":"140106","item_id":161},{"address":"福建省","access_date":"2017-03-10 14:40:36","account":"l***n","quantity":1,"handle_status":8,"order_type":"2","areaid":"350302","item_id":161},{"address":"浙江省","access_date":"2017-03-10 14:38:57","account":"z***4","quantity":1,"handle_status":8,"order_type":"2","areaid":"330381","item_id":161},{"address":"江苏省","access_date":"2017-03-10 14:34:33","account":"1***7","quantity":1,"handle_status":8,"order_type":"2","areaid":"320506","item_id":161},{"address":"江西省","access_date":"2017-03-10 14:07:04","account":"z***4","quantity":1,"handle_status":8,"order_type":"2","areaid":"360101","item_id":161},{"address":"山东省","access_date":"2017-03-10 14:07:01","account":"0***9","quantity":1,"handle_status":8,"order_type":"2","areaid":"370883","item_id":161},{"address":"江苏省","access_date":"2017-03-10 14:06:52","account":"g***n","quantity":1,"handle_status":8,"order_type":"2","areaid":"321003","item_id":161},{"address":"上海市","access_date":"2017-03-10 14:06:50","account":"p***8","quantity":1,"handle_status":8,"order_type":"2","areaid":"310108","item_id":161},{"address":"贵州省","access_date":"2017-03-10 14:06:45","account":"t***n","quantity":1,"handle_status":8,"order_type":"2","areaid":"520402","item_id":161},{"address":"重庆市","access_date":"2017-03-10 14:06:44","account":"w***n","quantity":1,"handle_status":8,"order_type":"2","areaid":"500103","item_id":161},{"address":"浙江省","access_date":"2017-03-10 14:06:41","account":"a***6","quantity":1,"handle_status":8,"order_type":"2","areaid":"330110","item_id":161},{"address":"四川省","access_date":"2017-03-10 14:06:40","account":"w***9","quantity":1,"handle_status":8,"order_type":"2","areaid":"510107","item_id":161},{"address":"上海市","access_date":"2017-03-10 14:06:30","account":"1***2","quantity":1,"handle_status":8,"order_type":"2","areaid":"310115","item_id":161},{"address":"福建省","access_date":"2017-03-10 14:06:28","account":"赖***传","quantity":1,"handle_status":8,"order_type":"2","areaid":"350881","item_id":161},{"address":"福建省","access_date":"2017-03-10 14:06:27","account":"1***8","quantity":1,"handle_status":8,"order_type":"2","areaid":"350481","item_id":161},{"address":"上海市","access_date":"2017-03-10 14:06:25","account":"z***a","quantity":1,"handle_status":8,"order_type":"2","areaid":"310101","item_id":161},{"address":"山西省","access_date":"2017-03-10 14:06:22","account":"n***t","quantity":1,"handle_status":8,"order_type":"2","areaid":"140107","item_id":161},{"address":"河北省","access_date":"2017-03-10 14:06:15","account":"l***Q","quantity":1,"handle_status":8,"order_type":"2","areaid":"130281","item_id":161},{"address":"江苏省","access_date":"2017-03-10 14:06:14","account":"y***5","quantity":1,"handle_status":8,"order_type":"2","areaid":"320509","item_id":161},{"address":"广东省","access_date":"2017-03-10 14:06:12","account":"岁***风","quantity":1,"handle_status":8,"order_type":"2","areaid":"440304","item_id":161},{"address":"浙江省","access_date":"2017-03-10 14:06:07","account":"j***x","quantity":1,"handle_status":8,"order_type":"2","areaid":"330483","item_id":161},{"address":"上海市","access_date":"2017-03-10 14:06:07","account":"巨***2","quantity":1,"handle_status":8,"order_type":"2","areaid":"310115","item_id":161},{"address":"广西壮族自治区","access_date":"2017-03-10 14:06:05","account":"c***b","quantity":1,"handle_status":8,"order_type":"2","areaid":"450225","item_id":161},{"address":"江苏省","access_date":"2017-03-10 14:06:05","account":"1***0","quantity":1,"handle_status":8,"order_type":"2","areaid":"320508","item_id":161},{"address":"江西省","access_date":"2017-03-10 14:06:04","account":"1***6","quantity":1,"handle_status":8,"order_type":"2","areaid":"361124","item_id":161},{"address":"浙江省","access_date":"2017-03-10 14:05:57","account":"抓***力","quantity":1,"handle_status":8,"order_type":"2","areaid":"331002","item_id":161},{"address":"北京市","access_date":"2017-03-10 14:05:54","account":"c***4","quantity":1,"handle_status":8,"order_type":"2","areaid":"110105","item_id":161},{"address":"吉林省","access_date":"2017-03-10 14:05:50","account":"1***8","quantity":1,"handle_status":8,"order_type":"2","areaid":"220702","item_id":161},{"address":"山东省","access_date":"2017-03-10 14:05:48","account":"k***n","quantity":1,"handle_status":8,"order_type":"2","areaid":"370681","item_id":161},{"address":"湖北省","access_date":"2017-03-10 14:05:45","account":"z***5","quantity":1,"handle_status":8,"order_type":"2","areaid":"420107","item_id":161},{"address":"上海市","access_date":"2017-03-10 14:05:44","account":"g***2","quantity":1,"handle_status":8,"order_type":"2","areaid":"310107","item_id":161},{"address":"重庆市","access_date":"2017-03-10 14:05:38","account":"海***2","quantity":1,"handle_status":-4,"order_type":"2","areaid":"500112","item_id":161},{"address":"上海市","access_date":"2017-03-10 14:05:30","account":"今***冷","quantity":1,"handle_status":8,"order_type":"2","areaid":"310112","item_id":161},{"address":"甘肃省","access_date":"2017-03-10 14:05:30","account":"李***龙","quantity":1,"handle_status":8,"order_type":"2","areaid":"621002","item_id":161},{"address":"浙江省","access_date":"2017-03-10 14:05:26","account":"w***j","quantity":1,"handle_status":8,"order_type":"2","areaid":"330203","item_id":161},{"address":"广东省","access_date":"2017-03-10 14:05:22","account":"W***8","quantity":1,"handle_status":8,"order_type":"2","areaid":"440114","item_id":161},{"address":"广西壮族自治区","access_date":"2017-03-10 14:05:19","account":"h***r","quantity":1,"handle_status":8,"order_type":"2","areaid":"450304","item_id":161},{"address":"北京市","access_date":"2017-03-10 14:05:13","account":"l***8","quantity":1,"handle_status":8,"order_type":"2","areaid":"110105","item_id":161},{"address":"山东省","access_date":"2017-03-10 14:05:12","account":"l***1","quantity":1,"handle_status":8,"order_type":"2","areaid":"370502","item_id":161},{"address":"福建省","access_date":"2017-03-10 14:05:10","account":"l***5","quantity":1,"handle_status":8,"order_type":"2","areaid":"350802","item_id":161},{"address":"广东省","access_date":"2017-03-10 14:05:03","account":"a***9","quantity":1,"handle_status":8,"order_type":"2","areaid":"ff8080814cd0d0f4014cd571e2a50002","item_id":161},{"address":"四川省","access_date":"2017-03-10 14:04:52","account":"s***n","quantity":1,"handle_status":8,"order_type":"2","areaid":"510107","item_id":161},{"address":"天津市","access_date":"2017-03-10 14:04:45","account":"齐***志","quantity":1,"handle_status":8,"order_type":"2","areaid":"120104","item_id":161},{"address":"广东省","access_date":"2017-03-10 14:04:42","account":"1***9","quantity":1,"handle_status":8,"order_type":"2","areaid":"ff8080814cd0d0f4014cd571e2a50002","item_id":161},{"address":"河南省","access_date":"2017-03-10 14:04:39","account":"1***7","quantity":1,"handle_status":8,"order_type":"2","areaid":"410305","item_id":161},{"address":"广东省","access_date":"2017-03-10 14:04:31","account":"x***5","quantity":1,"handle_status":8,"order_type":"2","areaid":"440115","item_id":161},{"address":"江苏省","access_date":"2017-03-10 14:04:21","account":"1***5","quantity":1,"handle_status":8,"order_type":"2","areaid":"320104","item_id":161},{"address":"上海市","access_date":"2017-03-10 14:04:20","account":"s***3","quantity":1,"handle_status":8,"order_type":"2","areaid":"310116","item_id":161},{"address":"江苏省","access_date":"2017-03-10 14:04:17","account":"s***n","quantity":1,"handle_status":8,"order_type":"2","areaid":"320506","item_id":161},{"address":"广东省","access_date":"2017-03-10 14:04:16","account":"1***1","quantity":1,"handle_status":8,"order_type":"2","areaid":"ff8080814cd0d0f4014cd571e2a50002","item_id":161},{"address":"山西省","access_date":"2017-03-10 14:04:13","account":"c***1","quantity":1,"handle_status":8,"order_type":"2","areaid":"140202","item_id":161},{"address":"天津市","access_date":"2017-03-10 14:04:13","account":"w***q","quantity":1,"handle_status":-6,"order_type":"2","areaid":"120111","item_id":161},{"address":"天津市","access_date":"2017-03-10 14:04:12","account":"j***y","quantity":1,"handle_status":8,"order_type":"2","areaid":"120103","item_id":161},{"address":"浙江省","access_date":"2017-03-10 14:04:11","account":"x***5","quantity":1,"handle_status":8,"order_type":"2","areaid":"330302","item_id":161},{"address":"浙江省","access_date":"2017-03-10 14:04:10","account":"h***j","quantity":1,"handle_status":8,"order_type":"2","areaid":"330281","item_id":161},{"address":"安徽省","access_date":"2017-03-10 14:04:10","account":"y***r","quantity":1,"handle_status":8,"order_type":"2","areaid":"340111","item_id":161},{"address":"河南省","access_date":"2017-03-10 14:04:07","account":"1***6","quantity":1,"handle_status":8,"order_type":"2","areaid":"410403","item_id":161},{"address":"浙江省","access_date":"2017-03-10 14:04:07","account":"1***8","quantity":1,"handle_status":8,"order_type":"2","areaid":"331004","item_id":161},{"address":"北京市","access_date":"2017-03-10 14:04:02","account":"z***4","quantity":1,"handle_status":8,"order_type":"2","areaid":"110112","item_id":161},{"address":"上海市","access_date":"2017-03-10 14:04:01","account":"r***1","quantity":1,"handle_status":8,"order_type":"2","areaid":"310104","item_id":161},{"address":"浙江省","access_date":"2017-03-10 14:04:00","account":"z***3","quantity":1,"handle_status":8,"order_type":"2","areaid":"330324","item_id":161},{"address":"河北省","access_date":"2017-03-10 14:03:52","account":"t***i","quantity":1,"handle_status":8,"order_type":"2","areaid":"130108","item_id":161},{"address":"广东省","access_date":"2017-03-10 14:03:52","account":"l***1","quantity":1,"handle_status":8,"order_type":"2","areaid":"440306","item_id":161},{"address":"北京市","access_date":"2017-03-10 14:03:51","account":"1***1","quantity":1,"handle_status":8,"order_type":"2","areaid":"110108","item_id":161},{"address":"内蒙古自治区","access_date":"2017-03-10 14:03:48","account":"s***0","quantity":1,"handle_status":8,"order_type":"2","areaid":"150203","item_id":161},{"address":"新疆维吾尔自治区","access_date":"2017-03-10 14:03:45","account":"z***9","quantity":1,"handle_status":8,"order_type":"2","areaid":"652201","item_id":161},{"address":"安徽省","access_date":"2017-03-10 14:03:44","account":"l***8","quantity":1,"handle_status":8,"order_type":"2","areaid":"340302","item_id":161},{"address":"甘肃省","access_date":"2017-03-10 14:03:35","account":"张***梅","quantity":1,"handle_status":8,"order_type":"2","areaid":"620802","item_id":161},{"address":"辽宁省","access_date":"2017-03-10 14:03:27","account":"杨***瑞","quantity":1,"handle_status":8,"order_type":"2","areaid":"210211","item_id":161},{"address":"辽宁省","access_date":"2017-03-10 14:03:27","account":"张***g","quantity":1,"handle_status":8,"order_type":"2","areaid":"211224","item_id":161},{"address":"广东省","access_date":"2017-03-10 14:03:24","account":"k***s","quantity":1,"handle_status":8,"order_type":"2","areaid":"440304","item_id":161},{"address":"湖南省","access_date":"2017-03-10 14:03:19","account":"l***0","quantity":1,"handle_status":8,"order_type":"2","areaid":"430104","item_id":161},{"address":"浙江省","access_date":"2017-03-10 14:03:12","account":"陈***庆","quantity":1,"handle_status":8,"order_type":"2","areaid":"331102","item_id":161},{"address":"安徽省","access_date":"2017-03-10 14:03:08","account":"晶***域","quantity":1,"handle_status":8,"order_type":"2","areaid":"340181","item_id":161},{"address":"北京市","access_date":"2017-03-10 14:03:01","account":"s***1","quantity":1,"handle_status":8,"order_type":"2","areaid":"110108","item_id":161},{"address":"广东省","access_date":"2017-03-10 14:02:54","account":"f***h","quantity":1,"handle_status":8,"order_type":"2","areaid":"440304","item_id":161},{"address":"陕西省","access_date":"2017-03-10 14:02:53","account":"1***1","quantity":1,"handle_status":8,"order_type":"2","areaid":"610116","item_id":161},{"address":"江苏省","access_date":"2017-03-10 14:02:49","account":"蔡***远","quantity":1,"handle_status":8,"order_type":"2","areaid":"320903","item_id":161},{"address":"山东省","access_date":"2017-03-10 14:02:44","account":"j***0","quantity":1,"handle_status":8,"order_type":"2","areaid":"371311","item_id":161},{"address":"山东省","access_date":"2017-03-10 14:02:43","account":"j***y","quantity":1,"handle_status":8,"order_type":"2","areaid":"371721","item_id":161},{"address":"上海市","access_date":"2017-03-10 14:02:36","account":"b***n","quantity":1,"handle_status":8,"order_type":"2","areaid":"310101","item_id":161},{"address":"河南省","access_date":"2017-03-10 14:02:32","account":"l***c","quantity":1,"handle_status":8,"order_type":"2","areaid":"410105","item_id":161},{"address":"内蒙古自治区","access_date":"2017-03-10 14:02:27","account":"l***3","quantity":1,"handle_status":8,"order_type":"2","areaid":"150104","item_id":161},{"address":"四川省","access_date":"2017-03-10 14:02:26","account":"大***B","quantity":1,"handle_status":8,"order_type":"2","areaid":"510122","item_id":161},{"address":"上海市","access_date":"2017-03-10 14:02:24","account":"h***u","quantity":1,"handle_status":8,"order_type":"2","areaid":"310107","item_id":161},{"address":"江苏省","access_date":"2017-03-10 14:02:23","account":"j***n","quantity":1,"handle_status":8,"order_type":"2","areaid":"320506","item_id":161},{"address":"北京市","access_date":"2017-03-10 14:02:18","account":"h***g","quantity":1,"handle_status":8,"order_type":"2","areaid":"110113","item_id":161},{"address":"上海市","access_date":"2017-03-10 14:02:18","account":"1***1","quantity":1,"handle_status":8,"order_type":"2","areaid":"310116","item_id":161},{"address":"山西省","access_date":"2017-03-10 14:02:11","account":"一***梦","quantity":1,"handle_status":8,"order_type":"2","areaid":"140202","item_id":161},{"address":"江苏省","access_date":"2017-03-10 14:02:10","account":"1***6","quantity":1,"handle_status":8,"order_type":"2","areaid":"320104","item_id":161},{"address":"辽宁省","access_date":"2017-03-10 14:02:10","account":"y***g","quantity":1,"handle_status":-6,"order_type":"2","areaid":"210201","item_id":161},{"address":"上海市","access_date":"2017-03-10 14:02:04","account":"x***5","quantity":1,"handle_status":8,"order_type":"2","areaid":"310116","item_id":161},{"address":"北京市","access_date":"2017-03-10 14:02:01","account":"g***4","quantity":1,"handle_status":8,"order_type":"2","areaid":"110105","item_id":161},{"address":"上海市","access_date":"2017-03-10 14:01:54","account":"l***4","quantity":1,"handle_status":-6,"order_type":"2","areaid":"310113","item_id":161},{"address":"广东省","access_date":"2017-03-10 14:01:53","account":"0***9","quantity":1,"handle_status":8,"order_type":"2","areaid":"440106","item_id":161},{"address":"北京市","access_date":"2017-03-10 14:01:51","account":"s***p","quantity":1,"handle_status":8,"order_type":"2","areaid":"110105","item_id":161},{"address":"黑龙江省","access_date":"2017-03-10 14:01:49","account":"1***8","quantity":1,"handle_status":-6,"order_type":"2","areaid":"230202","item_id":161},{"address":"河北省","access_date":"2017-03-10 14:01:47","account":"1***2","quantity":1,"handle_status":8,"order_type":"2","areaid":"130903","item_id":161},{"address":"北京市","access_date":"2017-03-10 14:01:46","account":"1***2","quantity":1,"handle_status":8,"order_type":"2","areaid":"110102","item_id":161},{"address":"江苏省","access_date":"2017-03-10 14:01:39","account":"w***4","quantity":1,"handle_status":8,"order_type":"2","areaid":"320705","item_id":161},{"address":"重庆市","access_date":"2017-03-10 14:01:34","account":"9***6","quantity":1,"handle_status":8,"order_type":"2","areaid":"500102","item_id":161},{"address":"北京市","access_date":"2017-03-10 14:01:33","account":"c***4","quantity":1,"handle_status":8,"order_type":"2","areaid":"110106","item_id":161},{"address":"江苏省","access_date":"2017-03-10 14:01:30","account":"c***8","quantity":1,"handle_status":8,"order_type":"2","areaid":"320281","item_id":161},{"address":"山东省","access_date":"2017-03-10 14:01:28","account":"h***7","quantity":1,"handle_status":8,"order_type":"2","areaid":"370883","item_id":161},{"address":"上海市","access_date":"2017-03-10 14:01:16","account":"z***h","quantity":1,"handle_status":8,"order_type":"2","areaid":"310109","item_id":161},{"address":"上海市","access_date":"2017-03-10 14:01:13","account":"s***8","quantity":1,"handle_status":8,"order_type":"2","areaid":"310120","item_id":161},{"address":"山西省","access_date":"2017-03-10 14:01:11","account":"Y***I","quantity":1,"handle_status":8,"order_type":"2","areaid":"140202","item_id":161},{"address":"江苏省","access_date":"2017-03-10 14:01:11","account":"流***南","quantity":1,"handle_status":8,"order_type":"2","areaid":"320106","item_id":161},{"address":"安徽省","access_date":"2017-03-10 14:01:09","account":"狂***8","quantity":1,"handle_status":8,"order_type":"2","areaid":"341723","item_id":161},{"address":"北京市","access_date":"2017-03-10 14:00:59","account":"1***6","quantity":1,"handle_status":8,"order_type":"2","areaid":"110108","item_id":161},{"address":"辽宁省","access_date":"2017-03-10 14:00:55","account":"d***o","quantity":1,"handle_status":8,"order_type":"2","areaid":"210102","item_id":161},{"address":"湖南省","access_date":"2017-03-10 14:00:53","account":"1***0","quantity":1,"handle_status":8,"order_type":"2","areaid":"430111","item_id":161}]