[{"address":"上海市","access_date":"2017-01-19 16:59:49","account":"1***5","quantity":1,"handle_status":8,"order_type":"2","areaid":"310110","item_id":133},{"address":"湖南省","access_date":"2016-12-11 13:19:21","account":"z***1","quantity":1,"handle_status":8,"order_type":"2","areaid":"430405","item_id":133},{"address":"北京市","access_date":"2016-12-11 12:35:32","account":"c***8","quantity":1,"handle_status":8,"order_type":"2","areaid":"110115","item_id":133},{"address":"浙江省","access_date":"2016-12-11 12:34:03","account":"h***e","quantity":1,"handle_status":8,"order_type":"2","areaid":"330784","item_id":133},{"address":"河北省","access_date":"2016-12-11 12:30:30","account":"刘***涛","quantity":1,"handle_status":8,"order_type":"2","areaid":"130602","item_id":133},{"address":"四川省","access_date":"2016-12-09 15:36:16","account":"Z***6","quantity":1,"handle_status":8,"order_type":"2","areaid":"510108","item_id":133},{"address":"辽宁省","access_date":"2016-12-09 15:36:15","account":"y***8","quantity":1,"handle_status":-6,"order_type":"2","areaid":"210106","item_id":133},{"address":"辽宁省","access_date":"2016-12-09 14:48:51","account":"z***8","quantity":1,"handle_status":-6,"order_type":"2","areaid":"210106","item_id":133},{"address":"山东省","access_date":"2016-12-09 14:48:47","account":"1***0","quantity":1,"handle_status":8,"order_type":"2","areaid":"370213","item_id":133},{"address":"内蒙古自治区","access_date":"2016-12-09 14:48:29","account":"b***d","quantity":1,"handle_status":8,"order_type":"2","areaid":"150207","item_id":133},{"address":"浙江省","access_date":"2016-12-09 14:48:27","account":"汤***荣","quantity":1,"handle_status":8,"order_type":"2","areaid":"330328","item_id":133},{"address":"上海市","access_date":"2016-12-09 14:48:25","account":"g***n","quantity":1,"handle_status":8,"order_type":"2","areaid":"310104","item_id":133},{"address":"山东省","access_date":"2016-12-09 14:48:17","account":"z***8","quantity":1,"handle_status":8,"order_type":"2","areaid":"371402","item_id":133},{"address":"浙江省","access_date":"2016-12-09 14:48:10","account":"g***8","quantity":1,"handle_status":8,"order_type":"2","areaid":"330782","item_id":133},{"address":"北京市","access_date":"2016-12-09 14:40:31","account":"h***h","quantity":1,"handle_status":8,"order_type":"2","areaid":"110105","item_id":133},{"address":"甘肃省","access_date":"2016-12-09 14:15:51","account":"1***9","quantity":1,"handle_status":8,"order_type":"2","areaid":"620102","item_id":133},{"address":"浙江省","access_date":"2016-12-09 14:02:32","account":"黄***剑","quantity":1,"handle_status":8,"order_type":"2","areaid":"330402","item_id":133},{"address":"辽宁省","access_date":"2016-12-09 14:02:27","account":"x***8","quantity":1,"handle_status":-6,"order_type":"2","areaid":"210106","item_id":133},{"address":"辽宁省","access_date":"2016-12-09 14:02:26","account":"i***3","quantity":1,"handle_status":8,"order_type":"2","areaid":"210711","item_id":133},{"address":"四川省","access_date":"2016-12-09 14:02:26","account":"a***5","quantity":1,"handle_status":8,"order_type":"2","areaid":"513224","item_id":133},{"address":"北京市","access_date":"2016-12-09 14:02:25","account":"z***c","quantity":1,"handle_status":8,"order_type":"2","areaid":"110108","item_id":133},{"address":"江苏省","access_date":"2016-12-09 14:02:23","account":"1***8","quantity":1,"handle_status":8,"order_type":"2","areaid":"320506","item_id":133},{"address":"云南省","access_date":"2016-12-09 14:02:13","account":"h***m","quantity":1,"handle_status":-6,"order_type":"2","areaid":"532930","item_id":133},{"address":"上海市","access_date":"2016-12-09 14:02:09","account":"1***0","quantity":1,"handle_status":8,"order_type":"2","areaid":"310107","item_id":133},{"address":"江苏省","access_date":"2016-12-09 14:02:08","account":"1***7","quantity":1,"handle_status":8,"order_type":"2","areaid":"320211","item_id":133},{"address":"云南省","access_date":"2016-12-09 14:02:04","account":"y***n","quantity":1,"handle_status":8,"order_type":"2","areaid":"533123","item_id":133},{"address":"上海市","access_date":"2016-12-09 14:02:01","account":"1***3","quantity":1,"handle_status":8,"order_type":"2","areaid":"310107","item_id":133},{"address":"北京市","access_date":"2016-12-09 14:02:00","account":"l***g","quantity":1,"handle_status":8,"order_type":"2","areaid":"110102","item_id":133},{"address":"四川省","access_date":"2016-12-09 14:01:59","account":"小***蜓","quantity":1,"handle_status":8,"order_type":"2","areaid":"510107","item_id":133},{"address":"上海市","access_date":"2016-12-09 14:01:58","account":"m***i","quantity":1,"handle_status":8,"order_type":"2","areaid":"310115","item_id":133},{"address":"上海市","access_date":"2016-12-09 14:01:56","account":"s***e","quantity":1,"handle_status":8,"order_type":"2","areaid":"310115","item_id":133},{"address":"上海市","access_date":"2016-12-09 14:01:56","account":"h***f","quantity":1,"handle_status":8,"order_type":"2","areaid":"310112","item_id":133},{"address":"辽宁省","access_date":"2016-12-09 14:01:54","account":"彩***0","quantity":1,"handle_status":8,"order_type":"2","areaid":"210803","item_id":133},{"address":"江苏省","access_date":"2016-12-09 14:01:53","account":"j***o","quantity":1,"handle_status":8,"order_type":"2","areaid":"320282","item_id":133},{"address":"广东省","access_date":"2016-12-09 14:01:50","account":"h***0","quantity":1,"handle_status":8,"order_type":"2","areaid":"440306","item_id":133},{"address":"上海市","access_date":"2016-12-09 14:01:49","account":"u***a","quantity":1,"handle_status":8,"order_type":"2","areaid":"310112","item_id":133},{"address":"辽宁省","access_date":"2016-12-09 14:01:47","account":"s***3","quantity":1,"handle_status":8,"order_type":"2","areaid":"210114","item_id":133},{"address":"河北省","access_date":"2016-12-09 14:01:47","account":"1***6","quantity":1,"handle_status":8,"order_type":"2","areaid":"130681","item_id":133},{"address":"上海市","access_date":"2016-12-09 14:01:46","account":"j***8","quantity":1,"handle_status":8,"order_type":"2","areaid":"310112","item_id":133},{"address":"山东省","access_date":"2016-12-09 14:01:40","account":"e***8","quantity":1,"handle_status":8,"order_type":"2","areaid":"370202","item_id":133},{"address":"江苏省","access_date":"2016-12-09 14:01:38","account":"j***l","quantity":1,"handle_status":8,"order_type":"2","areaid":"320481","item_id":133},{"address":"浙江省","access_date":"2016-12-09 14:01:34","account":"大***菜","quantity":1,"handle_status":8,"order_type":"2","areaid":"330502","item_id":133},{"address":"浙江省","access_date":"2016-12-09 14:01:33","account":"9***9","quantity":1,"handle_status":8,"order_type":"2","areaid":"330382","item_id":133},{"address":"新疆维吾尔自治区","access_date":"2016-12-09 14:01:31","account":"牧***翁","quantity":1,"handle_status":8,"order_type":"2","areaid":"650105","item_id":133},{"address":"天津市","access_date":"2016-12-09 14:01:30","account":"s***y","quantity":1,"handle_status":8,"order_type":"2","areaid":"120113","item_id":133},{"address":"辽宁省","access_date":"2016-12-09 14:01:29","account":"星***草","quantity":1,"handle_status":8,"order_type":"2","areaid":"210112","item_id":133},{"address":"上海市","access_date":"2016-12-09 14:01:27","account":"c***j","quantity":1,"handle_status":8,"order_type":"2","areaid":"310105","item_id":133},{"address":"山东省","access_date":"2016-12-09 14:01:25","account":"雪***n","quantity":1,"handle_status":8,"order_type":"2","areaid":"370687","item_id":133},{"address":"河南省","access_date":"2016-12-09 14:01:24","account":"b***y","quantity":1,"handle_status":8,"order_type":"2","areaid":"411724","item_id":133},{"address":"北京市","access_date":"2016-12-09 14:01:22","account":"l***l","quantity":1,"handle_status":8,"order_type":"2","areaid":"110102","item_id":133},{"address":"上海市","access_date":"2016-12-09 14:01:20","account":"l***4","quantity":1,"handle_status":8,"order_type":"2","areaid":"310104","item_id":133},{"address":"北京市","access_date":"2016-12-09 14:01:19","account":"j***5","quantity":1,"handle_status":8,"order_type":"2","areaid":"110102","item_id":133},{"address":"四川省","access_date":"2016-12-09 14:01:16","account":"w***5","quantity":1,"handle_status":8,"order_type":"2","areaid":"513433","item_id":133},{"address":"上海市","access_date":"2016-12-09 14:01:16","account":"W***5","quantity":1,"handle_status":8,"order_type":"2","areaid":"310108","item_id":133},{"address":"山东省","access_date":"2016-12-09 14:01:13","account":"1***8","quantity":1,"handle_status":8,"order_type":"2","areaid":"370781","item_id":133},{"address":"江苏省","access_date":"2016-12-09 14:01:12","account":"f***6","quantity":1,"handle_status":8,"order_type":"2","areaid":"321012","item_id":133},{"address":"上海市","access_date":"2016-12-09 14:01:10","account":"y***6","quantity":1,"handle_status":8,"order_type":"2","areaid":"310117","item_id":133},{"address":"山东省","access_date":"2016-12-09 14:01:10","account":"L***9","quantity":1,"handle_status":8,"order_type":"2","areaid":"371312","item_id":133},{"address":"北京市","access_date":"2016-12-09 14:01:08","account":"h***g","quantity":1,"handle_status":8,"order_type":"2","areaid":"110101","item_id":133},{"address":"上海市","access_date":"2016-12-09 14:01:08","account":"j***0","quantity":1,"handle_status":8,"order_type":"2","areaid":"310112","item_id":133},{"address":"浙江省","access_date":"2016-12-09 14:01:06","account":"z***l","quantity":1,"handle_status":8,"order_type":"2","areaid":"330182","item_id":133},{"address":"湖南省","access_date":"2016-12-09 14:01:03","account":"w***n","quantity":1,"handle_status":8,"order_type":"2","areaid":"430121","item_id":133},{"address":"浙江省","access_date":"2016-12-09 14:00:59","account":"1***8","quantity":1,"handle_status":8,"order_type":"2","areaid":"330204","item_id":133},{"address":"辽宁省","access_date":"2016-12-09 14:00:58","account":"x***8","quantity":1,"handle_status":-6,"order_type":"2","areaid":"210106","item_id":133},{"address":"福建省","access_date":"2016-12-09 14:00:58","account":"1***9","quantity":1,"handle_status":8,"order_type":"2","areaid":"350521","item_id":133},{"address":"浙江省","access_date":"2016-12-09 14:00:57","account":"黄***燚","quantity":1,"handle_status":8,"order_type":"2","areaid":"330402","item_id":133},{"address":"湖北省","access_date":"2016-12-09 14:00:56","account":"o***2","quantity":1,"handle_status":8,"order_type":"2","areaid":"420984","item_id":133},{"address":"安徽省","access_date":"2016-12-09 14:00:55","account":"f***e","quantity":1,"handle_status":8,"order_type":"2","areaid":"340104","item_id":133},{"address":"黑龙江省","access_date":"2016-12-09 14:00:51","account":"1***9","quantity":1,"handle_status":8,"order_type":"2","areaid":"230110","item_id":133},{"address":"上海市","access_date":"2016-12-09 14:00:50","account":"1***0","quantity":1,"handle_status":8,"order_type":"2","areaid":"310115","item_id":133},{"address":"浙江省","access_date":"2016-12-09 14:00:50","account":"1***3","quantity":1,"handle_status":8,"order_type":"2","areaid":"330204","item_id":133},{"address":"河南省","access_date":"2016-12-09 14:00:49","account":"l***8","quantity":1,"handle_status":8,"order_type":"2","areaid":"411526","item_id":133},{"address":"上海市","access_date":"2016-12-09 14:00:48","account":"1***5","quantity":1,"handle_status":8,"order_type":"2","areaid":"310107","item_id":133},{"address":"浙江省","access_date":"2016-12-09 14:00:48","account":"s***8","quantity":1,"handle_status":8,"order_type":"2","areaid":"330303","item_id":133},{"address":"江苏省","access_date":"2016-12-09 14:00:46","account":"1***8","quantity":1,"handle_status":8,"order_type":"2","areaid":"320381","item_id":133},{"address":"安徽省","access_date":"2016-12-09 14:00:42","account":"s***o","quantity":1,"handle_status":8,"order_type":"2","areaid":"340504","item_id":133},{"address":"广西壮族自治区","access_date":"2016-12-09 14:00:42","account":"h***r","quantity":1,"handle_status":8,"order_type":"2","areaid":"450304","item_id":133},{"address":"湖南省","access_date":"2016-12-09 14:00:42","account":"x***r","quantity":1,"handle_status":8,"order_type":"2","areaid":"430102","item_id":133},{"address":"江苏省","access_date":"2016-12-09 14:00:41","account":"戴***祝","quantity":1,"handle_status":8,"order_type":"2","areaid":"320506","item_id":133},{"address":"北京市","access_date":"2016-12-09 14:00:40","account":"z***y","quantity":1,"handle_status":8,"order_type":"2","areaid":"110108","item_id":133},{"address":"浙江省","access_date":"2016-12-09 14:00:39","account":"a***8","quantity":1,"handle_status":8,"order_type":"2","areaid":"330602","item_id":133},{"address":"河南省","access_date":"2016-12-09 14:00:39","account":"c***q","quantity":1,"handle_status":8,"order_type":"2","areaid":"410305","item_id":133},{"address":"福建省","access_date":"2016-12-09 14:00:39","account":"1***8","quantity":1,"handle_status":8,"order_type":"2","areaid":"350481","item_id":133},{"address":"山西省","access_date":"2016-12-09 14:00:39","account":"w***n","quantity":1,"handle_status":8,"order_type":"2","areaid":"140203","item_id":133},{"address":"河南省","access_date":"2016-12-09 14:00:38","account":"d***e","quantity":1,"handle_status":8,"order_type":"2","areaid":"410211","item_id":133},{"address":"山东省","access_date":"2016-12-09 14:00:37","account":"水***鱼","quantity":1,"handle_status":8,"order_type":"2","areaid":"370211","item_id":133},{"address":"江苏省","access_date":"2016-12-09 14:00:37","account":"1***9","quantity":1,"handle_status":8,"order_type":"2","areaid":"320506","item_id":133},{"address":"浙江省","access_date":"2016-12-09 14:00:34","account":"l***0","quantity":1,"handle_status":8,"order_type":"2","areaid":"330782","item_id":133},{"address":"河南省","access_date":"2016-12-09 14:00:34","account":"l***5","quantity":1,"handle_status":8,"order_type":"2","areaid":"410711","item_id":133},{"address":"浙江省","access_date":"2016-12-09 14:00:32","account":"l***o","quantity":1,"handle_status":8,"order_type":"2","areaid":"330204","item_id":133},{"address":"四川省","access_date":"2016-12-09 14:00:31","account":"红***梦","quantity":1,"handle_status":8,"order_type":"2","areaid":"510107","item_id":133},{"address":"浙江省","access_date":"2016-12-09 14:00:30","account":"y***s","quantity":1,"handle_status":8,"order_type":"2","areaid":"330602","item_id":133},{"address":"四川省","access_date":"2016-12-09 14:00:29","account":"雪***翔","quantity":1,"handle_status":8,"order_type":"2","areaid":"510107","item_id":133},{"address":"四川省","access_date":"2016-12-09 14:00:27","account":"f***d","quantity":1,"handle_status":8,"order_type":"2","areaid":"510106","item_id":133},{"address":"上海市","access_date":"2016-12-09 14:00:27","account":"l***4","quantity":1,"handle_status":8,"order_type":"2","areaid":"310104","item_id":133},{"address":"甘肃省","access_date":"2016-12-09 14:00:25","account":"w***o","quantity":1,"handle_status":8,"order_type":"2","areaid":"620102","item_id":133},{"address":"上海市","access_date":"2016-12-09 14:00:25","account":"1***5","quantity":1,"handle_status":8,"order_type":"2","areaid":"310107","item_id":133},{"address":"辽宁省","access_date":"2016-12-09 14:00:22","account":"x***8","quantity":1,"handle_status":8,"order_type":"2","areaid":"210411","item_id":133},{"address":"江苏省","access_date":"2016-12-09 14:00:22","account":"天***0","quantity":1,"handle_status":8,"order_type":"2","areaid":"320381","item_id":133},{"address":"北京市","access_date":"2016-12-09 14:00:20","account":"1***2","quantity":1,"handle_status":8,"order_type":"2","areaid":"110102","item_id":133},{"address":"浙江省","access_date":"2016-12-06 11:52:06","account":"蓝***8","quantity":1,"handle_status":8,"order_type":"53","areaid":"330185","item_id":133},{"address":"广东省","access_date":"2016-12-06 11:52:06","account":"叶***8","quantity":1,"handle_status":8,"order_type":"53","areaid":"ff8080814cd0d0f4014cd571e2a50002","item_id":133},{"address":"湖北省","access_date":"2016-12-06 11:52:06","account":"z***i","quantity":1,"handle_status":8,"order_type":"53","areaid":"420105","item_id":133},{"address":"上海市","access_date":"2016-12-06 11:52:06","account":"z***6","quantity":1,"handle_status":8,"order_type":"53","areaid":"310110","item_id":133},{"address":"江西省","access_date":"2016-12-06 11:52:06","account":"八***人","quantity":1,"handle_status":8,"order_type":"53","areaid":"360902","item_id":133},{"address":"吉林省","access_date":"2016-12-06 11:52:06","account":"l***i","quantity":1,"handle_status":8,"order_type":"53","areaid":"220282","item_id":133},{"address":"河南省","access_date":"2016-12-06 11:52:06","account":"s***4","quantity":1,"handle_status":8,"order_type":"53","areaid":"411624","item_id":133},{"address":"山东省","access_date":"2016-12-06 11:52:06","account":"刘***云","quantity":1,"handle_status":8,"order_type":"53","areaid":"370202","item_id":133},{"address":"北京市","access_date":"2016-12-06 11:52:06","account":"w***8","quantity":1,"handle_status":8,"order_type":"53","areaid":"110108","item_id":133},{"address":"新疆维吾尔自治区","access_date":"2016-12-06 11:52:06","account":"f***8","quantity":1,"handle_status":8,"order_type":"53","areaid":"652801","item_id":133},{"address":"江苏省","access_date":"2016-12-06 11:52:06","account":"s***g","quantity":1,"handle_status":8,"order_type":"53","areaid":"321102","item_id":133},{"address":"黑龙江省","access_date":"2016-12-06 11:52:06","account":"j***8","quantity":1,"handle_status":8,"order_type":"53","areaid":"231202","item_id":133},{"address":"上海市","access_date":"2016-12-06 11:52:06","account":"z***h","quantity":1,"handle_status":8,"order_type":"53","areaid":"310109","item_id":133},{"address":"安徽省","access_date":"2016-12-06 11:52:06","account":"鲍***8","quantity":1,"handle_status":8,"order_type":"53","areaid":"341522","item_id":133},{"address":"浙江省","access_date":"2016-12-06 11:52:06","account":"y***l","quantity":1,"handle_status":8,"order_type":"53","areaid":"331081","item_id":133},{"address":"山东省","access_date":"2016-12-06 11:52:06","account":"w***0","quantity":1,"handle_status":8,"order_type":"53","areaid":"370611","item_id":133},{"address":"上海市","access_date":"2016-12-06 11:52:06","account":"s***6","quantity":1,"handle_status":8,"order_type":"53","areaid":"310112","item_id":133},{"address":"天津市","access_date":"2016-12-06 11:52:06","account":"d***4","quantity":1,"handle_status":8,"order_type":"53","areaid":"120105","item_id":133},{"address":"北京市","access_date":"2016-12-06 11:52:06","account":"y***5","quantity":1,"handle_status":8,"order_type":"53","areaid":"110102","item_id":133},{"address":"江苏省","access_date":"2016-12-06 11:52:06","account":"w***o","quantity":1,"handle_status":8,"order_type":"53","areaid":"320501","item_id":133},{"address":"安徽省","access_date":"2016-12-06 11:52:06","account":"s***y","quantity":1,"handle_status":8,"order_type":"53","areaid":"340811","item_id":133},{"address":"宁夏回族自治区","access_date":"2016-12-06 11:52:06","account":"1***4","quantity":1,"handle_status":8,"order_type":"53","areaid":"640422","item_id":133},{"address":"湖南省","access_date":"2016-12-06 11:52:06","account":"j***g","quantity":1,"handle_status":8,"order_type":"53","areaid":"430111","item_id":133},{"address":"上海市","access_date":"2016-12-06 11:52:06","account":"C***Y","quantity":1,"handle_status":8,"order_type":"53","areaid":"310109","item_id":133},{"address":"浙江省","access_date":"2016-12-06 11:52:06","account":"h***i","quantity":1,"handle_status":8,"order_type":"53","areaid":"330106","item_id":133},{"address":"上海市","access_date":"2016-12-06 11:52:06","account":"g***9","quantity":1,"handle_status":8,"order_type":"53","areaid":"310110","item_id":133},{"address":"云南省","access_date":"2016-12-06 11:52:06","account":"1***7","quantity":1,"handle_status":8,"order_type":"53","areaid":"530181","item_id":133},{"address":"上海市","access_date":"2016-12-06 11:52:06","account":"T***h","quantity":1,"handle_status":8,"order_type":"53","areaid":"310113","item_id":133},{"address":"山东省","access_date":"2016-12-06 11:52:06","account":"s***g","quantity":1,"handle_status":8,"order_type":"53","areaid":"370303","item_id":133},{"address":"辽宁省","access_date":"2016-12-06 11:52:06","account":"1***7","quantity":1,"handle_status":8,"order_type":"53","areaid":"210106","item_id":133},{"address":"江西省","access_date":"2016-12-06 11:52:06","account":"x***e","quantity":1,"handle_status":8,"order_type":"53","areaid":"360721","item_id":133},{"address":"江苏省","access_date":"2016-12-06 11:52:06","account":"买***5","quantity":1,"handle_status":8,"order_type":"53","areaid":"320281","item_id":133},{"address":"辽宁省","access_date":"2016-12-06 11:52:06","account":"l***d","quantity":1,"handle_status":8,"order_type":"53","areaid":"211404","item_id":133},{"address":"浙江省","access_date":"2016-12-06 11:52:05","account":"K***8","quantity":1,"handle_status":8,"order_type":"53","areaid":"330110","item_id":133},{"address":"北京市","access_date":"2016-12-06 11:52:05","account":"李***强","quantity":1,"handle_status":8,"order_type":"53","areaid":"110115","item_id":133},{"address":"广东省","access_date":"2016-12-06 11:52:05","account":"y***8","quantity":1,"handle_status":8,"order_type":"53","areaid":"440803","item_id":133},{"address":"江苏省","access_date":"2016-12-06 11:52:05","account":"玉***7","quantity":1,"handle_status":8,"order_type":"53","areaid":"320311","item_id":133},{"address":"河北省","access_date":"2016-12-06 11:52:05","account":"陀***轮","quantity":1,"handle_status":8,"order_type":"53","areaid":"130903","item_id":133},{"address":"浙江省","access_date":"2016-12-06 11:52:05","account":"1***6","quantity":1,"handle_status":8,"order_type":"53","areaid":"330104","item_id":133},{"address":"湖南省","access_date":"2016-12-06 11:52:05","account":"l***4","quantity":1,"handle_status":8,"order_type":"53","areaid":"431103","item_id":133},{"address":"辽宁省","access_date":"2016-12-06 11:52:05","account":"s***8","quantity":1,"handle_status":8,"order_type":"53","areaid":"210502","item_id":133},{"address":"湖南省","access_date":"2016-12-06 11:52:05","account":"1***9","quantity":1,"handle_status":8,"order_type":"53","areaid":"431224","item_id":133},{"address":"北京市","access_date":"2016-12-06 11:52:05","account":"s***8","quantity":1,"handle_status":-6,"order_type":"53","areaid":"110108","item_id":133},{"address":"山西省","access_date":"2016-12-06 11:52:05","account":"g***8","quantity":1,"handle_status":8,"order_type":"53","areaid":"140624","item_id":133},{"address":"浙江省","access_date":"2016-12-06 11:52:05","account":"z***6","quantity":1,"handle_status":8,"order_type":"53","areaid":"331003","item_id":133},{"address":"河北省","access_date":"2016-12-06 11:52:05","account":"1***7","quantity":1,"handle_status":8,"order_type":"53","areaid":"130302","item_id":133},{"address":"北京市","access_date":"2016-12-06 11:52:05","account":"d***l","quantity":1,"handle_status":8,"order_type":"53","areaid":"110115","item_id":133},{"address":"内蒙古自治区","access_date":"2016-12-06 11:52:05","account":"r***5","quantity":1,"handle_status":8,"order_type":"53","areaid":"152527","item_id":133},{"address":"浙江省","access_date":"2016-12-06 11:52:05","account":"1***2","quantity":1,"handle_status":8,"order_type":"53","areaid":"330781","item_id":133},{"address":"江苏省","access_date":"2016-12-06 11:52:05","account":"1***6","quantity":1,"handle_status":8,"order_type":"53","areaid":"320509","item_id":133},{"address":"福建省","access_date":"2016-12-06 11:52:05","account":"1***5","quantity":1,"handle_status":8,"order_type":"53","areaid":"350581","item_id":133},{"address":"安徽省","access_date":"2016-12-06 11:52:05","account":"w***1","quantity":1,"handle_status":8,"order_type":"53","areaid":"340202","item_id":133},{"address":"福建省","access_date":"2016-12-06 11:52:05","account":"f***a","quantity":1,"handle_status":8,"order_type":"53","areaid":"350104","item_id":133},{"address":"浙江省","access_date":"2016-12-06 11:52:05","account":"z***1","quantity":1,"handle_status":8,"order_type":"53","areaid":"330212","item_id":133},{"address":"四川省","access_date":"2016-12-06 11:52:05","account":"雨***0","quantity":1,"handle_status":8,"order_type":"53","areaid":"511502","item_id":133},{"address":"浙江省","access_date":"2016-12-06 11:52:05","account":"n***8","quantity":1,"handle_status":-6,"order_type":"53","areaid":"330281","item_id":133},{"address":"安徽省","access_date":"2016-12-06 11:52:05","account":"c***2","quantity":1,"handle_status":8,"order_type":"53","areaid":"341182","item_id":133},{"address":"浙江省","access_date":"2016-12-06 11:52:05","account":"l***1","quantity":1,"handle_status":-6,"order_type":"53","areaid":"330281","item_id":133},{"address":"上海市","access_date":"2016-12-06 11:52:05","account":"1***0","quantity":1,"handle_status":8,"order_type":"53","areaid":"310104","item_id":133},{"address":"黑龙江省","access_date":"2016-12-06 11:52:05","account":"l***9","quantity":1,"handle_status":8,"order_type":"53","areaid":"230522","item_id":133},{"address":"上海市","access_date":"2016-12-06 11:52:05","account":"m***n","quantity":1,"handle_status":8,"order_type":"53","areaid":"310107","item_id":133},{"address":"山东省","access_date":"2016-12-06 11:52:05","account":"s***n","quantity":1,"handle_status":8,"order_type":"53","areaid":"370103","item_id":133},{"address":"北京市","access_date":"2016-12-06 11:52:05","account":"1***1","quantity":1,"handle_status":8,"order_type":"53","areaid":"110111","item_id":133},{"address":"浙江省","access_date":"2016-12-06 11:52:05","account":"h***0","quantity":1,"handle_status":8,"order_type":"53","areaid":"330201","item_id":133},{"address":"浙江省","access_date":"2016-12-06 11:52:05","account":"g***2","quantity":1,"handle_status":8,"order_type":"53","areaid":"331004","item_id":133},{"address":"辽宁省","access_date":"2016-12-06 11:52:05","account":"1***8","quantity":1,"handle_status":8,"order_type":"53","areaid":"210381","item_id":133},{"address":"浙江省","access_date":"2016-12-06 11:52:05","account":"c***0","quantity":1,"handle_status":8,"order_type":"53","areaid":"330802","item_id":133},{"address":"上海市","access_date":"2016-12-06 11:52:05","account":"1***0","quantity":1,"handle_status":8,"order_type":"53","areaid":"310112","item_id":133},{"address":"湖北省","access_date":"2016-12-06 11:52:05","account":"r***g","quantity":1,"handle_status":8,"order_type":"53","areaid":"420204","item_id":133},{"address":"河南省","access_date":"2016-12-06 11:52:05","account":"y***0","quantity":1,"handle_status":8,"order_type":"53","areaid":"411524","item_id":133},{"address":"上海市","access_date":"2016-12-06 11:52:05","account":"极***影","quantity":1,"handle_status":8,"order_type":"53","areaid":"310107","item_id":133},{"address":"上海市","access_date":"2016-12-06 11:52:05","account":"第***签","quantity":1,"handle_status":8,"order_type":"53","areaid":"310114","item_id":133},{"address":"福建省","access_date":"2016-12-06 11:52:05","account":"老***医","quantity":1,"handle_status":8,"order_type":"53","areaid":"350627","item_id":133},{"address":"河北省","access_date":"2016-12-06 11:52:05","account":"1***8","quantity":1,"handle_status":8,"order_type":"53","areaid":"130104","item_id":133},{"address":"广东省","access_date":"2016-12-06 11:52:05","account":"b***j","quantity":1,"handle_status":8,"order_type":"53","areaid":"440183","item_id":133},{"address":"浙江省","access_date":"2016-12-06 11:52:05","account":"1***5","quantity":1,"handle_status":8,"order_type":"53","areaid":"330324","item_id":133},{"address":"四川省","access_date":"2016-12-06 11:52:05","account":"棉***裤","quantity":1,"handle_status":8,"order_type":"53","areaid":"510101","item_id":133},{"address":"甘肃省","access_date":"2016-12-06 11:52:05","account":"李***娇","quantity":1,"handle_status":8,"order_type":"53","areaid":"621002","item_id":133},{"address":"北京市","access_date":"2016-12-06 11:52:05","account":"x***i","quantity":1,"handle_status":8,"order_type":"53","areaid":"110102","item_id":133},{"address":"北京市","access_date":"2016-12-06 11:52:05","account":"t***5","quantity":1,"handle_status":8,"order_type":"53","areaid":"110106","item_id":133},{"address":"北京市","access_date":"2016-12-06 11:52:05","account":"1***1","quantity":1,"handle_status":8,"order_type":"53","areaid":"110113","item_id":133},{"address":"山东省","access_date":"2016-12-06 11:52:05","account":"1***7","quantity":1,"handle_status":8,"order_type":"53","areaid":"370982","item_id":133},{"address":"山东省","access_date":"2016-12-06 11:52:05","account":"追***子","quantity":1,"handle_status":8,"order_type":"53","areaid":"370323","item_id":133},{"address":"北京市","access_date":"2016-12-06 11:52:05","account":"d***8","quantity":1,"handle_status":8,"order_type":"53","areaid":"110113","item_id":133},{"address":"山东省","access_date":"2016-12-06 11:52:04","account":"h***f","quantity":1,"handle_status":8,"order_type":"53","areaid":"370282","item_id":133},{"address":"四川省","access_date":"2016-12-06 11:52:04","account":"z***2","quantity":1,"handle_status":8,"order_type":"53","areaid":"510603","item_id":133},{"address":"天津市","access_date":"2016-12-06 11:52:04","account":"L***8","quantity":1,"handle_status":8,"order_type":"53","areaid":"120104","item_id":133},{"address":"北京市","access_date":"2016-12-06 11:52:04","account":"M***h","quantity":1,"handle_status":8,"order_type":"53","areaid":"110108","item_id":133},{"address":"内蒙古自治区","access_date":"2016-12-06 11:52:04","account":"C***8","quantity":1,"handle_status":8,"order_type":"53","areaid":"150782","item_id":133},{"address":"黑龙江省","access_date":"2016-12-06 11:52:04","account":"k***4","quantity":1,"handle_status":8,"order_type":"53","areaid":"230103","item_id":133},{"address":"江苏省","access_date":"2016-12-06 11:52:04","account":"z***1","quantity":1,"handle_status":8,"order_type":"53","areaid":"320104","item_id":133},{"address":"河南省","access_date":"2016-12-06 11:52:04","account":"x***9","quantity":1,"handle_status":8,"order_type":"53","areaid":"419001","item_id":133},{"address":"山西省","access_date":"2016-12-06 11:52:04","account":"r***2","quantity":1,"handle_status":8,"order_type":"53","areaid":"141130","item_id":133},{"address":"北京市","access_date":"2016-12-06 11:52:04","account":"X***8","quantity":1,"handle_status":8,"order_type":"53","areaid":"110112","item_id":133},{"address":"江苏省","access_date":"2016-12-06 11:52:04","account":"梅***佳","quantity":1,"handle_status":8,"order_type":"53","areaid":"320115","item_id":133},{"address":"上海市","access_date":"2016-12-06 11:52:04","account":"h***e","quantity":1,"handle_status":8,"order_type":"53","areaid":"310115","item_id":133},{"address":"山东省","access_date":"2016-12-06 11:52:04","account":"1***3","quantity":1,"handle_status":8,"order_type":"53","areaid":"370785","item_id":133},{"address":"四川省","access_date":"2016-12-06 11:52:04","account":"l***o","quantity":1,"handle_status":8,"order_type":"53","areaid":"511302","item_id":133},{"address":"湖南省","access_date":"2016-12-06 11:52:04","account":"卿***洁","quantity":1,"handle_status":8,"order_type":"53","areaid":"431302","item_id":133},{"address":"宁夏回族自治区","access_date":"2016-12-06 11:52:04","account":"1***6","quantity":1,"handle_status":8,"order_type":"53","areaid":"640106","item_id":133},{"address":"山西省","access_date":"2016-12-06 11:52:04","account":"x***y","quantity":1,"handle_status":8,"order_type":"53","areaid":"140902","item_id":133},{"address":"宁夏回族自治区","access_date":"2016-12-06 11:52:04","account":"1***7","quantity":1,"handle_status":8,"order_type":"53","areaid":"640106","item_id":133},{"address":"河北省","access_date":"2016-12-06 11:52:04","account":"m***2","quantity":1,"handle_status":8,"order_type":"53","areaid":"130503","item_id":133},{"address":"四川省","access_date":"2016-12-06 11:52:04","account":"m***y","quantity":1,"handle_status":8,"order_type":"53","areaid":"510703","item_id":133},{"address":"山东省","access_date":"2016-12-06 11:52:04","account":"d***f","quantity":1,"handle_status":8,"order_type":"53","areaid":"371702","item_id":133},{"address":"江苏省","access_date":"2016-12-06 11:52:04","account":"1***7","quantity":1,"handle_status":8,"order_type":"53","areaid":"320705","item_id":133},{"address":"黑龙江省","access_date":"2016-12-06 11:52:04","account":"庄***梅","quantity":1,"handle_status":8,"order_type":"53","areaid":"231226","item_id":133},{"address":"山东省","access_date":"2016-12-06 11:52:04","account":"2***6","quantity":1,"handle_status":8,"order_type":"53","areaid":"370481","item_id":133},{"address":"辽宁省","access_date":"2016-12-06 11:52:04","account":"z***8","quantity":1,"handle_status":8,"order_type":"53","areaid":"210681","item_id":133},{"address":"江苏省","access_date":"2016-12-06 11:52:04","account":"张***红","quantity":1,"handle_status":8,"order_type":"53","areaid":"320581","item_id":133},{"address":"浙江省","access_date":"2016-12-06 11:52:04","account":"f***u","quantity":1,"handle_status":8,"order_type":"53","areaid":"331121","item_id":133},{"address":"广东省","access_date":"2016-12-06 11:52:04","account":"H***O","quantity":1,"handle_status":8,"order_type":"53","areaid":"440106","item_id":133},{"address":"湖南省","access_date":"2016-12-06 11:52:04","account":"j***3","quantity":1,"handle_status":8,"order_type":"53","areaid":"430624","item_id":133},{"address":"山东省","access_date":"2016-12-06 11:52:04","account":"w***8","quantity":1,"handle_status":8,"order_type":"53","areaid":"370285","item_id":133},{"address":"江苏省","access_date":"2016-12-06 11:52:04","account":"s***1","quantity":1,"handle_status":8,"order_type":"53","areaid":"320281","item_id":133},{"address":"山东省","access_date":"2016-12-06 11:52:04","account":"l***o","quantity":1,"handle_status":8,"order_type":"53","areaid":"370902","item_id":133},{"address":"广东省","access_date":"2016-12-06 11:52:04","account":"b***l","quantity":1,"handle_status":8,"order_type":"53","areaid":"440111","item_id":133},{"address":"浙江省","access_date":"2016-12-06 11:52:04","account":"l***i","quantity":1,"handle_status":8,"order_type":"53","areaid":"330782","item_id":133},{"address":"河北省","access_date":"2016-12-06 11:52:04","account":"y***3","quantity":1,"handle_status":8,"order_type":"53","areaid":"130227","item_id":133},{"address":"河北省","access_date":"2016-12-06 11:52:04","account":"P***0","quantity":1,"handle_status":8,"order_type":"53","areaid":"130603","item_id":133},{"address":"陕西省","access_date":"2016-12-06 11:52:04","account":"s***n","quantity":1,"handle_status":8,"order_type":"53","areaid":"610113","item_id":133},{"address":"福建省","access_date":"2016-12-06 11:52:04","account":"蓝***心","quantity":1,"handle_status":8,"order_type":"53","areaid":"350206","item_id":133},{"address":"内蒙古自治区","access_date":"2016-12-06 11:52:04","account":"8***c","quantity":1,"handle_status":8,"order_type":"53","areaid":"150502","item_id":133},{"address":"四川省","access_date":"2016-12-06 11:52:04","account":"g***w","quantity":1,"handle_status":8,"order_type":"53","areaid":"511825","item_id":133},{"address":"浙江省","access_date":"2016-12-06 11:52:04","account":"1***8","quantity":1,"handle_status":8,"order_type":"53","areaid":"330602","item_id":133},{"address":"山西省","access_date":"2016-12-06 11:52:04","account":"1***5","quantity":1,"handle_status":8,"order_type":"53","areaid":"140202","item_id":133},{"address":"山西省","access_date":"2016-12-06 11:52:04","account":"花***少","quantity":1,"handle_status":8,"order_type":"53","areaid":"140202","item_id":133},{"address":"吉林省","access_date":"2016-12-06 11:52:04","account":"s***z","quantity":1,"handle_status":8,"order_type":"53","areaid":"220104","item_id":133},{"address":"河北省","access_date":"2016-12-06 11:52:04","account":"y***5","quantity":1,"handle_status":8,"order_type":"53","areaid":"130283","item_id":133},{"address":"广东省","access_date":"2016-12-06 11:52:04","account":"吉***照","quantity":1,"handle_status":8,"order_type":"53","areaid":"445381","item_id":133},{"address":"辽宁省","access_date":"2016-12-06 11:52:04","account":"w***9","quantity":1,"handle_status":8,"order_type":"53","areaid":"210106","item_id":133},{"address":"江西省","access_date":"2016-12-06 11:52:04","account":"x***i","quantity":1,"handle_status":8,"order_type":"53","areaid":"361181","item_id":133},{"address":"福建省","access_date":"2016-12-06 11:52:03","account":"1***5","quantity":1,"handle_status":8,"order_type":"53","areaid":"350181","item_id":133},{"address":"四川省","access_date":"2016-12-06 11:52:03","account":"t***8","quantity":1,"handle_status":8,"order_type":"53","areaid":"510104","item_id":133},{"address":"四川省","access_date":"2016-12-06 11:52:03","account":"F***H","quantity":1,"handle_status":8,"order_type":"53","areaid":"510107","item_id":133},{"address":"河北省","access_date":"2016-12-06 11:52:03","account":"1***0","quantity":1,"handle_status":8,"order_type":"53","areaid":"130302","item_id":133},{"address":"陕西省","access_date":"2016-12-06 11:52:03","account":"x***m","quantity":1,"handle_status":8,"order_type":"53","areaid":"610402","item_id":133},{"address":"安徽省","access_date":"2016-12-06 11:52:03","account":"z***8","quantity":1,"handle_status":8,"order_type":"53","areaid":"341221","item_id":133},{"address":"内蒙古自治区","access_date":"2016-12-06 11:52:03","account":"1***8","quantity":1,"handle_status":8,"order_type":"53","areaid":"150204","item_id":133},{"address":"湖北省","access_date":"2016-12-06 11:52:03","account":"s***1","quantity":1,"handle_status":8,"order_type":"53","areaid":"420107","item_id":133},{"address":"山东省","access_date":"2016-12-06 11:52:03","account":"l***c","quantity":1,"handle_status":8,"order_type":"53","areaid":"371002","item_id":133},{"address":"河北省","access_date":"2016-12-06 11:52:03","account":"1***5","quantity":1,"handle_status":8,"order_type":"53","areaid":"130202","item_id":133},{"address":"山东省","access_date":"2016-12-06 11:52:03","account":"x***1","quantity":1,"handle_status":8,"order_type":"53","areaid":"371321","item_id":133},{"address":"湖北省","access_date":"2016-12-06 11:52:03","account":"z***8","quantity":1,"handle_status":8,"order_type":"53","areaid":"420105","item_id":133},{"address":"山东省","access_date":"2016-12-06 11:52:03","account":"g***f","quantity":1,"handle_status":8,"order_type":"53","areaid":"371002","item_id":133},{"address":"山东省","access_date":"2016-12-06 11:52:03","account":"j***y","quantity":1,"handle_status":8,"order_type":"53","areaid":"371002","item_id":133},{"address":"江苏省","access_date":"2016-12-06 11:52:03","account":"1***8","quantity":1,"handle_status":8,"order_type":"53","areaid":"321111","item_id":133},{"address":"江苏省","access_date":"2016-12-06 11:52:03","account":"永***L","quantity":1,"handle_status":8,"order_type":"53","areaid":"320903","item_id":133},{"address":"山西省","access_date":"2016-12-06 11:52:03","account":"郭***9","quantity":1,"handle_status":-6,"order_type":"53","areaid":"140402","item_id":133},{"address":"福建省","access_date":"2016-12-06 11:52:03","account":"x***1","quantity":1,"handle_status":8,"order_type":"53","areaid":"350205","item_id":133},{"address":"北京市","access_date":"2016-12-06 11:52:03","account":"e***o","quantity":1,"handle_status":8,"order_type":"53","areaid":"110114","item_id":133},{"address":"北京市","access_date":"2016-12-06 11:52:03","account":"1***0","quantity":1,"handle_status":8,"order_type":"53","areaid":"110112","item_id":133},{"address":"山东省","access_date":"2016-12-06 11:52:03","account":"1***8","quantity":1,"handle_status":8,"order_type":"53","areaid":"370502","item_id":133},{"address":"新疆维吾尔自治区","access_date":"2016-12-06 11:52:03","account":"h***m","quantity":1,"handle_status":8,"order_type":"53","areaid":"653201","item_id":133},{"address":"山东省","access_date":"2016-12-06 11:52:03","account":"1***9","quantity":1,"handle_status":8,"order_type":"53","areaid":"371326","item_id":133},{"address":"河南省","access_date":"2016-12-06 11:52:03","account":"1***8","quantity":1,"handle_status":8,"order_type":"53","areaid":"410526","item_id":133},{"address":"贵州省","access_date":"2016-12-06 11:52:03","account":"l***3","quantity":1,"handle_status":8,"order_type":"53","areaid":"520302","item_id":133},{"address":"湖北省","access_date":"2016-12-06 11:52:03","account":"木***7","quantity":1,"handle_status":8,"order_type":"53","areaid":"420107","item_id":133},{"address":"广东省","access_date":"2016-12-06 11:52:03","account":"1***7","quantity":1,"handle_status":8,"order_type":"53","areaid":"440883","item_id":133},{"address":"河南省","access_date":"2016-12-06 11:52:03","account":"l***g","quantity":1,"handle_status":8,"order_type":"53","areaid":"411425","item_id":133},{"address":"江苏省","access_date":"2016-12-06 11:52:03","account":"X***X","quantity":1,"handle_status":8,"order_type":"53","areaid":"320282","item_id":133},{"address":"河北省","access_date":"2016-12-06 11:52:03","account":"l***8","quantity":1,"handle_status":8,"order_type":"53","areaid":"130204","item_id":133},{"address":"河南省","access_date":"2016-12-06 11:52:03","account":"1***7","quantity":1,"handle_status":8,"order_type":"53","areaid":"411002","item_id":133},{"address":"江苏省","access_date":"2016-12-06 11:52:03","account":"x***5","quantity":1,"handle_status":8,"order_type":"53","areaid":"320311","item_id":133},{"address":"江苏省","access_date":"2016-12-06 11:52:03","account":"x***8","quantity":1,"handle_status":8,"order_type":"53","areaid":"320481","item_id":133},{"address":"重庆市","access_date":"2016-12-06 11:52:03","account":"欧***明","quantity":1,"handle_status":8,"order_type":"53","areaid":"500107","item_id":133},{"address":"浙江省","access_date":"2016-12-06 11:52:03","account":"盛***平","quantity":1,"handle_status":8,"order_type":"53","areaid":"330483","item_id":133},{"address":"黑龙江省","access_date":"2016-12-06 11:52:03","account":"p***3","quantity":1,"handle_status":8,"order_type":"53","areaid":"230803","item_id":133},{"address":"江苏省","access_date":"2016-12-06 11:52:03","account":"扬***霞","quantity":1,"handle_status":8,"order_type":"53","areaid":"321003","item_id":133},{"address":"安徽省","access_date":"2016-12-06 11:52:03","account":"朱***利","quantity":1,"handle_status":8,"order_type":"53","areaid":"340181","item_id":133},{"address":"安徽省","access_date":"2016-12-06 11:52:03","account":"移***5","quantity":1,"handle_status":8,"order_type":"53","areaid":"341002","item_id":133},{"address":"辽宁省","access_date":"2016-12-06 11:52:03","account":"h***0","quantity":1,"handle_status":8,"order_type":"53","areaid":"210102","item_id":133},{"address":"山西省","access_date":"2016-12-06 11:52:03","account":"l***8","quantity":1,"handle_status":8,"order_type":"53","areaid":"140502","item_id":133},{"address":"江苏省","access_date":"2016-12-06 11:52:03","account":"1***8","quantity":1,"handle_status":8,"order_type":"53","areaid":"320506","item_id":133},{"address":"北京市","access_date":"2016-12-06 11:52:03","account":"m***0","quantity":1,"handle_status":8,"order_type":"53","areaid":"110102","item_id":133},{"address":"浙江省","access_date":"2016-12-06 11:52:03","account":"s***3","quantity":1,"handle_status":8,"order_type":"53","areaid":"330104","item_id":133},{"address":"上海市","access_date":"2016-12-06 11:52:03","account":"x***e","quantity":1,"handle_status":8,"order_type":"53","areaid":"310108","item_id":133},{"address":"上海市","access_date":"2016-12-06 11:52:03","account":"冯***华","quantity":1,"handle_status":8,"order_type":"53","areaid":"310115","item_id":133},{"address":"浙江省","access_date":"2016-12-06 11:52:03","account":"w***勇","quantity":1,"handle_status":8,"order_type":"53","areaid":"330481","item_id":133},{"address":"上海市","access_date":"2016-12-06 11:52:03","account":"g***r","quantity":1,"handle_status":8,"order_type":"53","areaid":"310114","item_id":133},{"address":"山东省","access_date":"2016-12-06 11:52:02","account":"浅***3","quantity":1,"handle_status":8,"order_type":"53","areaid":"370481","item_id":133},{"address":"广西壮族自治区","access_date":"2016-12-06 11:52:02","account":"x***8","quantity":1,"handle_status":8,"order_type":"53","areaid":"450902","item_id":133},{"address":"浙江省","access_date":"2016-12-06 11:52:02","account":"s***3","quantity":1,"handle_status":8,"order_type":"53","areaid":"331102","item_id":133},{"address":"安徽省","access_date":"2016-12-06 11:52:02","account":"a***t","quantity":1,"handle_status":8,"order_type":"53","areaid":"340302","item_id":133},{"address":"江苏省","access_date":"2016-12-06 11:52:02","account":"1***8","quantity":1,"handle_status":8,"order_type":"53","areaid":"320506","item_id":133},{"address":"山东省","access_date":"2016-12-06 11:52:02","account":"y***z","quantity":1,"handle_status":8,"order_type":"53","areaid":"370305","item_id":133},{"address":"湖南省","access_date":"2016-12-06 11:52:02","account":"c***3","quantity":1,"handle_status":8,"order_type":"53","areaid":"433101","item_id":133},{"address":"江西省","access_date":"2016-12-06 11:52:02","account":"a***7","quantity":1,"handle_status":8,"order_type":"53","areaid":"360111","item_id":133},{"address":"天津市","access_date":"2016-12-06 11:52:02","account":"z***z","quantity":1,"handle_status":8,"order_type":"53","areaid":"120101","item_id":133},{"address":"上海市","access_date":"2016-12-06 11:52:02","account":"y***w","quantity":1,"handle_status":8,"order_type":"53","areaid":"310108","item_id":133},{"address":"广东省","access_date":"2016-12-06 11:52:02","account":"w***8","quantity":1,"handle_status":8,"order_type":"53","areaid":"ff8080814cd0d0f4014cd56f66b80001","item_id":133},{"address":"广西壮族自治区","access_date":"2016-12-06 11:52:02","account":"1***0","quantity":1,"handle_status":8,"order_type":"53","areaid":"450107","item_id":133},{"address":"山西省","access_date":"2016-12-06 11:52:02","account":"1***3","quantity":1,"handle_status":8,"order_type":"53","areaid":"141122","item_id":133},{"address":"安徽省","access_date":"2016-12-06 11:52:02","account":"t***j","quantity":1,"handle_status":8,"order_type":"53","areaid":"340405","item_id":133},{"address":"辽宁省","access_date":"2016-12-06 11:52:02","account":"开***观","quantity":1,"handle_status":8,"order_type":"53","areaid":"210802","item_id":133},{"address":"黑龙江省","access_date":"2016-12-06 11:52:02","account":"j***9","quantity":1,"handle_status":8,"order_type":"53","areaid":"231281","item_id":133},{"address":"浙江省","access_date":"2016-12-06 11:52:02","account":"小***1","quantity":1,"handle_status":8,"order_type":"53","areaid":"330681","item_id":133},{"address":"河北省","access_date":"2016-12-06 11:52:02","account":"一***t","quantity":1,"handle_status":8,"order_type":"53","areaid":"130103","item_id":133},{"address":"浙江省","access_date":"2016-12-06 11:52:02","account":"陶***志","quantity":1,"handle_status":8,"order_type":"53","areaid":"331003","item_id":133},{"address":"广东省","access_date":"2016-12-06 11:52:02","account":"章***丽","quantity":1,"handle_status":8,"order_type":"53","areaid":"440606","item_id":133},{"address":"河北省","access_date":"2016-12-06 11:52:02","account":"1***7","quantity":1,"handle_status":8,"order_type":"53","areaid":"130108","item_id":133},{"address":"广东省","access_date":"2016-12-06 11:52:02","account":"刘***琼","quantity":1,"handle_status":8,"order_type":"53","areaid":"440902","item_id":133},{"address":"广西壮族自治区","access_date":"2016-12-06 11:52:02","account":"p***r","quantity":1,"handle_status":8,"order_type":"53","areaid":"450103","item_id":133},{"address":"广东省","access_date":"2016-12-06 11:52:02","account":"l***i","quantity":1,"handle_status":8,"order_type":"53","areaid":"440801","item_id":133},{"address":"山东省","access_date":"2016-12-06 11:52:02","account":"h***7","quantity":1,"handle_status":8,"order_type":"53","areaid":"370883","item_id":133},{"address":"陕西省","access_date":"2016-12-06 11:52:02","account":"1***2","quantity":1,"handle_status":8,"order_type":"53","areaid":"610103","item_id":133},{"address":"黑龙江省","access_date":"2016-12-06 11:52:02","account":"明***我","quantity":1,"handle_status":8,"order_type":"53","areaid":"230110","item_id":133},{"address":"河北省","access_date":"2016-12-06 11:52:02","account":"1***6","quantity":1,"handle_status":8,"order_type":"53","areaid":"130105","item_id":133},{"address":"江苏省","access_date":"2016-12-06 11:52:02","account":"y***g","quantity":1,"handle_status":8,"order_type":"53","areaid":"320509","item_id":133},{"address":"湖北省","access_date":"2016-12-06 11:52:02","account":"o***6","quantity":1,"handle_status":8,"order_type":"53","areaid":"420984","item_id":133},{"address":"天津市","access_date":"2016-12-06 11:52:02","account":"1***9","quantity":1,"handle_status":8,"order_type":"53","areaid":"120102","item_id":133},{"address":"广东省","access_date":"2016-12-06 11:52:02","account":"f***n","quantity":1,"handle_status":8,"order_type":"53","areaid":"440604","item_id":133},{"address":"黑龙江省","access_date":"2016-12-06 11:52:02","account":"难***贵","quantity":1,"handle_status":8,"order_type":"53","areaid":"230602","item_id":133},{"address":"江苏省","access_date":"2016-12-06 11:52:02","account":"j***8","quantity":1,"handle_status":8,"order_type":"53","areaid":"321302","item_id":133},{"address":"浙江省","access_date":"2016-12-06 11:52:02","account":"1***8","quantity":1,"handle_status":8,"order_type":"53","areaid":"331121","item_id":133},{"address":"浙江省","access_date":"2016-12-06 11:52:02","account":"天***唱","quantity":1,"handle_status":8,"order_type":"53","areaid":"330109","item_id":133},{"address":"安徽省","access_date":"2016-12-06 11:52:02","account":"d***q","quantity":1,"handle_status":8,"order_type":"53","areaid":"340103","item_id":133},{"address":"上海市","access_date":"2016-12-06 11:52:02","account":"n***n","quantity":1,"handle_status":8,"order_type":"53","areaid":"310113","item_id":133},{"address":"黑龙江省","access_date":"2016-12-06 11:52:02","account":"1***0","quantity":1,"handle_status":8,"order_type":"53","areaid":"230103","item_id":133},{"address":"江苏省","access_date":"2016-12-06 11:52:02","account":"徐***新","quantity":1,"handle_status":8,"order_type":"53","areaid":"320684","item_id":133},{"address":"陕西省","access_date":"2016-12-06 11:52:02","account":"m***8","quantity":1,"handle_status":8,"order_type":"53","areaid":"610102","item_id":133},{"address":"辽宁省","access_date":"2016-12-06 11:52:02","account":"z***8","quantity":1,"handle_status":8,"order_type":"53","areaid":"210103","item_id":133},{"address":"福建省","access_date":"2016-12-06 11:52:02","account":"l***7","quantity":1,"handle_status":8,"order_type":"53","areaid":"350302","item_id":133},{"address":"江西省","access_date":"2016-12-06 11:52:02","account":"千***要","quantity":1,"handle_status":8,"order_type":"53","areaid":"360302","item_id":133},{"address":"浙江省","access_date":"2016-12-06 11:52:02","account":"1***6","quantity":1,"handle_status":8,"order_type":"53","areaid":"330327","item_id":133},{"address":"浙江省","access_date":"2016-12-06 11:52:02","account":"深***迹","quantity":1,"handle_status":8,"order_type":"53","areaid":"331002","item_id":133},{"address":"湖南省","access_date":"2016-12-06 11:52:02","account":"p***o","quantity":1,"handle_status":8,"order_type":"53","areaid":"430103","item_id":133},{"address":"山东省","access_date":"2016-12-06 11:52:02","account":"x***凤","quantity":1,"handle_status":8,"order_type":"53","areaid":"371001","item_id":133},{"address":"安徽省","access_date":"2016-12-06 11:52:02","account":"启***筑","quantity":1,"handle_status":8,"order_type":"53","areaid":"340824","item_id":133},{"address":"江苏省","access_date":"2016-12-06 11:52:02","account":"l***g","quantity":1,"handle_status":8,"order_type":"53","areaid":"321202","item_id":133},{"address":"浙江省","access_date":"2016-12-06 11:52:02","account":"z***5","quantity":1,"handle_status":8,"order_type":"53","areaid":"330483","item_id":133},{"address":"福建省","access_date":"2016-12-06 11:52:02","account":"江***林","quantity":1,"handle_status":8,"order_type":"53","areaid":"350802","item_id":133},{"address":"福建省","access_date":"2016-12-06 11:52:02","account":"2***成","quantity":1,"handle_status":8,"order_type":"53","areaid":"350802","item_id":133},{"address":"江苏省","access_date":"2016-12-06 11:52:02","account":"小***7","quantity":1,"handle_status":8,"order_type":"53","areaid":"320302","item_id":133},{"address":"上海市","access_date":"2016-12-06 11:52:02","account":"1***7","quantity":1,"handle_status":8,"order_type":"53","areaid":"310115","item_id":133},{"address":"湖南省","access_date":"2016-12-06 11:52:02","account":"j***7","quantity":1,"handle_status":8,"order_type":"53","areaid":"430522","item_id":133},{"address":"广东省","access_date":"2016-12-06 11:52:02","account":"c***a","quantity":1,"handle_status":8,"order_type":"53","areaid":"440901","item_id":133},{"address":"广东省","access_date":"2016-12-06 11:52:02","account":"g***x","quantity":1,"handle_status":8,"order_type":"53","areaid":"440111","item_id":133},{"address":"山东省","access_date":"2016-12-06 11:52:01","account":"兰***宏","quantity":1,"handle_status":8,"order_type":"53","areaid":"370202","item_id":133},{"address":"四川省","access_date":"2016-12-06 11:52:01","account":"1***6","quantity":1,"handle_status":8,"order_type":"53","areaid":"511702","item_id":133},{"address":"山东省","access_date":"2016-12-06 11:52:01","account":"韩***燃","quantity":1,"handle_status":8,"order_type":"53","areaid":"371329","item_id":133},{"address":"江苏省","access_date":"2016-12-06 11:52:01","account":"y***c","quantity":1,"handle_status":8,"order_type":"53","areaid":"320902","item_id":133},{"address":"北京市","access_date":"2016-12-06 11:52:01","account":"s***o","quantity":1,"handle_status":8,"order_type":"53","areaid":"110105","item_id":133},{"address":"广东省","access_date":"2016-12-06 11:52:01","account":"1***3","quantity":1,"handle_status":8,"order_type":"53","areaid":"ff8080814cd0d0f4014cd56f66b80001","item_id":133},{"address":"河南省","access_date":"2016-12-06 11:52:01","account":"王***6","quantity":1,"handle_status":8,"order_type":"53","areaid":"410724","item_id":133},{"address":"甘肃省","access_date":"2016-12-06 11:52:01","account":"一***8","quantity":1,"handle_status":8,"order_type":"53","areaid":"620402","item_id":133},{"address":"江苏省","access_date":"2016-12-06 11:52:01","account":"飞***话","quantity":1,"handle_status":8,"order_type":"53","areaid":"320903","item_id":133},{"address":"福建省","access_date":"2016-12-06 11:52:01","account":"宾***果","quantity":1,"handle_status":8,"order_type":"53","areaid":"350206","item_id":133},{"address":"江苏省","access_date":"2016-12-06 11:52:01","account":"1***8","quantity":1,"handle_status":8,"order_type":"53","areaid":"320205","item_id":133},{"address":"上海市","access_date":"2016-12-06 11:52:01","account":"j***i","quantity":1,"handle_status":8,"order_type":"53","areaid":"310104","item_id":133},{"address":"内蒙古自治区","access_date":"2016-12-06 11:52:01","account":"1***7","quantity":1,"handle_status":8,"order_type":"53","areaid":"150621","item_id":133},{"address":"江西省","access_date":"2016-12-06 11:52:01","account":"f***r","quantity":1,"handle_status":8,"order_type":"53","areaid":"360103","item_id":133},{"address":"内蒙古自治区","access_date":"2016-12-06 11:52:01","account":"0***0","quantity":1,"handle_status":8,"order_type":"53","areaid":"150621","item_id":133},{"address":"山东省","access_date":"2016-12-06 11:52:01","account":"s***o","quantity":1,"handle_status":8,"order_type":"53","areaid":"370203","item_id":133},{"address":"辽宁省","access_date":"2016-12-06 11:52:01","account":"x***4","quantity":1,"handle_status":8,"order_type":"53","areaid":"210211","item_id":133},{"address":"陕西省","access_date":"2016-12-06 11:52:01","account":"s***9","quantity":1,"handle_status":8,"order_type":"53","areaid":"610102","item_id":133},{"address":"内蒙古自治区","access_date":"2016-12-06 11:52:01","account":"m***4","quantity":1,"handle_status":8,"order_type":"53","areaid":"150203","item_id":133},{"address":"河北省","access_date":"2016-12-06 11:52:01","account":"1***6","quantity":1,"handle_status":8,"order_type":"53","areaid":"130602","item_id":133},{"address":"广东省","access_date":"2016-12-06 11:52:01","account":"1***3","quantity":1,"handle_status":8,"order_type":"53","areaid":"440605","item_id":133},{"address":"广东省","access_date":"2016-12-06 11:52:01","account":"l***9","quantity":1,"handle_status":8,"order_type":"53","areaid":"440304","item_id":133},{"address":"江苏省","access_date":"2016-12-06 11:52:01","account":"s***1","quantity":1,"handle_status":8,"order_type":"53","areaid":"320506","item_id":133},{"address":"河北省","access_date":"2016-12-06 11:52:01","account":"1***4","quantity":1,"handle_status":8,"order_type":"53","areaid":"130108","item_id":133},{"address":"内蒙古自治区","access_date":"2016-12-06 11:52:01","account":"l***1","quantity":1,"handle_status":8,"order_type":"53","areaid":"150902","item_id":133},{"address":"辽宁省","access_date":"2016-12-06 11:52:01","account":"l***n","quantity":1,"handle_status":8,"order_type":"53","areaid":"210102","item_id":133},{"address":"浙江省","access_date":"2016-12-06 11:52:01","account":"q***j","quantity":1,"handle_status":8,"order_type":"53","areaid":"330382","item_id":133},{"address":"湖北省","access_date":"2016-12-06 11:52:01","account":"c***5","quantity":1,"handle_status":8,"order_type":"53","areaid":"420111","item_id":133},{"address":"广东省","access_date":"2016-12-06 11:52:01","account":"8***7","quantity":1,"handle_status":8,"order_type":"53","areaid":"445102","item_id":133},{"address":"黑龙江省","access_date":"2016-12-06 11:52:01","account":"老***9","quantity":1,"handle_status":8,"order_type":"53","areaid":"230111","item_id":133},{"address":"重庆市","access_date":"2016-12-06 11:52:01","account":"1***8","quantity":1,"handle_status":8,"order_type":"53","areaid":"500117","item_id":133},{"address":"天津市","access_date":"2016-12-06 11:52:01","account":"1***7","quantity":1,"handle_status":8,"order_type":"53","areaid":"120101","item_id":133},{"address":"浙江省","access_date":"2016-12-06 11:52:01","account":"w***y","quantity":1,"handle_status":8,"order_type":"53","areaid":"330782","item_id":133},{"address":"黑龙江省","access_date":"2016-12-06 11:52:01","account":"b***i","quantity":1,"handle_status":8,"order_type":"53","areaid":"230103","item_id":133},{"address":"北京市","access_date":"2016-12-06 11:52:01","account":"a***m","quantity":1,"handle_status":8,"order_type":"53","areaid":"110102","item_id":133},{"address":"江西省","access_date":"2016-12-06 11:52:01","account":"i***g","quantity":1,"handle_status":8,"order_type":"53","areaid":"360102","item_id":133},{"address":"江西省","access_date":"2016-12-06 11:52:01","account":"z***9","quantity":1,"handle_status":8,"order_type":"53","areaid":"360902","item_id":133},{"address":"辽宁省","access_date":"2016-12-06 11:52:01","account":"w***9","quantity":1,"handle_status":8,"order_type":"53","areaid":"210114","item_id":133},{"address":"湖南省","access_date":"2016-12-06 11:52:01","account":"j***h","quantity":1,"handle_status":8,"order_type":"53","areaid":"430781","item_id":133},{"address":"吉林省","access_date":"2016-12-06 11:52:01","account":"1***d","quantity":1,"handle_status":8,"order_type":"53","areaid":"220402","item_id":133},{"address":"北京市","access_date":"2016-12-06 11:52:01","account":"c***n","quantity":1,"handle_status":8,"order_type":"53","areaid":"110105","item_id":133},{"address":"陕西省","access_date":"2016-12-06 11:52:01","account":"c***3","quantity":1,"handle_status":8,"order_type":"53","areaid":"610111","item_id":133},{"address":"宁夏回族自治区","access_date":"2016-12-06 11:52:00","account":"1***4","quantity":1,"handle_status":8,"order_type":"53","areaid":"640402","item_id":133},{"address":"黑龙江省","access_date":"2016-12-06 11:52:00","account":"l***n","quantity":1,"handle_status":8,"order_type":"53","areaid":"230603","item_id":133},{"address":"陕西省","access_date":"2016-12-06 11:52:00","account":"1***8","quantity":1,"handle_status":8,"order_type":"53","areaid":"610113","item_id":133},{"address":"广东省","access_date":"2016-12-06 11:52:00","account":"c***9","quantity":1,"handle_status":8,"order_type":"53","areaid":"440306","item_id":133},{"address":"黑龙江省","access_date":"2016-12-06 11:52:00","account":"苏***秋","quantity":1,"handle_status":8,"order_type":"53","areaid":"231226","item_id":133},{"address":"陕西省","access_date":"2016-12-06 11:52:00","account":"X***1","quantity":1,"handle_status":8,"order_type":"53","areaid":"610113","item_id":133},{"address":"四川省","access_date":"2016-12-06 11:52:00","account":"l***1","quantity":1,"handle_status":8,"order_type":"53","areaid":"510106","item_id":133},{"address":"黑龙江省","access_date":"2016-12-06 11:52:00","account":"1***8","quantity":1,"handle_status":8,"order_type":"53","areaid":"230603","item_id":133},{"address":"陕西省","access_date":"2016-12-06 11:52:00","account":"胡***珍","quantity":1,"handle_status":-6,"order_type":"53","areaid":"610113","item_id":133},{"address":"上海市","access_date":"2016-12-06 11:52:00","account":"1***6","quantity":1,"handle_status":8,"order_type":"53","areaid":"310115","item_id":133},{"address":"辽宁省","access_date":"2016-12-06 11:52:00","account":"1***4","quantity":1,"handle_status":8,"order_type":"53","areaid":"211302","item_id":133},{"address":"重庆市","access_date":"2016-12-06 11:52:00","account":"k***0","quantity":1,"handle_status":8,"order_type":"53","areaid":"500113","item_id":133},{"address":"新疆维吾尔自治区","access_date":"2016-12-06 11:52:00","account":"陈***9","quantity":1,"handle_status":8,"order_type":"53","areaid":"652801","item_id":133},{"address":"上海市","access_date":"2016-12-06 11:52:00","account":"t***i","quantity":1,"handle_status":8,"order_type":"53","areaid":"310114","item_id":133},{"address":"江苏省","access_date":"2016-12-06 11:52:00","account":"n***y","quantity":1,"handle_status":8,"order_type":"53","areaid":"320583","item_id":133},{"address":"北京市","access_date":"2016-12-06 11:52:00","account":"q***t","quantity":1,"handle_status":8,"order_type":"53","areaid":"110101","item_id":133},{"address":"浙江省","access_date":"2016-12-06 11:52:00","account":"L***3","quantity":1,"handle_status":8,"order_type":"53","areaid":"330783","item_id":133},{"address":"江苏省","access_date":"2016-12-06 11:52:00","account":"1***2","quantity":1,"handle_status":8,"order_type":"53","areaid":"320411","item_id":133},{"address":"黑龙江省","access_date":"2016-12-06 11:52:00","account":"1***2","quantity":1,"handle_status":8,"order_type":"53","areaid":"230103","item_id":133},{"address":"江苏省","access_date":"2016-12-06 11:52:00","account":"z***q","quantity":1,"handle_status":8,"order_type":"53","areaid":"320104","item_id":133},{"address":"上海市","access_date":"2016-12-06 11:52:00","account":"z***6","quantity":1,"handle_status":8,"order_type":"53","areaid":"310115","item_id":133},{"address":"上海市","access_date":"2016-12-06 11:52:00","account":"1***9","quantity":1,"handle_status":8,"order_type":"53","areaid":"310115","item_id":133},{"address":"山东省","access_date":"2016-12-06 11:52:00","account":"d***o","quantity":1,"handle_status":8,"order_type":"53","areaid":"371082","item_id":133},{"address":"黑龙江省","access_date":"2016-12-06 11:52:00","account":"1***7","quantity":1,"handle_status":8,"order_type":"53","areaid":"230103","item_id":133},{"address":"黑龙江省","access_date":"2016-12-06 11:52:00","account":"1***3","quantity":1,"handle_status":8,"order_type":"53","areaid":"230103","item_id":133},{"address":"河北省","access_date":"2016-12-06 11:52:00","account":"蓝***5","quantity":1,"handle_status":8,"order_type":"53","areaid":"130102","item_id":133},{"address":"安徽省","access_date":"2016-12-06 11:52:00","account":"s***g","quantity":1,"handle_status":8,"order_type":"53","areaid":"340403","item_id":133},{"address":"河北省","access_date":"2016-12-06 11:52:00","account":"1***1","quantity":1,"handle_status":8,"order_type":"53","areaid":"130705","item_id":133},{"address":"山西省","access_date":"2016-12-06 11:52:00","account":"n***7","quantity":1,"handle_status":8,"order_type":"53","areaid":"140902","item_id":133},{"address":"黑龙江省","access_date":"2016-12-06 11:52:00","account":"1***5","quantity":1,"handle_status":8,"order_type":"53","areaid":"230103","item_id":133},{"address":"河南省","access_date":"2016-12-06 11:52:00","account":"v***1","quantity":1,"handle_status":8,"order_type":"53","areaid":"411526","item_id":133},{"address":"辽宁省","access_date":"2016-12-06 11:52:00","account":"1***8","quantity":1,"handle_status":8,"order_type":"53","areaid":"210401","item_id":133},{"address":"安徽省","access_date":"2016-12-06 11:52:00","account":"h***5","quantity":1,"handle_status":8,"order_type":"53","areaid":"340102","item_id":133},{"address":"黑龙江省","access_date":"2016-12-06 11:52:00","account":"1***4","quantity":1,"handle_status":8,"order_type":"53","areaid":"230103","item_id":133},{"address":"山东省","access_date":"2016-12-06 11:52:00","account":"h***6","quantity":1,"handle_status":8,"order_type":"53","areaid":"370783","item_id":133},{"address":"福建省","access_date":"2016-12-06 11:52:00","account":"地***8","quantity":1,"handle_status":8,"order_type":"53","areaid":"350402","item_id":133},{"address":"广东省","access_date":"2016-12-06 11:52:00","account":"1***8","quantity":1,"handle_status":8,"order_type":"53","areaid":"ff8080814cd0d0f4014cd571e2a50002","item_id":133},{"address":"吉林省","access_date":"2016-12-06 11:52:00","account":"y***6","quantity":1,"handle_status":8,"order_type":"53","areaid":"220781","item_id":133},{"address":"广东省","access_date":"2016-12-06 11:52:00","account":"z***n","quantity":1,"handle_status":8,"order_type":"53","areaid":"440606","item_id":133},{"address":"河南省","access_date":"2016-12-06 11:52:00","account":"l***n","quantity":1,"handle_status":8,"order_type":"53","areaid":"410104","item_id":133},{"address":"辽宁省","access_date":"2016-12-06 11:52:00","account":"边***8","quantity":1,"handle_status":8,"order_type":"53","areaid":"210204","item_id":133},{"address":"安徽省","access_date":"2016-12-06 11:52:00","account":"t***i","quantity":1,"handle_status":8,"order_type":"53","areaid":"341723","item_id":133},{"address":"黑龙江省","access_date":"2016-12-06 11:52:00","account":"砂***宝","quantity":1,"handle_status":8,"order_type":"53","areaid":"230621","item_id":133},{"address":"广东省","access_date":"2016-12-06 11:52:00","account":"c***5","quantity":1,"handle_status":8,"order_type":"53","areaid":"440882","item_id":133},{"address":"江西省","access_date":"2016-12-06 11:52:00","account":"z***9","quantity":1,"handle_status":8,"order_type":"53","areaid":"360902","item_id":133},{"address":"广东省","access_date":"2016-12-06 11:52:00","account":"c***s","quantity":1,"handle_status":8,"order_type":"53","areaid":"440606","item_id":133},{"address":"山西省","access_date":"2016-12-06 11:52:00","account":"1***5","quantity":1,"handle_status":8,"order_type":"53","areaid":"140109","item_id":133},{"address":"海南省","access_date":"2016-12-06 11:52:00","account":"陈***兰","quantity":1,"handle_status":8,"order_type":"53","areaid":"469029","item_id":133},{"address":"上海市","access_date":"2016-12-06 11:52:00","account":"b***1","quantity":1,"handle_status":8,"order_type":"53","areaid":"310110","item_id":133},{"address":"河北省","access_date":"2016-12-06 11:52:00","account":"王***珂","quantity":1,"handle_status":8,"order_type":"53","areaid":"130534","item_id":133},{"address":"贵州省","access_date":"2016-12-06 11:51:59","account":"l***2","quantity":1,"handle_status":8,"order_type":"53","areaid":"520115","item_id":133},{"address":"江苏省","access_date":"2016-12-06 11:51:59","account":"y***n","quantity":1,"handle_status":8,"order_type":"53","areaid":"320506","item_id":133},{"address":"宁夏回族自治区","access_date":"2016-12-06 11:51:59","account":"1***5","quantity":1,"handle_status":8,"order_type":"53","areaid":"640402","item_id":133},{"address":"江西省","access_date":"2016-12-06 11:51:59","account":"x***h","quantity":1,"handle_status":8,"order_type":"53","areaid":"361026","item_id":133},{"address":"湖南省","access_date":"2016-12-06 11:51:59","account":"w***w","quantity":1,"handle_status":8,"order_type":"53","areaid":"430405","item_id":133},{"address":"吉林省","access_date":"2016-12-06 11:51:59","account":"s***1","quantity":1,"handle_status":8,"order_type":"53","areaid":"220523","item_id":133},{"address":"安徽省","access_date":"2016-12-06 11:51:59","account":"a***t","quantity":1,"handle_status":8,"order_type":"53","areaid":"340202","item_id":133},{"address":"上海市","access_date":"2016-12-06 11:51:59","account":"1***3","quantity":1,"handle_status":8,"order_type":"53","areaid":"310115","item_id":133},{"address":"江西省","access_date":"2016-12-06 11:51:59","account":"w***1","quantity":1,"handle_status":8,"order_type":"53","areaid":"361128","item_id":133},{"address":"江西省","access_date":"2016-12-06 11:51:59","account":"l***2","quantity":1,"handle_status":8,"order_type":"53","areaid":"361128","item_id":133},{"address":"江西省","access_date":"2016-12-06 11:51:59","account":"l***5","quantity":1,"handle_status":8,"order_type":"53","areaid":"361128","item_id":133},{"address":"浙江省","access_date":"2016-12-06 11:51:59","account":"q***1","quantity":1,"handle_status":8,"order_type":"53","areaid":"330681","item_id":133},{"address":"安徽省","access_date":"2016-12-06 11:51:59","account":"w***c","quantity":1,"handle_status":8,"order_type":"53","areaid":"340202","item_id":133},{"address":"天津市","access_date":"2016-12-06 11:51:59","account":"m***5","quantity":1,"handle_status":8,"order_type":"53","areaid":"120113","item_id":133},{"address":"安徽省","access_date":"2016-12-06 11:51:59","account":"w***l","quantity":1,"handle_status":8,"order_type":"53","areaid":"340202","item_id":133},{"address":"山东省","access_date":"2016-12-06 11:51:59","account":"1***8","quantity":1,"handle_status":8,"order_type":"53","areaid":"371324","item_id":133},{"address":"浙江省","access_date":"2016-12-06 11:51:59","account":"h***q","quantity":1,"handle_status":8,"order_type":"53","areaid":"330282","item_id":133},{"address":"陕西省","access_date":"2016-12-06 11:51:59","account":"老***臭","quantity":1,"handle_status":8,"order_type":"53","areaid":"610525","item_id":133},{"address":"安徽省","access_date":"2016-12-06 11:51:59","account":"d***t","quantity":1,"handle_status":8,"order_type":"53","areaid":"340202","item_id":133},{"address":"河南省","access_date":"2016-12-06 11:51:59","account":"l***1","quantity":1,"handle_status":8,"order_type":"53","areaid":"410505","item_id":133},{"address":"上海市","access_date":"2016-12-06 11:51:59","account":"C***h","quantity":1,"handle_status":8,"order_type":"53","areaid":"310109","item_id":133},{"address":"上海市","access_date":"2016-12-06 11:51:59","account":"t***n","quantity":1,"handle_status":8,"order_type":"53","areaid":"310110","item_id":133},{"address":"上海市","access_date":"2016-12-06 11:51:59","account":"l***e","quantity":1,"handle_status":8,"order_type":"53","areaid":"310112","item_id":133},{"address":"四川省","access_date":"2016-12-06 11:51:59","account":"1***7","quantity":1,"handle_status":8,"order_type":"53","areaid":"510601","item_id":133},{"address":"河南省","access_date":"2016-12-06 11:51:59","account":"f***6","quantity":1,"handle_status":8,"order_type":"53","areaid":"410703","item_id":133},{"address":"广东省","access_date":"2016-12-06 11:51:59","account":"w***2","quantity":1,"handle_status":8,"order_type":"53","areaid":"440112","item_id":133},{"address":"甘肃省","access_date":"2016-12-06 11:51:59","account":"l***9","quantity":1,"handle_status":8,"order_type":"53","areaid":"621102","item_id":133},{"address":"山东省","access_date":"2016-12-06 11:51:59","account":"1***8","quantity":1,"handle_status":8,"order_type":"53","areaid":"370402","item_id":133},{"address":"山东省","access_date":"2016-12-06 11:51:59","account":"王***红","quantity":1,"handle_status":8,"order_type":"53","areaid":"370783","item_id":133},{"address":"内蒙古自治区","access_date":"2016-12-06 11:51:59","account":"w***0","quantity":1,"handle_status":8,"order_type":"53","areaid":"150203","item_id":133},{"address":"湖北省","access_date":"2016-12-06 11:51:59","account":"k***e","quantity":1,"handle_status":8,"order_type":"53","areaid":"420107","item_id":133},{"address":"江苏省","access_date":"2016-12-06 11:51:59","account":"1***7","quantity":1,"handle_status":8,"order_type":"53","areaid":"320381","item_id":133},{"address":"北京市","access_date":"2016-12-06 11:51:59","account":"l***6","quantity":1,"handle_status":8,"order_type":"53","areaid":"110108","item_id":133},{"address":"内蒙古自治区","access_date":"2016-12-06 11:51:59","account":"1***2","quantity":1,"handle_status":8,"order_type":"53","areaid":"150402","item_id":133},{"address":"上海市","access_date":"2016-12-06 11:51:59","account":"s***n","quantity":1,"handle_status":8,"order_type":"53","areaid":"310115","item_id":133},{"address":"山东省","access_date":"2016-12-06 11:51:59","account":"l***1","quantity":1,"handle_status":8,"order_type":"53","areaid":"371001","item_id":133},{"address":"北京市","access_date":"2016-12-06 11:51:59","account":"1***3","quantity":1,"handle_status":8,"order_type":"53","areaid":"110112","item_id":133},{"address":"山东省","access_date":"2016-12-06 11:51:59","account":"s***g","quantity":1,"handle_status":8,"order_type":"53","areaid":"371321","item_id":133},{"address":"黑龙江省","access_date":"2016-12-06 11:51:59","account":"d***3","quantity":1,"handle_status":8,"order_type":"53","areaid":"230302","item_id":133},{"address":"浙江省","access_date":"2016-12-06 11:51:59","account":"1***8","quantity":1,"handle_status":8,"order_type":"53","areaid":"330203","item_id":133},{"address":"福建省","access_date":"2016-12-06 11:51:59","account":"1***1","quantity":1,"handle_status":8,"order_type":"53","areaid":"350521","item_id":133},{"address":"上海市","access_date":"2016-12-06 11:51:59","account":"l***6","quantity":1,"handle_status":8,"order_type":"53","areaid":"310109","item_id":133},{"address":"辽宁省","access_date":"2016-12-06 11:51:59","account":"l***0","quantity":1,"handle_status":8,"order_type":"53","areaid":"210504","item_id":133},{"address":"河南省","access_date":"2016-12-06 11:51:59","account":"奋***人","quantity":1,"handle_status":8,"order_type":"53","areaid":"410728","item_id":133},{"address":"湖北省","access_date":"2016-12-06 11:51:59","account":"b***9","quantity":1,"handle_status":8,"order_type":"53","areaid":"420102","item_id":133},{"address":"江苏省","access_date":"2016-12-06 11:51:59","account":"x***g","quantity":1,"handle_status":8,"order_type":"53","areaid":"320113","item_id":133},{"address":"江西省","access_date":"2016-12-06 11:51:59","account":"王***j","quantity":1,"handle_status":8,"order_type":"53","areaid":"360826","item_id":133},{"address":"浙江省","access_date":"2016-12-06 11:51:59","account":"亲***5","quantity":1,"handle_status":8,"order_type":"53","areaid":"330781","item_id":133},{"address":"江苏省","access_date":"2016-12-06 11:51:59","account":"1***5","quantity":1,"handle_status":8,"order_type":"53","areaid":"320705","item_id":133},{"address":"湖北省","access_date":"2016-12-06 11:51:59","account":"胡***3","quantity":1,"handle_status":8,"order_type":"53","areaid":"420602","item_id":133},{"address":"浙江省","access_date":"2016-12-06 11:51:59","account":"f***6","quantity":1,"handle_status":8,"order_type":"53","areaid":"330602","item_id":133},{"address":"北京市","access_date":"2016-12-06 11:51:59","account":"1***6","quantity":1,"handle_status":8,"order_type":"53","areaid":"110109","item_id":133},{"address":"福建省","access_date":"2016-12-06 11:51:58","account":"1***9","quantity":1,"handle_status":8,"order_type":"53","areaid":"350626","item_id":133},{"address":"广西壮族自治区","access_date":"2016-12-06 11:51:58","account":"2***0","quantity":1,"handle_status":8,"order_type":"53","areaid":"450305","item_id":133},{"address":"天津市","access_date":"2016-12-06 11:51:58","account":"i***4","quantity":1,"handle_status":8,"order_type":"53","areaid":"120104","item_id":133},{"address":"河南省","access_date":"2016-12-06 11:51:58","account":"1***8","quantity":1,"handle_status":8,"order_type":"53","areaid":"411602","item_id":133},{"address":"上海市","access_date":"2016-12-06 11:51:58","account":"秦***6","quantity":1,"handle_status":8,"order_type":"53","areaid":"310114","item_id":133},{"address":"吉林省","access_date":"2016-12-06 11:51:58","account":"1***5","quantity":1,"handle_status":8,"order_type":"53","areaid":"220302","item_id":133},{"address":"江西省","access_date":"2016-12-06 11:51:58","account":"喻***毛","quantity":1,"handle_status":8,"order_type":"53","areaid":"360102","item_id":133},{"address":"宁夏回族自治区","access_date":"2016-12-06 11:51:58","account":"x***1","quantity":1,"handle_status":8,"order_type":"53","areaid":"640104","item_id":133},{"address":"浙江省","access_date":"2016-12-06 11:51:58","account":"g***8","quantity":1,"handle_status":8,"order_type":"53","areaid":"330108","item_id":133},{"address":"重庆市","access_date":"2016-12-06 11:51:58","account":"e***8","quantity":1,"handle_status":8,"order_type":"53","areaid":"500101","item_id":133},{"address":"江苏省","access_date":"2016-12-06 11:51:58","account":"1***1","quantity":1,"handle_status":8,"order_type":"53","areaid":"320582","item_id":133},{"address":"北京市","access_date":"2016-12-06 11:51:58","account":"1***8","quantity":1,"handle_status":8,"order_type":"53","areaid":"110108","item_id":133},{"address":"浙江省","access_date":"2016-12-06 11:51:58","account":"y***8","quantity":1,"handle_status":8,"order_type":"53","areaid":"330205","item_id":133},{"address":"辽宁省","access_date":"2016-12-06 11:51:58","account":"b***g","quantity":1,"handle_status":8,"order_type":"53","areaid":"210102","item_id":133},{"address":"广东省","access_date":"2016-12-06 11:51:58","account":"w***i","quantity":1,"handle_status":8,"order_type":"53","areaid":"440304","item_id":133},{"address":"黑龙江省","access_date":"2016-12-06 11:51:58","account":"1***3","quantity":1,"handle_status":8,"order_type":"53","areaid":"230103","item_id":133},{"address":"内蒙古自治区","access_date":"2016-12-06 11:51:58","account":"w***e","quantity":1,"handle_status":8,"order_type":"53","areaid":"150627","item_id":133},{"address":"福建省","access_date":"2016-12-06 11:51:58","account":"j***8","quantity":1,"handle_status":8,"order_type":"53","areaid":"350104","item_id":133},{"address":"内蒙古自治区","access_date":"2016-12-06 11:51:58","account":"n***h","quantity":1,"handle_status":8,"order_type":"53","areaid":"150402","item_id":133},{"address":"内蒙古自治区","access_date":"2016-12-06 11:51:58","account":"2***8","quantity":1,"handle_status":8,"order_type":"53","areaid":"150402","item_id":133},{"address":"广西壮族自治区","access_date":"2016-12-06 11:51:58","account":"l***0","quantity":1,"handle_status":8,"order_type":"53","areaid":"450102","item_id":133},{"address":"湖南省","access_date":"2016-12-06 11:51:58","account":"1***6","quantity":1,"handle_status":8,"order_type":"53","areaid":"431002","item_id":133},{"address":"广东省","access_date":"2016-12-06 11:51:58","account":"r***d","quantity":1,"handle_status":8,"order_type":"53","areaid":"440515","item_id":133},{"address":"江苏省","access_date":"2016-12-06 11:51:58","account":"7***2","quantity":1,"handle_status":8,"order_type":"53","areaid":"320113","item_id":133},{"address":"江西省","access_date":"2016-12-06 11:51:58","account":"1***6","quantity":1,"handle_status":8,"order_type":"53","areaid":"360730","item_id":133},{"address":"北京市","access_date":"2016-12-06 11:51:58","account":"y***1","quantity":1,"handle_status":8,"order_type":"53","areaid":"110112","item_id":133},{"address":"浙江省","access_date":"2016-12-06 11:51:58","account":"z***4","quantity":1,"handle_status":8,"order_type":"53","areaid":"331003","item_id":133},{"address":"江苏省","access_date":"2016-12-06 11:51:58","account":"w***6","quantity":1,"handle_status":8,"order_type":"53","areaid":"320322","item_id":133}]