[{"address":"山东省","access_date":"2016-04-19 10:05:37","account":"疯***3","quantity":1,"handle_status":8,"order_type":"53","areaid":"370214","item_id":82},{"address":"北京市","access_date":"2016-04-19 10:05:37","account":"1***4","quantity":1,"handle_status":-6,"order_type":"53","areaid":"110115","item_id":82},{"address":"北京市","access_date":"2016-04-19 10:05:37","account":"1***3","quantity":1,"handle_status":-6,"order_type":"53","areaid":"110115","item_id":82},{"address":"北京市","access_date":"2016-04-19 10:05:37","account":"1***6","quantity":1,"handle_status":-6,"order_type":"53","areaid":"110115","item_id":82},{"address":"北京市","access_date":"2016-04-19 10:05:37","account":"1***0","quantity":1,"handle_status":-6,"order_type":"53","areaid":"110115","item_id":82},{"address":"北京市","access_date":"2016-04-19 10:05:37","account":"1***4","quantity":1,"handle_status":-6,"order_type":"53","areaid":"110115","item_id":82},{"address":"山东省","access_date":"2016-04-19 10:05:37","account":"z***o","quantity":1,"handle_status":8,"order_type":"53","areaid":"370786","item_id":82},{"address":"北京市","access_date":"2016-04-19 10:05:37","account":"1***3","quantity":1,"handle_status":-6,"order_type":"53","areaid":"110115","item_id":82},{"address":"江苏省","access_date":"2016-04-19 10:05:37","account":"1***1","quantity":1,"handle_status":8,"order_type":"53","areaid":"320105","item_id":82},{"address":"河南省","access_date":"2016-04-19 10:05:37","account":"1***8","quantity":1,"handle_status":8,"order_type":"53","areaid":"410725","item_id":82},{"address":"辽宁省","access_date":"2016-04-19 10:05:37","account":"1***6","quantity":1,"handle_status":8,"order_type":"53","areaid":"210104","item_id":82},{"address":"北京市","access_date":"2016-04-19 10:05:37","account":"1***8","quantity":1,"handle_status":8,"order_type":"53","areaid":"110102","item_id":82},{"address":"安徽省","access_date":"2016-04-19 10:05:37","account":"1***9","quantity":1,"handle_status":8,"order_type":"53","areaid":"341301","item_id":82},{"address":"江西省","access_date":"2016-04-19 10:05:37","account":"h***g","quantity":1,"handle_status":8,"order_type":"53","areaid":"360902","item_id":82},{"address":"河北省","access_date":"2016-04-19 10:05:37","account":"1***9","quantity":1,"handle_status":8,"order_type":"53","areaid":"130627","item_id":82},{"address":"江西省","access_date":"2016-04-19 10:05:37","account":"o***k","quantity":1,"handle_status":8,"order_type":"53","areaid":"360102","item_id":82},{"address":"河南省","access_date":"2016-04-19 10:05:37","account":"w***8","quantity":1,"handle_status":8,"order_type":"53","areaid":"411002","item_id":82},{"address":"湖北省","access_date":"2016-04-19 10:05:37","account":"1***0","quantity":1,"handle_status":8,"order_type":"53","areaid":"421002","item_id":82},{"address":"山东省","access_date":"2016-04-19 10:05:37","account":"1***9","quantity":1,"handle_status":8,"order_type":"53","areaid":"371001","item_id":82},{"address":"上海市","access_date":"2016-04-19 10:05:37","account":"w***l","quantity":1,"handle_status":8,"order_type":"53","areaid":"310107","item_id":82},{"address":"四川省","access_date":"2016-04-19 10:05:37","account":"天***9","quantity":1,"handle_status":8,"order_type":"53","areaid":"511601","item_id":82},{"address":"河南省","access_date":"2016-04-19 10:05:37","account":"c***5","quantity":1,"handle_status":8,"order_type":"53","areaid":"410104","item_id":82},{"address":"上海市","access_date":"2016-04-19 10:05:37","account":"张***芳","quantity":1,"handle_status":8,"order_type":"53","areaid":"310115","item_id":82},{"address":"辽宁省","access_date":"2016-04-19 10:05:37","account":"1***1","quantity":1,"handle_status":8,"order_type":"53","areaid":"210404","item_id":82},{"address":"辽宁省","access_date":"2016-04-19 10:05:37","account":"1***7","quantity":1,"handle_status":8,"order_type":"53","areaid":"210302","item_id":82},{"address":"上海市","access_date":"2016-04-19 10:05:37","account":"g***2","quantity":1,"handle_status":8,"order_type":"53","areaid":"310115","item_id":82},{"address":"江苏省","access_date":"2016-04-19 10:05:37","account":"7***6","quantity":1,"handle_status":8,"order_type":"53","areaid":"320282","item_id":82},{"address":"广东省","access_date":"2016-04-19 10:05:37","account":"曾***坚","quantity":1,"handle_status":8,"order_type":"53","areaid":"441424","item_id":82},{"address":"广东省","access_date":"2016-04-19 10:05:37","account":"y***o","quantity":1,"handle_status":8,"order_type":"53","areaid":"440104","item_id":82}]