[{"address":"湖北省","access_date":"2017-03-12 00:21:17","account":"l***0","quantity":1,"handle_status":8,"order_type":"2","areaid":"421024","item_id":160},{"address":"陕西省","access_date":"2017-03-11 11:09:34","account":"J***n","quantity":1,"handle_status":8,"order_type":"2","areaid":"610702","item_id":160},{"address":"浙江省","access_date":"2017-03-11 01:23:20","account":"l***6","quantity":1,"handle_status":8,"order_type":"2","areaid":"330424","item_id":160},{"address":"广东省","access_date":"2017-03-11 00:57:10","account":"s***j","quantity":1,"handle_status":8,"order_type":"2","areaid":"440204","item_id":160},{"address":"浙江省","access_date":"2017-03-11 00:14:23","account":"汪***雪","quantity":1,"handle_status":-6,"order_type":"2","areaid":"330382","item_id":160},{"address":"上海市","access_date":"2017-03-10 20:27:27","account":"1***3","quantity":1,"handle_status":8,"order_type":"2","areaid":"310112","item_id":160},{"address":"浙江省","access_date":"2017-03-10 18:00:26","account":"1***3","quantity":1,"handle_status":8,"order_type":"2","areaid":"330108","item_id":160},{"address":"青海省","access_date":"2017-03-10 17:09:43","account":"z***8","quantity":1,"handle_status":8,"order_type":"2","areaid":"630103","item_id":160},{"address":"江苏省","access_date":"2017-03-10 16:57:38","account":"x***6","quantity":1,"handle_status":-6,"order_type":"2","areaid":"320111","item_id":160},{"address":"广东省","access_date":"2017-03-10 16:51:39","account":"a***9","quantity":1,"handle_status":8,"order_type":"2","areaid":"ff8080814cd0d0f4014cd571e2a50002","item_id":160},{"address":"江苏省","access_date":"2017-03-10 16:28:51","account":"于***龙","quantity":2,"handle_status":-6,"order_type":"2","areaid":"320111","item_id":160},{"address":"浙江省","access_date":"2017-03-10 16:22:43","account":"t***y","quantity":1,"handle_status":8,"order_type":"2","areaid":"330110","item_id":160},{"address":"浙江省","access_date":"2017-03-10 15:42:30","account":"z***5","quantity":1,"handle_status":8,"order_type":"2","areaid":"330381","item_id":160},{"address":"上海市","access_date":"2017-03-10 15:40:52","account":"1***8","quantity":1,"handle_status":8,"order_type":"2","areaid":"310116","item_id":160},{"address":"北京市","access_date":"2017-03-10 15:39:40","account":"l***n","quantity":1,"handle_status":8,"order_type":"2","areaid":"110106","item_id":160},{"address":"江苏省","access_date":"2017-03-10 15:36:54","account":"y***8","quantity":1,"handle_status":8,"order_type":"2","areaid":"320902","item_id":160},{"address":"青海省","access_date":"2017-03-10 15:36:52","account":"阳***a","quantity":1,"handle_status":-6,"order_type":"2","areaid":"632621","item_id":160},{"address":"福建省","access_date":"2017-03-10 15:36:30","account":"f***u","quantity":1,"handle_status":-6,"order_type":"2","areaid":"350102","item_id":160},{"address":"山东省","access_date":"2017-03-10 15:36:24","account":"c***j","quantity":1,"handle_status":8,"order_type":"2","areaid":"370502","item_id":160},{"address":"河南省","access_date":"2017-03-10 15:36:19","account":"1***5","quantity":1,"handle_status":8,"order_type":"2","areaid":"410105","item_id":160},{"address":"上海市","access_date":"2017-03-10 14:11:48","account":"z***a","quantity":1,"handle_status":8,"order_type":"2","areaid":"310115","item_id":160},{"address":"天津市","access_date":"2017-03-10 14:11:44","account":"w***n","quantity":1,"handle_status":8,"order_type":"2","areaid":"120110","item_id":160},{"address":"辽宁省","access_date":"2017-03-10 14:11:42","account":"1***5","quantity":1,"handle_status":8,"order_type":"2","areaid":"210211","item_id":160},{"address":"内蒙古自治区","access_date":"2017-03-10 14:11:20","account":"g***3","quantity":1,"handle_status":8,"order_type":"2","areaid":"150602","item_id":160},{"address":"江苏省","access_date":"2017-03-10 14:11:03","account":"s***e","quantity":1,"handle_status":8,"order_type":"2","areaid":"320281","item_id":160},{"address":"福建省","access_date":"2017-03-10 14:10:55","account":"s***n","quantity":1,"handle_status":8,"order_type":"2","areaid":"350304","item_id":160},{"address":"湖南省","access_date":"2017-03-10 14:10:54","account":"s***g","quantity":1,"handle_status":8,"order_type":"2","areaid":"431302","item_id":160},{"address":"上海市","access_date":"2017-03-10 14:10:27","account":"o***3","quantity":1,"handle_status":8,"order_type":"2","areaid":"310109","item_id":160},{"address":"江苏省","access_date":"2017-03-10 14:10:26","account":"d***5","quantity":1,"handle_status":8,"order_type":"2","areaid":"321201","item_id":160},{"address":"江苏省","access_date":"2017-03-10 14:10:22","account":"z***6","quantity":1,"handle_status":8,"order_type":"2","areaid":"320902","item_id":160},{"address":"黑龙江省","access_date":"2017-03-10 14:10:14","account":"1***9","quantity":1,"handle_status":8,"order_type":"2","areaid":"230110","item_id":160},{"address":"陕西省","access_date":"2017-03-10 14:09:55","account":"谢***圆","quantity":1,"handle_status":8,"order_type":"2","areaid":"610113","item_id":160},{"address":"上海市","access_date":"2017-03-10 14:09:39","account":"u***a","quantity":1,"handle_status":8,"order_type":"2","areaid":"310112","item_id":160},{"address":"山西省","access_date":"2017-03-10 14:09:17","account":"L***G","quantity":1,"handle_status":8,"order_type":"2","areaid":"140109","item_id":160},{"address":"重庆市","access_date":"2017-03-10 14:09:15","account":"z***6","quantity":1,"handle_status":8,"order_type":"2","areaid":"500112","item_id":160},{"address":"江苏省","access_date":"2017-03-10 14:08:59","account":"1***6","quantity":2,"handle_status":8,"order_type":"2","areaid":"320105","item_id":160},{"address":"北京市","access_date":"2017-03-10 14:08:52","account":"1***2","quantity":1,"handle_status":8,"order_type":"2","areaid":"110105","item_id":160},{"address":"浙江省","access_date":"2017-03-10 14:08:45","account":"f***s","quantity":1,"handle_status":8,"order_type":"2","areaid":"330302","item_id":160},{"address":"广东省","access_date":"2017-03-10 14:07:43","account":"史***安","quantity":1,"handle_status":8,"order_type":"2","areaid":"440113","item_id":160},{"address":"四川省","access_date":"2017-03-10 14:07:37","account":"l***1","quantity":1,"handle_status":-4,"order_type":"2","areaid":"510122","item_id":160},{"address":"吉林省","access_date":"2017-03-10 14:06:59","account":"邵***玉","quantity":1,"handle_status":8,"order_type":"2","areaid":"220104","item_id":160},{"address":"山东省","access_date":"2017-03-10 14:06:51","account":"c***8","quantity":1,"handle_status":8,"order_type":"2","areaid":"370103","item_id":160},{"address":"山西省","access_date":"2017-03-10 14:06:27","account":"c***4","quantity":1,"handle_status":8,"order_type":"2","areaid":"140202","item_id":160},{"address":"广东省","access_date":"2017-03-10 14:05:42","account":"z***w","quantity":1,"handle_status":8,"order_type":"2","areaid":"440105","item_id":160},{"address":"广西壮族自治区","access_date":"2017-03-10 14:05:04","account":"c***e","quantity":1,"handle_status":8,"order_type":"2","areaid":"450703","item_id":160},{"address":"广东省","access_date":"2017-03-10 14:04:44","account":"1***9","quantity":1,"handle_status":8,"order_type":"2","areaid":"440106","item_id":160},{"address":"上海市","access_date":"2017-03-10 14:03:54","account":"e***6","quantity":1,"handle_status":8,"order_type":"2","areaid":"310115","item_id":160},{"address":"北京市","access_date":"2017-03-10 14:03:50","account":"z***i","quantity":1,"handle_status":8,"order_type":"2","areaid":"110109","item_id":160},{"address":"湖北省","access_date":"2017-03-10 14:03:41","account":"y***d","quantity":1,"handle_status":8,"order_type":"2","areaid":"420901","item_id":160},{"address":"河北省","access_date":"2017-03-10 14:03:02","account":"y***1","quantity":1,"handle_status":8,"order_type":"2","areaid":"130821","item_id":160},{"address":"上海市","access_date":"2017-03-10 14:01:19","account":"j***z","quantity":1,"handle_status":8,"order_type":"2","areaid":"310115","item_id":160}]