[{"address":"广东省","access_date":"2016-05-19 01:27:45","account":"l***5","quantity":1,"handle_status":8,"order_type":"2","areaid":"441303","item_id":85},{"address":"广东省","access_date":"2016-05-18 18:31:25","account":"w***6","quantity":1,"handle_status":8,"order_type":"2","areaid":"440307","item_id":85},{"address":"广东省","access_date":"2016-05-18 15:39:46","account":"w***6","quantity":1,"handle_status":8,"order_type":"2","areaid":"440307","item_id":85},{"address":"青海省","access_date":"2016-05-18 15:17:15","account":"s***u","quantity":1,"handle_status":8,"order_type":"2","areaid":"630105","item_id":85},{"address":"湖北省","access_date":"2016-05-18 13:04:15","account":"1***7","quantity":1,"handle_status":8,"order_type":"2","areaid":"420106","item_id":85},{"address":"浙江省","access_date":"2016-05-18 12:29:29","account":"懒***网","quantity":1,"handle_status":8,"order_type":"2","areaid":"330282","item_id":85},{"address":"辽宁省","access_date":"2016-05-17 19:43:54","account":"1***2","quantity":1,"handle_status":8,"order_type":"2","areaid":"210204","item_id":85},{"address":"贵州省","access_date":"2016-05-17 15:55:23","account":"1***0","quantity":1,"handle_status":8,"order_type":"2","areaid":"520102","item_id":85},{"address":"上海市","access_date":"2016-05-16 19:03:23","account":"r***2","quantity":1,"handle_status":8,"order_type":"2","areaid":"310115","item_id":85},{"address":"山西省","access_date":"2016-05-16 18:26:32","account":"X***o","quantity":1,"handle_status":8,"order_type":"2","areaid":"140881","item_id":85},{"address":"河北省","access_date":"2016-05-16 15:38:31","account":"秋***爽","quantity":1,"handle_status":8,"order_type":"2","areaid":"130105","item_id":85},{"address":"上海市","access_date":"2016-05-16 13:36:34","account":"l***s","quantity":1,"handle_status":8,"order_type":"2","areaid":"310112","item_id":85},{"address":"浙江省","access_date":"2016-05-16 13:17:06","account":"b***i","quantity":1,"handle_status":8,"order_type":"2","areaid":"330212","item_id":85},{"address":"辽宁省","access_date":"2016-05-16 13:09:53","account":"1***0","quantity":1,"handle_status":8,"order_type":"2","areaid":"210281","item_id":85},{"address":"山西省","access_date":"2016-05-16 11:31:46","account":"1***1","quantity":1,"handle_status":8,"order_type":"2","areaid":"140106","item_id":85},{"address":"四川省","access_date":"2016-05-16 10:44:05","account":"t***3","quantity":1,"handle_status":8,"order_type":"2","areaid":"511527","item_id":85},{"address":"山西省","access_date":"2016-05-15 16:31:53","account":"z***5","quantity":1,"handle_status":8,"order_type":"2","areaid":"141002","item_id":85},{"address":"内蒙古自治区","access_date":"2016-05-15 15:03:53","account":"w***c","quantity":1,"handle_status":8,"order_type":"2","areaid":"150621","item_id":85},{"address":"上海市","access_date":"2016-05-15 12:26:10","account":"g***8","quantity":1,"handle_status":8,"order_type":"2","areaid":"310112","item_id":85},{"address":"北京市","access_date":"2016-05-15 01:01:06","account":"h***u","quantity":2,"handle_status":8,"order_type":"2","areaid":"110102","item_id":85},{"address":"北京市","access_date":"2016-05-15 00:48:57","account":"h***u","quantity":2,"handle_status":8,"order_type":"2","areaid":"110102","item_id":85},{"address":"山西省","access_date":"2016-05-13 22:43:08","account":"q***w","quantity":1,"handle_status":8,"order_type":"2","areaid":"140106","item_id":85},{"address":"天津市","access_date":"2016-05-13 20:22:14","account":"l***5","quantity":1,"handle_status":8,"order_type":"2","areaid":"120104","item_id":85},{"address":"天津市","access_date":"2016-05-13 14:07:51","account":"末***闻","quantity":1,"handle_status":8,"order_type":"2","areaid":"120114","item_id":85},{"address":"江西省","access_date":"2016-05-13 14:01:41","account":"1***7","quantity":1,"handle_status":8,"order_type":"2","areaid":"361026","item_id":85},{"address":"天津市","access_date":"2016-05-13 13:07:05","account":"梁***梁","quantity":1,"handle_status":8,"order_type":"2","areaid":"120114","item_id":85},{"address":"天津市","access_date":"2016-05-13 12:58:08","account":"k***6","quantity":1,"handle_status":8,"order_type":"2","areaid":"120114","item_id":85},{"address":"广东省","access_date":"2016-05-13 11:06:44","account":"p***g","quantity":1,"handle_status":8,"order_type":"2","areaid":"440303","item_id":85},{"address":"河北省","access_date":"2016-05-13 10:16:36","account":"小***斌","quantity":1,"handle_status":8,"order_type":"2","areaid":"130705","item_id":85},{"address":"山西省","access_date":"2016-05-12 17:17:29","account":"长***o","quantity":1,"handle_status":8,"order_type":"2","areaid":"141021","item_id":85},{"address":"内蒙古自治区","access_date":"2016-05-12 16:24:20","account":"1***4","quantity":1,"handle_status":8,"order_type":"2","areaid":"150621","item_id":85},{"address":"黑龙江省","access_date":"2016-05-12 14:24:29","account":"y***p","quantity":1,"handle_status":8,"order_type":"2","areaid":"230103","item_id":85}]