[{"address":"湖南省","access_date":"2017-02-13 01:04:09","account":"1***9","quantity":1,"handle_status":8,"order_type":"2","areaid":"430111","item_id":107},{"address":"浙江省","access_date":"2017-02-10 23:22:44","account":"m***4","quantity":1,"handle_status":8,"order_type":"2","areaid":"330822","item_id":107},{"address":"北京市","access_date":"2017-02-10 17:40:13","account":"1***0","quantity":1,"handle_status":8,"order_type":"2","areaid":"110105","item_id":107},{"address":"北京市","access_date":"2017-02-10 17:23:25","account":"z***i","quantity":1,"handle_status":-6,"order_type":"2","areaid":"110108","item_id":107},{"address":"辽宁省","access_date":"2016-10-17 21:54:47","account":"l***2","quantity":1,"handle_status":8,"order_type":"2","areaid":"211002","item_id":107},{"address":"广西壮族自治区","access_date":"2016-10-17 21:49:18","account":"1***8","quantity":1,"handle_status":8,"order_type":"2","areaid":"450331","item_id":107},{"address":"河北省","access_date":"2016-10-17 20:00:55","account":"s***2","quantity":1,"handle_status":8,"order_type":"2","areaid":"131003","item_id":107},{"address":"广东省","access_date":"2016-10-17 19:57:51","account":"1***9","quantity":1,"handle_status":8,"order_type":"2","areaid":"440106","item_id":107},{"address":"广东省","access_date":"2016-10-17 19:54:06","account":"1***1","quantity":1,"handle_status":8,"order_type":"2","areaid":"ff8080814cd0d0f4014cd571e2a50002","item_id":107},{"address":"上海市","access_date":"2016-10-17 18:27:37","account":"z***a","quantity":1,"handle_status":8,"order_type":"2","areaid":"310115","item_id":107},{"address":"广东省","access_date":"2016-10-17 18:10:54","account":"y***e","quantity":1,"handle_status":8,"order_type":"2","areaid":"440507","item_id":107},{"address":"江苏省","access_date":"2016-10-17 17:58:52","account":"y***g","quantity":1,"handle_status":8,"order_type":"2","areaid":"320115","item_id":107},{"address":"江西省","access_date":"2016-10-17 17:55:51","account":"1***5","quantity":1,"handle_status":8,"order_type":"2","areaid":"360302","item_id":107},{"address":"上海市","access_date":"2016-10-17 17:50:19","account":"f***n","quantity":1,"handle_status":8,"order_type":"2","areaid":"310105","item_id":107},{"address":"江苏省","access_date":"2016-10-17 17:50:02","account":"1***1","quantity":1,"handle_status":8,"order_type":"2","areaid":"320803","item_id":107},{"address":"湖北省","access_date":"2016-10-17 17:44:17","account":"z***f","quantity":1,"handle_status":8,"order_type":"2","areaid":"420502","item_id":107},{"address":"上海市","access_date":"2016-10-17 17:34:29","account":"a***i","quantity":1,"handle_status":8,"order_type":"2","areaid":"310110","item_id":107},{"address":"山西省","access_date":"2016-10-17 17:22:57","account":"东***3","quantity":1,"handle_status":8,"order_type":"2","areaid":"140402","item_id":107},{"address":"新疆维吾尔自治区","access_date":"2016-10-17 17:21:44","account":"3***0","quantity":1,"handle_status":8,"order_type":"2","areaid":"654202","item_id":107},{"address":"湖北省","access_date":"2016-10-17 17:11:34","account":"b***9","quantity":1,"handle_status":8,"order_type":"2","areaid":"420102","item_id":107},{"address":"辽宁省","access_date":"2016-10-17 17:02:30","account":"w***8","quantity":1,"handle_status":8,"order_type":"2","areaid":"211402","item_id":107},{"address":"陕西省","access_date":"2016-10-17 17:01:34","account":"1***9","quantity":1,"handle_status":8,"order_type":"2","areaid":"610821","item_id":107},{"address":"广东省","access_date":"2016-10-17 16:59:37","account":"1***5","quantity":1,"handle_status":8,"order_type":"2","areaid":"440304","item_id":107},{"address":"浙江省","access_date":"2016-10-17 16:59:30","account":"d***g","quantity":1,"handle_status":8,"order_type":"2","areaid":"330108","item_id":107},{"address":"内蒙古自治区","access_date":"2016-10-17 16:58:51","account":"李***军","quantity":1,"handle_status":8,"order_type":"2","areaid":"150102","item_id":107},{"address":"辽宁省","access_date":"2016-10-17 16:55:44","account":"k***g","quantity":1,"handle_status":8,"order_type":"2","areaid":"210782","item_id":107},{"address":"辽宁省","access_date":"2016-10-17 16:54:13","account":"j***s","quantity":1,"handle_status":8,"order_type":"2","areaid":"210782","item_id":107},{"address":"上海市","access_date":"2016-10-17 16:51:26","account":"1***9","quantity":1,"handle_status":8,"order_type":"2","areaid":"310115","item_id":107},{"address":"安徽省","access_date":"2016-10-17 16:47:25","account":"c***1","quantity":1,"handle_status":8,"order_type":"2","areaid":"340403","item_id":107},{"address":"黑龙江省","access_date":"2016-10-17 16:38:29","account":"田***安","quantity":1,"handle_status":8,"order_type":"2","areaid":"230822","item_id":107},{"address":"山东省","access_date":"2016-10-17 16:37:52","account":"x***1","quantity":1,"handle_status":8,"order_type":"2","areaid":"370213","item_id":107},{"address":"天津市","access_date":"2016-10-17 16:37:42","account":"晏***杰","quantity":1,"handle_status":8,"order_type":"2","areaid":"120101","item_id":107},{"address":"山东省","access_date":"2016-10-17 16:25:12","account":"a***a","quantity":1,"handle_status":8,"order_type":"2","areaid":"371324","item_id":107},{"address":"北京市","access_date":"2016-10-17 16:23:56","account":"l***1","quantity":1,"handle_status":8,"order_type":"2","areaid":"110105","item_id":107},{"address":"江苏省","access_date":"2016-10-17 16:20:09","account":"5***2","quantity":1,"handle_status":8,"order_type":"2","areaid":"320612","item_id":107},{"address":"福建省","access_date":"2016-10-17 16:20:06","account":"l***6","quantity":1,"handle_status":8,"order_type":"2","areaid":"350521","item_id":107},{"address":"安徽省","access_date":"2016-10-17 16:18:06","account":"1***3","quantity":1,"handle_status":8,"order_type":"2","areaid":"341523","item_id":107},{"address":"辽宁省","access_date":"2016-10-17 16:16:45","account":"彩***0","quantity":1,"handle_status":8,"order_type":"2","areaid":"210803","item_id":107},{"address":"新疆维吾尔自治区","access_date":"2016-10-17 16:06:48","account":"r***b","quantity":1,"handle_status":8,"order_type":"2","areaid":"653201","item_id":107},{"address":"重庆市","access_date":"2016-10-17 16:04:15","account":"6***h","quantity":1,"handle_status":8,"order_type":"2","areaid":"500111","item_id":107},{"address":"辽宁省","access_date":"2016-10-17 16:04:09","account":"霍***0","quantity":1,"handle_status":8,"order_type":"2","areaid":"210703","item_id":107},{"address":"辽宁省","access_date":"2016-10-17 16:04:07","account":"m***a","quantity":1,"handle_status":8,"order_type":"2","areaid":"210105","item_id":107},{"address":"上海市","access_date":"2016-10-17 16:04:01","account":"y***5","quantity":1,"handle_status":8,"order_type":"2","areaid":"310107","item_id":107},{"address":"山东省","access_date":"2016-10-17 16:03:33","account":"k***8","quantity":1,"handle_status":8,"order_type":"2","areaid":"371302","item_id":107},{"address":"江苏省","access_date":"2016-10-17 15:57:15","account":"梁***杰","quantity":1,"handle_status":8,"order_type":"2","areaid":"320381","item_id":107},{"address":"云南省","access_date":"2016-10-17 15:55:17","account":"l***y","quantity":1,"handle_status":8,"order_type":"2","areaid":"530111","item_id":107},{"address":"四川省","access_date":"2016-10-17 15:53:09","account":"l***5","quantity":1,"handle_status":8,"order_type":"2","areaid":"511802","item_id":107},{"address":"四川省","access_date":"2016-10-17 15:51:54","account":"z***6","quantity":1,"handle_status":8,"order_type":"2","areaid":"511002","item_id":107},{"address":"重庆市","access_date":"2016-10-17 15:48:32","account":"b***i","quantity":1,"handle_status":8,"order_type":"2","areaid":"500118","item_id":107},{"address":"北京市","access_date":"2016-10-17 15:42:37","account":"魏***军","quantity":1,"handle_status":8,"order_type":"2","areaid":"110102","item_id":107},{"address":"北京市","access_date":"2016-10-17 15:42:35","account":"1***1","quantity":1,"handle_status":8,"order_type":"2","areaid":"110108","item_id":107},{"address":"江西省","access_date":"2016-10-17 15:39:18","account":"j***s","quantity":1,"handle_status":8,"order_type":"2","areaid":"361102","item_id":107},{"address":"河南省","access_date":"2016-10-17 15:34:38","account":"n***j","quantity":1,"handle_status":8,"order_type":"2","areaid":"411302","item_id":107},{"address":"上海市","access_date":"2016-10-17 15:28:14","account":"g***2","quantity":1,"handle_status":8,"order_type":"2","areaid":"310107","item_id":107},{"address":"广西壮族自治区","access_date":"2016-10-17 15:26:23","account":"r***1","quantity":1,"handle_status":8,"order_type":"2","areaid":"450405","item_id":107},{"address":"河北省","access_date":"2016-10-17 15:25:55","account":"H***B","quantity":1,"handle_status":8,"order_type":"2","areaid":"130404","item_id":107},{"address":"北京市","access_date":"2016-10-17 15:25:49","account":"李***培","quantity":1,"handle_status":8,"order_type":"2","areaid":"110105","item_id":107},{"address":"江苏省","access_date":"2016-10-17 15:24:56","account":"伊***2","quantity":1,"handle_status":8,"order_type":"2","areaid":"320829","item_id":107},{"address":"河北省","access_date":"2016-10-17 15:24:12","account":"l***g","quantity":1,"handle_status":8,"order_type":"2","areaid":"130104","item_id":107},{"address":"上海市","access_date":"2016-10-17 15:22:39","account":"y***1","quantity":1,"handle_status":8,"order_type":"2","areaid":"310113","item_id":107},{"address":"河北省","access_date":"2016-10-17 15:22:35","account":"g***s","quantity":1,"handle_status":8,"order_type":"2","areaid":"130402","item_id":107},{"address":"江苏省","access_date":"2016-10-17 15:18:09","account":"1***0","quantity":1,"handle_status":8,"order_type":"2","areaid":"320412","item_id":107},{"address":"浙江省","access_date":"2016-10-17 15:11:45","account":"z***d","quantity":1,"handle_status":8,"order_type":"2","areaid":"330102","item_id":107},{"address":"江苏省","access_date":"2016-10-17 15:08:37","account":"D***7","quantity":1,"handle_status":8,"order_type":"2","areaid":"320412","item_id":107},{"address":"北京市","access_date":"2016-10-17 15:00:12","account":"守***情","quantity":1,"handle_status":8,"order_type":"2","areaid":"110114","item_id":107},{"address":"广西壮族自治区","access_date":"2016-10-17 14:58:13","account":"c***8","quantity":1,"handle_status":8,"order_type":"2","areaid":"450521","item_id":107},{"address":"上海市","access_date":"2016-10-17 14:55:46","account":"1***5","quantity":1,"handle_status":8,"order_type":"2","areaid":"310115","item_id":107},{"address":"浙江省","access_date":"2016-10-17 14:54:58","account":"1***1","quantity":1,"handle_status":8,"order_type":"2","areaid":"330302","item_id":107},{"address":"广东省","access_date":"2016-10-17 14:52:54","account":"w***h","quantity":1,"handle_status":8,"order_type":"2","areaid":"440606","item_id":107},{"address":"上海市","access_date":"2016-10-17 14:51:08","account":"b***n","quantity":1,"handle_status":8,"order_type":"2","areaid":"310101","item_id":107},{"address":"江苏省","access_date":"2016-10-17 14:50:20","account":"a***l","quantity":1,"handle_status":8,"order_type":"2","areaid":"320115","item_id":107},{"address":"天津市","access_date":"2016-10-17 14:47:42","account":"f***r","quantity":1,"handle_status":8,"order_type":"2","areaid":"120103","item_id":107},{"address":"浙江省","access_date":"2016-10-17 14:45:18","account":"y***1","quantity":1,"handle_status":8,"order_type":"2","areaid":"330104","item_id":107},{"address":"浙江省","access_date":"2016-10-17 14:43:10","account":"h***3","quantity":1,"handle_status":8,"order_type":"2","areaid":"330122","item_id":107},{"address":"浙江省","access_date":"2016-10-17 14:42:05","account":"汤***荣","quantity":1,"handle_status":8,"order_type":"2","areaid":"330328","item_id":107},{"address":"浙江省","access_date":"2016-10-17 14:41:55","account":"z***5","quantity":1,"handle_status":8,"order_type":"2","areaid":"330702","item_id":107},{"address":"上海市","access_date":"2016-10-17 14:41:16","account":"z***a","quantity":1,"handle_status":8,"order_type":"2","areaid":"310101","item_id":107},{"address":"山东省","access_date":"2016-10-17 14:39:36","account":"j***8","quantity":1,"handle_status":8,"order_type":"2","areaid":"370681","item_id":107},{"address":"北京市","access_date":"2016-10-17 14:38:56","account":"m***g","quantity":1,"handle_status":8,"order_type":"2","areaid":"110106","item_id":107},{"address":"江西省","access_date":"2016-10-17 14:38:29","account":"Y***8","quantity":1,"handle_status":8,"order_type":"2","areaid":"360481","item_id":107},{"address":"浙江省","access_date":"2016-10-17 14:38:20","account":"谢***华","quantity":1,"handle_status":8,"order_type":"2","areaid":"330327","item_id":107},{"address":"广东省","access_date":"2016-10-17 14:36:10","account":"l***e","quantity":1,"handle_status":8,"order_type":"2","areaid":"440104","item_id":107},{"address":"山东省","access_date":"2016-10-17 14:34:29","account":"c***g","quantity":1,"handle_status":8,"order_type":"2","areaid":"370303","item_id":107},{"address":"吉林省","access_date":"2016-10-17 14:32:35","account":"z***6","quantity":1,"handle_status":8,"order_type":"2","areaid":"222402","item_id":107},{"address":"山东省","access_date":"2016-10-17 14:32:16","account":"t***2","quantity":1,"handle_status":8,"order_type":"2","areaid":"371322","item_id":107},{"address":"江苏省","access_date":"2016-10-17 14:31:42","account":"j***x","quantity":1,"handle_status":8,"order_type":"2","areaid":"321012","item_id":107},{"address":"广东省","access_date":"2016-10-17 14:31:37","account":"e***3","quantity":1,"handle_status":8,"order_type":"2","areaid":"440106","item_id":107},{"address":"福建省","access_date":"2016-10-17 14:31:15","account":"o***k","quantity":1,"handle_status":8,"order_type":"2","areaid":"350723","item_id":107},{"address":"浙江省","access_date":"2016-10-17 14:31:03","account":"陈***春","quantity":1,"handle_status":8,"order_type":"2","areaid":"330327","item_id":107},{"address":"北京市","access_date":"2016-10-17 14:31:00","account":"h***e","quantity":1,"handle_status":8,"order_type":"2","areaid":"110105","item_id":107},{"address":"贵州省","access_date":"2016-10-17 14:30:52","account":"开***杨","quantity":1,"handle_status":8,"order_type":"2","areaid":"520222","item_id":107},{"address":"内蒙古自治区","access_date":"2016-10-17 14:30:51","account":"b***d","quantity":1,"handle_status":8,"order_type":"2","areaid":"150207","item_id":107},{"address":"河南省","access_date":"2016-10-17 14:30:32","account":"l***9","quantity":1,"handle_status":8,"order_type":"2","areaid":"410305","item_id":107},{"address":"江苏省","access_date":"2016-10-17 14:30:31","account":"s***n","quantity":1,"handle_status":8,"order_type":"2","areaid":"320506","item_id":107},{"address":"江苏省","access_date":"2016-10-17 14:30:21","account":"1***8","quantity":1,"handle_status":8,"order_type":"2","areaid":"320506","item_id":107},{"address":"江西省","access_date":"2016-10-17 14:30:17","account":"j***n","quantity":1,"handle_status":8,"order_type":"2","areaid":"360104","item_id":107},{"address":"江苏省","access_date":"2016-09-28 11:36:31","account":"慵***光","quantity":1,"handle_status":8,"order_type":"53","areaid":"320501","item_id":107},{"address":"云南省","access_date":"2016-09-28 11:36:31","account":"1***5","quantity":1,"handle_status":8,"order_type":"53","areaid":"533321","item_id":107},{"address":"上海市","access_date":"2016-09-28 11:36:31","account":"g***h","quantity":1,"handle_status":8,"order_type":"53","areaid":"310115","item_id":107},{"address":"福建省","access_date":"2016-09-28 11:36:31","account":"1***0","quantity":1,"handle_status":8,"order_type":"53","areaid":"350111","item_id":107},{"address":"福建省","access_date":"2016-09-28 11:36:31","account":"b***2","quantity":1,"handle_status":8,"order_type":"53","areaid":"350322","item_id":107},{"address":"广西壮族自治区","access_date":"2016-09-28 11:36:31","account":"f***i","quantity":1,"handle_status":-6,"order_type":"53","areaid":"451101","item_id":107},{"address":"上海市","access_date":"2016-09-28 11:36:31","account":"春***歇","quantity":1,"handle_status":8,"order_type":"53","areaid":"310104","item_id":107},{"address":"北京市","access_date":"2016-09-28 11:36:31","account":"c***g","quantity":1,"handle_status":8,"order_type":"53","areaid":"110106","item_id":107},{"address":"河北省","access_date":"2016-09-28 11:36:31","account":"l***6","quantity":1,"handle_status":8,"order_type":"53","areaid":"130703","item_id":107},{"address":"广东省","access_date":"2016-09-28 11:36:31","account":"1***6","quantity":1,"handle_status":8,"order_type":"53","areaid":"440304","item_id":107},{"address":"浙江省","access_date":"2016-09-28 11:36:31","account":"z***1","quantity":1,"handle_status":8,"order_type":"53","areaid":"330782","item_id":107},{"address":"山东省","access_date":"2016-09-28 11:36:31","account":"s***g","quantity":1,"handle_status":8,"order_type":"53","areaid":"371302","item_id":107},{"address":"广东省","access_date":"2016-09-28 11:36:31","account":"d***i","quantity":1,"handle_status":8,"order_type":"53","areaid":"440304","item_id":107},{"address":"江西省","access_date":"2016-09-28 11:36:31","account":"1***0","quantity":1,"handle_status":8,"order_type":"53","areaid":"360828","item_id":107},{"address":"湖南省","access_date":"2016-09-28 11:36:30","account":"风***静","quantity":1,"handle_status":8,"order_type":"53","areaid":"431382","item_id":107},{"address":"河北省","access_date":"2016-09-28 11:36:30","account":"4***8","quantity":1,"handle_status":8,"order_type":"53","areaid":"130603","item_id":107},{"address":"江苏省","access_date":"2016-09-28 11:36:30","account":"1***5","quantity":1,"handle_status":-6,"order_type":"53","areaid":"320705","item_id":107},{"address":"上海市","access_date":"2016-09-28 11:36:30","account":"n***a","quantity":1,"handle_status":8,"order_type":"53","areaid":"310105","item_id":107},{"address":"上海市","access_date":"2016-09-28 11:36:30","account":"冬***人","quantity":1,"handle_status":8,"order_type":"53","areaid":"310115","item_id":107},{"address":"北京市","access_date":"2016-09-28 11:36:30","account":"z***i","quantity":1,"handle_status":8,"order_type":"53","areaid":"110108","item_id":107},{"address":"山东省","access_date":"2016-09-28 11:36:30","account":"中***然","quantity":1,"handle_status":8,"order_type":"53","areaid":"370502","item_id":107},{"address":"北京市","access_date":"2016-09-28 11:36:30","account":"l***b","quantity":1,"handle_status":8,"order_type":"53","areaid":"110105","item_id":107},{"address":"天津市","access_date":"2016-09-28 11:36:30","account":"彩***峰","quantity":1,"handle_status":8,"order_type":"53","areaid":"120114","item_id":107},{"address":"湖北省","access_date":"2016-09-28 11:36:30","account":"1***3","quantity":1,"handle_status":8,"order_type":"53","areaid":"421003","item_id":107},{"address":"山西省","access_date":"2016-09-28 11:36:30","account":"1***8","quantity":1,"handle_status":8,"order_type":"53","areaid":"140105","item_id":107},{"address":"上海市","access_date":"2016-09-28 11:36:30","account":"j***g","quantity":1,"handle_status":8,"order_type":"53","areaid":"310118","item_id":107},{"address":"北京市","access_date":"2016-09-28 11:36:30","account":"若***离","quantity":1,"handle_status":8,"order_type":"53","areaid":"110105","item_id":107},{"address":"辽宁省","access_date":"2016-09-28 11:36:30","account":"管***玉","quantity":1,"handle_status":8,"order_type":"53","areaid":"210802","item_id":107},{"address":"四川省","access_date":"2016-09-28 11:36:30","account":"绿***客","quantity":1,"handle_status":8,"order_type":"53","areaid":"510726","item_id":107},{"address":"北京市","access_date":"2016-09-28 11:36:30","account":"张***喜","quantity":1,"handle_status":8,"order_type":"53","areaid":"110108","item_id":107},{"address":"天津市","access_date":"2016-09-28 11:36:30","account":"z***3","quantity":1,"handle_status":8,"order_type":"53","areaid":"120225","item_id":107},{"address":"广东省","access_date":"2016-09-28 11:36:30","account":"d***8","quantity":1,"handle_status":8,"order_type":"53","areaid":"440105","item_id":107},{"address":"浙江省","access_date":"2016-09-28 11:36:30","account":"w***j","quantity":1,"handle_status":-6,"order_type":"53","areaid":"330203","item_id":107},{"address":"北京市","access_date":"2016-09-28 11:36:30","account":"f***1","quantity":1,"handle_status":8,"order_type":"53","areaid":"110111","item_id":107},{"address":"北京市","access_date":"2016-09-28 11:36:30","account":"b***i","quantity":1,"handle_status":8,"order_type":"53","areaid":"110102","item_id":107},{"address":"湖北省","access_date":"2016-09-28 11:36:30","account":"1***8","quantity":1,"handle_status":8,"order_type":"53","areaid":"420116","item_id":107},{"address":"浙江省","access_date":"2016-09-28 11:36:30","account":"d***o","quantity":1,"handle_status":8,"order_type":"53","areaid":"330483","item_id":107},{"address":"河北省","access_date":"2016-09-28 11:36:30","account":"l***8","quantity":1,"handle_status":8,"order_type":"53","areaid":"130302","item_id":107},{"address":"天津市","access_date":"2016-09-28 11:36:29","account":"1***7","quantity":1,"handle_status":8,"order_type":"53","areaid":"120116","item_id":107},{"address":"甘肃省","access_date":"2016-09-28 11:36:29","account":"1***6","quantity":1,"handle_status":-6,"order_type":"53","areaid":"620102","item_id":107},{"address":"福建省","access_date":"2016-09-28 11:36:29","account":"1***0","quantity":1,"handle_status":8,"order_type":"53","areaid":"350303","item_id":107},{"address":"山东省","access_date":"2016-09-28 11:36:29","account":"m***0","quantity":1,"handle_status":8,"order_type":"53","areaid":"370202","item_id":107},{"address":"福建省","access_date":"2016-09-28 11:36:29","account":"人***黄","quantity":1,"handle_status":8,"order_type":"53","areaid":"350203","item_id":107},{"address":"河南省","access_date":"2016-09-28 11:36:29","account":"1***0","quantity":1,"handle_status":8,"order_type":"53","areaid":"410403","item_id":107},{"address":"北京市","access_date":"2016-09-28 11:36:29","account":"1***5","quantity":1,"handle_status":8,"order_type":"53","areaid":"110101","item_id":107},{"address":"北京市","access_date":"2016-09-28 11:36:29","account":"z***l","quantity":1,"handle_status":8,"order_type":"53","areaid":"110108","item_id":107},{"address":"山东省","access_date":"2016-09-28 11:36:29","account":"张***致","quantity":1,"handle_status":8,"order_type":"53","areaid":"370832","item_id":107},{"address":"浙江省","access_date":"2016-09-28 11:36:29","account":"s***勇","quantity":1,"handle_status":8,"order_type":"53","areaid":"331121","item_id":107},{"address":"内蒙古自治区","access_date":"2016-09-28 11:36:29","account":"白***华","quantity":1,"handle_status":8,"order_type":"53","areaid":"150102","item_id":107},{"address":"上海市","access_date":"2016-09-28 11:36:29","account":"牛***币","quantity":1,"handle_status":8,"order_type":"53","areaid":"310117","item_id":107},{"address":"湖北省","access_date":"2016-09-28 11:36:29","account":"s***6","quantity":1,"handle_status":8,"order_type":"53","areaid":"420117","item_id":107},{"address":"北京市","access_date":"2016-09-28 11:36:29","account":"1***9","quantity":1,"handle_status":8,"order_type":"53","areaid":"110106","item_id":107},{"address":"上海市","access_date":"2016-09-28 11:36:29","account":"d***7","quantity":1,"handle_status":8,"order_type":"53","areaid":"310108","item_id":107},{"address":"辽宁省","access_date":"2016-09-28 11:36:29","account":"1***8","quantity":1,"handle_status":8,"order_type":"53","areaid":"210703","item_id":107},{"address":"北京市","access_date":"2016-09-28 11:36:29","account":"d***j","quantity":1,"handle_status":-6,"order_type":"53","areaid":"110108","item_id":107},{"address":"山东省","access_date":"2016-09-28 11:36:29","account":"m***h","quantity":1,"handle_status":8,"order_type":"53","areaid":"371328","item_id":107},{"address":"上海市","access_date":"2016-09-28 11:36:29","account":"1***1","quantity":1,"handle_status":8,"order_type":"53","areaid":"310107","item_id":107},{"address":"湖南省","access_date":"2016-09-28 11:36:29","account":"1***5","quantity":1,"handle_status":8,"order_type":"53","areaid":"430408","item_id":107},{"address":"江苏省","access_date":"2016-09-28 11:36:29","account":"尹***翔","quantity":1,"handle_status":8,"order_type":"53","areaid":"321102","item_id":107},{"address":"北京市","access_date":"2016-09-28 11:36:29","account":"y***n","quantity":1,"handle_status":8,"order_type":"53","areaid":"110105","item_id":107},{"address":"山东省","access_date":"2016-09-28 11:36:29","account":"q***u","quantity":1,"handle_status":8,"order_type":"53","areaid":"371102","item_id":107},{"address":"辽宁省","access_date":"2016-09-28 11:36:29","account":"刘***龙","quantity":1,"handle_status":8,"order_type":"53","areaid":"210104","item_id":107},{"address":"江苏省","access_date":"2016-09-28 11:36:29","account":"1***3","quantity":1,"handle_status":8,"order_type":"53","areaid":"320506","item_id":107},{"address":"山东省","access_date":"2016-09-28 11:36:29","account":"l***7","quantity":1,"handle_status":8,"order_type":"53","areaid":"370502","item_id":107},{"address":"江西省","access_date":"2016-09-28 11:36:28","account":"方***文","quantity":1,"handle_status":8,"order_type":"53","areaid":"360101","item_id":107},{"address":"北京市","access_date":"2016-09-28 11:36:28","account":"d***8","quantity":1,"handle_status":8,"order_type":"53","areaid":"110102","item_id":107},{"address":"云南省","access_date":"2016-09-28 11:36:28","account":"y***g","quantity":1,"handle_status":8,"order_type":"53","areaid":"530381","item_id":107},{"address":"安徽省","access_date":"2016-09-28 11:36:28","account":"s***r","quantity":1,"handle_status":8,"order_type":"53","areaid":"341502","item_id":107},{"address":"广东省","access_date":"2016-09-28 11:36:28","account":"y***0","quantity":1,"handle_status":8,"order_type":"53","areaid":"440402","item_id":107},{"address":"浙江省","access_date":"2016-09-28 11:36:28","account":"4***2","quantity":1,"handle_status":8,"order_type":"53","areaid":"330281","item_id":107},{"address":"江苏省","access_date":"2016-09-28 11:36:28","account":"戴***7","quantity":1,"handle_status":8,"order_type":"53","areaid":"321281","item_id":107},{"address":"山东省","access_date":"2016-09-28 11:36:28","account":"s***g","quantity":1,"handle_status":8,"order_type":"53","areaid":"371327","item_id":107},{"address":"浙江省","access_date":"2016-09-28 11:36:28","account":"l***0","quantity":1,"handle_status":-6,"order_type":"53","areaid":"330303","item_id":107},{"address":"贵州省","access_date":"2016-09-28 11:36:28","account":"1***7","quantity":1,"handle_status":8,"order_type":"53","areaid":"520302","item_id":107},{"address":"广东省","access_date":"2016-09-28 11:36:28","account":"c***5","quantity":1,"handle_status":8,"order_type":"53","areaid":"ff8080814cd0d0f4014cd571e2a50002","item_id":107},{"address":"河南省","access_date":"2016-09-28 11:36:28","account":"樊***娜","quantity":1,"handle_status":8,"order_type":"53","areaid":"411323","item_id":107},{"address":"北京市","access_date":"2016-09-28 11:36:28","account":"s***s","quantity":1,"handle_status":8,"order_type":"53","areaid":"110102","item_id":107},{"address":"河南省","access_date":"2016-09-28 11:36:28","account":"l***1","quantity":1,"handle_status":8,"order_type":"53","areaid":"410185","item_id":107},{"address":"江苏省","access_date":"2016-09-28 11:36:28","account":"1***6","quantity":1,"handle_status":8,"order_type":"53","areaid":"320923","item_id":107},{"address":"江苏省","access_date":"2016-09-28 11:36:28","account":"1***6","quantity":1,"handle_status":8,"order_type":"53","areaid":"321081","item_id":107},{"address":"内蒙古自治区","access_date":"2016-09-28 11:36:28","account":"1***6","quantity":1,"handle_status":8,"order_type":"53","areaid":"150203","item_id":107},{"address":"山东省","access_date":"2016-09-28 11:36:28","account":"1***0","quantity":1,"handle_status":-6,"order_type":"53","areaid":"370785","item_id":107},{"address":"上海市","access_date":"2016-09-28 11:36:27","account":"L***u","quantity":1,"handle_status":8,"order_type":"53","areaid":"310109","item_id":107},{"address":"上海市","access_date":"2016-09-28 11:36:27","account":"l***o","quantity":1,"handle_status":8,"order_type":"53","areaid":"310114","item_id":107},{"address":"安徽省","access_date":"2016-09-28 11:36:27","account":"a***k","quantity":1,"handle_status":8,"order_type":"53","areaid":"340302","item_id":107},{"address":"江苏省","access_date":"2016-09-28 11:36:27","account":"1***3","quantity":1,"handle_status":8,"order_type":"53","areaid":"320404","item_id":107},{"address":"广东省","access_date":"2016-09-28 11:36:27","account":"胡***水","quantity":1,"handle_status":8,"order_type":"53","areaid":"440303","item_id":107},{"address":"上海市","access_date":"2016-09-28 11:36:27","account":"w***n","quantity":1,"handle_status":8,"order_type":"53","areaid":"310101","item_id":107},{"address":"广东省","access_date":"2016-09-28 11:36:27","account":"p***n","quantity":1,"handle_status":8,"order_type":"53","areaid":"440606","item_id":107},{"address":"江苏省","access_date":"2016-09-28 11:36:27","account":"j***u","quantity":1,"handle_status":8,"order_type":"53","areaid":"320404","item_id":107},{"address":"广东省","access_date":"2016-09-28 11:36:27","account":"z***8","quantity":1,"handle_status":8,"order_type":"53","areaid":"ff8080814cd0d0f4014cd571e2a50002","item_id":107},{"address":"江苏省","access_date":"2016-09-28 11:36:27","account":"e***6","quantity":1,"handle_status":8,"order_type":"53","areaid":"321302","item_id":107},{"address":"浙江省","access_date":"2016-09-28 11:36:27","account":"n***9","quantity":1,"handle_status":8,"order_type":"53","areaid":"330421","item_id":107},{"address":"广东省","access_date":"2016-09-28 11:36:27","account":"三***鸟","quantity":1,"handle_status":8,"order_type":"53","areaid":"441602","item_id":107},{"address":"江苏省","access_date":"2016-09-28 11:36:27","account":"d***4","quantity":1,"handle_status":8,"order_type":"53","areaid":"320583","item_id":107},{"address":"吉林省","access_date":"2016-09-28 11:36:27","account":"1***6","quantity":1,"handle_status":8,"order_type":"53","areaid":"220284","item_id":107},{"address":"湖北省","access_date":"2016-09-28 11:36:27","account":"k***9","quantity":1,"handle_status":8,"order_type":"53","areaid":"420102","item_id":107},{"address":"江苏省","access_date":"2016-09-28 11:36:27","account":"z***1","quantity":1,"handle_status":8,"order_type":"53","areaid":"320923","item_id":107},{"address":"安徽省","access_date":"2016-09-28 11:36:27","account":"y***r","quantity":1,"handle_status":8,"order_type":"53","areaid":"340104","item_id":107},{"address":"上海市","access_date":"2016-09-28 11:36:27","account":"1***4","quantity":1,"handle_status":8,"order_type":"53","areaid":"310104","item_id":107},{"address":"陕西省","access_date":"2016-09-28 11:36:26","account":"w***2","quantity":1,"handle_status":8,"order_type":"53","areaid":"610104","item_id":107},{"address":"四川省","access_date":"2016-09-28 11:36:26","account":"任***谦","quantity":1,"handle_status":8,"order_type":"53","areaid":"510114","item_id":107},{"address":"江苏省","access_date":"2016-09-28 11:36:26","account":"f***8","quantity":1,"handle_status":8,"order_type":"53","areaid":"320684","item_id":107},{"address":"浙江省","access_date":"2016-09-28 11:36:26","account":"z***1","quantity":1,"handle_status":8,"order_type":"53","areaid":"330105","item_id":107},{"address":"安徽省","access_date":"2016-09-28 11:36:26","account":"宋***W","quantity":1,"handle_status":8,"order_type":"53","areaid":"340321","item_id":107},{"address":"陕西省","access_date":"2016-09-28 11:36:26","account":"王***9","quantity":1,"handle_status":8,"order_type":"53","areaid":"610821","item_id":107},{"address":"广西壮族自治区","access_date":"2016-09-28 11:36:26","account":"y***8","quantity":1,"handle_status":8,"order_type":"53","areaid":"451481","item_id":107},{"address":"江苏省","access_date":"2016-09-28 11:36:26","account":"q***6","quantity":1,"handle_status":8,"order_type":"53","areaid":"320611","item_id":107},{"address":"广东省","access_date":"2016-09-28 11:36:26","account":"a***9","quantity":1,"handle_status":8,"order_type":"53","areaid":"ff8080814cd0d0f4014cd571e2a50002","item_id":107},{"address":"江苏省","access_date":"2016-09-28 11:36:26","account":"1***7","quantity":1,"handle_status":8,"order_type":"53","areaid":"320902","item_id":107},{"address":"北京市","access_date":"2016-09-28 11:36:26","account":"g***0","quantity":1,"handle_status":8,"order_type":"53","areaid":"110105","item_id":107},{"address":"上海市","access_date":"2016-09-28 11:36:26","account":"x***g","quantity":1,"handle_status":8,"order_type":"53","areaid":"310115","item_id":107}]