[{"address":"北京市","access_date":"2017-03-17 09:00:08","account":"z***c","quantity":1,"handle_status":8,"order_type":"2","areaid":"110108","item_id":170},{"address":"北京市","access_date":"2017-03-17 09:00:07","account":"1***2","quantity":2,"handle_status":8,"order_type":"2","areaid":"110108","item_id":170},{"address":"北京市","access_date":"2017-03-17 09:00:07","account":"1***0","quantity":2,"handle_status":8,"order_type":"2","areaid":"110105","item_id":170},{"address":"吉林省","access_date":"2017-03-17 09:00:03","account":"庞***龙","quantity":2,"handle_status":8,"order_type":"2","areaid":"220581","item_id":170},{"address":"浙江省","access_date":"2017-03-17 08:59:58","account":"吕***海","quantity":2,"handle_status":8,"order_type":"2","areaid":"330324","item_id":170},{"address":"黑龙江省","access_date":"2017-03-17 08:59:57","account":"史***龙","quantity":2,"handle_status":8,"order_type":"2","areaid":"230402","item_id":170},{"address":"江苏省","access_date":"2017-03-17 08:59:56","account":"屈***琳","quantity":2,"handle_status":8,"order_type":"2","areaid":"320506","item_id":170}]