[{"address":"北京市","access_date":"2015-08-24 16:08:02","account":"F***k","quantity":2,"handle_status":8,"order_type":"2","areaid":"110102","item_id":22},{"address":"北京市","access_date":"2015-08-21 15:30:33","account":"谷***军","quantity":1,"handle_status":8,"order_type":"2","areaid":"110102","item_id":22},{"address":"北京市","access_date":"2015-08-21 13:43:49","account":"c***h","quantity":2,"handle_status":8,"order_type":"2","areaid":"110106","item_id":22},{"address":"北京市","access_date":"2015-08-20 14:32:38","account":"y***3","quantity":1,"handle_status":8,"order_type":"2","areaid":"110102","item_id":22},{"address":"北京市","access_date":"2015-08-20 14:28:35","account":"y***3","quantity":1,"handle_status":8,"order_type":"2","areaid":"110102","item_id":22},{"address":"北京市","access_date":"2015-08-20 14:17:01","account":"谷***军","quantity":1,"handle_status":8,"order_type":"2","areaid":"110102","item_id":22},{"address":"北京市","access_date":"2015-08-20 13:46:09","account":"l***4","quantity":2,"handle_status":8,"order_type":"2","areaid":"110102","item_id":22},{"address":"北京市","access_date":"2015-08-20 11:44:54","account":"v***e","quantity":1,"handle_status":8,"order_type":"2","areaid":"110105","item_id":22},{"address":"北京市","access_date":"2015-08-20 11:12:12","account":"c***h","quantity":2,"handle_status":8,"order_type":"2","areaid":"110102","item_id":22},{"address":"北京市","access_date":"2015-08-19 16:55:08","account":"c***h","quantity":5,"handle_status":8,"order_type":"2","areaid":"110102","item_id":22},{"address":"北京市","access_date":"2015-08-19 14:23:15","account":"c***s","quantity":1,"handle_status":8,"order_type":"2","areaid":"110102","item_id":22},{"address":"北京市","access_date":"2015-08-19 13:06:20","account":"l***g","quantity":1,"handle_status":8,"order_type":"2","areaid":"110102","item_id":22}]