[{"address":"浙江省","access_date":"2015-10-23 14:14:50","account":"1***9","quantity":1,"handle_status":8,"order_type":"2","areaid":"330302","item_id":51},{"address":"江苏省","access_date":"2015-10-23 12:39:27","account":"s***7","quantity":1,"handle_status":8,"order_type":"2","areaid":"320509","item_id":51},{"address":"江苏省","access_date":"2015-10-23 11:43:12","account":"n***a","quantity":1,"handle_status":8,"order_type":"2","areaid":"320684","item_id":51},{"address":"广东省","access_date":"2015-10-23 11:24:35","account":"云***波","quantity":1,"handle_status":8,"order_type":"2","areaid":"ff8080814cd0d0f4014cd56f66b80001","item_id":51},{"address":"辽宁省","access_date":"2015-10-23 11:00:23","account":"月***酌","quantity":1,"handle_status":8,"order_type":"2","areaid":"210213","item_id":51}]