[{"address":"浙江省","access_date":"2016-09-29 09:48:02","account":"c***8","quantity":1,"handle_status":8,"order_type":"53","areaid":"331023","item_id":112},{"address":"浙江省","access_date":"2016-09-29 09:48:02","account":"l***6","quantity":1,"handle_status":8,"order_type":"53","areaid":"330411","item_id":112},{"address":"江苏省","access_date":"2016-09-29 09:48:02","account":"1***我","quantity":1,"handle_status":8,"order_type":"53","areaid":"321102","item_id":112},{"address":"辽宁省","access_date":"2016-09-29 09:48:02","account":"1***7","quantity":1,"handle_status":8,"order_type":"53","areaid":"210504","item_id":112},{"address":"新疆维吾尔自治区","access_date":"2016-09-29 09:48:02","account":"z***9","quantity":1,"handle_status":8,"order_type":"53","areaid":"652201","item_id":112},{"address":"广东省","access_date":"2016-09-29 09:48:02","account":"4***0","quantity":1,"handle_status":8,"order_type":"53","areaid":"440982","item_id":112},{"address":"四川省","access_date":"2016-09-29 09:48:02","account":"X***2","quantity":1,"handle_status":8,"order_type":"53","areaid":"510108","item_id":112},{"address":"四川省","access_date":"2016-09-29 09:48:02","account":"n***g","quantity":1,"handle_status":8,"order_type":"53","areaid":"510504","item_id":112},{"address":"宁夏回族自治区","access_date":"2016-09-29 09:48:02","account":"w***9","quantity":1,"handle_status":8,"order_type":"53","areaid":"640402","item_id":112},{"address":"辽宁省","access_date":"2016-09-29 09:48:02","account":"L***生","quantity":1,"handle_status":8,"order_type":"53","areaid":"210904","item_id":112},{"address":"山东省","access_date":"2016-09-29 09:48:02","account":"金***水","quantity":1,"handle_status":8,"order_type":"53","areaid":"371312","item_id":112},{"address":"湖南省","access_date":"2016-09-29 09:48:02","account":"1***6","quantity":1,"handle_status":8,"order_type":"53","areaid":"431302","item_id":112},{"address":"重庆市","access_date":"2016-09-29 09:48:02","account":"g***8","quantity":1,"handle_status":8,"order_type":"53","areaid":"500101","item_id":112},{"address":"浙江省","access_date":"2016-09-29 09:48:02","account":"m***6","quantity":1,"handle_status":8,"order_type":"53","areaid":"330103","item_id":112},{"address":"江苏省","access_date":"2016-09-29 09:48:02","account":"c***9","quantity":1,"handle_status":8,"order_type":"53","areaid":"320505","item_id":112},{"address":"江苏省","access_date":"2016-09-29 09:48:02","account":"g***g","quantity":1,"handle_status":8,"order_type":"53","areaid":"320382","item_id":112},{"address":"辽宁省","access_date":"2016-09-29 09:48:02","account":"王***7","quantity":1,"handle_status":8,"order_type":"53","areaid":"210502","item_id":112},{"address":"浙江省","access_date":"2016-09-29 09:48:02","account":"b***叔","quantity":1,"handle_status":8,"order_type":"53","areaid":"331123","item_id":112},{"address":"广西壮族自治区","access_date":"2016-09-29 09:48:02","account":"凌***8","quantity":1,"handle_status":8,"order_type":"53","areaid":"450802","item_id":112},{"address":"北京市","access_date":"2016-09-29 09:48:02","account":"z***n","quantity":1,"handle_status":8,"order_type":"53","areaid":"110102","item_id":112},{"address":"江西省","access_date":"2016-09-29 09:48:01","account":"s***7","quantity":1,"handle_status":8,"order_type":"53","areaid":"360111","item_id":112},{"address":"北京市","access_date":"2016-09-29 09:48:01","account":"吕***0","quantity":1,"handle_status":8,"order_type":"53","areaid":"110108","item_id":112},{"address":"广东省","access_date":"2016-09-29 09:48:01","account":"1***5","quantity":1,"handle_status":8,"order_type":"53","areaid":"440106","item_id":112},{"address":"陕西省","access_date":"2016-09-29 09:48:01","account":"y***n","quantity":1,"handle_status":8,"order_type":"53","areaid":"610403","item_id":112},{"address":"河南省","access_date":"2016-09-29 09:48:01","account":"p***8","quantity":1,"handle_status":8,"order_type":"53","areaid":"410902","item_id":112},{"address":"广东省","access_date":"2016-09-29 09:48:01","account":"无***8","quantity":1,"handle_status":8,"order_type":"53","areaid":"440306","item_id":112},{"address":"山东省","access_date":"2016-09-29 09:48:01","account":"1***6","quantity":1,"handle_status":8,"order_type":"53","areaid":"370214","item_id":112},{"address":"黑龙江省","access_date":"2016-09-29 09:48:01","account":"1***3","quantity":1,"handle_status":8,"order_type":"53","areaid":"230602","item_id":112},{"address":"辽宁省","access_date":"2016-09-29 09:48:01","account":"z***c","quantity":1,"handle_status":8,"order_type":"53","areaid":"210211","item_id":112},{"address":"江苏省","access_date":"2016-09-29 09:48:01","account":"j***0","quantity":1,"handle_status":8,"order_type":"53","areaid":"320830","item_id":112},{"address":"新疆维吾尔自治区","access_date":"2016-09-29 09:48:01","account":"1***8","quantity":1,"handle_status":8,"order_type":"53","areaid":"654003","item_id":112},{"address":"北京市","access_date":"2016-09-29 09:48:01","account":"z***4","quantity":1,"handle_status":8,"order_type":"53","areaid":"110108","item_id":112},{"address":"浙江省","access_date":"2016-09-29 09:48:01","account":"d***g","quantity":1,"handle_status":8,"order_type":"53","areaid":"330108","item_id":112},{"address":"江苏省","access_date":"2016-09-29 09:48:01","account":"z***6","quantity":1,"handle_status":8,"order_type":"53","areaid":"320507","item_id":112},{"address":"山西省","access_date":"2016-09-29 09:48:01","account":"r***2","quantity":1,"handle_status":8,"order_type":"53","areaid":"141130","item_id":112},{"address":"山西省","access_date":"2016-09-29 09:48:01","account":"山***翟","quantity":1,"handle_status":8,"order_type":"53","areaid":"140109","item_id":112},{"address":"上海市","access_date":"2016-09-29 09:48:01","account":"落***情","quantity":1,"handle_status":8,"order_type":"53","areaid":"310118","item_id":112},{"address":"浙江省","access_date":"2016-09-29 09:48:01","account":"1***7","quantity":1,"handle_status":8,"order_type":"53","areaid":"330702","item_id":112},{"address":"上海市","access_date":"2016-09-29 09:48:01","account":"1***1","quantity":1,"handle_status":8,"order_type":"53","areaid":"310115","item_id":112},{"address":"河南省","access_date":"2016-09-29 09:48:01","account":"f***g","quantity":1,"handle_status":8,"order_type":"53","areaid":"410204","item_id":112},{"address":"北京市","access_date":"2016-09-29 09:48:01","account":"3***r","quantity":1,"handle_status":8,"order_type":"53","areaid":"110113","item_id":112},{"address":"江苏省","access_date":"2016-09-29 09:48:01","account":"d***g","quantity":1,"handle_status":8,"order_type":"53","areaid":"320382","item_id":112},{"address":"吉林省","access_date":"2016-09-29 09:48:01","account":"1***9","quantity":1,"handle_status":8,"order_type":"53","areaid":"220183","item_id":112},{"address":"安徽省","access_date":"2016-09-29 09:48:01","account":"f***9","quantity":1,"handle_status":8,"order_type":"53","areaid":"340403","item_id":112},{"address":"江苏省","access_date":"2016-09-29 09:48:01","account":"l***3","quantity":1,"handle_status":8,"order_type":"53","areaid":"320382","item_id":112},{"address":"广西壮族自治区","access_date":"2016-09-29 09:48:01","account":"3***2","quantity":1,"handle_status":8,"order_type":"53","areaid":"451222","item_id":112},{"address":"天津市","access_date":"2016-09-29 09:48:01","account":"m***g","quantity":1,"handle_status":8,"order_type":"53","areaid":"120104","item_id":112},{"address":"辽宁省","access_date":"2016-09-29 09:48:01","account":"m***o","quantity":1,"handle_status":8,"order_type":"53","areaid":"210303","item_id":112},{"address":"湖北省","access_date":"2016-09-29 09:48:01","account":"h***i","quantity":1,"handle_status":8,"order_type":"53","areaid":"420601","item_id":112},{"address":"四川省","access_date":"2016-09-29 09:48:01","account":"1***3","quantity":1,"handle_status":8,"order_type":"53","areaid":"510107","item_id":112},{"address":"北京市","access_date":"2016-09-29 09:48:01","account":"n***2","quantity":1,"handle_status":8,"order_type":"53","areaid":"110106","item_id":112},{"address":"浙江省","access_date":"2016-09-29 09:48:00","account":"o***3","quantity":1,"handle_status":8,"order_type":"53","areaid":"330183","item_id":112},{"address":"四川省","access_date":"2016-09-29 09:48:00","account":"雨***风","quantity":1,"handle_status":8,"order_type":"53","areaid":"510108","item_id":112},{"address":"浙江省","access_date":"2016-09-29 09:48:00","account":"海***客","quantity":1,"handle_status":8,"order_type":"53","areaid":"330282","item_id":112},{"address":"河北省","access_date":"2016-09-29 09:48:00","account":"1***7","quantity":1,"handle_status":8,"order_type":"53","areaid":"130302","item_id":112},{"address":"江苏省","access_date":"2016-09-29 09:48:00","account":"e***1","quantity":1,"handle_status":8,"order_type":"53","areaid":"321281","item_id":112},{"address":"北京市","access_date":"2016-09-29 09:48:00","account":"z***i","quantity":1,"handle_status":8,"order_type":"53","areaid":"110108","item_id":112},{"address":"江苏省","access_date":"2016-09-29 09:48:00","account":"s***n","quantity":1,"handle_status":8,"order_type":"53","areaid":"320411","item_id":112},{"address":"浙江省","access_date":"2016-09-29 09:48:00","account":"聚***依","quantity":1,"handle_status":8,"order_type":"53","areaid":"330183","item_id":112},{"address":"福建省","access_date":"2016-09-29 09:48:00","account":"1***2","quantity":1,"handle_status":8,"order_type":"53","areaid":"350203","item_id":112},{"address":"安徽省","access_date":"2016-09-29 09:48:00","account":"z***i","quantity":1,"handle_status":8,"order_type":"53","areaid":"341723","item_id":112},{"address":"河南省","access_date":"2016-09-29 09:48:00","account":"薛***辉","quantity":1,"handle_status":8,"order_type":"53","areaid":"410811","item_id":112},{"address":"浙江省","access_date":"2016-09-29 09:48:00","account":"1***2","quantity":1,"handle_status":8,"order_type":"53","areaid":"330781","item_id":112},{"address":"福建省","access_date":"2016-09-29 09:48:00","account":"z***1","quantity":1,"handle_status":8,"order_type":"53","areaid":"350581","item_id":112},{"address":"广东省","access_date":"2016-09-29 09:48:00","account":"l***8","quantity":1,"handle_status":8,"order_type":"53","areaid":"440606","item_id":112},{"address":"天津市","access_date":"2016-09-29 09:48:00","account":"鑫***公","quantity":1,"handle_status":8,"order_type":"53","areaid":"120102","item_id":112},{"address":"安徽省","access_date":"2016-09-29 09:48:00","account":"麦***狼","quantity":1,"handle_status":8,"order_type":"53","areaid":"341002","item_id":112},{"address":"广东省","access_date":"2016-09-29 09:48:00","account":"郑***海","quantity":1,"handle_status":8,"order_type":"53","areaid":"440305","item_id":112},{"address":"辽宁省","access_date":"2016-09-29 09:48:00","account":"飞***妈","quantity":1,"handle_status":8,"order_type":"53","areaid":"210681","item_id":112},{"address":"天津市","access_date":"2016-09-29 09:48:00","account":"易***明","quantity":1,"handle_status":8,"order_type":"53","areaid":"120114","item_id":112},{"address":"广东省","access_date":"2016-09-29 09:48:00","account":"t***6","quantity":1,"handle_status":8,"order_type":"53","areaid":"440105","item_id":112},{"address":"河北省","access_date":"2016-09-29 09:48:00","account":"z***9","quantity":1,"handle_status":8,"order_type":"53","areaid":"130302","item_id":112},{"address":"广东省","access_date":"2016-09-29 09:48:00","account":"他***9","quantity":1,"handle_status":8,"order_type":"53","areaid":"440104","item_id":112},{"address":"山东省","access_date":"2016-09-29 09:48:00","account":"孙***梅","quantity":1,"handle_status":8,"order_type":"53","areaid":"370883","item_id":112},{"address":"上海市","access_date":"2016-09-29 09:48:00","account":"z***5","quantity":1,"handle_status":8,"order_type":"53","areaid":"310112","item_id":112},{"address":"江苏省","access_date":"2016-09-29 09:48:00","account":"1***2","quantity":1,"handle_status":8,"order_type":"53","areaid":"320583","item_id":112},{"address":"安徽省","access_date":"2016-09-29 09:48:00","account":"l***n","quantity":1,"handle_status":8,"order_type":"53","areaid":"341723","item_id":112},{"address":"上海市","access_date":"2016-09-29 09:48:00","account":"j***g","quantity":1,"handle_status":8,"order_type":"53","areaid":"310116","item_id":112},{"address":"福建省","access_date":"2016-09-29 09:48:00","account":"w***0","quantity":1,"handle_status":8,"order_type":"53","areaid":"350421","item_id":112},{"address":"山东省","access_date":"2016-09-29 09:48:00","account":"q***g","quantity":1,"handle_status":8,"order_type":"53","areaid":"370203","item_id":112},{"address":"北京市","access_date":"2016-09-29 09:48:00","account":"v***k","quantity":1,"handle_status":8,"order_type":"53","areaid":"110105","item_id":112},{"address":"陕西省","access_date":"2016-09-29 09:48:00","account":"金***月","quantity":1,"handle_status":8,"order_type":"53","areaid":"610113","item_id":112},{"address":"广东省","access_date":"2016-09-29 09:48:00","account":"l***2","quantity":1,"handle_status":8,"order_type":"53","areaid":"440306","item_id":112},{"address":"山东省","access_date":"2016-09-29 09:48:00","account":"g***3","quantity":1,"handle_status":8,"order_type":"53","areaid":"370285","item_id":112},{"address":"河北省","access_date":"2016-09-29 09:48:00","account":"y***0","quantity":1,"handle_status":8,"order_type":"53","areaid":"130633","item_id":112},{"address":"四川省","access_date":"2016-09-29 09:47:59","account":"万***家","quantity":1,"handle_status":8,"order_type":"53","areaid":"510181","item_id":112},{"address":"黑龙江省","access_date":"2016-09-29 09:47:59","account":"z***9","quantity":1,"handle_status":8,"order_type":"53","areaid":"230203","item_id":112},{"address":"北京市","access_date":"2016-09-29 09:47:59","account":"如***3","quantity":1,"handle_status":8,"order_type":"53","areaid":"110105","item_id":112},{"address":"天津市","access_date":"2016-09-29 09:47:59","account":"k***2","quantity":1,"handle_status":8,"order_type":"53","areaid":"120110","item_id":112},{"address":"陕西省","access_date":"2016-09-29 09:47:59","account":"普***特","quantity":1,"handle_status":8,"order_type":"53","areaid":"610602","item_id":112},{"address":"江苏省","access_date":"2016-09-29 09:47:59","account":"w***7","quantity":1,"handle_status":8,"order_type":"53","areaid":"320505","item_id":112},{"address":"山东省","access_date":"2016-09-29 09:47:59","account":"f***n","quantity":1,"handle_status":8,"order_type":"53","areaid":"371122","item_id":112},{"address":"浙江省","access_date":"2016-09-29 09:47:59","account":"a***l","quantity":1,"handle_status":8,"order_type":"53","areaid":"330411","item_id":112},{"address":"山东省","access_date":"2016-09-29 09:47:59","account":"1***2","quantity":1,"handle_status":8,"order_type":"53","areaid":"371329","item_id":112},{"address":"江苏省","access_date":"2016-09-29 09:47:59","account":"1***0","quantity":1,"handle_status":8,"order_type":"53","areaid":"320505","item_id":112},{"address":"甘肃省","access_date":"2016-09-29 09:47:59","account":"王***程","quantity":1,"handle_status":8,"order_type":"53","areaid":"621002","item_id":112},{"address":"湖南省","access_date":"2016-09-29 09:47:59","account":"1***0","quantity":1,"handle_status":8,"order_type":"53","areaid":"430304","item_id":112},{"address":"上海市","access_date":"2016-09-29 09:47:59","account":"1***2","quantity":1,"handle_status":8,"order_type":"53","areaid":"310101","item_id":112},{"address":"山东省","access_date":"2016-09-29 09:47:59","account":"1***2","quantity":1,"handle_status":8,"order_type":"53","areaid":"371329","item_id":112},{"address":"河北省","access_date":"2016-09-29 09:47:59","account":"l***g","quantity":1,"handle_status":8,"order_type":"53","areaid":"130301","item_id":112},{"address":"浙江省","access_date":"2016-09-29 09:47:59","account":"金***往","quantity":1,"handle_status":8,"order_type":"53","areaid":"331002","item_id":112},{"address":"福建省","access_date":"2016-09-29 09:47:59","account":"1***6","quantity":1,"handle_status":8,"order_type":"53","areaid":"350203","item_id":112},{"address":"河南省","access_date":"2016-09-29 09:47:59","account":"1***4","quantity":1,"handle_status":8,"order_type":"53","areaid":"410702","item_id":112},{"address":"广东省","access_date":"2016-09-29 09:47:59","account":"X***6","quantity":1,"handle_status":8,"order_type":"53","areaid":"ff8080814cd0d0f4014cd571e2a50002","item_id":112},{"address":"黑龙江省","access_date":"2016-09-29 09:47:59","account":"y***0","quantity":1,"handle_status":8,"order_type":"53","areaid":"230102","item_id":112},{"address":"四川省","access_date":"2016-09-29 09:47:59","account":"1***2","quantity":1,"handle_status":8,"order_type":"53","areaid":"510105","item_id":112},{"address":"内蒙古自治区","access_date":"2016-09-29 09:47:59","account":"王***珺","quantity":1,"handle_status":8,"order_type":"53","areaid":"150782","item_id":112},{"address":"福建省","access_date":"2016-09-29 09:47:59","account":"Z***0","quantity":1,"handle_status":8,"order_type":"53","areaid":"350205","item_id":112},{"address":"河北省","access_date":"2016-09-29 09:47:59","account":"x***9","quantity":1,"handle_status":8,"order_type":"53","areaid":"130632","item_id":112},{"address":"安徽省","access_date":"2016-09-29 09:47:59","account":"h***8","quantity":1,"handle_status":8,"order_type":"53","areaid":"340207","item_id":112},{"address":"辽宁省","access_date":"2016-09-29 09:47:59","account":"1***8","quantity":1,"handle_status":8,"order_type":"53","areaid":"210381","item_id":112},{"address":"天津市","access_date":"2016-09-29 09:47:59","account":"曾***立","quantity":1,"handle_status":8,"order_type":"53","areaid":"120104","item_id":112},{"address":"上海市","access_date":"2016-09-29 09:47:59","account":"1***2","quantity":1,"handle_status":8,"order_type":"53","areaid":"310101","item_id":112},{"address":"江苏省","access_date":"2016-09-29 09:47:59","account":"b***1","quantity":1,"handle_status":8,"order_type":"53","areaid":"320211","item_id":112},{"address":"黑龙江省","access_date":"2016-09-29 09:47:58","account":"f***0","quantity":1,"handle_status":8,"order_type":"53","areaid":"230303","item_id":112},{"address":"湖南省","access_date":"2016-09-29 09:47:58","account":"z***8","quantity":1,"handle_status":8,"order_type":"53","areaid":"430922","item_id":112},{"address":"辽宁省","access_date":"2016-09-29 09:47:58","account":"w***0","quantity":1,"handle_status":8,"order_type":"53","areaid":"210211","item_id":112},{"address":"浙江省","access_date":"2016-09-29 09:47:58","account":"c***z","quantity":1,"handle_status":8,"order_type":"53","areaid":"330103","item_id":112},{"address":"山东省","access_date":"2016-09-29 09:47:58","account":"s***n","quantity":1,"handle_status":8,"order_type":"53","areaid":"370283","item_id":112},{"address":"广东省","access_date":"2016-09-29 09:47:58","account":"1***5","quantity":1,"handle_status":8,"order_type":"53","areaid":"440304","item_id":112},{"address":"山东省","access_date":"2016-09-29 09:47:58","account":"醉***风","quantity":1,"handle_status":8,"order_type":"53","areaid":"371402","item_id":112},{"address":"广东省","access_date":"2016-09-29 09:47:58","account":"1***0","quantity":1,"handle_status":8,"order_type":"53","areaid":"440303","item_id":112},{"address":"福建省","access_date":"2016-09-29 09:47:58","account":"1***5","quantity":1,"handle_status":8,"order_type":"53","areaid":"350322","item_id":112},{"address":"陕西省","access_date":"2016-09-29 09:47:58","account":"李***熟","quantity":1,"handle_status":8,"order_type":"53","areaid":"610201","item_id":112},{"address":"安徽省","access_date":"2016-09-29 09:47:58","account":"程***红","quantity":1,"handle_status":8,"order_type":"53","areaid":"340181","item_id":112},{"address":"山西省","access_date":"2016-09-29 09:47:58","account":"z***6","quantity":1,"handle_status":8,"order_type":"53","areaid":"140106","item_id":112},{"address":"安徽省","access_date":"2016-09-29 09:47:58","account":"y***g","quantity":1,"handle_status":8,"order_type":"53","areaid":"341723","item_id":112},{"address":"江西省","access_date":"2016-09-29 09:47:58","account":"r***s","quantity":1,"handle_status":8,"order_type":"53","areaid":"360104","item_id":112},{"address":"河北省","access_date":"2016-09-29 09:47:58","account":"1***8","quantity":1,"handle_status":8,"order_type":"53","areaid":"130302","item_id":112},{"address":"湖南省","access_date":"2016-09-29 09:47:58","account":"胡***中","quantity":1,"handle_status":8,"order_type":"53","areaid":"430722","item_id":112},{"address":"山东省","access_date":"2016-09-29 09:47:58","account":"1***3","quantity":1,"handle_status":8,"order_type":"53","areaid":"371122","item_id":112},{"address":"天津市","access_date":"2016-09-29 09:47:58","account":"a***g","quantity":1,"handle_status":8,"order_type":"53","areaid":"120116","item_id":112},{"address":"山东省","access_date":"2016-09-29 09:47:58","account":"1***9","quantity":1,"handle_status":8,"order_type":"53","areaid":"370305","item_id":112},{"address":"浙江省","access_date":"2016-09-29 09:47:58","account":"w***w","quantity":1,"handle_status":8,"order_type":"53","areaid":"330382","item_id":112},{"address":"上海市","access_date":"2016-09-29 09:47:58","account":"1***4","quantity":1,"handle_status":8,"order_type":"53","areaid":"310107","item_id":112},{"address":"广东省","access_date":"2016-09-29 09:47:58","account":"1***5","quantity":1,"handle_status":8,"order_type":"53","areaid":"440402","item_id":112},{"address":"上海市","access_date":"2016-09-29 09:47:58","account":"方***1","quantity":1,"handle_status":8,"order_type":"53","areaid":"310109","item_id":112},{"address":"黑龙江省","access_date":"2016-09-29 09:47:58","account":"x***7","quantity":1,"handle_status":8,"order_type":"53","areaid":"231202","item_id":112},{"address":"江西省","access_date":"2016-09-29 09:47:58","account":"w***3","quantity":1,"handle_status":8,"order_type":"53","areaid":"361128","item_id":112},{"address":"浙江省","access_date":"2016-09-29 09:47:58","account":"x***6","quantity":1,"handle_status":8,"order_type":"53","areaid":"330282","item_id":112},{"address":"辽宁省","access_date":"2016-09-29 09:47:58","account":"不***人","quantity":1,"handle_status":8,"order_type":"53","areaid":"210402","item_id":112},{"address":"广东省","access_date":"2016-09-29 09:47:57","account":"1***7","quantity":1,"handle_status":8,"order_type":"53","areaid":"440403","item_id":112},{"address":"浙江省","access_date":"2016-09-29 09:47:57","account":"1***0","quantity":1,"handle_status":8,"order_type":"53","areaid":"330682","item_id":112},{"address":"辽宁省","access_date":"2016-09-29 09:47:57","account":"s***o","quantity":1,"handle_status":8,"order_type":"53","areaid":"211481","item_id":112},{"address":"浙江省","access_date":"2016-09-29 09:47:57","account":"c***8","quantity":1,"handle_status":8,"order_type":"53","areaid":"330726","item_id":112},{"address":"浙江省","access_date":"2016-09-29 09:47:57","account":"吉***娜","quantity":1,"handle_status":8,"order_type":"53","areaid":"330104","item_id":112},{"address":"山东省","access_date":"2016-09-29 09:47:57","account":"y***g","quantity":1,"handle_status":8,"order_type":"53","areaid":"371002","item_id":112},{"address":"山东省","access_date":"2016-09-29 09:47:57","account":"1***9","quantity":1,"handle_status":8,"order_type":"53","areaid":"371002","item_id":112},{"address":"陕西省","access_date":"2016-09-29 09:47:57","account":"c***e","quantity":1,"handle_status":8,"order_type":"53","areaid":"610425","item_id":112},{"address":"上海市","access_date":"2016-09-29 09:47:57","account":"X***G","quantity":1,"handle_status":8,"order_type":"53","areaid":"310109","item_id":112},{"address":"江苏省","access_date":"2016-09-29 09:47:57","account":"t***6","quantity":1,"handle_status":8,"order_type":"53","areaid":"321202","item_id":112},{"address":"山东省","access_date":"2016-09-29 09:47:57","account":"1***6","quantity":1,"handle_status":8,"order_type":"53","areaid":"370682","item_id":112},{"address":"山西省","access_date":"2016-09-29 09:47:57","account":"d***i","quantity":1,"handle_status":8,"order_type":"53","areaid":"140802","item_id":112},{"address":"北京市","access_date":"2016-09-29 09:47:57","account":"梅***8","quantity":1,"handle_status":8,"order_type":"53","areaid":"110106","item_id":112},{"address":"福建省","access_date":"2016-09-29 09:47:57","account":"5***1","quantity":1,"handle_status":8,"order_type":"53","areaid":"350111","item_id":112},{"address":"安徽省","access_date":"2016-09-29 09:47:57","account":"5***3","quantity":1,"handle_status":8,"order_type":"53","areaid":"340403","item_id":112},{"address":"浙江省","access_date":"2016-09-29 09:47:57","account":"z***4","quantity":1,"handle_status":8,"order_type":"53","areaid":"331002","item_id":112},{"address":"辽宁省","access_date":"2016-09-29 09:47:57","account":"z***4","quantity":1,"handle_status":8,"order_type":"53","areaid":"210404","item_id":112},{"address":"浙江省","access_date":"2016-09-29 09:47:57","account":"w***x","quantity":1,"handle_status":8,"order_type":"53","areaid":"330105","item_id":112},{"address":"江苏省","access_date":"2016-09-29 09:47:57","account":"l***8","quantity":1,"handle_status":8,"order_type":"53","areaid":"320114","item_id":112},{"address":"湖南省","access_date":"2016-09-29 09:47:57","account":"l***8","quantity":1,"handle_status":8,"order_type":"53","areaid":"430423","item_id":112},{"address":"云南省","access_date":"2016-09-29 09:47:57","account":"1***8","quantity":1,"handle_status":8,"order_type":"53","areaid":"530627","item_id":112},{"address":"黑龙江省","access_date":"2016-09-29 09:47:57","account":"1***1","quantity":1,"handle_status":8,"order_type":"53","areaid":"230602","item_id":112},{"address":"黑龙江省","access_date":"2016-09-29 09:47:57","account":"s***3","quantity":1,"handle_status":8,"order_type":"53","areaid":"231202","item_id":112},{"address":"吉林省","access_date":"2016-09-29 09:47:57","account":"m***y","quantity":1,"handle_status":8,"order_type":"53","areaid":"220581","item_id":112},{"address":"广东省","access_date":"2016-09-29 09:47:57","account":"y***n","quantity":1,"handle_status":8,"order_type":"53","areaid":"440511","item_id":112},{"address":"北京市","access_date":"2016-09-29 09:47:57","account":"1***0","quantity":1,"handle_status":8,"order_type":"53","areaid":"110108","item_id":112},{"address":"福建省","access_date":"2016-09-29 09:47:57","account":"j***b","quantity":1,"handle_status":8,"order_type":"53","areaid":"350111","item_id":112},{"address":"河南省","access_date":"2016-09-29 09:47:57","account":"n***4","quantity":1,"handle_status":8,"order_type":"53","areaid":"411002","item_id":112},{"address":"陕西省","access_date":"2016-09-29 09:47:57","account":"1***1","quantity":1,"handle_status":8,"order_type":"53","areaid":"610822","item_id":112},{"address":"浙江省","access_date":"2016-09-29 09:47:57","account":"司***月","quantity":1,"handle_status":-6,"order_type":"53","areaid":"330521","item_id":112},{"address":"河南省","access_date":"2016-09-29 09:47:56","account":"1***2","quantity":1,"handle_status":8,"order_type":"53","areaid":"410526","item_id":112},{"address":"黑龙江省","access_date":"2016-09-29 09:47:56","account":"爱***1","quantity":1,"handle_status":8,"order_type":"53","areaid":"231283","item_id":112},{"address":"浙江省","access_date":"2016-09-29 09:47:56","account":"f***n","quantity":1,"handle_status":8,"order_type":"53","areaid":"330108","item_id":112},{"address":"广东省","access_date":"2016-09-29 09:47:56","account":"l***g","quantity":1,"handle_status":8,"order_type":"53","areaid":"440606","item_id":112},{"address":"河南省","access_date":"2016-09-29 09:47:56","account":"S***r","quantity":1,"handle_status":8,"order_type":"53","areaid":"410303","item_id":112},{"address":"山东省","access_date":"2016-09-29 09:47:56","account":"h***w","quantity":1,"handle_status":8,"order_type":"53","areaid":"370305","item_id":112},{"address":"广东省","access_date":"2016-09-29 09:47:56","account":"新***号","quantity":1,"handle_status":8,"order_type":"53","areaid":"440604","item_id":112},{"address":"浙江省","access_date":"2016-09-29 09:47:56","account":"一***土","quantity":1,"handle_status":8,"order_type":"53","areaid":"330421","item_id":112},{"address":"辽宁省","access_date":"2016-09-29 09:47:56","account":"f***y","quantity":1,"handle_status":8,"order_type":"53","areaid":"210103","item_id":112},{"address":"黑龙江省","access_date":"2016-09-29 09:47:56","account":"1***4","quantity":1,"handle_status":8,"order_type":"53","areaid":"230603","item_id":112},{"address":"新疆维吾尔自治区","access_date":"2016-09-29 09:47:56","account":"1***6","quantity":1,"handle_status":8,"order_type":"53","areaid":"652325","item_id":112},{"address":"河南省","access_date":"2016-09-29 09:47:56","account":"1***8","quantity":1,"handle_status":8,"order_type":"53","areaid":"411303","item_id":112},{"address":"河南省","access_date":"2016-09-29 09:47:56","account":"邵***南","quantity":1,"handle_status":8,"order_type":"53","areaid":"410703","item_id":112},{"address":"江苏省","access_date":"2016-09-29 09:47:56","account":"顾***圣","quantity":1,"handle_status":8,"order_type":"53","areaid":"320623","item_id":112},{"address":"河北省","access_date":"2016-09-29 09:47:56","account":"w***8","quantity":1,"handle_status":8,"order_type":"53","areaid":"130302","item_id":112},{"address":"江苏省","access_date":"2016-09-29 09:47:56","account":"y***4","quantity":1,"handle_status":8,"order_type":"53","areaid":"320583","item_id":112},{"address":"浙江省","access_date":"2016-09-29 09:47:56","account":"1***2","quantity":1,"handle_status":8,"order_type":"53","areaid":"330702","item_id":112},{"address":"河北省","access_date":"2016-09-29 09:47:56","account":"沉***0","quantity":1,"handle_status":8,"order_type":"53","areaid":"130203","item_id":112},{"address":"江苏省","access_date":"2016-09-29 09:47:56","account":"c***0","quantity":1,"handle_status":8,"order_type":"53","areaid":"320506","item_id":112},{"address":"四川省","access_date":"2016-09-29 09:47:56","account":"s***d","quantity":1,"handle_status":8,"order_type":"53","areaid":"510106","item_id":112},{"address":"河北省","access_date":"2016-09-29 09:47:56","account":"d***7","quantity":1,"handle_status":8,"order_type":"53","areaid":"130209","item_id":112},{"address":"黑龙江省","access_date":"2016-09-29 09:47:56","account":"1***4","quantity":1,"handle_status":8,"order_type":"53","areaid":"230110","item_id":112},{"address":"北京市","access_date":"2016-09-29 09:47:56","account":"3***2","quantity":1,"handle_status":8,"order_type":"53","areaid":"110102","item_id":112},{"address":"浙江省","access_date":"2016-09-29 09:47:56","account":"1***5","quantity":1,"handle_status":8,"order_type":"53","areaid":"330402","item_id":112},{"address":"河北省","access_date":"2016-09-29 09:47:56","account":"m***5","quantity":1,"handle_status":8,"order_type":"53","areaid":"130602","item_id":112},{"address":"山东省","access_date":"2016-09-29 09:47:56","account":"d***6","quantity":1,"handle_status":8,"order_type":"53","areaid":"370104","item_id":112},{"address":"福建省","access_date":"2016-09-29 09:47:56","account":"z***2","quantity":1,"handle_status":8,"order_type":"53","areaid":"350503","item_id":112},{"address":"重庆市","access_date":"2016-09-29 09:47:56","account":"1***0","quantity":1,"handle_status":8,"order_type":"53","areaid":"500103","item_id":112},{"address":"浙江省","access_date":"2016-09-29 09:47:56","account":"1***5","quantity":1,"handle_status":8,"order_type":"53","areaid":"330424","item_id":112},{"address":"天津市","access_date":"2016-09-29 09:47:56","account":"y***d","quantity":1,"handle_status":8,"order_type":"53","areaid":"120114","item_id":112},{"address":"天津市","access_date":"2016-09-29 09:47:56","account":"T***K","quantity":1,"handle_status":8,"order_type":"53","areaid":"120114","item_id":112},{"address":"江苏省","access_date":"2016-09-29 09:47:55","account":"1***6","quantity":1,"handle_status":8,"order_type":"53","areaid":"320802","item_id":112},{"address":"广东省","access_date":"2016-09-29 09:47:55","account":"1***2","quantity":1,"handle_status":8,"order_type":"53","areaid":"440115","item_id":112},{"address":"福建省","access_date":"2016-09-29 09:47:55","account":"q***i","quantity":1,"handle_status":8,"order_type":"53","areaid":"350822","item_id":112},{"address":"江西省","access_date":"2016-09-29 09:47:55","account":"l***g","quantity":1,"handle_status":8,"order_type":"53","areaid":"360902","item_id":112},{"address":"上海市","access_date":"2016-09-29 09:47:55","account":"韩***鹏","quantity":1,"handle_status":8,"order_type":"53","areaid":"310109","item_id":112},{"address":"辽宁省","access_date":"2016-09-29 09:47:55","account":"o***0","quantity":1,"handle_status":8,"order_type":"53","areaid":"210304","item_id":112},{"address":"福建省","access_date":"2016-09-29 09:47:55","account":"l***m","quantity":1,"handle_status":8,"order_type":"53","areaid":"350583","item_id":112},{"address":"浙江省","access_date":"2016-09-29 09:47:55","account":"s***1","quantity":1,"handle_status":8,"order_type":"53","areaid":"330185","item_id":112},{"address":"江苏省","access_date":"2016-09-29 09:47:55","account":"s***1","quantity":1,"handle_status":8,"order_type":"53","areaid":"320206","item_id":112},{"address":"四川省","access_date":"2016-09-29 09:47:55","account":"g***4","quantity":1,"handle_status":8,"order_type":"53","areaid":"510302","item_id":112},{"address":"广东省","access_date":"2016-09-29 09:47:55","account":"h***y","quantity":1,"handle_status":8,"order_type":"53","areaid":"440103","item_id":112},{"address":"黑龙江省","access_date":"2016-09-29 09:47:55","account":"s***9","quantity":1,"handle_status":8,"order_type":"53","areaid":"230109","item_id":112},{"address":"湖南省","access_date":"2016-09-29 09:47:55","account":"朋***人","quantity":1,"handle_status":8,"order_type":"53","areaid":"430481","item_id":112},{"address":"广东省","access_date":"2016-09-29 09:47:55","account":"金***商","quantity":1,"handle_status":8,"order_type":"53","areaid":"440606","item_id":112},{"address":"广东省","access_date":"2016-09-29 09:47:55","account":"y***7","quantity":1,"handle_status":8,"order_type":"53","areaid":"440402","item_id":112},{"address":"广东省","access_date":"2016-09-29 09:47:55","account":"y***2","quantity":1,"handle_status":8,"order_type":"53","areaid":"440802","item_id":112},{"address":"浙江省","access_date":"2016-09-29 09:47:55","account":"3***4","quantity":1,"handle_status":8,"order_type":"53","areaid":"330327","item_id":112},{"address":"宁夏回族自治区","access_date":"2016-09-29 09:47:55","account":"g***n","quantity":1,"handle_status":8,"order_type":"53","areaid":"640205","item_id":112},{"address":"浙江省","access_date":"2016-09-29 09:47:55","account":"d***s","quantity":1,"handle_status":8,"order_type":"53","areaid":"331081","item_id":112},{"address":"广东省","access_date":"2016-09-29 09:47:55","account":"1***9","quantity":1,"handle_status":8,"order_type":"53","areaid":"440306","item_id":112},{"address":"北京市","access_date":"2016-09-29 09:47:55","account":"1***5","quantity":1,"handle_status":8,"order_type":"53","areaid":"110108","item_id":112},{"address":"四川省","access_date":"2016-09-29 09:47:55","account":"福***4","quantity":1,"handle_status":8,"order_type":"53","areaid":"511102","item_id":112},{"address":"辽宁省","access_date":"2016-09-29 09:47:55","account":"0***0","quantity":1,"handle_status":8,"order_type":"53","areaid":"210304","item_id":112},{"address":"陕西省","access_date":"2016-09-29 09:47:55","account":"1***9","quantity":1,"handle_status":8,"order_type":"53","areaid":"610830","item_id":112},{"address":"广东省","access_date":"2016-09-29 09:47:55","account":"y***i","quantity":1,"handle_status":8,"order_type":"53","areaid":"440507","item_id":112},{"address":"江西省","access_date":"2016-09-29 09:47:55","account":"社***妈","quantity":1,"handle_status":8,"order_type":"53","areaid":"360782","item_id":112},{"address":"江西省","access_date":"2016-09-29 09:47:55","account":"L***C","quantity":1,"handle_status":8,"order_type":"53","areaid":"360827","item_id":112},{"address":"甘肃省","access_date":"2016-09-29 09:47:55","account":"李***博","quantity":1,"handle_status":8,"order_type":"53","areaid":"621002","item_id":112},{"address":"江苏省","access_date":"2016-09-29 09:47:55","account":"天***你","quantity":1,"handle_status":8,"order_type":"53","areaid":"320506","item_id":112},{"address":"浙江省","access_date":"2016-09-29 09:47:54","account":"判***权","quantity":1,"handle_status":8,"order_type":"53","areaid":"330105","item_id":112},{"address":"山西省","access_date":"2016-09-29 09:47:54","account":"y***g","quantity":1,"handle_status":8,"order_type":"53","areaid":"140728","item_id":112},{"address":"安徽省","access_date":"2016-09-29 09:47:54","account":"S***9","quantity":1,"handle_status":8,"order_type":"53","areaid":"340202","item_id":112},{"address":"广东省","access_date":"2016-09-29 09:47:54","account":"o***8","quantity":1,"handle_status":8,"order_type":"53","areaid":"440306","item_id":112},{"address":"山东省","access_date":"2016-09-29 09:47:54","account":"李***栋","quantity":1,"handle_status":8,"order_type":"53","areaid":"371523","item_id":112},{"address":"山西省","access_date":"2016-09-29 09:47:54","account":"1***0","quantity":1,"handle_status":8,"order_type":"53","areaid":"141102","item_id":112},{"address":"辽宁省","access_date":"2016-09-29 09:47:54","account":"b***9","quantity":1,"handle_status":8,"order_type":"53","areaid":"210103","item_id":112},{"address":"广东省","access_date":"2016-09-29 09:47:54","account":"y***8","quantity":1,"handle_status":8,"order_type":"53","areaid":"ff8080814cd0d0f4014cd571e2a50002","item_id":112},{"address":"安徽省","access_date":"2016-09-29 09:47:54","account":"t***5","quantity":1,"handle_status":8,"order_type":"53","areaid":"340111","item_id":112},{"address":"吉林省","access_date":"2016-09-29 09:47:54","account":"1***7","quantity":1,"handle_status":8,"order_type":"53","areaid":"220204","item_id":112},{"address":"山东省","access_date":"2016-09-29 09:47:54","account":"为***8","quantity":1,"handle_status":8,"order_type":"53","areaid":"370103","item_id":112},{"address":"浙江省","access_date":"2016-09-29 09:47:54","account":"黄***元","quantity":1,"handle_status":8,"order_type":"53","areaid":"330104","item_id":112},{"address":"江苏省","access_date":"2016-09-29 09:47:54","account":"w***6","quantity":1,"handle_status":8,"order_type":"53","areaid":"320925","item_id":112},{"address":"湖北省","access_date":"2016-09-29 09:47:54","account":"1***7","quantity":1,"handle_status":8,"order_type":"53","areaid":"420103","item_id":112},{"address":"甘肃省","access_date":"2016-09-29 09:47:54","account":"3***7","quantity":1,"handle_status":8,"order_type":"53","areaid":"621002","item_id":112},{"address":"湖北省","access_date":"2016-09-29 09:47:54","account":"w***4","quantity":1,"handle_status":8,"order_type":"53","areaid":"420104","item_id":112},{"address":"河北省","access_date":"2016-09-29 09:47:54","account":"1***4","quantity":1,"handle_status":8,"order_type":"53","areaid":"130124","item_id":112},{"address":"浙江省","access_date":"2016-09-29 09:47:54","account":"1***0","quantity":1,"handle_status":8,"order_type":"53","areaid":"330781","item_id":112},{"address":"上海市","access_date":"2016-09-29 09:47:54","account":"孔***绿","quantity":1,"handle_status":8,"order_type":"53","areaid":"310101","item_id":112},{"address":"辽宁省","access_date":"2016-09-29 09:47:54","account":"f***1","quantity":1,"handle_status":8,"order_type":"53","areaid":"210102","item_id":112},{"address":"江苏省","access_date":"2016-09-29 09:47:54","account":"朱***珠","quantity":1,"handle_status":8,"order_type":"53","areaid":"320281","item_id":112},{"address":"江苏省","access_date":"2016-09-29 09:47:54","account":"徐***3","quantity":1,"handle_status":8,"order_type":"53","areaid":"320802","item_id":112},{"address":"广东省","access_date":"2016-09-29 09:47:54","account":"f***5","quantity":1,"handle_status":8,"order_type":"53","areaid":"ff8080814cd0d0f4014cd571e2a50002","item_id":112},{"address":"广东省","access_date":"2016-09-29 09:47:54","account":"1***1","quantity":1,"handle_status":8,"order_type":"53","areaid":"ff8080814cd0d0f4014cd56f66b80001","item_id":112},{"address":"吉林省","access_date":"2016-09-29 09:47:54","account":"1***9","quantity":1,"handle_status":8,"order_type":"53","areaid":"220402","item_id":112},{"address":"广东省","access_date":"2016-09-29 09:47:54","account":"1***8","quantity":1,"handle_status":8,"order_type":"53","areaid":"ff8080814cd0d0f4014cd56f66b80001","item_id":112},{"address":"江苏省","access_date":"2016-09-29 09:47:54","account":"1***8","quantity":1,"handle_status":8,"order_type":"53","areaid":"320104","item_id":112},{"address":"河南省","access_date":"2016-09-29 09:47:54","account":"杨***6","quantity":1,"handle_status":8,"order_type":"53","areaid":"410724","item_id":112},{"address":"辽宁省","access_date":"2016-09-29 09:47:54","account":"郭***东","quantity":1,"handle_status":8,"order_type":"53","areaid":"210103","item_id":112},{"address":"山西省","access_date":"2016-09-29 09:47:54","account":"c***8","quantity":1,"handle_status":8,"order_type":"53","areaid":"140402","item_id":112},{"address":"湖南省","access_date":"2016-09-29 09:47:54","account":"1***6","quantity":1,"handle_status":8,"order_type":"53","areaid":"431002","item_id":112},{"address":"北京市","access_date":"2016-09-29 09:47:54","account":"d***1","quantity":1,"handle_status":8,"order_type":"53","areaid":"110114","item_id":112},{"address":"河南省","access_date":"2016-09-29 09:47:54","account":"1***9","quantity":1,"handle_status":8,"order_type":"53","areaid":"410102","item_id":112},{"address":"四川省","access_date":"2016-09-29 09:47:53","account":"1***9","quantity":1,"handle_status":8,"order_type":"53","areaid":"510106","item_id":112},{"address":"浙江省","access_date":"2016-09-29 09:47:53","account":"s***2","quantity":1,"handle_status":8,"order_type":"53","areaid":"331002","item_id":112},{"address":"新疆维吾尔自治区","access_date":"2016-09-29 09:47:53","account":"郁***1","quantity":1,"handle_status":8,"order_type":"53","areaid":"652801","item_id":112},{"address":"福建省","access_date":"2016-09-29 09:47:53","account":"1***4","quantity":1,"handle_status":8,"order_type":"53","areaid":"350205","item_id":112},{"address":"安徽省","access_date":"2016-09-29 09:47:53","account":"l***l","quantity":1,"handle_status":8,"order_type":"53","areaid":"340603","item_id":112},{"address":"广东省","access_date":"2016-09-29 09:47:53","account":"1***7","quantity":1,"handle_status":8,"order_type":"53","areaid":"ff8080814cd0d0f4014cd56f66b80001","item_id":112},{"address":"河南省","access_date":"2016-09-29 09:47:53","account":"1***7","quantity":1,"handle_status":8,"order_type":"53","areaid":"411526","item_id":112},{"address":"上海市","access_date":"2016-09-29 09:47:53","account":"1***5","quantity":1,"handle_status":8,"order_type":"53","areaid":"310105","item_id":112},{"address":"北京市","access_date":"2016-09-29 09:47:53","account":"李***1","quantity":1,"handle_status":8,"order_type":"53","areaid":"110105","item_id":112},{"address":"浙江省","access_date":"2016-09-29 09:47:53","account":"l***m","quantity":1,"handle_status":8,"order_type":"53","areaid":"330324","item_id":112},{"address":"江苏省","access_date":"2016-09-29 09:47:53","account":"1***0","quantity":1,"handle_status":8,"order_type":"53","areaid":"320204","item_id":112},{"address":"江苏省","access_date":"2016-09-29 09:47:53","account":"开***钱","quantity":1,"handle_status":8,"order_type":"53","areaid":"320402","item_id":112},{"address":"安徽省","access_date":"2016-09-29 09:47:53","account":"大***8","quantity":1,"handle_status":8,"order_type":"53","areaid":"341822","item_id":112},{"address":"安徽省","access_date":"2016-09-29 09:47:53","account":"t***9","quantity":1,"handle_status":8,"order_type":"53","areaid":"341822","item_id":112},{"address":"湖北省","access_date":"2016-09-29 09:47:53","account":"i***7","quantity":1,"handle_status":8,"order_type":"53","areaid":"420102","item_id":112},{"address":"辽宁省","access_date":"2016-09-29 09:47:53","account":"1***8","quantity":1,"handle_status":8,"order_type":"53","areaid":"210111","item_id":112},{"address":"江苏省","access_date":"2016-09-29 09:47:53","account":"h***5","quantity":1,"handle_status":8,"order_type":"53","areaid":"320106","item_id":112},{"address":"贵州省","access_date":"2016-09-29 09:47:53","account":"1***5","quantity":1,"handle_status":8,"order_type":"53","areaid":"522701","item_id":112},{"address":"江西省","access_date":"2016-09-29 09:47:53","account":"1***9","quantity":1,"handle_status":8,"order_type":"53","areaid":"361026","item_id":112},{"address":"广东省","access_date":"2016-09-29 09:47:53","account":"1***4","quantity":1,"handle_status":8,"order_type":"53","areaid":"445102","item_id":112},{"address":"广东省","access_date":"2016-09-29 09:47:53","account":"流***沙","quantity":1,"handle_status":8,"order_type":"53","areaid":"440511","item_id":112},{"address":"广东省","access_date":"2016-09-29 09:47:53","account":"皇***兵","quantity":1,"handle_status":8,"order_type":"53","areaid":"ff8080814cd0d0f4014cd571e2a50002","item_id":112},{"address":"山西省","access_date":"2016-09-29 09:47:53","account":"z***7","quantity":1,"handle_status":8,"order_type":"53","areaid":"141025","item_id":112},{"address":"广东省","access_date":"2016-09-29 09:47:53","account":"y***n","quantity":1,"handle_status":8,"order_type":"53","areaid":"440111","item_id":112},{"address":"辽宁省","access_date":"2016-09-29 09:47:53","account":"1***1","quantity":1,"handle_status":8,"order_type":"53","areaid":"210112","item_id":112},{"address":"福建省","access_date":"2016-09-29 09:47:53","account":"1***8","quantity":1,"handle_status":8,"order_type":"53","areaid":"350521","item_id":112},{"address":"上海市","access_date":"2016-09-29 09:47:53","account":"m***6","quantity":1,"handle_status":8,"order_type":"53","areaid":"310110","item_id":112},{"address":"河北省","access_date":"2016-09-29 09:47:53","account":"g***g","quantity":1,"handle_status":8,"order_type":"53","areaid":"130208","item_id":112},{"address":"辽宁省","access_date":"2016-09-29 09:47:53","account":"p***0","quantity":1,"handle_status":8,"order_type":"53","areaid":"211302","item_id":112},{"address":"河南省","access_date":"2016-09-29 09:47:53","account":"谢***河","quantity":1,"handle_status":8,"order_type":"53","areaid":"410728","item_id":112},{"address":"安徽省","access_date":"2016-09-29 09:47:53","account":"c***7","quantity":1,"handle_status":8,"order_type":"53","areaid":"340303","item_id":112},{"address":"江苏省","access_date":"2016-09-29 09:47:53","account":"1***5","quantity":1,"handle_status":8,"order_type":"53","areaid":"320402","item_id":112},{"address":"内蒙古自治区","access_date":"2016-09-29 09:47:52","account":"0***2","quantity":1,"handle_status":8,"order_type":"53","areaid":"150621","item_id":112},{"address":"广东省","access_date":"2016-09-29 09:47:52","account":"1***7","quantity":1,"handle_status":8,"order_type":"53","areaid":"445102","item_id":112},{"address":"广东省","access_date":"2016-09-29 09:47:52","account":"t***1","quantity":1,"handle_status":8,"order_type":"53","areaid":"440105","item_id":112},{"address":"辽宁省","access_date":"2016-09-29 09:47:52","account":"s***c","quantity":1,"handle_status":8,"order_type":"53","areaid":"210105","item_id":112},{"address":"重庆市","access_date":"2016-09-29 09:47:52","account":"新***份","quantity":1,"handle_status":8,"order_type":"53","areaid":"500103","item_id":112},{"address":"浙江省","access_date":"2016-09-29 09:47:52","account":"g***g","quantity":1,"handle_status":8,"order_type":"53","areaid":"330110","item_id":112},{"address":"北京市","access_date":"2016-09-29 09:47:52","account":"w***7","quantity":1,"handle_status":8,"order_type":"53","areaid":"110102","item_id":112},{"address":"广东省","access_date":"2016-09-29 09:47:52","account":"叮***呛","quantity":1,"handle_status":8,"order_type":"53","areaid":"440513","item_id":112},{"address":"河北省","access_date":"2016-09-29 09:47:52","account":"1***8","quantity":1,"handle_status":8,"order_type":"53","areaid":"130107","item_id":112},{"address":"辽宁省","access_date":"2016-09-29 09:47:52","account":"1***6","quantity":1,"handle_status":8,"order_type":"53","areaid":"210702","item_id":112},{"address":"福建省","access_date":"2016-09-29 09:47:52","account":"1***9","quantity":1,"handle_status":8,"order_type":"53","areaid":"350802","item_id":112},{"address":"辽宁省","access_date":"2016-09-29 09:47:52","account":"1***8","quantity":1,"handle_status":8,"order_type":"53","areaid":"211103","item_id":112},{"address":"辽宁省","access_date":"2016-09-29 09:47:52","account":"z***b","quantity":1,"handle_status":8,"order_type":"53","areaid":"210522","item_id":112},{"address":"福建省","access_date":"2016-09-29 09:47:52","account":"1***9","quantity":1,"handle_status":8,"order_type":"53","areaid":"350583","item_id":112},{"address":"河北省","access_date":"2016-09-29 09:47:52","account":"t***t","quantity":1,"handle_status":8,"order_type":"53","areaid":"130727","item_id":112},{"address":"河北省","access_date":"2016-09-29 09:47:52","account":"1***9","quantity":1,"handle_status":8,"order_type":"53","areaid":"130302","item_id":112},{"address":"甘肃省","access_date":"2016-09-29 09:47:52","account":"x***i","quantity":1,"handle_status":8,"order_type":"53","areaid":"620102","item_id":112},{"address":"陕西省","access_date":"2016-09-29 09:47:52","account":"s***d","quantity":1,"handle_status":8,"order_type":"53","areaid":"610502","item_id":112},{"address":"浙江省","access_date":"2016-09-29 09:47:52","account":"d***4","quantity":1,"handle_status":8,"order_type":"53","areaid":"330105","item_id":112},{"address":"浙江省","access_date":"2016-09-29 09:47:52","account":"z***4","quantity":1,"handle_status":8,"order_type":"53","areaid":"330302","item_id":112},{"address":"湖北省","access_date":"2016-09-29 09:47:52","account":"1***8","quantity":1,"handle_status":8,"order_type":"53","areaid":"421002","item_id":112},{"address":"广东省","access_date":"2016-09-29 09:47:52","account":"杰***克","quantity":1,"handle_status":8,"order_type":"53","areaid":"ff8080814cd0d0f4014cd56f66b80001","item_id":112},{"address":"上海市","access_date":"2016-09-29 09:47:52","account":"z***l","quantity":1,"handle_status":8,"order_type":"53","areaid":"310112","item_id":112},{"address":"广东省","access_date":"2016-09-29 09:47:52","account":"前***呢","quantity":1,"handle_status":8,"order_type":"53","areaid":"440306","item_id":112},{"address":"重庆市","access_date":"2016-09-29 09:47:52","account":"纸***吖","quantity":1,"handle_status":8,"order_type":"53","areaid":"500103","item_id":112},{"address":"上海市","access_date":"2016-09-29 09:47:52","account":"华***丽","quantity":1,"handle_status":8,"order_type":"53","areaid":"310108","item_id":112},{"address":"山东省","access_date":"2016-09-29 09:47:52","account":"浦***江","quantity":1,"handle_status":8,"order_type":"53","areaid":"370202","item_id":112},{"address":"内蒙古自治区","access_date":"2016-09-29 09:47:52","account":"郑***爷","quantity":1,"handle_status":8,"order_type":"53","areaid":"150204","item_id":112},{"address":"广东省","access_date":"2016-09-29 09:47:52","account":"8***h","quantity":1,"handle_status":8,"order_type":"53","areaid":"440111","item_id":112},{"address":"浙江省","access_date":"2016-09-29 09:47:52","account":"s***8","quantity":1,"handle_status":8,"order_type":"53","areaid":"330326","item_id":112},{"address":"上海市","access_date":"2016-09-29 09:47:51","account":"1***2","quantity":1,"handle_status":8,"order_type":"53","areaid":"310105","item_id":112},{"address":"天津市","access_date":"2016-09-29 09:47:51","account":"l***7","quantity":1,"handle_status":8,"order_type":"53","areaid":"120103","item_id":112},{"address":"辽宁省","access_date":"2016-09-29 09:47:51","account":"w***9","quantity":1,"handle_status":8,"order_type":"53","areaid":"211003","item_id":112},{"address":"湖南省","access_date":"2016-09-29 09:47:51","account":"1***3","quantity":1,"handle_status":8,"order_type":"53","areaid":"430407","item_id":112},{"address":"辽宁省","access_date":"2016-09-29 09:47:51","account":"赵***赵","quantity":1,"handle_status":8,"order_type":"53","areaid":"210403","item_id":112},{"address":"北京市","access_date":"2016-09-29 09:47:51","account":"李***1","quantity":1,"handle_status":8,"order_type":"53","areaid":"110105","item_id":112},{"address":"黑龙江省","access_date":"2016-09-29 09:47:51","account":"H***6","quantity":1,"handle_status":8,"order_type":"53","areaid":"231004","item_id":112},{"address":"辽宁省","access_date":"2016-09-29 09:47:51","account":"z***n","quantity":1,"handle_status":8,"order_type":"53","areaid":"211103","item_id":112},{"address":"江苏省","access_date":"2016-09-29 09:47:51","account":"小***8","quantity":1,"handle_status":8,"order_type":"53","areaid":"320302","item_id":112},{"address":"新疆维吾尔自治区","access_date":"2016-09-29 09:47:51","account":"z***0","quantity":1,"handle_status":8,"order_type":"53","areaid":"654025","item_id":112},{"address":"贵州省","access_date":"2016-09-29 09:47:51","account":"1***5","quantity":1,"handle_status":8,"order_type":"53","areaid":"522326","item_id":112},{"address":"山东省","access_date":"2016-09-29 09:47:51","account":"c***j","quantity":1,"handle_status":8,"order_type":"53","areaid":"370502","item_id":112},{"address":"江苏省","access_date":"2016-09-29 09:47:51","account":"吴***梅","quantity":1,"handle_status":8,"order_type":"53","areaid":"320106","item_id":112},{"address":"江苏省","access_date":"2016-09-29 09:47:51","account":"k***n","quantity":1,"handle_status":8,"order_type":"53","areaid":"320106","item_id":112},{"address":"北京市","access_date":"2016-09-29 09:47:51","account":"j***g","quantity":1,"handle_status":8,"order_type":"53","areaid":"110102","item_id":112},{"address":"湖南省","access_date":"2016-09-29 09:47:51","account":"余***娥","quantity":1,"handle_status":8,"order_type":"53","areaid":"430104","item_id":112},{"address":"黑龙江省","access_date":"2016-09-29 09:47:51","account":"1***0","quantity":1,"handle_status":8,"order_type":"53","areaid":"231005","item_id":112},{"address":"湖南省","access_date":"2016-09-29 09:47:51","account":"d***y","quantity":1,"handle_status":8,"order_type":"53","areaid":"430581","item_id":112},{"address":"重庆市","access_date":"2016-09-29 09:47:51","account":"l***1","quantity":1,"handle_status":8,"order_type":"53","areaid":"500112","item_id":112},{"address":"广东省","access_date":"2016-09-29 09:47:51","account":"1***4","quantity":1,"handle_status":8,"order_type":"53","areaid":"440605","item_id":112},{"address":"江苏省","access_date":"2016-09-29 09:47:51","account":"1***2","quantity":1,"handle_status":8,"order_type":"53","areaid":"320509","item_id":112},{"address":"江苏省","access_date":"2016-09-29 09:47:51","account":"N***J","quantity":1,"handle_status":8,"order_type":"53","areaid":"320115","item_id":112},{"address":"宁夏回族自治区","access_date":"2016-09-29 09:47:51","account":"1***1","quantity":1,"handle_status":8,"order_type":"53","areaid":"640402","item_id":112},{"address":"福建省","access_date":"2016-09-29 09:47:51","account":"s***5","quantity":1,"handle_status":8,"order_type":"53","areaid":"350822","item_id":112},{"address":"湖北省","access_date":"2016-09-29 09:47:51","account":"q***3","quantity":1,"handle_status":8,"order_type":"53","areaid":"421002","item_id":112},{"address":"辽宁省","access_date":"2016-09-29 09:47:51","account":"1***9","quantity":1,"handle_status":8,"order_type":"53","areaid":"210105","item_id":112},{"address":"江苏省","access_date":"2016-09-29 09:47:51","account":"事***三","quantity":1,"handle_status":8,"order_type":"53","areaid":"320114","item_id":112},{"address":"天津市","access_date":"2016-09-29 09:47:51","account":"1***5","quantity":1,"handle_status":8,"order_type":"53","areaid":"120104","item_id":112},{"address":"湖南省","access_date":"2016-09-29 09:47:51","account":"l***g","quantity":1,"handle_status":8,"order_type":"53","areaid":"431223","item_id":112},{"address":"广东省","access_date":"2016-09-29 09:47:51","account":"g***i","quantity":1,"handle_status":8,"order_type":"53","areaid":"440306","item_id":112},{"address":"新疆维吾尔自治区","access_date":"2016-09-29 09:47:51","account":"王***9","quantity":1,"handle_status":8,"order_type":"53","areaid":"652801","item_id":112},{"address":"山东省","access_date":"2016-09-29 09:47:51","account":"y***g","quantity":1,"handle_status":8,"order_type":"53","areaid":"370826","item_id":112},{"address":"广东省","access_date":"2016-09-29 09:47:51","account":"太***神","quantity":1,"handle_status":8,"order_type":"53","areaid":"445381","item_id":112},{"address":"上海市","access_date":"2016-09-29 09:47:50","account":"1***3","quantity":1,"handle_status":8,"order_type":"53","areaid":"310104","item_id":112},{"address":"福建省","access_date":"2016-09-29 09:47:50","account":"j***2","quantity":1,"handle_status":8,"order_type":"53","areaid":"350402","item_id":112},{"address":"湖南省","access_date":"2016-09-29 09:47:50","account":"7***5","quantity":1,"handle_status":8,"order_type":"53","areaid":"431202","item_id":112},{"address":"四川省","access_date":"2016-09-29 09:47:50","account":"c***a","quantity":1,"handle_status":8,"order_type":"53","areaid":"510104","item_id":112},{"address":"安徽省","access_date":"2016-09-29 09:47:50","account":"w***b","quantity":1,"handle_status":8,"order_type":"53","areaid":"340202","item_id":112},{"address":"山西省","access_date":"2016-09-29 09:47:50","account":"a***0","quantity":1,"handle_status":8,"order_type":"53","areaid":"141001","item_id":112},{"address":"甘肃省","access_date":"2016-09-29 09:47:50","account":"q***1","quantity":1,"handle_status":8,"order_type":"53","areaid":"620502","item_id":112},{"address":"北京市","access_date":"2016-09-29 09:47:50","account":"q***1","quantity":1,"handle_status":8,"order_type":"53","areaid":"110102","item_id":112},{"address":"上海市","access_date":"2016-09-29 09:47:50","account":"1***5","quantity":1,"handle_status":8,"order_type":"53","areaid":"310115","item_id":112},{"address":"四川省","access_date":"2016-09-29 09:47:50","account":"1***0","quantity":1,"handle_status":8,"order_type":"53","areaid":"510108","item_id":112},{"address":"北京市","access_date":"2016-09-29 09:47:50","account":"l***0","quantity":1,"handle_status":8,"order_type":"53","areaid":"110105","item_id":112},{"address":"天津市","access_date":"2016-09-29 09:47:50","account":"金***币","quantity":1,"handle_status":8,"order_type":"53","areaid":"120104","item_id":112},{"address":"福建省","access_date":"2016-09-29 09:47:50","account":"白***石","quantity":1,"handle_status":8,"order_type":"53","areaid":"350503","item_id":112},{"address":"河南省","access_date":"2016-09-29 09:47:50","account":"1***1","quantity":1,"handle_status":8,"order_type":"53","areaid":"410103","item_id":112},{"address":"浙江省","access_date":"2016-09-29 09:47:50","account":"1***0","quantity":1,"handle_status":8,"order_type":"53","areaid":"331004","item_id":112},{"address":"上海市","access_date":"2016-09-29 09:47:50","account":"m***0","quantity":1,"handle_status":8,"order_type":"53","areaid":"310105","item_id":112},{"address":"陕西省","access_date":"2016-09-29 09:47:50","account":"l***5","quantity":1,"handle_status":8,"order_type":"53","areaid":"610113","item_id":112},{"address":"黑龙江省","access_date":"2016-09-29 09:47:50","account":"3***6","quantity":1,"handle_status":8,"order_type":"53","areaid":"230103","item_id":112},{"address":"山西省","access_date":"2016-09-29 09:47:50","account":"j***q","quantity":1,"handle_status":8,"order_type":"53","areaid":"140726","item_id":112},{"address":"广东省","access_date":"2016-09-29 09:47:50","account":"j***n","quantity":1,"handle_status":8,"order_type":"53","areaid":"440104","item_id":112},{"address":"江西省","access_date":"2016-09-29 09:47:50","account":"1***1","quantity":1,"handle_status":8,"order_type":"53","areaid":"361129","item_id":112},{"address":"贵州省","access_date":"2016-09-29 09:47:50","account":"开***5","quantity":1,"handle_status":8,"order_type":"53","areaid":"520222","item_id":112},{"address":"北京市","access_date":"2016-09-29 09:47:50","account":"1***8","quantity":1,"handle_status":8,"order_type":"53","areaid":"110115","item_id":112},{"address":"浙江省","access_date":"2016-09-29 09:47:50","account":"1***8","quantity":1,"handle_status":8,"order_type":"53","areaid":"330204","item_id":112},{"address":"浙江省","access_date":"2016-09-29 09:47:50","account":"w***i","quantity":1,"handle_status":8,"order_type":"53","areaid":"331004","item_id":112},{"address":"湖北省","access_date":"2016-09-29 09:47:49","account":"z***5","quantity":1,"handle_status":8,"order_type":"53","areaid":"420115","item_id":112},{"address":"河北省","access_date":"2016-09-29 09:47:49","account":"勇***神","quantity":1,"handle_status":8,"order_type":"53","areaid":"130502","item_id":112},{"address":"上海市","access_date":"2016-09-29 09:47:49","account":"1***8","quantity":1,"handle_status":8,"order_type":"53","areaid":"310112","item_id":112},{"address":"四川省","access_date":"2016-09-29 09:47:49","account":"1***6","quantity":1,"handle_status":8,"order_type":"53","areaid":"510107","item_id":112},{"address":"江西省","access_date":"2016-09-29 09:47:49","account":"f***7","quantity":1,"handle_status":8,"order_type":"53","areaid":"360103","item_id":112},{"address":"山西省","access_date":"2016-09-29 09:47:49","account":"y***1","quantity":1,"handle_status":8,"order_type":"53","areaid":"140302","item_id":112},{"address":"湖南省","access_date":"2016-09-29 09:47:49","account":"j***0","quantity":1,"handle_status":8,"order_type":"53","areaid":"430103","item_id":112},{"address":"广东省","access_date":"2016-09-29 09:47:49","account":"1***9","quantity":1,"handle_status":8,"order_type":"53","areaid":"440605","item_id":112},{"address":"河南省","access_date":"2016-09-29 09:47:49","account":"g***2","quantity":1,"handle_status":8,"order_type":"53","areaid":"410105","item_id":112},{"address":"福建省","access_date":"2016-09-29 09:47:49","account":"l***0","quantity":1,"handle_status":8,"order_type":"53","areaid":"350629","item_id":112},{"address":"浙江省","access_date":"2016-09-29 09:47:49","account":"1***4","quantity":1,"handle_status":8,"order_type":"53","areaid":"330108","item_id":112},{"address":"广东省","access_date":"2016-09-29 09:47:49","account":"剑***心","quantity":1,"handle_status":8,"order_type":"53","areaid":"440115","item_id":112},{"address":"浙江省","access_date":"2016-09-29 09:47:49","account":"1***0","quantity":1,"handle_status":8,"order_type":"53","areaid":"330281","item_id":112},{"address":"江苏省","access_date":"2016-09-29 09:47:49","account":"w***7","quantity":1,"handle_status":8,"order_type":"53","areaid":"320113","item_id":112},{"address":"浙江省","access_date":"2016-09-29 09:47:49","account":"李***1","quantity":1,"handle_status":8,"order_type":"53","areaid":"330211","item_id":112},{"address":"浙江省","access_date":"2016-09-29 09:47:49","account":"王***祥","quantity":1,"handle_status":8,"order_type":"53","areaid":"330521","item_id":112},{"address":"河北省","access_date":"2016-09-29 09:47:49","account":"龙***7","quantity":1,"handle_status":8,"order_type":"53","areaid":"130705","item_id":112},{"address":"上海市","access_date":"2016-09-29 09:47:49","account":"h***6","quantity":1,"handle_status":8,"order_type":"53","areaid":"310115","item_id":112},{"address":"陕西省","access_date":"2016-09-29 09:47:49","account":"1***8","quantity":1,"handle_status":8,"order_type":"53","areaid":"610113","item_id":112},{"address":"福建省","access_date":"2016-09-29 09:47:49","account":"t***6","quantity":1,"handle_status":8,"order_type":"53","areaid":"350203","item_id":112},{"address":"上海市","access_date":"2016-09-29 09:47:49","account":"1***0","quantity":1,"handle_status":8,"order_type":"53","areaid":"310112","item_id":112},{"address":"上海市","access_date":"2016-09-29 09:47:49","account":"r***i","quantity":1,"handle_status":8,"order_type":"53","areaid":"310115","item_id":112},{"address":"广东省","access_date":"2016-09-29 09:47:49","account":"d***7","quantity":1,"handle_status":8,"order_type":"53","areaid":"440304","item_id":112},{"address":"江苏省","access_date":"2016-09-29 09:47:49","account":"k***n","quantity":1,"handle_status":8,"order_type":"53","areaid":"320585","item_id":112},{"address":"黑龙江省","access_date":"2016-09-29 09:47:49","account":"1***2","quantity":1,"handle_status":8,"order_type":"53","areaid":"230302","item_id":112},{"address":"湖南省","access_date":"2016-09-29 09:47:49","account":"1***4","quantity":1,"handle_status":8,"order_type":"53","areaid":"430105","item_id":112},{"address":"山西省","access_date":"2016-09-29 09:47:49","account":"d***8","quantity":1,"handle_status":8,"order_type":"53","areaid":"140105","item_id":112},{"address":"江苏省","access_date":"2016-09-29 09:47:49","account":"q***1","quantity":1,"handle_status":8,"order_type":"53","areaid":"320482","item_id":112},{"address":"重庆市","access_date":"2016-09-29 09:47:49","account":"f***y","quantity":1,"handle_status":8,"order_type":"53","areaid":"500106","item_id":112},{"address":"安徽省","access_date":"2016-09-29 09:47:49","account":"w***j","quantity":1,"handle_status":8,"order_type":"53","areaid":"340202","item_id":112},{"address":"内蒙古自治区","access_date":"2016-09-29 09:47:48","account":"5***0","quantity":1,"handle_status":8,"order_type":"53","areaid":"150402","item_id":112},{"address":"辽宁省","access_date":"2016-09-29 09:47:48","account":"勇***V","quantity":1,"handle_status":8,"order_type":"53","areaid":"210303","item_id":112},{"address":"重庆市","access_date":"2016-09-29 09:47:48","account":"桀***迅","quantity":1,"handle_status":8,"order_type":"53","areaid":"500112","item_id":112},{"address":"江苏省","access_date":"2016-09-29 09:47:48","account":"p***6","quantity":1,"handle_status":8,"order_type":"53","areaid":"320925","item_id":112},{"address":"上海市","access_date":"2016-09-29 09:47:48","account":"k***b","quantity":1,"handle_status":8,"order_type":"53","areaid":"310115","item_id":112},{"address":"天津市","access_date":"2016-09-29 09:47:48","account":"z***2","quantity":1,"handle_status":8,"order_type":"53","areaid":"120114","item_id":112},{"address":"浙江省","access_date":"2016-09-29 09:47:48","account":"t***u","quantity":1,"handle_status":8,"order_type":"53","areaid":"330103","item_id":112},{"address":"上海市","access_date":"2016-09-29 09:47:48","account":"w***n","quantity":1,"handle_status":8,"order_type":"53","areaid":"310105","item_id":112},{"address":"湖南省","access_date":"2016-09-29 09:47:48","account":"C***0","quantity":1,"handle_status":8,"order_type":"53","areaid":"430104","item_id":112},{"address":"上海市","access_date":"2016-09-29 09:47:48","account":"宋***周","quantity":1,"handle_status":8,"order_type":"53","areaid":"310114","item_id":112},{"address":"上海市","access_date":"2016-09-29 09:47:48","account":"杨***丹","quantity":1,"handle_status":8,"order_type":"53","areaid":"310114","item_id":112},{"address":"北京市","access_date":"2016-09-29 09:47:48","account":"x***t","quantity":1,"handle_status":8,"order_type":"53","areaid":"110105","item_id":112},{"address":"重庆市","access_date":"2016-09-29 09:47:48","account":"多***4","quantity":1,"handle_status":8,"order_type":"53","areaid":"500112","item_id":112},{"address":"河北省","access_date":"2016-09-29 09:47:48","account":"h***1","quantity":1,"handle_status":8,"order_type":"53","areaid":"130604","item_id":112},{"address":"浙江省","access_date":"2016-09-29 09:47:48","account":"x***g","quantity":1,"handle_status":8,"order_type":"53","areaid":"330723","item_id":112},{"address":"山西省","access_date":"2016-09-29 09:47:48","account":"1***2","quantity":1,"handle_status":8,"order_type":"53","areaid":"140303","item_id":112},{"address":"北京市","access_date":"2016-09-29 09:47:48","account":"b***s","quantity":1,"handle_status":8,"order_type":"53","areaid":"110114","item_id":112},{"address":"浙江省","access_date":"2016-09-29 09:47:48","account":"z***h","quantity":1,"handle_status":8,"order_type":"53","areaid":"330302","item_id":112},{"address":"北京市","access_date":"2016-09-29 09:47:48","account":"x***g","quantity":1,"handle_status":8,"order_type":"53","areaid":"110105","item_id":112},{"address":"上海市","access_date":"2016-09-29 09:47:48","account":"l***n","quantity":1,"handle_status":8,"order_type":"53","areaid":"310120","item_id":112},{"address":"山西省","access_date":"2016-09-29 09:47:48","account":"c***n","quantity":1,"handle_status":8,"order_type":"53","areaid":"140402","item_id":112},{"address":"福建省","access_date":"2016-09-29 09:47:48","account":"c***6","quantity":1,"handle_status":8,"order_type":"53","areaid":"350212","item_id":112},{"address":"湖南省","access_date":"2016-09-29 09:47:48","account":"1***7","quantity":1,"handle_status":8,"order_type":"53","areaid":"430104","item_id":112},{"address":"浙江省","access_date":"2016-09-29 09:47:48","account":"d***8","quantity":1,"handle_status":8,"order_type":"53","areaid":"330183","item_id":112},{"address":"北京市","access_date":"2016-09-29 09:47:48","account":"1***3","quantity":1,"handle_status":8,"order_type":"53","areaid":"110105","item_id":112},{"address":"湖北省","access_date":"2016-09-29 09:47:48","account":"上***乐","quantity":1,"handle_status":8,"order_type":"53","areaid":"420104","item_id":112},{"address":"北京市","access_date":"2016-09-29 09:47:48","account":"q***3","quantity":1,"handle_status":8,"order_type":"53","areaid":"110113","item_id":112},{"address":"北京市","access_date":"2016-09-29 09:47:48","account":"l***0","quantity":1,"handle_status":8,"order_type":"53","areaid":"110106","item_id":112},{"address":"广东省","access_date":"2016-09-29 09:47:48","account":"L***8","quantity":1,"handle_status":8,"order_type":"53","areaid":"ff8080814cd0d0f4014cd56f66b80001","item_id":112},{"address":"上海市","access_date":"2016-09-29 09:47:48","account":"z***8","quantity":1,"handle_status":8,"order_type":"53","areaid":"310110","item_id":112},{"address":"浙江省","access_date":"2016-09-29 09:47:47","account":"谢***君","quantity":1,"handle_status":8,"order_type":"53","areaid":"330723","item_id":112},{"address":"安徽省","access_date":"2016-09-29 09:47:47","account":"陈***根","quantity":1,"handle_status":8,"order_type":"53","areaid":"341723","item_id":112},{"address":"山西省","access_date":"2016-09-29 09:47:47","account":"布***奇","quantity":1,"handle_status":8,"order_type":"53","areaid":"140303","item_id":112},{"address":"宁夏回族自治区","access_date":"2016-09-29 09:47:47","account":"二***铺","quantity":1,"handle_status":8,"order_type":"53","areaid":"640402","item_id":112},{"address":"天津市","access_date":"2016-09-29 09:47:47","account":"h***n","quantity":1,"handle_status":8,"order_type":"53","areaid":"120102","item_id":112},{"address":"湖北省","access_date":"2016-09-29 09:47:47","account":"P***u","quantity":1,"handle_status":8,"order_type":"53","areaid":"422801","item_id":112},{"address":"江苏省","access_date":"2016-09-29 09:47:47","account":"1***7","quantity":1,"handle_status":8,"order_type":"53","areaid":"320506","item_id":112},{"address":"上海市","access_date":"2016-09-29 09:47:47","account":"1***1","quantity":1,"handle_status":8,"order_type":"53","areaid":"310109","item_id":112},{"address":"重庆市","access_date":"2016-09-29 09:47:47","account":"非***可","quantity":1,"handle_status":8,"order_type":"53","areaid":"500103","item_id":112},{"address":"广东省","access_date":"2016-09-29 09:47:47","account":"程***飞","quantity":1,"handle_status":8,"order_type":"53","areaid":"440106","item_id":112},{"address":"江西省","access_date":"2016-09-29 09:47:47","account":"l***2","quantity":1,"handle_status":8,"order_type":"53","areaid":"361128","item_id":112},{"address":"云南省","access_date":"2016-09-29 09:47:47","account":"炫***停","quantity":1,"handle_status":8,"order_type":"53","areaid":"530111","item_id":112},{"address":"河北省","access_date":"2016-09-29 09:47:47","account":"z***i","quantity":1,"handle_status":8,"order_type":"53","areaid":"130802","item_id":112},{"address":"福建省","access_date":"2016-09-29 09:47:47","account":"国***或","quantity":1,"handle_status":8,"order_type":"53","areaid":"350504","item_id":112},{"address":"辽宁省","access_date":"2016-09-29 09:47:47","account":"h***2","quantity":1,"handle_status":8,"order_type":"53","areaid":"211103","item_id":112},{"address":"陕西省","access_date":"2016-09-29 09:47:47","account":"霖***政","quantity":1,"handle_status":8,"order_type":"53","areaid":"610702","item_id":112},{"address":"北京市","access_date":"2016-09-29 09:47:47","account":"l***0","quantity":1,"handle_status":8,"order_type":"53","areaid":"110105","item_id":112},{"address":"江苏省","access_date":"2016-09-29 09:47:47","account":"才***尅","quantity":1,"handle_status":8,"order_type":"53","areaid":"320404","item_id":112},{"address":"江西省","access_date":"2016-09-29 09:47:47","account":"1***4","quantity":1,"handle_status":8,"order_type":"53","areaid":"360902","item_id":112},{"address":"上海市","access_date":"2016-09-29 09:47:47","account":"1***2","quantity":1,"handle_status":8,"order_type":"53","areaid":"310107","item_id":112},{"address":"内蒙古自治区","access_date":"2016-09-29 09:47:47","account":"c***n","quantity":1,"handle_status":8,"order_type":"53","areaid":"150802","item_id":112},{"address":"江苏省","access_date":"2016-09-29 09:47:47","account":"y***2","quantity":1,"handle_status":8,"order_type":"53","areaid":"320282","item_id":112},{"address":"浙江省","access_date":"2016-09-29 09:47:47","account":"j***8","quantity":1,"handle_status":8,"order_type":"53","areaid":"330212","item_id":112},{"address":"浙江省","access_date":"2016-09-29 09:47:47","account":"1***8","quantity":1,"handle_status":8,"order_type":"53","areaid":"330503","item_id":112},{"address":"山东省","access_date":"2016-09-29 09:47:47","account":"1***8","quantity":1,"handle_status":8,"order_type":"53","areaid":"370403","item_id":112},{"address":"北京市","access_date":"2016-09-29 09:47:47","account":"1***7","quantity":1,"handle_status":8,"order_type":"53","areaid":"110105","item_id":112},{"address":"江苏省","access_date":"2016-09-29 09:47:47","account":"j***t","quantity":1,"handle_status":8,"order_type":"53","areaid":"320602","item_id":112},{"address":"上海市","access_date":"2016-09-29 09:47:47","account":"门***哦","quantity":1,"handle_status":8,"order_type":"53","areaid":"310108","item_id":112},{"address":"浙江省","access_date":"2016-09-29 09:47:47","account":"m***n","quantity":1,"handle_status":8,"order_type":"53","areaid":"330110","item_id":112},{"address":"河北省","access_date":"2016-09-29 09:47:47","account":"L***Q","quantity":1,"handle_status":8,"order_type":"53","areaid":"130302","item_id":112},{"address":"江苏省","access_date":"2016-09-29 09:47:46","account":"1***5","quantity":1,"handle_status":8,"order_type":"53","areaid":"320281","item_id":112},{"address":"山东省","access_date":"2016-09-29 09:47:46","account":"1***8","quantity":1,"handle_status":8,"order_type":"53","areaid":"370403","item_id":112},{"address":"安徽省","access_date":"2016-09-29 09:47:46","account":"1***8","quantity":1,"handle_status":8,"order_type":"53","areaid":"340181","item_id":112},{"address":"浙江省","access_date":"2016-09-29 09:47:46","account":"大***狼","quantity":1,"handle_status":8,"order_type":"53","areaid":"330225","item_id":112},{"address":"山西省","access_date":"2016-09-29 09:47:46","account":"1***8","quantity":1,"handle_status":8,"order_type":"53","areaid":"140105","item_id":112},{"address":"辽宁省","access_date":"2016-09-29 09:47:46","account":"1***3","quantity":1,"handle_status":8,"order_type":"53","areaid":"211202","item_id":112},{"address":"河北省","access_date":"2016-09-29 09:47:46","account":"q***i","quantity":1,"handle_status":8,"order_type":"53","areaid":"130903","item_id":112},{"address":"安徽省","access_date":"2016-09-29 09:47:46","account":"a***l","quantity":1,"handle_status":8,"order_type":"53","areaid":"340302","item_id":112},{"address":"北京市","access_date":"2016-09-29 09:47:46","account":"采***风","quantity":1,"handle_status":8,"order_type":"53","areaid":"110102","item_id":112},{"address":"广东省","access_date":"2016-09-29 09:47:46","account":"x***g","quantity":1,"handle_status":8,"order_type":"53","areaid":"440105","item_id":112},{"address":"上海市","access_date":"2016-09-29 09:47:46","account":"p***0","quantity":1,"handle_status":8,"order_type":"53","areaid":"310109","item_id":112},{"address":"内蒙古自治区","access_date":"2016-09-29 09:47:46","account":"1***0","quantity":1,"handle_status":8,"order_type":"53","areaid":"150104","item_id":112},{"address":"河南省","access_date":"2016-09-29 09:47:46","account":"1***8","quantity":1,"handle_status":8,"order_type":"53","areaid":"410526","item_id":112},{"address":"江苏省","access_date":"2016-09-29 09:47:46","account":"1***3","quantity":1,"handle_status":8,"order_type":"53","areaid":"320506","item_id":112},{"address":"浙江省","access_date":"2016-09-29 09:47:46","account":"1***1","quantity":1,"handle_status":8,"order_type":"53","areaid":"330802","item_id":112},{"address":"浙江省","access_date":"2016-09-29 09:47:46","account":"1***7","quantity":1,"handle_status":8,"order_type":"53","areaid":"330802","item_id":112},{"address":"浙江省","access_date":"2016-09-29 09:47:46","account":"1***3","quantity":1,"handle_status":8,"order_type":"53","areaid":"330802","item_id":112},{"address":"北京市","access_date":"2016-09-29 09:47:46","account":"1***7","quantity":1,"handle_status":8,"order_type":"53","areaid":"110115","item_id":112},{"address":"北京市","access_date":"2016-09-29 09:47:46","account":"1***3","quantity":1,"handle_status":8,"order_type":"53","areaid":"110115","item_id":112},{"address":"浙江省","access_date":"2016-09-29 09:47:46","account":"z***0","quantity":1,"handle_status":8,"order_type":"53","areaid":"330802","item_id":112},{"address":"北京市","access_date":"2016-09-29 09:47:46","account":"1***0","quantity":1,"handle_status":8,"order_type":"53","areaid":"110113","item_id":112},{"address":"北京市","access_date":"2016-09-29 09:47:46","account":"1***4","quantity":1,"handle_status":8,"order_type":"53","areaid":"110115","item_id":112},{"address":"北京市","access_date":"2016-09-29 09:47:46","account":"1***9","quantity":1,"handle_status":8,"order_type":"53","areaid":"110112","item_id":112},{"address":"北京市","access_date":"2016-09-29 09:47:46","account":"1***6","quantity":1,"handle_status":8,"order_type":"53","areaid":"110115","item_id":112},{"address":"浙江省","access_date":"2016-09-29 09:47:46","account":"龙***1","quantity":1,"handle_status":8,"order_type":"53","areaid":"330105","item_id":112},{"address":"浙江省","access_date":"2016-09-29 09:47:46","account":"苍***龙","quantity":1,"handle_status":8,"order_type":"53","areaid":"330110","item_id":112},{"address":"贵州省","access_date":"2016-09-29 09:47:46","account":"o***3","quantity":1,"handle_status":8,"order_type":"53","areaid":"520115","item_id":112},{"address":"江苏省","access_date":"2016-09-29 09:47:46","account":"f***r","quantity":1,"handle_status":8,"order_type":"53","areaid":"320104","item_id":112},{"address":"安徽省","access_date":"2016-09-29 09:47:46","account":"1***3","quantity":1,"handle_status":8,"order_type":"53","areaid":"340403","item_id":112},{"address":"山西省","access_date":"2016-09-29 09:47:45","account":"1***6","quantity":1,"handle_status":8,"order_type":"53","areaid":"140202","item_id":112},{"address":"北京市","access_date":"2016-09-29 09:47:45","account":"1***5","quantity":1,"handle_status":8,"order_type":"53","areaid":"110112","item_id":112},{"address":"北京市","access_date":"2016-09-29 09:47:45","account":"1***5","quantity":1,"handle_status":8,"order_type":"53","areaid":"110102","item_id":112},{"address":"辽宁省","access_date":"2016-09-29 09:47:45","account":"w***8","quantity":1,"handle_status":8,"order_type":"53","areaid":"211103","item_id":112},{"address":"安徽省","access_date":"2016-09-29 09:47:45","account":"w***n","quantity":1,"handle_status":8,"order_type":"53","areaid":"340202","item_id":112},{"address":"上海市","access_date":"2016-09-29 09:47:45","account":"l***7","quantity":1,"handle_status":8,"order_type":"53","areaid":"310107","item_id":112},{"address":"黑龙江省","access_date":"2016-09-29 09:47:45","account":"m***8","quantity":1,"handle_status":8,"order_type":"53","areaid":"230102","item_id":112},{"address":"北京市","access_date":"2016-09-29 09:47:45","account":"a***6","quantity":1,"handle_status":8,"order_type":"53","areaid":"110115","item_id":112},{"address":"山东省","access_date":"2016-09-29 09:47:45","account":"k***6","quantity":1,"handle_status":8,"order_type":"53","areaid":"370882","item_id":112},{"address":"浙江省","access_date":"2016-09-29 09:47:45","account":"1***2","quantity":1,"handle_status":8,"order_type":"53","areaid":"330782","item_id":112},{"address":"内蒙古自治区","access_date":"2016-09-29 09:47:45","account":"落***3","quantity":1,"handle_status":8,"order_type":"53","areaid":"150782","item_id":112},{"address":"河南省","access_date":"2016-09-29 09:47:45","account":"集***下","quantity":1,"handle_status":8,"order_type":"53","areaid":"410902","item_id":112},{"address":"浙江省","access_date":"2016-09-29 09:47:45","account":"1***4","quantity":1,"handle_status":8,"order_type":"53","areaid":"330226","item_id":112},{"address":"安徽省","access_date":"2016-09-29 09:47:45","account":"h***n","quantity":1,"handle_status":8,"order_type":"53","areaid":"340102","item_id":112},{"address":"黑龙江省","access_date":"2016-09-29 09:47:45","account":"1***7","quantity":1,"handle_status":8,"order_type":"53","areaid":"230102","item_id":112},{"address":"山东省","access_date":"2016-09-29 09:47:45","account":"影***7","quantity":1,"handle_status":8,"order_type":"53","areaid":"370502","item_id":112},{"address":"北京市","access_date":"2016-09-29 09:47:45","account":"米***下","quantity":1,"handle_status":8,"order_type":"53","areaid":"110102","item_id":112},{"address":"湖北省","access_date":"2016-09-29 09:47:45","account":"1***7","quantity":1,"handle_status":8,"order_type":"53","areaid":"420103","item_id":112},{"address":"浙江省","access_date":"2016-09-29 09:47:45","account":"羽***灯","quantity":1,"handle_status":8,"order_type":"53","areaid":"330703","item_id":112},{"address":"广东省","access_date":"2016-09-29 09:47:45","account":"t***1","quantity":1,"handle_status":8,"order_type":"53","areaid":"441284","item_id":112},{"address":"内蒙古自治区","access_date":"2016-09-29 09:47:45","account":"n***f","quantity":1,"handle_status":8,"order_type":"53","areaid":"150105","item_id":112},{"address":"辽宁省","access_date":"2016-09-29 09:47:45","account":"左***凤","quantity":1,"handle_status":8,"order_type":"53","areaid":"210104","item_id":112},{"address":"湖南省","access_date":"2016-09-29 09:47:45","account":"老***玩","quantity":1,"handle_status":8,"order_type":"53","areaid":"430522","item_id":112},{"address":"河南省","access_date":"2016-09-29 09:47:45","account":"l***5","quantity":1,"handle_status":8,"order_type":"53","areaid":"410711","item_id":112},{"address":"北京市","access_date":"2016-09-29 09:47:45","account":"1***8","quantity":1,"handle_status":8,"order_type":"53","areaid":"110102","item_id":112},{"address":"湖北省","access_date":"2016-09-29 09:47:45","account":"l***8","quantity":1,"handle_status":8,"order_type":"53","areaid":"420104","item_id":112},{"address":"辽宁省","access_date":"2016-09-29 09:47:45","account":"1***8","quantity":1,"handle_status":8,"order_type":"53","areaid":"210102","item_id":112},{"address":"内蒙古自治区","access_date":"2016-09-29 09:47:45","account":"1***9","quantity":1,"handle_status":8,"order_type":"53","areaid":"150104","item_id":112},{"address":"河南省","access_date":"2016-09-29 09:47:45","account":"1***6","quantity":1,"handle_status":8,"order_type":"53","areaid":"410811","item_id":112},{"address":"江苏省","access_date":"2016-09-29 09:47:45","account":"1***8","quantity":1,"handle_status":8,"order_type":"53","areaid":"320583","item_id":112},{"address":"北京市","access_date":"2016-09-29 09:47:45","account":"l***o","quantity":1,"handle_status":8,"order_type":"53","areaid":"110101","item_id":112},{"address":"江西省","access_date":"2016-09-29 09:47:44","account":"n***h","quantity":1,"handle_status":8,"order_type":"53","areaid":"360782","item_id":112},{"address":"浙江省","access_date":"2016-09-29 09:47:44","account":"1***2","quantity":1,"handle_status":8,"order_type":"53","areaid":"330205","item_id":112},{"address":"江苏省","access_date":"2016-09-29 09:47:44","account":"t***a","quantity":1,"handle_status":8,"order_type":"53","areaid":"321081","item_id":112},{"address":"辽宁省","access_date":"2016-09-29 09:47:44","account":"王***6","quantity":1,"handle_status":8,"order_type":"53","areaid":"211103","item_id":112},{"address":"广东省","access_date":"2016-09-29 09:47:44","account":"1***8","quantity":1,"handle_status":8,"order_type":"53","areaid":"440513","item_id":112},{"address":"河南省","access_date":"2016-09-29 09:47:44","account":"g***6","quantity":1,"handle_status":8,"order_type":"53","areaid":"411281","item_id":112},{"address":"北京市","access_date":"2016-09-29 09:47:44","account":"h***v","quantity":1,"handle_status":8,"order_type":"53","areaid":"110105","item_id":112},{"address":"广东省","access_date":"2016-09-29 09:47:44","account":"丁***晓","quantity":1,"handle_status":8,"order_type":"53","areaid":"440303","item_id":112},{"address":"浙江省","access_date":"2016-09-29 09:47:44","account":"水***晶","quantity":1,"handle_status":8,"order_type":"53","areaid":"330204","item_id":112},{"address":"江苏省","access_date":"2016-09-29 09:47:44","account":"u***6","quantity":1,"handle_status":8,"order_type":"53","areaid":"320583","item_id":112},{"address":"云南省","access_date":"2016-09-29 09:47:44","account":"y***6","quantity":1,"handle_status":8,"order_type":"53","areaid":"530602","item_id":112},{"address":"上海市","access_date":"2016-09-29 09:47:44","account":"k***a","quantity":1,"handle_status":8,"order_type":"53","areaid":"310115","item_id":112},{"address":"黑龙江省","access_date":"2016-09-29 09:47:44","account":"第***体","quantity":1,"handle_status":8,"order_type":"53","areaid":"230202","item_id":112},{"address":"湖南省","access_date":"2016-09-29 09:47:44","account":"k***h","quantity":1,"handle_status":8,"order_type":"53","areaid":"431024","item_id":112},{"address":"广东省","access_date":"2016-09-29 09:47:44","account":"1***0","quantity":1,"handle_status":8,"order_type":"53","areaid":"440103","item_id":112},{"address":"广西壮族自治区","access_date":"2016-09-29 09:47:44","account":"t***6","quantity":1,"handle_status":8,"order_type":"53","areaid":"450802","item_id":112},{"address":"江苏省","access_date":"2016-09-29 09:47:44","account":"开***币","quantity":1,"handle_status":8,"order_type":"53","areaid":"320105","item_id":112},{"address":"四川省","access_date":"2016-09-29 09:47:44","account":"l***6","quantity":1,"handle_status":8,"order_type":"53","areaid":"510101","item_id":112},{"address":"四川省","access_date":"2016-09-29 09:47:44","account":"把***机","quantity":1,"handle_status":8,"order_type":"53","areaid":"510105","item_id":112},{"address":"山西省","access_date":"2016-09-29 09:47:44","account":"鈊***島","quantity":1,"handle_status":8,"order_type":"53","areaid":"140303","item_id":112},{"address":"河北省","access_date":"2016-09-29 09:47:44","account":"老***翁","quantity":1,"handle_status":8,"order_type":"53","areaid":"130602","item_id":112},{"address":"广西壮族自治区","access_date":"2016-09-29 09:47:44","account":"阿***8","quantity":1,"handle_status":8,"order_type":"53","areaid":"450103","item_id":112},{"address":"山东省","access_date":"2016-09-29 09:47:44","account":"青***岩","quantity":1,"handle_status":8,"order_type":"53","areaid":"370202","item_id":112},{"address":"江苏省","access_date":"2016-09-29 09:47:44","account":"白***鹅","quantity":1,"handle_status":8,"order_type":"53","areaid":"320482","item_id":112},{"address":"北京市","access_date":"2016-09-29 09:47:44","account":"冰***玲","quantity":1,"handle_status":8,"order_type":"53","areaid":"110105","item_id":112},{"address":"浙江省","access_date":"2016-09-29 09:47:44","account":"w***s","quantity":1,"handle_status":8,"order_type":"53","areaid":"330110","item_id":112},{"address":"上海市","access_date":"2016-09-29 09:47:44","account":"x***r","quantity":1,"handle_status":8,"order_type":"53","areaid":"310115","item_id":112}]