[{"address":"甘肃省","access_date":"2016-10-17 19:51:17","account":"z***b","quantity":1,"handle_status":8,"order_type":"2","areaid":"621025","item_id":109},{"address":"上海市","access_date":"2016-10-17 18:21:00","account":"z***a","quantity":1,"handle_status":8,"order_type":"2","areaid":"310115","item_id":109},{"address":"陕西省","access_date":"2016-10-17 17:45:30","account":"1***7","quantity":1,"handle_status":8,"order_type":"2","areaid":"610402","item_id":109},{"address":"山西省","access_date":"2016-10-17 17:32:27","account":"w***2","quantity":1,"handle_status":8,"order_type":"2","areaid":"141022","item_id":109},{"address":"山西省","access_date":"2016-10-17 17:22:57","account":"东***3","quantity":1,"handle_status":8,"order_type":"2","areaid":"140402","item_id":109},{"address":"新疆维吾尔自治区","access_date":"2016-10-17 17:22:45","account":"3***0","quantity":1,"handle_status":8,"order_type":"2","areaid":"654202","item_id":109},{"address":"浙江省","access_date":"2016-10-17 17:19:23","account":"d***o","quantity":1,"handle_status":8,"order_type":"2","areaid":"330483","item_id":109},{"address":"浙江省","access_date":"2016-10-17 17:12:34","account":"d***g","quantity":1,"handle_status":8,"order_type":"2","areaid":"330108","item_id":109},{"address":"江苏省","access_date":"2016-10-17 17:06:01","account":"孤***翁","quantity":1,"handle_status":8,"order_type":"2","areaid":"320312","item_id":109},{"address":"广东省","access_date":"2016-10-17 17:05:55","account":"1***5","quantity":1,"handle_status":8,"order_type":"2","areaid":"440304","item_id":109},{"address":"辽宁省","access_date":"2016-10-17 17:02:30","account":"w***8","quantity":1,"handle_status":8,"order_type":"2","areaid":"211402","item_id":109},{"address":"辽宁省","access_date":"2016-10-17 16:59:48","account":"j***s","quantity":1,"handle_status":8,"order_type":"2","areaid":"210782","item_id":109},{"address":"辽宁省","access_date":"2016-10-17 16:58:38","account":"k***g","quantity":1,"handle_status":8,"order_type":"2","areaid":"210782","item_id":109},{"address":"河北省","access_date":"2016-10-17 16:54:51","account":"c***d","quantity":1,"handle_status":8,"order_type":"2","areaid":"130903","item_id":109},{"address":"上海市","access_date":"2016-10-17 16:51:26","account":"1***9","quantity":1,"handle_status":8,"order_type":"2","areaid":"310115","item_id":109},{"address":"上海市","access_date":"2016-10-17 16:47:58","account":"h***6","quantity":1,"handle_status":8,"order_type":"2","areaid":"310110","item_id":109},{"address":"安徽省","access_date":"2016-10-17 16:47:55","account":"c***1","quantity":1,"handle_status":8,"order_type":"2","areaid":"340403","item_id":109},{"address":"浙江省","access_date":"2016-10-17 16:42:24","account":"z***2","quantity":1,"handle_status":8,"order_type":"2","areaid":"330621","item_id":109},{"address":"四川省","access_date":"2016-10-17 16:39:28","account":"z***6","quantity":1,"handle_status":8,"order_type":"2","areaid":"511002","item_id":109},{"address":"山东省","access_date":"2016-10-17 16:37:52","account":"x***1","quantity":1,"handle_status":8,"order_type":"2","areaid":"370213","item_id":109},{"address":"重庆市","access_date":"2016-10-17 16:25:19","account":"6***h","quantity":1,"handle_status":8,"order_type":"2","areaid":"500111","item_id":109},{"address":"北京市","access_date":"2016-10-17 16:23:56","account":"l***1","quantity":1,"handle_status":8,"order_type":"2","areaid":"110105","item_id":109},{"address":"福建省","access_date":"2016-10-17 16:22:14","account":"l***6","quantity":1,"handle_status":8,"order_type":"2","areaid":"350521","item_id":109},{"address":"江苏省","access_date":"2016-10-17 16:11:01","account":"5***2","quantity":1,"handle_status":8,"order_type":"2","areaid":"320612","item_id":109},{"address":"河南省","access_date":"2016-10-17 16:09:03","account":"b***0","quantity":1,"handle_status":8,"order_type":"2","areaid":"411627","item_id":109},{"address":"北京市","access_date":"2016-10-17 16:08:03","account":"1***7","quantity":1,"handle_status":8,"order_type":"2","areaid":"110102","item_id":109},{"address":"新疆维吾尔自治区","access_date":"2016-10-17 16:06:48","account":"r***b","quantity":1,"handle_status":8,"order_type":"2","areaid":"653201","item_id":109},{"address":"山东省","access_date":"2016-10-17 16:04:27","account":"k***8","quantity":1,"handle_status":8,"order_type":"2","areaid":"371302","item_id":109},{"address":"广东省","access_date":"2016-10-17 15:44:22","account":"a***9","quantity":1,"handle_status":8,"order_type":"2","areaid":"ff8080814cd0d0f4014cd571e2a50002","item_id":109},{"address":"北京市","access_date":"2016-10-17 15:43:32","account":"1***1","quantity":1,"handle_status":8,"order_type":"2","areaid":"110108","item_id":109},{"address":"江西省","access_date":"2016-10-17 15:39:18","account":"j***s","quantity":1,"handle_status":8,"order_type":"2","areaid":"361102","item_id":109},{"address":"河南省","access_date":"2016-10-17 15:37:04","account":"n***j","quantity":1,"handle_status":8,"order_type":"2","areaid":"411302","item_id":109},{"address":"上海市","access_date":"2016-10-17 15:32:57","account":"1***5","quantity":1,"handle_status":8,"order_type":"2","areaid":"310115","item_id":109},{"address":"河北省","access_date":"2016-10-17 15:31:10","account":"H***B","quantity":1,"handle_status":8,"order_type":"2","areaid":"130404","item_id":109},{"address":"上海市","access_date":"2016-10-17 15:23:13","account":"1***8","quantity":1,"handle_status":8,"order_type":"2","areaid":"310104","item_id":109},{"address":"河北省","access_date":"2016-10-17 15:22:18","account":"l***g","quantity":1,"handle_status":8,"order_type":"2","areaid":"130104","item_id":109},{"address":"上海市","access_date":"2016-10-17 15:19:36","account":"y***1","quantity":1,"handle_status":8,"order_type":"2","areaid":"310113","item_id":109},{"address":"江苏省","access_date":"2016-10-17 15:18:55","account":"1***0","quantity":1,"handle_status":8,"order_type":"2","areaid":"320412","item_id":109},{"address":"河南省","access_date":"2016-10-17 15:14:55","account":"h***j","quantity":1,"handle_status":8,"order_type":"2","areaid":"410102","item_id":109},{"address":"江苏省","access_date":"2016-10-17 15:13:49","account":"a***l","quantity":1,"handle_status":8,"order_type":"2","areaid":"320115","item_id":109},{"address":"浙江省","access_date":"2016-10-17 15:08:58","account":"z***d","quantity":1,"handle_status":8,"order_type":"2","areaid":"330102","item_id":109},{"address":"北京市","access_date":"2016-10-17 15:07:58","account":"守***情","quantity":1,"handle_status":8,"order_type":"2","areaid":"110114","item_id":109},{"address":"上海市","access_date":"2016-10-17 15:07:30","account":"b***n","quantity":1,"handle_status":8,"order_type":"2","areaid":"310101","item_id":109},{"address":"上海市","access_date":"2016-10-17 14:59:23","account":"z***a","quantity":1,"handle_status":8,"order_type":"2","areaid":"310101","item_id":109},{"address":"北京市","access_date":"2016-10-17 14:57:28","account":"李***培","quantity":1,"handle_status":8,"order_type":"2","areaid":"110105","item_id":109},{"address":"浙江省","access_date":"2016-10-17 14:54:58","account":"1***1","quantity":1,"handle_status":8,"order_type":"2","areaid":"330302","item_id":109},{"address":"江西省","access_date":"2016-10-17 14:54:11","account":"1***3","quantity":1,"handle_status":8,"order_type":"2","areaid":"360302","item_id":109},{"address":"广东省","access_date":"2016-10-17 14:48:44","account":"w***5","quantity":1,"handle_status":8,"order_type":"2","areaid":"440281","item_id":109},{"address":"河北省","access_date":"2016-10-17 14:48:29","account":"b***1","quantity":1,"handle_status":8,"order_type":"2","areaid":"130603","item_id":109},{"address":"天津市","access_date":"2016-10-17 14:48:15","account":"f***r","quantity":1,"handle_status":-6,"order_type":"2","areaid":"120103","item_id":109},{"address":"山东省","access_date":"2016-10-17 14:47:05","account":"王***森","quantity":1,"handle_status":8,"order_type":"2","areaid":"371302","item_id":109},{"address":"浙江省","access_date":"2016-10-17 14:46:08","account":"z***5","quantity":1,"handle_status":8,"order_type":"2","areaid":"330702","item_id":109},{"address":"浙江省","access_date":"2016-10-17 14:45:18","account":"y***1","quantity":1,"handle_status":8,"order_type":"2","areaid":"330104","item_id":109},{"address":"河南省","access_date":"2016-10-17 14:45:06","account":"a***9","quantity":1,"handle_status":8,"order_type":"2","areaid":"410502","item_id":109},{"address":"浙江省","access_date":"2016-10-17 14:42:53","account":"汤***荣","quantity":1,"handle_status":8,"order_type":"2","areaid":"330328","item_id":109},{"address":"江西省","access_date":"2016-10-17 14:41:12","account":"张***林","quantity":1,"handle_status":8,"order_type":"2","areaid":"360122","item_id":109},{"address":"山东省","access_date":"2016-10-17 14:40:10","account":"j***8","quantity":1,"handle_status":8,"order_type":"2","areaid":"370681","item_id":109},{"address":"北京市","access_date":"2016-10-17 14:38:56","account":"m***g","quantity":1,"handle_status":8,"order_type":"2","areaid":"110106","item_id":109},{"address":"广西壮族自治区","access_date":"2016-10-17 14:37:51","account":"c***8","quantity":1,"handle_status":8,"order_type":"2","areaid":"450521","item_id":109},{"address":"山东省","access_date":"2016-10-17 14:34:55","account":"c***g","quantity":1,"handle_status":8,"order_type":"2","areaid":"370303","item_id":109},{"address":"北京市","access_date":"2016-10-17 14:34:31","account":"h***0","quantity":1,"handle_status":8,"order_type":"2","areaid":"110105","item_id":109},{"address":"湖南省","access_date":"2016-10-17 14:34:20","account":"1***3","quantity":1,"handle_status":8,"order_type":"2","areaid":"431121","item_id":109},{"address":"浙江省","access_date":"2016-10-17 14:33:34","account":"陈***春","quantity":1,"handle_status":8,"order_type":"2","areaid":"330327","item_id":109},{"address":"山东省","access_date":"2016-10-17 14:32:48","account":"t***2","quantity":1,"handle_status":8,"order_type":"2","areaid":"371322","item_id":109},{"address":"辽宁省","access_date":"2016-10-17 14:32:44","account":"沧***笑","quantity":1,"handle_status":8,"order_type":"2","areaid":"211121","item_id":109},{"address":"河南省","access_date":"2016-10-17 14:32:23","account":"l***9","quantity":1,"handle_status":8,"order_type":"2","areaid":"410305","item_id":109},{"address":"上海市","access_date":"2016-10-17 14:32:15","account":"w***3","quantity":1,"handle_status":8,"order_type":"2","areaid":"310101","item_id":109},{"address":"内蒙古自治区","access_date":"2016-10-17 14:32:00","account":"b***d","quantity":1,"handle_status":8,"order_type":"2","areaid":"150207","item_id":109},{"address":"广东省","access_date":"2016-10-17 14:31:59","account":"e***3","quantity":1,"handle_status":8,"order_type":"2","areaid":"440106","item_id":109},{"address":"山东省","access_date":"2016-10-17 14:31:56","account":"s***g","quantity":1,"handle_status":8,"order_type":"2","areaid":"371722","item_id":109},{"address":"江苏省","access_date":"2016-10-17 14:31:42","account":"j***x","quantity":1,"handle_status":8,"order_type":"2","areaid":"321012","item_id":109},{"address":"北京市","access_date":"2016-10-17 14:31:25","account":"h***e","quantity":1,"handle_status":8,"order_type":"2","areaid":"110105","item_id":109},{"address":"福建省","access_date":"2016-10-17 14:31:15","account":"o***k","quantity":1,"handle_status":8,"order_type":"2","areaid":"350723","item_id":109},{"address":"北京市","access_date":"2016-10-17 14:31:06","account":"h***d","quantity":1,"handle_status":8,"order_type":"2","areaid":"110108","item_id":109},{"address":"山西省","access_date":"2016-10-17 14:31:04","account":"1***5","quantity":1,"handle_status":8,"order_type":"2","areaid":"140105","item_id":109},{"address":"浙江省","access_date":"2016-10-17 14:30:47","account":"x***8","quantity":1,"handle_status":8,"order_type":"2","areaid":"330212","item_id":109},{"address":"江苏省","access_date":"2016-10-17 14:30:38","account":"1***8","quantity":1,"handle_status":8,"order_type":"2","areaid":"320506","item_id":109},{"address":"湖南省","access_date":"2016-09-28 11:34:12","account":"h***q","quantity":1,"handle_status":8,"order_type":"53","areaid":"431321","item_id":109},{"address":"上海市","access_date":"2016-09-28 11:34:12","account":"5***s","quantity":1,"handle_status":8,"order_type":"53","areaid":"310115","item_id":109},{"address":"山西省","access_date":"2016-09-28 11:34:12","account":"1***3","quantity":1,"handle_status":8,"order_type":"53","areaid":"140202","item_id":109},{"address":"上海市","access_date":"2016-09-28 11:34:12","account":"m***n","quantity":1,"handle_status":8,"order_type":"53","areaid":"310104","item_id":109},{"address":"四川省","access_date":"2016-09-28 11:34:12","account":"c***j","quantity":1,"handle_status":8,"order_type":"53","areaid":"511302","item_id":109},{"address":"广东省","access_date":"2016-09-28 11:34:12","account":"快***w","quantity":1,"handle_status":8,"order_type":"53","areaid":"440781","item_id":109},{"address":"北京市","access_date":"2016-09-28 11:34:12","account":"w***3","quantity":1,"handle_status":8,"order_type":"53","areaid":"110101","item_id":109},{"address":"山东省","access_date":"2016-09-28 11:34:12","account":"1***8","quantity":1,"handle_status":8,"order_type":"53","areaid":"370502","item_id":109},{"address":"辽宁省","access_date":"2016-09-28 11:34:12","account":"s***t","quantity":1,"handle_status":8,"order_type":"53","areaid":"211004","item_id":109},{"address":"上海市","access_date":"2016-09-28 11:34:11","account":"y***6","quantity":1,"handle_status":8,"order_type":"53","areaid":"310114","item_id":109},{"address":"辽宁省","access_date":"2016-09-28 11:34:11","account":"1***3","quantity":1,"handle_status":8,"order_type":"53","areaid":"210202","item_id":109},{"address":"河北省","access_date":"2016-09-28 11:34:11","account":"1***7","quantity":1,"handle_status":8,"order_type":"53","areaid":"130982","item_id":109},{"address":"福建省","access_date":"2016-09-28 11:34:11","account":"1***6","quantity":1,"handle_status":8,"order_type":"53","areaid":"350104","item_id":109},{"address":"江苏省","access_date":"2016-09-28 11:34:11","account":"1***6","quantity":1,"handle_status":8,"order_type":"53","areaid":"320706","item_id":109},{"address":"上海市","access_date":"2016-09-28 11:34:11","account":"m***2","quantity":1,"handle_status":8,"order_type":"53","areaid":"310104","item_id":109},{"address":"贵州省","access_date":"2016-09-28 11:34:11","account":"肖***波","quantity":1,"handle_status":8,"order_type":"53","areaid":"520181","item_id":109},{"address":"河北省","access_date":"2016-09-28 11:34:11","account":"1***6","quantity":1,"handle_status":8,"order_type":"53","areaid":"130684","item_id":109},{"address":"福建省","access_date":"2016-09-28 11:34:11","account":"1***8","quantity":1,"handle_status":8,"order_type":"53","areaid":"350503","item_id":109},{"address":"江苏省","access_date":"2016-09-28 11:34:11","account":"1***9","quantity":1,"handle_status":8,"order_type":"53","areaid":"320508","item_id":109},{"address":"广东省","access_date":"2016-09-28 11:34:11","account":"e***6","quantity":1,"handle_status":8,"order_type":"53","areaid":"440111","item_id":109},{"address":"四川省","access_date":"2016-09-28 11:34:11","account":"8***z","quantity":1,"handle_status":8,"order_type":"53","areaid":"510105","item_id":109},{"address":"广东省","access_date":"2016-09-28 11:34:11","account":"a***3","quantity":1,"handle_status":8,"order_type":"53","areaid":"440304","item_id":109},{"address":"甘肃省","access_date":"2016-09-28 11:34:11","account":"z***u","quantity":1,"handle_status":8,"order_type":"53","areaid":"620102","item_id":109},{"address":"安徽省","access_date":"2016-09-28 11:34:11","account":"韦***林","quantity":1,"handle_status":8,"order_type":"53","areaid":"341622","item_id":109},{"address":"广东省","access_date":"2016-09-28 11:34:11","account":"1***8","quantity":1,"handle_status":8,"order_type":"53","areaid":"440605","item_id":109},{"address":"四川省","access_date":"2016-09-28 11:34:11","account":"绿***客","quantity":1,"handle_status":8,"order_type":"53","areaid":"510726","item_id":109},{"address":"上海市","access_date":"2016-09-28 11:34:11","account":"f***k","quantity":1,"handle_status":8,"order_type":"53","areaid":"310104","item_id":109},{"address":"江苏省","access_date":"2016-09-28 11:34:11","account":"梁***杰","quantity":1,"handle_status":8,"order_type":"53","areaid":"320381","item_id":109},{"address":"浙江省","access_date":"2016-09-28 11:34:11","account":"陈***春","quantity":1,"handle_status":8,"order_type":"53","areaid":"330327","item_id":109},{"address":"广东省","access_date":"2016-09-28 11:34:11","account":"南***梦","quantity":1,"handle_status":8,"order_type":"53","areaid":"440802","item_id":109},{"address":"上海市","access_date":"2016-09-28 11:34:10","account":"z***j","quantity":1,"handle_status":8,"order_type":"53","areaid":"310110","item_id":109},{"address":"吉林省","access_date":"2016-09-28 11:34:10","account":"l***e","quantity":1,"handle_status":8,"order_type":"53","areaid":"220523","item_id":109},{"address":"贵州省","access_date":"2016-09-28 11:34:10","account":"何***兴","quantity":1,"handle_status":8,"order_type":"53","areaid":"520113","item_id":109},{"address":"江苏省","access_date":"2016-09-28 11:34:10","account":"l***5","quantity":1,"handle_status":8,"order_type":"53","areaid":"320311","item_id":109},{"address":"浙江省","access_date":"2016-09-28 11:34:10","account":"韩***华","quantity":1,"handle_status":8,"order_type":"53","areaid":"330702","item_id":109},{"address":"浙江省","access_date":"2016-09-28 11:34:10","account":"1***8","quantity":1,"handle_status":8,"order_type":"53","areaid":"330205","item_id":109},{"address":"河南省","access_date":"2016-09-28 11:34:10","account":"Z***1","quantity":1,"handle_status":8,"order_type":"53","areaid":"411325","item_id":109},{"address":"安徽省","access_date":"2016-09-28 11:34:10","account":"1***8","quantity":1,"handle_status":8,"order_type":"53","areaid":"340104","item_id":109},{"address":"江苏省","access_date":"2016-09-28 11:34:10","account":"y***0","quantity":1,"handle_status":8,"order_type":"53","areaid":"321281","item_id":109},{"address":"浙江省","access_date":"2016-09-28 11:34:10","account":"1***7","quantity":1,"handle_status":8,"order_type":"53","areaid":"330106","item_id":109},{"address":"广东省","access_date":"2016-09-28 11:34:10","account":"1***9","quantity":1,"handle_status":8,"order_type":"53","areaid":"440106","item_id":109},{"address":"湖北省","access_date":"2016-09-28 11:34:10","account":"l***a","quantity":1,"handle_status":8,"order_type":"53","areaid":"420102","item_id":109},{"address":"广西壮族自治区","access_date":"2016-09-28 11:34:10","account":"s***8","quantity":1,"handle_status":8,"order_type":"53","areaid":"450107","item_id":109},{"address":"江苏省","access_date":"2016-09-28 11:34:10","account":"y***g","quantity":1,"handle_status":8,"order_type":"53","areaid":"320582","item_id":109},{"address":"上海市","access_date":"2016-09-28 11:34:10","account":"j***2","quantity":1,"handle_status":8,"order_type":"53","areaid":"310107","item_id":109},{"address":"河南省","access_date":"2016-09-28 11:34:10","account":"何***9","quantity":1,"handle_status":8,"order_type":"53","areaid":"411426","item_id":109},{"address":"重庆市","access_date":"2016-09-28 11:34:10","account":"1***3","quantity":1,"handle_status":8,"order_type":"53","areaid":"500108","item_id":109},{"address":"湖北省","access_date":"2016-09-28 11:34:09","account":"1***7","quantity":1,"handle_status":8,"order_type":"53","areaid":"420202","item_id":109},{"address":"河南省","access_date":"2016-09-28 11:34:09","account":"y***8","quantity":1,"handle_status":8,"order_type":"53","areaid":"411702","item_id":109},{"address":"河北省","access_date":"2016-09-28 11:34:09","account":"1***9","quantity":1,"handle_status":8,"order_type":"53","areaid":"130302","item_id":109},{"address":"安徽省","access_date":"2016-09-28 11:34:09","account":"h***n","quantity":1,"handle_status":8,"order_type":"53","areaid":"341002","item_id":109},{"address":"北京市","access_date":"2016-09-28 11:34:09","account":"q***e","quantity":1,"handle_status":8,"order_type":"53","areaid":"110109","item_id":109},{"address":"辽宁省","access_date":"2016-09-28 11:34:09","account":"不***以","quantity":1,"handle_status":8,"order_type":"53","areaid":"210102","item_id":109},{"address":"黑龙江省","access_date":"2016-09-28 11:34:09","account":"w***9","quantity":1,"handle_status":8,"order_type":"53","areaid":"230108","item_id":109},{"address":"广东省","access_date":"2016-09-28 11:34:09","account":"l***3","quantity":1,"handle_status":8,"order_type":"53","areaid":"440308","item_id":109},{"address":"江西省","access_date":"2016-09-28 11:34:09","account":"1***3","quantity":1,"handle_status":8,"order_type":"53","areaid":"360103","item_id":109},{"address":"浙江省","access_date":"2016-09-28 11:34:09","account":"7***7","quantity":1,"handle_status":8,"order_type":"53","areaid":"331002","item_id":109},{"address":"山东省","access_date":"2016-09-28 11:34:09","account":"s***6","quantity":1,"handle_status":8,"order_type":"53","areaid":"370502","item_id":109},{"address":"福建省","access_date":"2016-09-28 11:34:09","account":"1***5","quantity":1,"handle_status":8,"order_type":"53","areaid":"350104","item_id":109},{"address":"安徽省","access_date":"2016-09-28 11:34:09","account":"o***u","quantity":1,"handle_status":8,"order_type":"53","areaid":"341723","item_id":109},{"address":"广东省","access_date":"2016-09-28 11:34:09","account":"l***e","quantity":1,"handle_status":8,"order_type":"53","areaid":"440606","item_id":109},{"address":"山东省","access_date":"2016-09-28 11:34:09","account":"1***7","quantity":1,"handle_status":8,"order_type":"53","areaid":"371321","item_id":109},{"address":"重庆市","access_date":"2016-09-28 11:34:09","account":"z***9","quantity":1,"handle_status":8,"order_type":"53","areaid":"500112","item_id":109},{"address":"湖南省","access_date":"2016-09-28 11:34:09","account":"1***3","quantity":1,"handle_status":8,"order_type":"53","areaid":"431321","item_id":109},{"address":"北京市","access_date":"2016-09-28 11:34:09","account":"1***3","quantity":1,"handle_status":8,"order_type":"53","areaid":"110102","item_id":109},{"address":"北京市","access_date":"2016-09-28 11:34:09","account":"1***9","quantity":1,"handle_status":8,"order_type":"53","areaid":"110108","item_id":109},{"address":"河北省","access_date":"2016-09-28 11:34:08","account":"欢***快","quantity":1,"handle_status":-6,"order_type":"53","areaid":"130602","item_id":109},{"address":"江西省","access_date":"2016-09-28 11:34:08","account":"q***z","quantity":1,"handle_status":8,"order_type":"53","areaid":"360902","item_id":109},{"address":"北京市","access_date":"2016-09-28 11:34:08","account":"1***9","quantity":1,"handle_status":8,"order_type":"53","areaid":"110105","item_id":109},{"address":"辽宁省","access_date":"2016-09-28 11:34:08","account":"L***风","quantity":1,"handle_status":8,"order_type":"53","areaid":"210105","item_id":109},{"address":"广东省","access_date":"2016-09-28 11:34:08","account":"1***9","quantity":1,"handle_status":8,"order_type":"53","areaid":"440605","item_id":109},{"address":"浙江省","access_date":"2016-09-28 11:34:08","account":"1***2","quantity":1,"handle_status":8,"order_type":"53","areaid":"330212","item_id":109},{"address":"四川省","access_date":"2016-09-28 11:34:08","account":"橡***d","quantity":1,"handle_status":8,"order_type":"53","areaid":"510107","item_id":109},{"address":"湖北省","access_date":"2016-09-28 11:34:08","account":"1***4","quantity":1,"handle_status":8,"order_type":"53","areaid":"420607","item_id":109},{"address":"江苏省","access_date":"2016-09-28 11:34:08","account":"l***5","quantity":1,"handle_status":8,"order_type":"53","areaid":"320114","item_id":109},{"address":"山东省","access_date":"2016-09-28 11:34:08","account":"1***6","quantity":1,"handle_status":8,"order_type":"53","areaid":"370403","item_id":109},{"address":"河北省","access_date":"2016-09-28 11:34:08","account":"m***成","quantity":1,"handle_status":8,"order_type":"53","areaid":"130982","item_id":109},{"address":"江苏省","access_date":"2016-09-28 11:34:08","account":"1***0","quantity":1,"handle_status":8,"order_type":"53","areaid":"320202","item_id":109},{"address":"江苏省","access_date":"2016-09-28 11:34:08","account":"j***y","quantity":1,"handle_status":8,"order_type":"53","areaid":"320925","item_id":109},{"address":"四川省","access_date":"2016-09-28 11:34:08","account":"j***0","quantity":1,"handle_status":8,"order_type":"53","areaid":"510108","item_id":109},{"address":"浙江省","access_date":"2016-09-28 11:34:08","account":"1***3","quantity":1,"handle_status":8,"order_type":"53","areaid":"330108","item_id":109},{"address":"辽宁省","access_date":"2016-09-28 11:34:08","account":"l***2","quantity":1,"handle_status":8,"order_type":"53","areaid":"210105","item_id":109},{"address":"四川省","access_date":"2016-09-28 11:34:08","account":"a***n","quantity":1,"handle_status":8,"order_type":"53","areaid":"510704","item_id":109},{"address":"上海市","access_date":"2016-09-28 11:34:08","account":"g***l","quantity":1,"handle_status":8,"order_type":"53","areaid":"310118","item_id":109},{"address":"河南省","access_date":"2016-09-28 11:34:08","account":"x***g","quantity":1,"handle_status":8,"order_type":"53","areaid":"410103","item_id":109},{"address":"江苏省","access_date":"2016-09-28 11:34:08","account":"L***x","quantity":1,"handle_status":8,"order_type":"53","areaid":"320202","item_id":109},{"address":"江苏省","access_date":"2016-09-28 11:34:08","account":"w***h","quantity":1,"handle_status":8,"order_type":"53","areaid":"320681","item_id":109},{"address":"浙江省","access_date":"2016-09-28 11:34:08","account":"z***b","quantity":1,"handle_status":8,"order_type":"53","areaid":"331081","item_id":109},{"address":"四川省","access_date":"2016-09-28 11:34:07","account":"开***7","quantity":1,"handle_status":8,"order_type":"53","areaid":"510114","item_id":109},{"address":"江苏省","access_date":"2016-09-28 11:34:07","account":"s***8","quantity":1,"handle_status":8,"order_type":"53","areaid":"320506","item_id":109},{"address":"湖南省","access_date":"2016-09-28 11:34:07","account":"l***3","quantity":1,"handle_status":8,"order_type":"53","areaid":"430405","item_id":109},{"address":"上海市","access_date":"2016-09-28 11:34:07","account":"e***t","quantity":1,"handle_status":8,"order_type":"53","areaid":"310109","item_id":109},{"address":"江西省","access_date":"2016-09-28 11:34:07","account":"w***n","quantity":1,"handle_status":8,"order_type":"53","areaid":"360733","item_id":109},{"address":"江苏省","access_date":"2016-09-28 11:34:07","account":"1***6","quantity":1,"handle_status":8,"order_type":"53","areaid":"320506","item_id":109},{"address":"新疆维吾尔自治区","access_date":"2016-09-28 11:34:07","account":"x***l","quantity":1,"handle_status":8,"order_type":"53","areaid":"650105","item_id":109}]