[{"address":"河南省","access_date":"2016-09-29 09:49:08","account":"b***n","quantity":1,"handle_status":8,"order_type":"53","areaid":"410105","item_id":111},{"address":"江苏省","access_date":"2016-09-29 09:49:08","account":"f***e","quantity":1,"handle_status":8,"order_type":"53","areaid":"320104","item_id":111},{"address":"浙江省","access_date":"2016-09-29 09:49:08","account":"郑***7","quantity":1,"handle_status":8,"order_type":"53","areaid":"330822","item_id":111},{"address":"江苏省","access_date":"2016-09-29 09:49:08","account":"兽***宝","quantity":1,"handle_status":8,"order_type":"53","areaid":"320282","item_id":111},{"address":"山东省","access_date":"2016-09-29 09:49:08","account":"1***2","quantity":1,"handle_status":8,"order_type":"53","areaid":"370785","item_id":111},{"address":"河北省","access_date":"2016-09-29 09:49:08","account":"G***2","quantity":1,"handle_status":8,"order_type":"53","areaid":"130503","item_id":111},{"address":"重庆市","access_date":"2016-09-29 09:49:08","account":"j***5","quantity":1,"handle_status":8,"order_type":"53","areaid":"500108","item_id":111},{"address":"重庆市","access_date":"2016-09-29 09:49:08","account":"l***8","quantity":1,"handle_status":8,"order_type":"53","areaid":"500107","item_id":111},{"address":"安徽省","access_date":"2016-09-29 09:49:08","account":"1***2","quantity":1,"handle_status":8,"order_type":"53","areaid":"340111","item_id":111},{"address":"湖北省","access_date":"2016-09-29 09:49:08","account":"大***散","quantity":1,"handle_status":8,"order_type":"53","areaid":"420202","item_id":111},{"address":"山西省","access_date":"2016-09-29 09:49:08","account":"黄***1","quantity":1,"handle_status":8,"order_type":"53","areaid":"140109","item_id":111},{"address":"山东省","access_date":"2016-09-29 09:49:08","account":"六***月","quantity":1,"handle_status":8,"order_type":"53","areaid":"370703","item_id":111},{"address":"安徽省","access_date":"2016-09-29 09:49:08","account":"1***5","quantity":1,"handle_status":8,"order_type":"53","areaid":"341801","item_id":111},{"address":"浙江省","access_date":"2016-09-29 09:49:08","account":"岳***8","quantity":1,"handle_status":8,"order_type":"53","areaid":"330183","item_id":111},{"address":"上海市","access_date":"2016-09-29 09:49:08","account":"z***n","quantity":1,"handle_status":8,"order_type":"53","areaid":"310115","item_id":111},{"address":"云南省","access_date":"2016-09-29 09:49:08","account":"李***平","quantity":1,"handle_status":8,"order_type":"53","areaid":"530112","item_id":111},{"address":"上海市","access_date":"2016-09-29 09:49:08","account":"1***8","quantity":1,"handle_status":8,"order_type":"53","areaid":"310115","item_id":111},{"address":"广东省","access_date":"2016-09-29 09:49:08","account":"e***3","quantity":1,"handle_status":8,"order_type":"53","areaid":"440106","item_id":111},{"address":"广东省","access_date":"2016-09-29 09:49:08","account":"X***7","quantity":1,"handle_status":8,"order_type":"53","areaid":"440114","item_id":111},{"address":"山西省","access_date":"2016-09-29 09:49:08","account":"j***7","quantity":1,"handle_status":8,"order_type":"53","areaid":"141082","item_id":111},{"address":"河北省","access_date":"2016-09-29 09:49:08","account":"壹***涂","quantity":1,"handle_status":8,"order_type":"53","areaid":"131003","item_id":111},{"address":"江苏省","access_date":"2016-09-29 09:49:07","account":"x***7","quantity":1,"handle_status":8,"order_type":"53","areaid":"320102","item_id":111},{"address":"四川省","access_date":"2016-09-29 09:49:07","account":"1***8","quantity":1,"handle_status":8,"order_type":"53","areaid":"510106","item_id":111},{"address":"河南省","access_date":"2016-09-29 09:49:07","account":"1***3","quantity":1,"handle_status":8,"order_type":"53","areaid":"411602","item_id":111},{"address":"河北省","access_date":"2016-09-29 09:49:07","account":"开***水","quantity":1,"handle_status":8,"order_type":"53","areaid":"130203","item_id":111},{"address":"陕西省","access_date":"2016-09-29 09:49:07","account":"1***0","quantity":1,"handle_status":8,"order_type":"53","areaid":"610112","item_id":111},{"address":"天津市","access_date":"2016-09-29 09:49:07","account":"0***8","quantity":1,"handle_status":8,"order_type":"53","areaid":"120106","item_id":111},{"address":"江苏省","access_date":"2016-09-29 09:49:07","account":"C***8","quantity":1,"handle_status":8,"order_type":"53","areaid":"321302","item_id":111},{"address":"湖南省","access_date":"2016-09-29 09:49:07","account":"s***i","quantity":1,"handle_status":8,"order_type":"53","areaid":"431322","item_id":111},{"address":"吉林省","access_date":"2016-09-29 09:49:07","account":"1***0","quantity":1,"handle_status":8,"order_type":"53","areaid":"220582","item_id":111},{"address":"广东省","access_date":"2016-09-29 09:49:07","account":"1***8","quantity":1,"handle_status":8,"order_type":"53","areaid":"440105","item_id":111},{"address":"浙江省","access_date":"2016-09-29 09:49:07","account":"w***勇","quantity":1,"handle_status":8,"order_type":"53","areaid":"330481","item_id":111},{"address":"广东省","access_date":"2016-09-29 09:49:07","account":"余***0","quantity":1,"handle_status":8,"order_type":"53","areaid":"440605","item_id":111},{"address":"河北省","access_date":"2016-09-29 09:49:07","account":"i***g","quantity":1,"handle_status":8,"order_type":"53","areaid":"130625","item_id":111},{"address":"江苏省","access_date":"2016-09-29 09:49:07","account":"南***哥","quantity":1,"handle_status":8,"order_type":"53","areaid":"321112","item_id":111},{"address":"福建省","access_date":"2016-09-29 09:49:07","account":"z***1","quantity":1,"handle_status":8,"order_type":"53","areaid":"350521","item_id":111},{"address":"广东省","access_date":"2016-09-29 09:49:07","account":"5***3","quantity":1,"handle_status":8,"order_type":"53","areaid":"440781","item_id":111},{"address":"山西省","access_date":"2016-09-29 09:49:07","account":"g***9","quantity":1,"handle_status":8,"order_type":"53","areaid":"140621","item_id":111},{"address":"福建省","access_date":"2016-09-29 09:49:07","account":"i***6","quantity":1,"handle_status":8,"order_type":"53","areaid":"350521","item_id":111},{"address":"福建省","access_date":"2016-09-29 09:49:07","account":"h***8","quantity":1,"handle_status":8,"order_type":"53","areaid":"350525","item_id":111},{"address":"北京市","access_date":"2016-09-29 09:49:07","account":"z***x","quantity":1,"handle_status":8,"order_type":"53","areaid":"110105","item_id":111},{"address":"江苏省","access_date":"2016-09-29 09:49:07","account":"m***g","quantity":1,"handle_status":8,"order_type":"53","areaid":"320115","item_id":111},{"address":"江苏省","access_date":"2016-09-29 09:49:07","account":"陆***炜","quantity":1,"handle_status":8,"order_type":"53","areaid":"320501","item_id":111},{"address":"山东省","access_date":"2016-09-29 09:49:07","account":"白***9","quantity":1,"handle_status":8,"order_type":"53","areaid":"370786","item_id":111},{"address":"山东省","access_date":"2016-09-29 09:49:07","account":"a***2","quantity":1,"handle_status":8,"order_type":"53","areaid":"371101","item_id":111},{"address":"湖南省","access_date":"2016-09-29 09:49:07","account":"1***0","quantity":1,"handle_status":8,"order_type":"53","areaid":"431002","item_id":111},{"address":"浙江省","access_date":"2016-09-29 09:49:07","account":"j***i","quantity":1,"handle_status":8,"order_type":"53","areaid":"330185","item_id":111},{"address":"广西壮族自治区","access_date":"2016-09-29 09:49:07","account":"前***霸","quantity":1,"handle_status":8,"order_type":"53","areaid":"450302","item_id":111},{"address":"山东省","access_date":"2016-09-29 09:49:07","account":"1***1","quantity":1,"handle_status":8,"order_type":"53","areaid":"371523","item_id":111},{"address":"广东省","access_date":"2016-09-29 09:49:07","account":"t***6","quantity":1,"handle_status":8,"order_type":"53","areaid":"ff8080814cd0d0f4014cd56f66b80001","item_id":111},{"address":"广东省","access_date":"2016-09-29 09:49:07","account":"快***天","quantity":1,"handle_status":8,"order_type":"53","areaid":"440606","item_id":111},{"address":"江苏省","access_date":"2016-09-29 09:49:07","account":"1***1","quantity":1,"handle_status":8,"order_type":"53","areaid":"320113","item_id":111},{"address":"浙江省","access_date":"2016-09-29 09:49:07","account":"y***e","quantity":1,"handle_status":8,"order_type":"53","areaid":"330902","item_id":111},{"address":"江苏省","access_date":"2016-09-29 09:49:07","account":"W***0","quantity":1,"handle_status":8,"order_type":"53","areaid":"320582","item_id":111},{"address":"湖南省","access_date":"2016-09-29 09:49:06","account":"1***5","quantity":1,"handle_status":8,"order_type":"53","areaid":"431382","item_id":111},{"address":"浙江省","access_date":"2016-09-29 09:49:06","account":"2***4","quantity":1,"handle_status":8,"order_type":"53","areaid":"330281","item_id":111},{"address":"河北省","access_date":"2016-09-29 09:49:06","account":"w***5","quantity":1,"handle_status":8,"order_type":"53","areaid":"130209","item_id":111},{"address":"广东省","access_date":"2016-09-29 09:49:06","account":"1***6","quantity":1,"handle_status":8,"order_type":"53","areaid":"441802","item_id":111},{"address":"江苏省","access_date":"2016-09-29 09:49:06","account":"1***2","quantity":1,"handle_status":8,"order_type":"53","areaid":"320281","item_id":111},{"address":"辽宁省","access_date":"2016-09-29 09:49:06","account":"1***0","quantity":1,"handle_status":8,"order_type":"53","areaid":"211302","item_id":111},{"address":"浙江省","access_date":"2016-09-29 09:49:06","account":"我***我","quantity":1,"handle_status":8,"order_type":"53","areaid":"330183","item_id":111},{"address":"广东省","access_date":"2016-09-29 09:49:06","account":"s***l","quantity":1,"handle_status":8,"order_type":"53","areaid":"440307","item_id":111},{"address":"山东省","access_date":"2016-09-29 09:49:06","account":"3***4","quantity":1,"handle_status":8,"order_type":"53","areaid":"370783","item_id":111},{"address":"浙江省","access_date":"2016-09-29 09:49:06","account":"1***0","quantity":1,"handle_status":8,"order_type":"53","areaid":"330723","item_id":111},{"address":"辽宁省","access_date":"2016-09-29 09:49:06","account":"1***0","quantity":1,"handle_status":8,"order_type":"53","areaid":"210102","item_id":111},{"address":"广东省","access_date":"2016-09-29 09:49:06","account":"1***0","quantity":1,"handle_status":8,"order_type":"53","areaid":"440303","item_id":111},{"address":"江苏省","access_date":"2016-09-29 09:49:06","account":"f***n","quantity":1,"handle_status":8,"order_type":"53","areaid":"320681","item_id":111},{"address":"江苏省","access_date":"2016-09-29 09:49:06","account":"z***2","quantity":1,"handle_status":8,"order_type":"53","areaid":"320382","item_id":111},{"address":"重庆市","access_date":"2016-09-29 09:49:06","account":"海***2","quantity":1,"handle_status":8,"order_type":"53","areaid":"500112","item_id":111},{"address":"江苏省","access_date":"2016-09-29 09:49:06","account":"h***1","quantity":1,"handle_status":8,"order_type":"53","areaid":"320505","item_id":111},{"address":"黑龙江省","access_date":"2016-09-29 09:49:06","account":"李***慧","quantity":1,"handle_status":8,"order_type":"53","areaid":"230111","item_id":111},{"address":"浙江省","access_date":"2016-09-29 09:49:06","account":"1***5","quantity":1,"handle_status":8,"order_type":"53","areaid":"331003","item_id":111},{"address":"广东省","access_date":"2016-09-29 09:49:06","account":"么***么","quantity":1,"handle_status":8,"order_type":"53","areaid":"440803","item_id":111},{"address":"江苏省","access_date":"2016-09-29 09:49:06","account":"习***平","quantity":1,"handle_status":8,"order_type":"53","areaid":"320412","item_id":111},{"address":"四川省","access_date":"2016-09-29 09:49:06","account":"临***吟","quantity":1,"handle_status":8,"order_type":"53","areaid":"510124","item_id":111},{"address":"广东省","access_date":"2016-09-29 09:49:06","account":"w***2","quantity":1,"handle_status":8,"order_type":"53","areaid":"440106","item_id":111},{"address":"江苏省","access_date":"2016-09-29 09:49:06","account":"1***6","quantity":1,"handle_status":8,"order_type":"53","areaid":"321081","item_id":111},{"address":"湖南省","access_date":"2016-09-29 09:49:06","account":"l***0","quantity":1,"handle_status":8,"order_type":"53","areaid":"430104","item_id":111},{"address":"江苏省","access_date":"2016-09-29 09:49:06","account":"z***3","quantity":1,"handle_status":8,"order_type":"53","areaid":"320684","item_id":111},{"address":"黑龙江省","access_date":"2016-09-29 09:49:06","account":"1***5","quantity":1,"handle_status":8,"order_type":"53","areaid":"230602","item_id":111},{"address":"河南省","access_date":"2016-09-29 09:49:06","account":"移***船","quantity":1,"handle_status":8,"order_type":"53","areaid":"410105","item_id":111},{"address":"辽宁省","access_date":"2016-09-29 09:49:06","account":"d***2","quantity":1,"handle_status":8,"order_type":"53","areaid":"210102","item_id":111},{"address":"山东省","access_date":"2016-09-29 09:49:06","account":"酷***龙","quantity":1,"handle_status":8,"order_type":"53","areaid":"371725","item_id":111},{"address":"山东省","access_date":"2016-09-29 09:49:06","account":"l***c","quantity":1,"handle_status":8,"order_type":"53","areaid":"370202","item_id":111},{"address":"甘肃省","access_date":"2016-09-29 09:49:06","account":"1***3","quantity":1,"handle_status":8,"order_type":"53","areaid":"620503","item_id":111},{"address":"山东省","access_date":"2016-09-29 09:49:06","account":"戴***胖","quantity":1,"handle_status":8,"order_type":"53","areaid":"371101","item_id":111},{"address":"天津市","access_date":"2016-09-29 09:49:06","account":"z***8","quantity":1,"handle_status":8,"order_type":"53","areaid":"120116","item_id":111},{"address":"江苏省","access_date":"2016-09-29 09:49:05","account":"1***0","quantity":1,"handle_status":8,"order_type":"53","areaid":"320211","item_id":111},{"address":"江苏省","access_date":"2016-09-29 09:49:05","account":"w***h","quantity":1,"handle_status":8,"order_type":"53","areaid":"320411","item_id":111},{"address":"河北省","access_date":"2016-09-29 09:49:05","account":"如***云","quantity":1,"handle_status":8,"order_type":"53","areaid":"130722","item_id":111},{"address":"河北省","access_date":"2016-09-29 09:49:05","account":"1***6","quantity":1,"handle_status":8,"order_type":"53","areaid":"130622","item_id":111},{"address":"江苏省","access_date":"2016-09-29 09:49:05","account":"钱***友","quantity":1,"handle_status":8,"order_type":"53","areaid":"320508","item_id":111},{"address":"福建省","access_date":"2016-09-29 09:49:05","account":"q***8","quantity":1,"handle_status":8,"order_type":"53","areaid":"350111","item_id":111},{"address":"山东省","access_date":"2016-09-29 09:49:05","account":"1***8","quantity":1,"handle_status":8,"order_type":"53","areaid":"371329","item_id":111},{"address":"山东省","access_date":"2016-09-29 09:49:05","account":"1***2","quantity":1,"handle_status":8,"order_type":"53","areaid":"371329","item_id":111},{"address":"广东省","access_date":"2016-09-29 09:49:05","account":"M***s","quantity":1,"handle_status":8,"order_type":"53","areaid":"440106","item_id":111},{"address":"浙江省","access_date":"2016-09-29 09:49:05","account":"1***3","quantity":1,"handle_status":8,"order_type":"53","areaid":"330226","item_id":111},{"address":"湖南省","access_date":"2016-09-29 09:49:05","account":"马***了","quantity":1,"handle_status":8,"order_type":"53","areaid":"430781","item_id":111},{"address":"山西省","access_date":"2016-09-29 09:49:05","account":"j***n","quantity":1,"handle_status":8,"order_type":"53","areaid":"140181","item_id":111},{"address":"江苏省","access_date":"2016-09-29 09:49:05","account":"清***6","quantity":1,"handle_status":8,"order_type":"53","areaid":"320903","item_id":111},{"address":"广西壮族自治区","access_date":"2016-09-29 09:49:05","account":"1***0","quantity":1,"handle_status":8,"order_type":"53","areaid":"451281","item_id":111},{"address":"江苏省","access_date":"2016-09-29 09:49:05","account":"1***8","quantity":1,"handle_status":8,"order_type":"53","areaid":"320902","item_id":111},{"address":"浙江省","access_date":"2016-09-29 09:49:05","account":"1***5","quantity":1,"handle_status":8,"order_type":"53","areaid":"330105","item_id":111},{"address":"陕西省","access_date":"2016-09-29 09:49:05","account":"1***往","quantity":1,"handle_status":8,"order_type":"53","areaid":"610116","item_id":111},{"address":"福建省","access_date":"2016-09-29 09:49:05","account":"施***抄","quantity":1,"handle_status":8,"order_type":"53","areaid":"350582","item_id":111},{"address":"陕西省","access_date":"2016-09-29 09:49:05","account":"陈***设","quantity":1,"handle_status":8,"order_type":"53","areaid":"610111","item_id":111},{"address":"浙江省","access_date":"2016-09-29 09:49:05","account":"芙***妹","quantity":1,"handle_status":8,"order_type":"53","areaid":"330723","item_id":111},{"address":"江苏省","access_date":"2016-09-29 09:49:05","account":"z***7","quantity":1,"handle_status":8,"order_type":"53","areaid":"320404","item_id":111},{"address":"辽宁省","access_date":"2016-09-29 09:49:05","account":"1***1","quantity":1,"handle_status":8,"order_type":"53","areaid":"210102","item_id":111},{"address":"辽宁省","access_date":"2016-09-29 09:49:05","account":"1***6","quantity":1,"handle_status":8,"order_type":"53","areaid":"210381","item_id":111},{"address":"北京市","access_date":"2016-09-29 09:49:05","account":"1***0","quantity":1,"handle_status":8,"order_type":"53","areaid":"110107","item_id":111},{"address":"江苏省","access_date":"2016-09-29 09:49:05","account":"h***n","quantity":1,"handle_status":8,"order_type":"53","areaid":"320585","item_id":111},{"address":"重庆市","access_date":"2016-09-29 09:49:05","account":"1***3","quantity":1,"handle_status":8,"order_type":"53","areaid":"500117","item_id":111},{"address":"浙江省","access_date":"2016-09-29 09:49:05","account":"1***8","quantity":1,"handle_status":8,"order_type":"53","areaid":"330303","item_id":111},{"address":"上海市","access_date":"2016-09-29 09:49:05","account":"c***5","quantity":1,"handle_status":8,"order_type":"53","areaid":"310113","item_id":111},{"address":"山东省","access_date":"2016-09-29 09:49:05","account":"S***蜂","quantity":1,"handle_status":8,"order_type":"53","areaid":"370783","item_id":111},{"address":"湖南省","access_date":"2016-09-29 09:49:05","account":"1***5","quantity":1,"handle_status":8,"order_type":"53","areaid":"431382","item_id":111},{"address":"浙江省","access_date":"2016-09-29 09:49:05","account":"1***8","quantity":1,"handle_status":8,"order_type":"53","areaid":"330902","item_id":111},{"address":"山东省","access_date":"2016-09-29 09:49:04","account":"z***1","quantity":1,"handle_status":8,"order_type":"53","areaid":"371083","item_id":111},{"address":"山东省","access_date":"2016-09-29 09:49:04","account":"x***o","quantity":1,"handle_status":8,"order_type":"53","areaid":"370281","item_id":111},{"address":"山西省","access_date":"2016-09-29 09:49:04","account":"1***1","quantity":1,"handle_status":8,"order_type":"53","areaid":"140202","item_id":111},{"address":"福建省","access_date":"2016-09-29 09:49:04","account":"1***0","quantity":1,"handle_status":8,"order_type":"53","areaid":"350203","item_id":111},{"address":"河北省","access_date":"2016-09-29 09:49:04","account":"陈***达","quantity":1,"handle_status":8,"order_type":"53","areaid":"130982","item_id":111},{"address":"江苏省","access_date":"2016-09-29 09:49:04","account":"l***4","quantity":1,"handle_status":8,"order_type":"53","areaid":"320507","item_id":111},{"address":"浙江省","access_date":"2016-09-29 09:49:04","account":"z***i","quantity":1,"handle_status":8,"order_type":"53","areaid":"330110","item_id":111},{"address":"北京市","access_date":"2016-09-29 09:49:04","account":"1***5","quantity":1,"handle_status":8,"order_type":"53","areaid":"110106","item_id":111},{"address":"河北省","access_date":"2016-09-29 09:49:04","account":"z***3","quantity":1,"handle_status":8,"order_type":"53","areaid":"130227","item_id":111},{"address":"山东省","access_date":"2016-09-29 09:49:04","account":"1***2","quantity":1,"handle_status":8,"order_type":"53","areaid":"370701","item_id":111},{"address":"山东省","access_date":"2016-09-29 09:49:04","account":"今***币","quantity":1,"handle_status":8,"order_type":"53","areaid":"370404","item_id":111},{"address":"安徽省","access_date":"2016-09-29 09:49:04","account":"f***g","quantity":1,"handle_status":8,"order_type":"53","areaid":"340111","item_id":111},{"address":"四川省","access_date":"2016-09-29 09:49:04","account":"L***3","quantity":1,"handle_status":8,"order_type":"53","areaid":"511322","item_id":111},{"address":"黑龙江省","access_date":"2016-09-29 09:49:04","account":"z***g","quantity":1,"handle_status":8,"order_type":"53","areaid":"230102","item_id":111},{"address":"江苏省","access_date":"2016-09-29 09:49:04","account":"S***1","quantity":1,"handle_status":8,"order_type":"53","areaid":"320404","item_id":111},{"address":"山东省","access_date":"2016-09-29 09:49:04","account":"y***i","quantity":1,"handle_status":8,"order_type":"53","areaid":"370502","item_id":111},{"address":"广东省","access_date":"2016-09-29 09:49:04","account":"1***1","quantity":1,"handle_status":8,"order_type":"53","areaid":"445103","item_id":111},{"address":"四川省","access_date":"2016-09-29 09:49:04","account":"刘***军","quantity":1,"handle_status":8,"order_type":"53","areaid":"510304","item_id":111},{"address":"湖南省","access_date":"2016-09-29 09:49:04","account":"胡***中","quantity":1,"handle_status":8,"order_type":"53","areaid":"430722","item_id":111},{"address":"广东省","access_date":"2016-09-29 09:49:04","account":"木***8","quantity":1,"handle_status":8,"order_type":"53","areaid":"ff8080814cd0d0f4014cd571e2a50002","item_id":111},{"address":"辽宁省","access_date":"2016-09-29 09:49:04","account":"1***1","quantity":1,"handle_status":8,"order_type":"53","areaid":"210303","item_id":111},{"address":"山东省","access_date":"2016-09-29 09:49:04","account":"1***9","quantity":1,"handle_status":8,"order_type":"53","areaid":"370305","item_id":111},{"address":"浙江省","access_date":"2016-09-29 09:49:04","account":"z***9","quantity":1,"handle_status":8,"order_type":"53","areaid":"330411","item_id":111},{"address":"广东省","access_date":"2016-09-29 09:49:04","account":"1***9","quantity":1,"handle_status":8,"order_type":"53","areaid":"440402","item_id":111},{"address":"湖南省","access_date":"2016-09-29 09:49:04","account":"d***n","quantity":1,"handle_status":8,"order_type":"53","areaid":"430103","item_id":111},{"address":"天津市","access_date":"2016-09-29 09:49:04","account":"1***3","quantity":1,"handle_status":8,"order_type":"53","areaid":"120114","item_id":111},{"address":"四川省","access_date":"2016-09-29 09:49:04","account":"1***7","quantity":1,"handle_status":8,"order_type":"53","areaid":"510823","item_id":111},{"address":"北京市","access_date":"2016-09-29 09:49:04","account":"1***8","quantity":1,"handle_status":8,"order_type":"53","areaid":"110113","item_id":111},{"address":"北京市","access_date":"2016-09-29 09:49:04","account":"s***新","quantity":1,"handle_status":8,"order_type":"53","areaid":"110106","item_id":111},{"address":"北京市","access_date":"2016-09-29 09:49:04","account":"1***9","quantity":1,"handle_status":8,"order_type":"53","areaid":"110108","item_id":111},{"address":"四川省","access_date":"2016-09-29 09:49:04","account":"万***家","quantity":1,"handle_status":8,"order_type":"53","areaid":"510181","item_id":111},{"address":"河北省","access_date":"2016-09-29 09:49:04","account":"0***n","quantity":1,"handle_status":8,"order_type":"53","areaid":"130926","item_id":111},{"address":"湖南省","access_date":"2016-09-29 09:49:04","account":"z***7","quantity":1,"handle_status":8,"order_type":"53","areaid":"430202","item_id":111},{"address":"云南省","access_date":"2016-09-29 09:49:04","account":"大***k","quantity":1,"handle_status":8,"order_type":"53","areaid":"530102","item_id":111},{"address":"山东省","access_date":"2016-09-29 09:49:03","account":"l***n","quantity":1,"handle_status":8,"order_type":"53","areaid":"371723","item_id":111},{"address":"北京市","access_date":"2016-09-29 09:49:03","account":"t***2","quantity":1,"handle_status":8,"order_type":"53","areaid":"110108","item_id":111},{"address":"江苏省","access_date":"2016-09-29 09:49:03","account":"1***7","quantity":1,"handle_status":8,"order_type":"53","areaid":"320106","item_id":111},{"address":"山东省","access_date":"2016-09-29 09:49:03","account":"1***3","quantity":1,"handle_status":8,"order_type":"53","areaid":"370104","item_id":111},{"address":"河南省","access_date":"2016-09-29 09:49:03","account":"1***6","quantity":1,"handle_status":8,"order_type":"53","areaid":"410105","item_id":111},{"address":"河南省","access_date":"2016-09-29 09:49:03","account":"1***3","quantity":1,"handle_status":8,"order_type":"53","areaid":"410105","item_id":111},{"address":"上海市","access_date":"2016-09-29 09:49:03","account":"1***4","quantity":1,"handle_status":8,"order_type":"53","areaid":"310113","item_id":111},{"address":"重庆市","access_date":"2016-09-29 09:49:03","account":"1***3","quantity":1,"handle_status":8,"order_type":"53","areaid":"500234","item_id":111},{"address":"山东省","access_date":"2016-09-29 09:49:03","account":"s***p","quantity":1,"handle_status":8,"order_type":"53","areaid":"371002","item_id":111},{"address":"山东省","access_date":"2016-09-29 09:49:03","account":"s***k","quantity":1,"handle_status":8,"order_type":"53","areaid":"371002","item_id":111},{"address":"上海市","access_date":"2016-09-29 09:49:03","account":"1***1","quantity":1,"handle_status":8,"order_type":"53","areaid":"310115","item_id":111},{"address":"广东省","access_date":"2016-09-29 09:49:03","account":"s***g","quantity":1,"handle_status":8,"order_type":"53","areaid":"440305","item_id":111},{"address":"上海市","access_date":"2016-09-29 09:49:03","account":"j***i","quantity":1,"handle_status":8,"order_type":"53","areaid":"310108","item_id":111},{"address":"上海市","access_date":"2016-09-29 09:49:03","account":"毕***彪","quantity":1,"handle_status":8,"order_type":"53","areaid":"310108","item_id":111},{"address":"湖北省","access_date":"2016-09-29 09:49:03","account":"1***4","quantity":1,"handle_status":8,"order_type":"53","areaid":"420703","item_id":111},{"address":"湖北省","access_date":"2016-09-29 09:49:03","account":"1***5","quantity":1,"handle_status":8,"order_type":"53","areaid":"420704","item_id":111},{"address":"安徽省","access_date":"2016-09-29 09:49:03","account":"1***4","quantity":1,"handle_status":8,"order_type":"53","areaid":"340102","item_id":111},{"address":"上海市","access_date":"2016-09-29 09:49:03","account":"魏***荣","quantity":1,"handle_status":8,"order_type":"53","areaid":"310108","item_id":111},{"address":"陕西省","access_date":"2016-09-29 09:49:03","account":"x***a","quantity":1,"handle_status":8,"order_type":"53","areaid":"610403","item_id":111},{"address":"黑龙江省","access_date":"2016-09-29 09:49:03","account":"1***空","quantity":1,"handle_status":8,"order_type":"53","areaid":"231084","item_id":111},{"address":"天津市","access_date":"2016-09-29 09:49:03","account":"d***g","quantity":1,"handle_status":8,"order_type":"53","areaid":"120106","item_id":111},{"address":"河南省","access_date":"2016-09-29 09:49:03","account":"1***3","quantity":1,"handle_status":8,"order_type":"53","areaid":"411421","item_id":111},{"address":"天津市","access_date":"2016-09-29 09:49:03","account":"F***小","quantity":1,"handle_status":8,"order_type":"53","areaid":"120114","item_id":111},{"address":"天津市","access_date":"2016-09-29 09:49:03","account":"邵***8","quantity":1,"handle_status":8,"order_type":"53","areaid":"120114","item_id":111},{"address":"辽宁省","access_date":"2016-09-29 09:49:03","account":"p***e","quantity":1,"handle_status":8,"order_type":"53","areaid":"210181","item_id":111},{"address":"江苏省","access_date":"2016-09-29 09:49:03","account":"1***9","quantity":1,"handle_status":8,"order_type":"53","areaid":"320115","item_id":111},{"address":"山东省","access_date":"2016-09-29 09:49:03","account":"x***t","quantity":1,"handle_status":8,"order_type":"53","areaid":"370481","item_id":111},{"address":"陕西省","access_date":"2016-09-29 09:49:03","account":"y***2","quantity":1,"handle_status":8,"order_type":"53","areaid":"610721","item_id":111},{"address":"江苏省","access_date":"2016-09-29 09:49:03","account":"A***1","quantity":1,"handle_status":8,"order_type":"53","areaid":"320281","item_id":111},{"address":"山西省","access_date":"2016-09-29 09:49:03","account":"王***伟","quantity":1,"handle_status":8,"order_type":"53","areaid":"140203","item_id":111},{"address":"山东省","access_date":"2016-09-29 09:49:02","account":"s***1","quantity":1,"handle_status":8,"order_type":"53","areaid":"370684","item_id":111},{"address":"陕西省","access_date":"2016-09-29 09:49:02","account":"x***i","quantity":1,"handle_status":8,"order_type":"53","areaid":"610403","item_id":111},{"address":"浙江省","access_date":"2016-09-29 09:49:02","account":"1***5","quantity":1,"handle_status":8,"order_type":"53","areaid":"330183","item_id":111},{"address":"黑龙江省","access_date":"2016-09-29 09:49:02","account":"爱***1","quantity":1,"handle_status":8,"order_type":"53","areaid":"231283","item_id":111},{"address":"江苏省","access_date":"2016-09-29 09:49:02","account":"y***5","quantity":1,"handle_status":8,"order_type":"53","areaid":"320204","item_id":111},{"address":"江苏省","access_date":"2016-09-29 09:49:02","account":"d***3","quantity":1,"handle_status":8,"order_type":"53","areaid":"320404","item_id":111},{"address":"湖南省","access_date":"2016-09-29 09:49:02","account":"z***i","quantity":1,"handle_status":8,"order_type":"53","areaid":"430104","item_id":111},{"address":"福建省","access_date":"2016-09-29 09:49:02","account":"f***m","quantity":1,"handle_status":8,"order_type":"53","areaid":"350503","item_id":111},{"address":"山东省","access_date":"2016-09-29 09:49:02","account":"1***2","quantity":1,"handle_status":8,"order_type":"53","areaid":"370213","item_id":111},{"address":"浙江省","access_date":"2016-09-29 09:49:02","account":"z***8","quantity":1,"handle_status":8,"order_type":"53","areaid":"330183","item_id":111},{"address":"江苏省","access_date":"2016-09-29 09:49:02","account":"熊***1","quantity":1,"handle_status":8,"order_type":"53","areaid":"320211","item_id":111},{"address":"福建省","access_date":"2016-09-29 09:49:02","account":"p***u","quantity":1,"handle_status":8,"order_type":"53","areaid":"350203","item_id":111},{"address":"吉林省","access_date":"2016-09-29 09:49:02","account":"w***g","quantity":1,"handle_status":8,"order_type":"53","areaid":"220106","item_id":111},{"address":"天津市","access_date":"2016-09-29 09:49:02","account":"h***g","quantity":1,"handle_status":8,"order_type":"53","areaid":"120101","item_id":111},{"address":"内蒙古自治区","access_date":"2016-09-29 09:49:02","account":"四***岁","quantity":1,"handle_status":8,"order_type":"53","areaid":"150423","item_id":111},{"address":"山东省","access_date":"2016-09-29 09:49:02","account":"c***6","quantity":1,"handle_status":8,"order_type":"53","areaid":"370801","item_id":111},{"address":"河北省","access_date":"2016-09-29 09:49:02","account":"y***3","quantity":1,"handle_status":8,"order_type":"53","areaid":"130227","item_id":111},{"address":"山东省","access_date":"2016-09-29 09:49:02","account":"S***8","quantity":1,"handle_status":8,"order_type":"53","areaid":"370283","item_id":111},{"address":"浙江省","access_date":"2016-09-29 09:49:02","account":"e***8","quantity":1,"handle_status":8,"order_type":"53","areaid":"330521","item_id":111},{"address":"宁夏回族自治区","access_date":"2016-09-29 09:49:02","account":"x***5","quantity":1,"handle_status":8,"order_type":"53","areaid":"640122","item_id":111},{"address":"四川省","access_date":"2016-09-29 09:49:02","account":"d***1","quantity":1,"handle_status":8,"order_type":"53","areaid":"510106","item_id":111},{"address":"浙江省","access_date":"2016-09-29 09:49:02","account":"1***5","quantity":1,"handle_status":8,"order_type":"53","areaid":"330602","item_id":111},{"address":"河北省","access_date":"2016-09-29 09:49:02","account":"1***8","quantity":1,"handle_status":8,"order_type":"53","areaid":"130303","item_id":111},{"address":"北京市","access_date":"2016-09-29 09:49:02","account":"j***9","quantity":1,"handle_status":8,"order_type":"53","areaid":"110105","item_id":111},{"address":"湖北省","access_date":"2016-09-29 09:49:02","account":"g***5","quantity":1,"handle_status":8,"order_type":"53","areaid":"420111","item_id":111},{"address":"广东省","access_date":"2016-09-29 09:49:02","account":"1***6","quantity":1,"handle_status":8,"order_type":"53","areaid":"445202","item_id":111},{"address":"浙江省","access_date":"2016-09-29 09:49:02","account":"t***3","quantity":1,"handle_status":8,"order_type":"53","areaid":"330183","item_id":111},{"address":"广西壮族自治区","access_date":"2016-09-29 09:49:02","account":"1***7","quantity":1,"handle_status":8,"order_type":"53","areaid":"450325","item_id":111},{"address":"上海市","access_date":"2016-09-29 09:49:02","account":"H***3","quantity":1,"handle_status":8,"order_type":"53","areaid":"310104","item_id":111},{"address":"四川省","access_date":"2016-09-29 09:49:02","account":"C***8","quantity":1,"handle_status":8,"order_type":"53","areaid":"510104","item_id":111},{"address":"天津市","access_date":"2016-09-29 09:49:02","account":"1***1","quantity":1,"handle_status":8,"order_type":"53","areaid":"120104","item_id":111},{"address":"新疆维吾尔自治区","access_date":"2016-09-29 09:49:02","account":"1***9","quantity":1,"handle_status":8,"order_type":"53","areaid":"652826","item_id":111},{"address":"吉林省","access_date":"2016-09-29 09:49:02","account":"l***6","quantity":1,"handle_status":8,"order_type":"53","areaid":"220303","item_id":111},{"address":"山东省","access_date":"2016-09-29 09:49:01","account":"h***y","quantity":1,"handle_status":8,"order_type":"53","areaid":"370881","item_id":111},{"address":"湖北省","access_date":"2016-09-29 09:49:01","account":"c***8","quantity":1,"handle_status":8,"order_type":"53","areaid":"421002","item_id":111},{"address":"天津市","access_date":"2016-09-29 09:49:01","account":"W***8","quantity":1,"handle_status":8,"order_type":"53","areaid":"120101","item_id":111},{"address":"河南省","access_date":"2016-09-29 09:49:01","account":"w***l","quantity":1,"handle_status":8,"order_type":"53","areaid":"411002","item_id":111},{"address":"上海市","access_date":"2016-09-29 09:49:01","account":"n***6","quantity":1,"handle_status":8,"order_type":"53","areaid":"310115","item_id":111},{"address":"四川省","access_date":"2016-09-29 09:49:01","account":"l***9","quantity":1,"handle_status":8,"order_type":"53","areaid":"513401","item_id":111},{"address":"广东省","access_date":"2016-09-29 09:49:01","account":"g***3","quantity":1,"handle_status":8,"order_type":"53","areaid":"ff8080814cd0d0f4014cd571e2a50002","item_id":111},{"address":"山东省","access_date":"2016-09-29 09:49:01","account":"2***2","quantity":1,"handle_status":8,"order_type":"53","areaid":"370285","item_id":111},{"address":"四川省","access_date":"2016-09-29 09:49:01","account":"彭***群","quantity":1,"handle_status":8,"order_type":"53","areaid":"510122","item_id":111},{"address":"江西省","access_date":"2016-09-29 09:49:01","account":"1***8","quantity":1,"handle_status":8,"order_type":"53","areaid":"360782","item_id":111},{"address":"吉林省","access_date":"2016-09-29 09:49:01","account":"h***7","quantity":1,"handle_status":8,"order_type":"53","areaid":"220104","item_id":111},{"address":"重庆市","access_date":"2016-09-29 09:49:01","account":"s***7","quantity":1,"handle_status":8,"order_type":"53","areaid":"500101","item_id":111},{"address":"湖南省","access_date":"2016-09-29 09:49:01","account":"1***7","quantity":1,"handle_status":8,"order_type":"53","areaid":"430102","item_id":111},{"address":"安徽省","access_date":"2016-09-29 09:49:01","account":"l***5","quantity":1,"handle_status":8,"order_type":"53","areaid":"340403","item_id":111},{"address":"内蒙古自治区","access_date":"2016-09-29 09:49:01","account":"佳***强","quantity":1,"handle_status":8,"order_type":"53","areaid":"150302","item_id":111},{"address":"福建省","access_date":"2016-09-29 09:49:01","account":"b***t","quantity":1,"handle_status":8,"order_type":"53","areaid":"350503","item_id":111},{"address":"福建省","access_date":"2016-09-29 09:49:01","account":"1***7","quantity":1,"handle_status":8,"order_type":"53","areaid":"350581","item_id":111},{"address":"辽宁省","access_date":"2016-09-29 09:49:01","account":"1***3","quantity":1,"handle_status":8,"order_type":"53","areaid":"210381","item_id":111},{"address":"北京市","access_date":"2016-09-29 09:49:01","account":"s***7","quantity":1,"handle_status":8,"order_type":"53","areaid":"110105","item_id":111},{"address":"贵州省","access_date":"2016-09-29 09:49:01","account":"l***f","quantity":1,"handle_status":8,"order_type":"53","areaid":"520201","item_id":111},{"address":"辽宁省","access_date":"2016-09-29 09:49:01","account":"y***u","quantity":1,"handle_status":8,"order_type":"53","areaid":"210522","item_id":111},{"address":"江苏省","access_date":"2016-09-29 09:49:01","account":"1***6","quantity":1,"handle_status":8,"order_type":"53","areaid":"320506","item_id":111},{"address":"辽宁省","access_date":"2016-09-29 09:49:01","account":"天***霞","quantity":1,"handle_status":8,"order_type":"53","areaid":"211302","item_id":111},{"address":"浙江省","access_date":"2016-09-29 09:49:01","account":"1***1","quantity":1,"handle_status":8,"order_type":"53","areaid":"331121","item_id":111},{"address":"浙江省","access_date":"2016-09-29 09:49:01","account":"何***挺","quantity":1,"handle_status":8,"order_type":"53","areaid":"330282","item_id":111},{"address":"广东省","access_date":"2016-09-29 09:49:01","account":"李***威","quantity":1,"handle_status":8,"order_type":"53","areaid":"440307","item_id":111},{"address":"广东省","access_date":"2016-09-29 09:49:01","account":"1***0","quantity":1,"handle_status":8,"order_type":"53","areaid":"440306","item_id":111},{"address":"山东省","access_date":"2016-09-29 09:49:01","account":"h***w","quantity":1,"handle_status":8,"order_type":"53","areaid":"370285","item_id":111},{"address":"江苏省","access_date":"2016-09-29 09:49:01","account":"d***o","quantity":1,"handle_status":8,"order_type":"53","areaid":"321323","item_id":111},{"address":"山西省","access_date":"2016-09-29 09:49:01","account":"1***8","quantity":1,"handle_status":8,"order_type":"53","areaid":"140802","item_id":111},{"address":"福建省","access_date":"2016-09-29 09:49:01","account":"1***3","quantity":1,"handle_status":8,"order_type":"53","areaid":"350182","item_id":111},{"address":"河北省","access_date":"2016-09-29 09:49:01","account":"1***1","quantity":1,"handle_status":8,"order_type":"53","areaid":"130302","item_id":111},{"address":"广西壮族自治区","access_date":"2016-09-29 09:49:01","account":"l***l","quantity":1,"handle_status":8,"order_type":"53","areaid":"450422","item_id":111},{"address":"四川省","access_date":"2016-09-29 09:49:00","account":"r***0","quantity":1,"handle_status":8,"order_type":"53","areaid":"510108","item_id":111},{"address":"山西省","access_date":"2016-09-29 09:49:00","account":"1***0","quantity":1,"handle_status":8,"order_type":"53","areaid":"141102","item_id":111},{"address":"江苏省","access_date":"2016-09-29 09:49:00","account":"1***8","quantity":1,"handle_status":8,"order_type":"53","areaid":"320582","item_id":111},{"address":"浙江省","access_date":"2016-09-29 09:49:00","account":"y***m","quantity":1,"handle_status":8,"order_type":"53","areaid":"330782","item_id":111},{"address":"安徽省","access_date":"2016-09-29 09:49:00","account":"t***5","quantity":1,"handle_status":8,"order_type":"53","areaid":"340111","item_id":111},{"address":"宁夏回族自治区","access_date":"2016-09-29 09:49:00","account":"h***a","quantity":1,"handle_status":8,"order_type":"53","areaid":"640402","item_id":111},{"address":"北京市","access_date":"2016-09-29 09:49:00","account":"1***5","quantity":1,"handle_status":8,"order_type":"53","areaid":"110106","item_id":111},{"address":"福建省","access_date":"2016-09-29 09:49:00","account":"1***4","quantity":1,"handle_status":8,"order_type":"53","areaid":"350182","item_id":111},{"address":"浙江省","access_date":"2016-09-29 09:49:00","account":"1***7","quantity":1,"handle_status":8,"order_type":"53","areaid":"330110","item_id":111},{"address":"广东省","access_date":"2016-09-29 09:49:00","account":"1***1","quantity":1,"handle_status":8,"order_type":"53","areaid":"440606","item_id":111},{"address":"安徽省","access_date":"2016-09-29 09:49:00","account":"m***5","quantity":1,"handle_status":8,"order_type":"53","areaid":"340402","item_id":111},{"address":"黑龙江省","access_date":"2016-09-29 09:49:00","account":"闷***瓶","quantity":1,"handle_status":8,"order_type":"53","areaid":"230804","item_id":111},{"address":"江西省","access_date":"2016-09-29 09:49:00","account":"g***r","quantity":1,"handle_status":8,"order_type":"53","areaid":"360104","item_id":111},{"address":"山西省","access_date":"2016-09-29 09:49:00","account":"李***中","quantity":1,"handle_status":8,"order_type":"53","areaid":"140702","item_id":111},{"address":"山西省","access_date":"2016-09-29 09:49:00","account":"丁***勇","quantity":1,"handle_status":8,"order_type":"53","areaid":"140302","item_id":111},{"address":"山东省","access_date":"2016-09-29 09:49:00","account":"z***1","quantity":1,"handle_status":8,"order_type":"53","areaid":"370305","item_id":111},{"address":"山东省","access_date":"2016-09-29 09:49:00","account":"b***8","quantity":1,"handle_status":8,"order_type":"53","areaid":"370305","item_id":111},{"address":"北京市","access_date":"2016-09-29 09:49:00","account":"1***4","quantity":1,"handle_status":8,"order_type":"53","areaid":"110102","item_id":111},{"address":"北京市","access_date":"2016-09-29 09:49:00","account":"1***4","quantity":1,"handle_status":8,"order_type":"53","areaid":"110102","item_id":111},{"address":"北京市","access_date":"2016-09-29 09:49:00","account":"1***5","quantity":1,"handle_status":8,"order_type":"53","areaid":"110102","item_id":111},{"address":"河北省","access_date":"2016-09-29 09:49:00","account":"1***6","quantity":1,"handle_status":8,"order_type":"53","areaid":"130283","item_id":111},{"address":"江苏省","access_date":"2016-09-29 09:49:00","account":"徐***3","quantity":1,"handle_status":8,"order_type":"53","areaid":"320802","item_id":111},{"address":"湖南省","access_date":"2016-09-29 09:49:00","account":"c***1","quantity":1,"handle_status":8,"order_type":"53","areaid":"430408","item_id":111},{"address":"江西省","access_date":"2016-09-29 09:49:00","account":"薛***9","quantity":1,"handle_status":8,"order_type":"53","areaid":"361122","item_id":111},{"address":"浙江省","access_date":"2016-09-29 09:49:00","account":"1***4","quantity":1,"handle_status":8,"order_type":"53","areaid":"330105","item_id":111},{"address":"上海市","access_date":"2016-09-29 09:49:00","account":"1***6","quantity":1,"handle_status":8,"order_type":"53","areaid":"310115","item_id":111},{"address":"上海市","access_date":"2016-09-29 09:49:00","account":"w***5","quantity":1,"handle_status":8,"order_type":"53","areaid":"310109","item_id":111},{"address":"四川省","access_date":"2016-09-29 09:49:00","account":"c***1","quantity":1,"handle_status":8,"order_type":"53","areaid":"510104","item_id":111},{"address":"河北省","access_date":"2016-09-29 09:49:00","account":"1***0","quantity":1,"handle_status":8,"order_type":"53","areaid":"130705","item_id":111},{"address":"山西省","access_date":"2016-09-29 09:49:00","account":"侯***妈","quantity":1,"handle_status":8,"order_type":"53","areaid":"140202","item_id":111},{"address":"上海市","access_date":"2016-09-29 09:49:00","account":"y***8","quantity":1,"handle_status":8,"order_type":"53","areaid":"310101","item_id":111},{"address":"河南省","access_date":"2016-09-29 09:49:00","account":"王***8","quantity":1,"handle_status":8,"order_type":"53","areaid":"410724","item_id":111},{"address":"北京市","access_date":"2016-09-29 09:49:00","account":"d***1","quantity":1,"handle_status":8,"order_type":"53","areaid":"110114","item_id":111},{"address":"辽宁省","access_date":"2016-09-29 09:48:59","account":"1***2","quantity":1,"handle_status":8,"order_type":"53","areaid":"210703","item_id":111},{"address":"重庆市","access_date":"2016-09-29 09:48:59","account":"x***6","quantity":1,"handle_status":8,"order_type":"53","areaid":"500233","item_id":111},{"address":"江苏省","access_date":"2016-09-29 09:48:59","account":"1***0","quantity":1,"handle_status":8,"order_type":"53","areaid":"320105","item_id":111},{"address":"陕西省","access_date":"2016-09-29 09:48:59","account":"l***8","quantity":1,"handle_status":8,"order_type":"53","areaid":"610502","item_id":111},{"address":"广东省","access_date":"2016-09-29 09:48:59","account":"T***8","quantity":1,"handle_status":8,"order_type":"53","areaid":"440104","item_id":111},{"address":"天津市","access_date":"2016-09-29 09:48:59","account":"l***3","quantity":1,"handle_status":8,"order_type":"53","areaid":"120114","item_id":111},{"address":"山东省","access_date":"2016-09-29 09:48:59","account":"木***所","quantity":1,"handle_status":8,"order_type":"53","areaid":"370306","item_id":111},{"address":"北京市","access_date":"2016-09-29 09:48:59","account":"a***1","quantity":1,"handle_status":8,"order_type":"53","areaid":"110108","item_id":111},{"address":"广东省","access_date":"2016-09-29 09:48:59","account":"吴***生","quantity":1,"handle_status":8,"order_type":"53","areaid":"440305","item_id":111},{"address":"安徽省","access_date":"2016-09-29 09:48:59","account":"1***9","quantity":1,"handle_status":8,"order_type":"53","areaid":"341822","item_id":111},{"address":"山东省","access_date":"2016-09-29 09:48:59","account":"s***x","quantity":1,"handle_status":8,"order_type":"53","areaid":"370902","item_id":111},{"address":"浙江省","access_date":"2016-09-29 09:48:59","account":"l***藏","quantity":1,"handle_status":8,"order_type":"53","areaid":"330304","item_id":111},{"address":"陕西省","access_date":"2016-09-29 09:48:59","account":"1***7","quantity":1,"handle_status":8,"order_type":"53","areaid":"610103","item_id":111},{"address":"山东省","access_date":"2016-09-29 09:48:59","account":"1***3","quantity":1,"handle_status":8,"order_type":"53","areaid":"370211","item_id":111},{"address":"河北省","access_date":"2016-09-29 09:48:59","account":"1***8","quantity":1,"handle_status":8,"order_type":"53","areaid":"130302","item_id":111},{"address":"黑龙江省","access_date":"2016-09-29 09:48:59","account":"w***9","quantity":1,"handle_status":8,"order_type":"53","areaid":"230110","item_id":111},{"address":"西藏自治区","access_date":"2016-09-29 09:48:59","account":"王***容","quantity":1,"handle_status":8,"order_type":"53","areaid":"542621","item_id":111},{"address":"辽宁省","access_date":"2016-09-29 09:48:59","account":"1***3","quantity":1,"handle_status":8,"order_type":"53","areaid":"210702","item_id":111},{"address":"山东省","access_date":"2016-09-29 09:48:59","account":"牛***泉","quantity":1,"handle_status":8,"order_type":"53","areaid":"371202","item_id":111},{"address":"广东省","access_date":"2016-09-29 09:48:59","account":"1***1","quantity":1,"handle_status":8,"order_type":"53","areaid":"440783","item_id":111},{"address":"福建省","access_date":"2016-09-29 09:48:59","account":"1***5","quantity":1,"handle_status":8,"order_type":"53","areaid":"350521","item_id":111},{"address":"福建省","access_date":"2016-09-29 09:48:59","account":"x***l","quantity":1,"handle_status":8,"order_type":"53","areaid":"350181","item_id":111},{"address":"广东省","access_date":"2016-09-29 09:48:59","account":"l***i","quantity":1,"handle_status":8,"order_type":"53","areaid":"440304","item_id":111},{"address":"福建省","access_date":"2016-09-29 09:48:59","account":"k***d","quantity":1,"handle_status":8,"order_type":"53","areaid":"350206","item_id":111},{"address":"山东省","access_date":"2016-09-29 09:48:59","account":"1***6","quantity":1,"handle_status":8,"order_type":"53","areaid":"370902","item_id":111},{"address":"江苏省","access_date":"2016-09-29 09:48:59","account":"b***a","quantity":1,"handle_status":8,"order_type":"53","areaid":"320104","item_id":111},{"address":"山东省","access_date":"2016-09-29 09:48:59","account":"1***9","quantity":1,"handle_status":8,"order_type":"53","areaid":"371701","item_id":111},{"address":"江苏省","access_date":"2016-09-29 09:48:59","account":"d***8","quantity":1,"handle_status":8,"order_type":"53","areaid":"320611","item_id":111},{"address":"广东省","access_date":"2016-09-29 09:48:59","account":"1***7","quantity":1,"handle_status":8,"order_type":"53","areaid":"441303","item_id":111},{"address":"湖北省","access_date":"2016-09-29 09:48:59","account":"l***8","quantity":1,"handle_status":8,"order_type":"53","areaid":"421002","item_id":111},{"address":"浙江省","access_date":"2016-09-29 09:48:59","account":"s***1","quantity":1,"handle_status":8,"order_type":"53","areaid":"330302","item_id":111},{"address":"陕西省","access_date":"2016-09-29 09:48:59","account":"一***8","quantity":1,"handle_status":8,"order_type":"53","areaid":"610103","item_id":111},{"address":"山东省","access_date":"2016-09-29 09:48:58","account":"王***1","quantity":1,"handle_status":8,"order_type":"53","areaid":"371102","item_id":111},{"address":"浙江省","access_date":"2016-09-29 09:48:58","account":"x***u","quantity":1,"handle_status":8,"order_type":"53","areaid":"330109","item_id":111},{"address":"北京市","access_date":"2016-09-29 09:48:58","account":"l***n","quantity":1,"handle_status":8,"order_type":"53","areaid":"110105","item_id":111},{"address":"上海市","access_date":"2016-09-29 09:48:58","account":"一***在","quantity":1,"handle_status":8,"order_type":"53","areaid":"310108","item_id":111},{"address":"江苏省","access_date":"2016-09-29 09:48:58","account":"邹***达","quantity":1,"handle_status":8,"order_type":"53","areaid":"320281","item_id":111},{"address":"广东省","access_date":"2016-09-29 09:48:58","account":"1***2","quantity":1,"handle_status":8,"order_type":"53","areaid":"440104","item_id":111},{"address":"黑龙江省","access_date":"2016-09-29 09:48:58","account":"曹***7","quantity":1,"handle_status":8,"order_type":"53","areaid":"230302","item_id":111},{"address":"新疆维吾尔自治区","access_date":"2016-09-29 09:48:58","account":"火***白","quantity":1,"handle_status":8,"order_type":"53","areaid":"650106","item_id":111},{"address":"广东省","access_date":"2016-09-29 09:48:58","account":"z***o","quantity":1,"handle_status":8,"order_type":"53","areaid":"440304","item_id":111},{"address":"黑龙江省","access_date":"2016-09-29 09:48:58","account":"1***0","quantity":1,"handle_status":8,"order_type":"53","areaid":"230603","item_id":111},{"address":"辽宁省","access_date":"2016-09-29 09:48:58","account":"m***2","quantity":1,"handle_status":8,"order_type":"53","areaid":"211002","item_id":111},{"address":"山东省","access_date":"2016-09-29 09:48:58","account":"火***1","quantity":1,"handle_status":8,"order_type":"53","areaid":"370725","item_id":111},{"address":"北京市","access_date":"2016-09-29 09:48:58","account":"b***r","quantity":1,"handle_status":8,"order_type":"53","areaid":"110105","item_id":111},{"address":"天津市","access_date":"2016-09-29 09:48:58","account":"c***g","quantity":1,"handle_status":8,"order_type":"53","areaid":"120116","item_id":111},{"address":"四川省","access_date":"2016-09-29 09:48:58","account":"p***j","quantity":1,"handle_status":8,"order_type":"53","areaid":"510402","item_id":111},{"address":"山东省","access_date":"2016-09-29 09:48:58","account":"w***8","quantity":1,"handle_status":8,"order_type":"53","areaid":"370921","item_id":111},{"address":"河北省","access_date":"2016-09-29 09:48:58","account":"1***6","quantity":1,"handle_status":8,"order_type":"53","areaid":"130302","item_id":111},{"address":"新疆维吾尔自治区","access_date":"2016-09-29 09:48:58","account":"l***g","quantity":1,"handle_status":8,"order_type":"53","areaid":"654021","item_id":111},{"address":"北京市","access_date":"2016-09-29 09:48:58","account":"1***7","quantity":1,"handle_status":8,"order_type":"53","areaid":"110106","item_id":111},{"address":"广东省","access_date":"2016-09-29 09:48:58","account":"张***军","quantity":1,"handle_status":8,"order_type":"53","areaid":"ff8080814cd0d0f4014cd56f66b80001","item_id":111},{"address":"浙江省","access_date":"2016-09-29 09:48:58","account":"飞***7","quantity":1,"handle_status":8,"order_type":"53","areaid":"330702","item_id":111},{"address":"浙江省","access_date":"2016-09-29 09:48:58","account":"h***w","quantity":1,"handle_status":8,"order_type":"53","areaid":"330109","item_id":111},{"address":"上海市","access_date":"2016-09-29 09:48:58","account":"老***大","quantity":1,"handle_status":8,"order_type":"53","areaid":"310108","item_id":111},{"address":"河北省","access_date":"2016-09-29 09:48:58","account":"m***j","quantity":1,"handle_status":8,"order_type":"53","areaid":"130503","item_id":111},{"address":"云南省","access_date":"2016-09-29 09:48:58","account":"m***t","quantity":1,"handle_status":8,"order_type":"53","areaid":"530302","item_id":111},{"address":"安徽省","access_date":"2016-09-29 09:48:58","account":"1***6","quantity":1,"handle_status":8,"order_type":"53","areaid":"341881","item_id":111},{"address":"黑龙江省","access_date":"2016-09-29 09:48:58","account":"l***8","quantity":1,"handle_status":8,"order_type":"53","areaid":"230102","item_id":111},{"address":"河南省","access_date":"2016-09-29 09:48:58","account":"熊***年","quantity":1,"handle_status":8,"order_type":"53","areaid":"410102","item_id":111},{"address":"浙江省","access_date":"2016-09-29 09:48:58","account":"1***8","quantity":1,"handle_status":8,"order_type":"53","areaid":"330105","item_id":111},{"address":"江苏省","access_date":"2016-09-29 09:48:58","account":"h***6","quantity":1,"handle_status":8,"order_type":"53","areaid":"320583","item_id":111},{"address":"山东省","access_date":"2016-09-29 09:48:58","account":"p***3","quantity":1,"handle_status":8,"order_type":"53","areaid":"370305","item_id":111},{"address":"河北省","access_date":"2016-09-29 09:48:57","account":"1***6","quantity":1,"handle_status":8,"order_type":"53","areaid":"130203","item_id":111},{"address":"江苏省","access_date":"2016-09-29 09:48:57","account":"陈***文","quantity":1,"handle_status":8,"order_type":"53","areaid":"320509","item_id":111},{"address":"黑龙江省","access_date":"2016-09-29 09:48:57","account":"H***6","quantity":1,"handle_status":8,"order_type":"53","areaid":"231004","item_id":111},{"address":"湖北省","access_date":"2016-09-29 09:48:57","account":"y***0","quantity":1,"handle_status":8,"order_type":"53","areaid":"420222","item_id":111},{"address":"广东省","access_date":"2016-09-29 09:48:57","account":"日***8","quantity":1,"handle_status":8,"order_type":"53","areaid":"440515","item_id":111},{"address":"福建省","access_date":"2016-09-29 09:48:57","account":"1***6","quantity":1,"handle_status":8,"order_type":"53","areaid":"350503","item_id":111},{"address":"内蒙古自治区","access_date":"2016-09-29 09:48:57","account":"1***0","quantity":1,"handle_status":8,"order_type":"53","areaid":"150204","item_id":111},{"address":"广东省","access_date":"2016-09-29 09:48:57","account":"v***m","quantity":1,"handle_status":8,"order_type":"53","areaid":"441402","item_id":111},{"address":"江苏省","access_date":"2016-09-29 09:48:57","account":"1***8","quantity":1,"handle_status":8,"order_type":"53","areaid":"321002","item_id":111},{"address":"浙江省","access_date":"2016-09-29 09:48:57","account":"t***0","quantity":1,"handle_status":8,"order_type":"53","areaid":"330402","item_id":111},{"address":"青海省","access_date":"2016-09-29 09:48:57","account":"h***q","quantity":1,"handle_status":8,"order_type":"53","areaid":"632521","item_id":111},{"address":"广东省","access_date":"2016-09-29 09:48:57","account":"1***9","quantity":1,"handle_status":8,"order_type":"53","areaid":"445202","item_id":111},{"address":"新疆维吾尔自治区","access_date":"2016-09-29 09:48:57","account":"冯***冯","quantity":1,"handle_status":8,"order_type":"53","areaid":"650102","item_id":111},{"address":"黑龙江省","access_date":"2016-09-29 09:48:57","account":"鸣***天","quantity":1,"handle_status":8,"order_type":"53","areaid":"231005","item_id":111},{"address":"天津市","access_date":"2016-09-29 09:48:57","account":"a***u","quantity":1,"handle_status":8,"order_type":"53","areaid":"120104","item_id":111},{"address":"广东省","access_date":"2016-09-29 09:48:57","account":"l***9","quantity":1,"handle_status":8,"order_type":"53","areaid":"440305","item_id":111},{"address":"山东省","access_date":"2016-09-29 09:48:57","account":"喜***奶","quantity":1,"handle_status":8,"order_type":"53","areaid":"370202","item_id":111},{"address":"广东省","access_date":"2016-09-29 09:48:57","account":"1***8","quantity":1,"handle_status":8,"order_type":"53","areaid":"440306","item_id":111},{"address":"安徽省","access_date":"2016-09-29 09:48:57","account":"1***5","quantity":1,"handle_status":8,"order_type":"53","areaid":"340304","item_id":111},{"address":"江苏省","access_date":"2016-09-29 09:48:57","account":"1***7","quantity":1,"handle_status":8,"order_type":"53","areaid":"320705","item_id":111},{"address":"河南省","access_date":"2016-09-29 09:48:57","account":"l***g","quantity":1,"handle_status":8,"order_type":"53","areaid":"410304","item_id":111},{"address":"江西省","access_date":"2016-09-29 09:48:57","account":"w***1","quantity":1,"handle_status":8,"order_type":"53","areaid":"361128","item_id":111},{"address":"宁夏回族自治区","access_date":"2016-09-29 09:48:57","account":"1***4","quantity":1,"handle_status":8,"order_type":"53","areaid":"640402","item_id":111},{"address":"广东省","access_date":"2016-09-29 09:48:57","account":"h***g","quantity":1,"handle_status":8,"order_type":"53","areaid":"440306","item_id":111},{"address":"广东省","access_date":"2016-09-29 09:48:57","account":"1***9","quantity":1,"handle_status":8,"order_type":"53","areaid":"445202","item_id":111},{"address":"重庆市","access_date":"2016-09-29 09:48:57","account":"李***行","quantity":1,"handle_status":8,"order_type":"53","areaid":"500103","item_id":111},{"address":"辽宁省","access_date":"2016-09-29 09:48:57","account":"1***6","quantity":1,"handle_status":8,"order_type":"53","areaid":"210102","item_id":111},{"address":"福建省","access_date":"2016-09-29 09:48:57","account":"国***学","quantity":1,"handle_status":8,"order_type":"53","areaid":"350602","item_id":111},{"address":"内蒙古自治区","access_date":"2016-09-29 09:48:57","account":"0***2","quantity":1,"handle_status":8,"order_type":"53","areaid":"150621","item_id":111},{"address":"山东省","access_date":"2016-09-29 09:48:57","account":"s***8","quantity":1,"handle_status":8,"order_type":"53","areaid":"370202","item_id":111},{"address":"湖北省","access_date":"2016-09-29 09:48:57","account":"大***2","quantity":1,"handle_status":8,"order_type":"53","areaid":"422801","item_id":111},{"address":"北京市","access_date":"2016-09-29 09:48:56","account":"l***n","quantity":1,"handle_status":8,"order_type":"53","areaid":"110108","item_id":111},{"address":"江苏省","access_date":"2016-09-29 09:48:56","account":"w***e","quantity":1,"handle_status":8,"order_type":"53","areaid":"320482","item_id":111},{"address":"山东省","access_date":"2016-09-29 09:48:56","account":"张***杰","quantity":1,"handle_status":8,"order_type":"53","areaid":"370403","item_id":111},{"address":"江苏省","access_date":"2016-09-29 09:48:56","account":"梅***佳","quantity":1,"handle_status":8,"order_type":"53","areaid":"320115","item_id":111},{"address":"辽宁省","access_date":"2016-09-29 09:48:56","account":"1***1","quantity":1,"handle_status":8,"order_type":"53","areaid":"210102","item_id":111},{"address":"内蒙古自治区","access_date":"2016-09-29 09:48:56","account":"1***8","quantity":1,"handle_status":8,"order_type":"53","areaid":"150204","item_id":111},{"address":"湖北省","access_date":"2016-09-29 09:48:56","account":"1***8","quantity":1,"handle_status":8,"order_type":"53","areaid":"420103","item_id":111},{"address":"浙江省","access_date":"2016-09-29 09:48:56","account":"z***1","quantity":1,"handle_status":8,"order_type":"53","areaid":"331081","item_id":111},{"address":"江苏省","access_date":"2016-09-29 09:48:56","account":"1***2","quantity":1,"handle_status":8,"order_type":"53","areaid":"321003","item_id":111},{"address":"浙江省","access_date":"2016-09-29 09:48:56","account":"1***5","quantity":1,"handle_status":8,"order_type":"53","areaid":"330106","item_id":111},{"address":"北京市","access_date":"2016-09-29 09:48:56","account":"4***7","quantity":1,"handle_status":8,"order_type":"53","areaid":"110101","item_id":111},{"address":"河南省","access_date":"2016-09-29 09:48:56","account":"l***2","quantity":1,"handle_status":8,"order_type":"53","areaid":"411701","item_id":111},{"address":"江苏省","access_date":"2016-09-29 09:48:56","account":"t***b","quantity":1,"handle_status":8,"order_type":"53","areaid":"320104","item_id":111},{"address":"浙江省","access_date":"2016-09-29 09:48:56","account":"瞿***燕","quantity":1,"handle_status":8,"order_type":"53","areaid":"330109","item_id":111},{"address":"广东省","access_date":"2016-09-29 09:48:56","account":"C***2","quantity":1,"handle_status":8,"order_type":"53","areaid":"440305","item_id":111},{"address":"上海市","access_date":"2016-09-29 09:48:56","account":"d***8","quantity":1,"handle_status":8,"order_type":"53","areaid":"310120","item_id":111},{"address":"北京市","access_date":"2016-09-29 09:48:56","account":"董***峰","quantity":1,"handle_status":8,"order_type":"53","areaid":"110108","item_id":111},{"address":"江苏省","access_date":"2016-09-29 09:48:56","account":"w***8","quantity":1,"handle_status":8,"order_type":"53","areaid":"320115","item_id":111},{"address":"陕西省","access_date":"2016-09-29 09:48:56","account":"c***i","quantity":1,"handle_status":8,"order_type":"53","areaid":"610103","item_id":111},{"address":"北京市","access_date":"2016-09-29 09:48:56","account":"罗***永","quantity":1,"handle_status":8,"order_type":"53","areaid":"110102","item_id":111},{"address":"河南省","access_date":"2016-09-29 09:48:56","account":"1***1","quantity":1,"handle_status":8,"order_type":"53","areaid":"410105","item_id":111},{"address":"河北省","access_date":"2016-09-29 09:48:56","account":"d***2","quantity":1,"handle_status":8,"order_type":"53","areaid":"130302","item_id":111},{"address":"江苏省","access_date":"2016-09-29 09:48:56","account":"d***0","quantity":1,"handle_status":8,"order_type":"53","areaid":"320205","item_id":111},{"address":"安徽省","access_date":"2016-09-29 09:48:56","account":"h***g","quantity":1,"handle_status":8,"order_type":"53","areaid":"340811","item_id":111},{"address":"辽宁省","access_date":"2016-09-29 09:48:56","account":"Z***Y","quantity":1,"handle_status":8,"order_type":"53","areaid":"210711","item_id":111},{"address":"江苏省","access_date":"2016-09-29 09:48:56","account":"王***昺","quantity":1,"handle_status":8,"order_type":"53","areaid":"320281","item_id":111},{"address":"浙江省","access_date":"2016-09-29 09:48:56","account":"G***9","quantity":1,"handle_status":8,"order_type":"53","areaid":"330681","item_id":111},{"address":"天津市","access_date":"2016-09-29 09:48:56","account":"x***6","quantity":1,"handle_status":8,"order_type":"53","areaid":"120104","item_id":111},{"address":"辽宁省","access_date":"2016-09-29 09:48:56","account":"赵***翊","quantity":1,"handle_status":8,"order_type":"53","areaid":"210114","item_id":111},{"address":"山西省","access_date":"2016-09-29 09:48:56","account":"s***8","quantity":1,"handle_status":8,"order_type":"53","areaid":"140602","item_id":111},{"address":"浙江省","access_date":"2016-09-29 09:48:56","account":"小***巴","quantity":1,"handle_status":8,"order_type":"53","areaid":"331082","item_id":111},{"address":"山西省","access_date":"2016-09-29 09:48:55","account":"l***8","quantity":1,"handle_status":8,"order_type":"53","areaid":"140106","item_id":111},{"address":"湖南省","access_date":"2016-09-29 09:48:55","account":"5***饼","quantity":1,"handle_status":8,"order_type":"53","areaid":"430603","item_id":111},{"address":"广东省","access_date":"2016-09-29 09:48:55","account":"1***9","quantity":1,"handle_status":8,"order_type":"53","areaid":"440106","item_id":111},{"address":"辽宁省","access_date":"2016-09-29 09:48:55","account":"a***4","quantity":1,"handle_status":8,"order_type":"53","areaid":"211002","item_id":111},{"address":"河北省","access_date":"2016-09-29 09:48:55","account":"爱***9","quantity":1,"handle_status":8,"order_type":"53","areaid":"130532","item_id":111},{"address":"北京市","access_date":"2016-09-29 09:48:55","account":"蓝***影","quantity":1,"handle_status":8,"order_type":"53","areaid":"110101","item_id":111},{"address":"江苏省","access_date":"2016-09-29 09:48:55","account":"彭***波","quantity":1,"handle_status":8,"order_type":"53","areaid":"320583","item_id":111},{"address":"重庆市","access_date":"2016-09-29 09:48:55","account":"f***a","quantity":1,"handle_status":8,"order_type":"53","areaid":"500107","item_id":111},{"address":"河南省","access_date":"2016-09-29 09:48:55","account":"h***n","quantity":1,"handle_status":8,"order_type":"53","areaid":"410505","item_id":111},{"address":"安徽省","access_date":"2016-09-29 09:48:55","account":"你***国","quantity":1,"handle_status":8,"order_type":"53","areaid":"340404","item_id":111},{"address":"重庆市","access_date":"2016-09-29 09:48:55","account":"k***d","quantity":1,"handle_status":8,"order_type":"53","areaid":"500105","item_id":111},{"address":"江苏省","access_date":"2016-09-29 09:48:55","account":"a***l","quantity":1,"handle_status":8,"order_type":"53","areaid":"320506","item_id":111},{"address":"山东省","access_date":"2016-09-29 09:48:55","account":"x***g","quantity":1,"handle_status":8,"order_type":"53","areaid":"370306","item_id":111},{"address":"北京市","access_date":"2016-09-29 09:48:55","account":"c***0","quantity":1,"handle_status":8,"order_type":"53","areaid":"110107","item_id":111},{"address":"湖南省","access_date":"2016-09-29 09:48:55","account":"1***9","quantity":1,"handle_status":8,"order_type":"53","areaid":"430602","item_id":111},{"address":"河北省","access_date":"2016-09-29 09:48:55","account":"顽***9","quantity":1,"handle_status":8,"order_type":"53","areaid":"130604","item_id":111},{"address":"安徽省","access_date":"2016-09-29 09:48:55","account":"w***b","quantity":1,"handle_status":8,"order_type":"53","areaid":"340202","item_id":111},{"address":"上海市","access_date":"2016-09-29 09:48:55","account":"c***n","quantity":1,"handle_status":8,"order_type":"53","areaid":"310115","item_id":111},{"address":"安徽省","access_date":"2016-09-29 09:48:55","account":"熊***山","quantity":1,"handle_status":8,"order_type":"53","areaid":"340824","item_id":111},{"address":"广东省","access_date":"2016-09-29 09:48:55","account":"g***l","quantity":1,"handle_status":8,"order_type":"53","areaid":"440111","item_id":111},{"address":"安徽省","access_date":"2016-09-29 09:48:55","account":"s***4","quantity":1,"handle_status":8,"order_type":"53","areaid":"340111","item_id":111},{"address":"安徽省","access_date":"2016-09-29 09:48:55","account":"w***b","quantity":1,"handle_status":8,"order_type":"53","areaid":"340202","item_id":111},{"address":"天津市","access_date":"2016-09-29 09:48:55","account":"l***5","quantity":1,"handle_status":8,"order_type":"53","areaid":"120104","item_id":111},{"address":"浙江省","access_date":"2016-09-29 09:48:55","account":"1***0","quantity":1,"handle_status":8,"order_type":"53","areaid":"330106","item_id":111},{"address":"上海市","access_date":"2016-09-29 09:48:55","account":"c***0","quantity":1,"handle_status":8,"order_type":"53","areaid":"310117","item_id":111},{"address":"天津市","access_date":"2016-09-29 09:48:55","account":"b***6","quantity":1,"handle_status":8,"order_type":"53","areaid":"120116","item_id":111},{"address":"湖北省","access_date":"2016-09-29 09:48:55","account":"1***4","quantity":1,"handle_status":8,"order_type":"53","areaid":"420607","item_id":111},{"address":"浙江省","access_date":"2016-09-29 09:48:55","account":"a***7","quantity":1,"handle_status":8,"order_type":"53","areaid":"330602","item_id":111},{"address":"北京市","access_date":"2016-09-29 09:48:55","account":"l***8","quantity":1,"handle_status":8,"order_type":"53","areaid":"110102","item_id":111},{"address":"四川省","access_date":"2016-09-29 09:48:55","account":"7***6","quantity":1,"handle_status":8,"order_type":"53","areaid":"510322","item_id":111},{"address":"浙江省","access_date":"2016-09-29 09:48:55","account":"1***5","quantity":1,"handle_status":8,"order_type":"53","areaid":"330723","item_id":111},{"address":"甘肃省","access_date":"2016-09-29 09:48:55","account":"1***8","quantity":1,"handle_status":8,"order_type":"53","areaid":"620102","item_id":111},{"address":"浙江省","access_date":"2016-09-29 09:48:55","account":"金***仙","quantity":1,"handle_status":8,"order_type":"53","areaid":"331003","item_id":111},{"address":"江苏省","access_date":"2016-09-29 09:48:55","account":"W***3","quantity":1,"handle_status":8,"order_type":"53","areaid":"320411","item_id":111},{"address":"山东省","access_date":"2016-09-29 09:48:54","account":"1***7","quantity":1,"handle_status":8,"order_type":"53","areaid":"370305","item_id":111},{"address":"河南省","access_date":"2016-09-29 09:48:54","account":"j***2","quantity":1,"handle_status":8,"order_type":"53","areaid":"410902","item_id":111},{"address":"安徽省","access_date":"2016-09-29 09:48:54","account":"l***2","quantity":1,"handle_status":8,"order_type":"53","areaid":"341321","item_id":111},{"address":"天津市","access_date":"2016-09-29 09:48:54","account":"1***3","quantity":1,"handle_status":8,"order_type":"53","areaid":"120116","item_id":111},{"address":"山西省","access_date":"2016-09-29 09:48:54","account":"1***0","quantity":1,"handle_status":8,"order_type":"53","areaid":"140109","item_id":111},{"address":"陕西省","access_date":"2016-09-29 09:48:54","account":"1***5","quantity":1,"handle_status":8,"order_type":"53","areaid":"610422","item_id":111},{"address":"山东省","access_date":"2016-09-29 09:48:54","account":"山***姐","quantity":1,"handle_status":8,"order_type":"53","areaid":"370781","item_id":111},{"address":"上海市","access_date":"2016-09-29 09:48:54","account":"1***2","quantity":1,"handle_status":8,"order_type":"53","areaid":"310110","item_id":111},{"address":"湖南省","access_date":"2016-09-29 09:48:54","account":"l***2","quantity":1,"handle_status":8,"order_type":"53","areaid":"430408","item_id":111},{"address":"黑龙江省","access_date":"2016-09-29 09:48:54","account":"风***涯","quantity":1,"handle_status":8,"order_type":"53","areaid":"230204","item_id":111},{"address":"江苏省","access_date":"2016-09-29 09:48:54","account":"1***1","quantity":1,"handle_status":8,"order_type":"53","areaid":"320923","item_id":111},{"address":"辽宁省","access_date":"2016-09-29 09:48:54","account":"1***7","quantity":1,"handle_status":8,"order_type":"53","areaid":"210112","item_id":111},{"address":"山西省","access_date":"2016-09-29 09:48:54","account":"p***y","quantity":1,"handle_status":8,"order_type":"53","areaid":"140202","item_id":111},{"address":"江西省","access_date":"2016-09-29 09:48:54","account":"T***生","quantity":1,"handle_status":8,"order_type":"53","areaid":"360782","item_id":111},{"address":"湖北省","access_date":"2016-09-29 09:48:54","account":"h***y","quantity":1,"handle_status":8,"order_type":"53","areaid":"420502","item_id":111},{"address":"福建省","access_date":"2016-09-29 09:48:54","account":"R***6","quantity":1,"handle_status":8,"order_type":"53","areaid":"350822","item_id":111},{"address":"贵州省","access_date":"2016-09-29 09:48:54","account":"g***5","quantity":1,"handle_status":8,"order_type":"53","areaid":"520115","item_id":111},{"address":"北京市","access_date":"2016-09-29 09:48:54","account":"帅***际","quantity":1,"handle_status":8,"order_type":"53","areaid":"110105","item_id":111},{"address":"江西省","access_date":"2016-09-29 09:48:54","account":"1***0","quantity":1,"handle_status":8,"order_type":"53","areaid":"360730","item_id":111},{"address":"江苏省","access_date":"2016-09-29 09:48:54","account":"1***2","quantity":1,"handle_status":8,"order_type":"53","areaid":"320506","item_id":111},{"address":"辽宁省","access_date":"2016-09-29 09:48:54","account":"1***0","quantity":1,"handle_status":8,"order_type":"53","areaid":"211221","item_id":111},{"address":"上海市","access_date":"2016-09-29 09:48:54","account":"刘***娇","quantity":1,"handle_status":8,"order_type":"53","areaid":"310114","item_id":111},{"address":"上海市","access_date":"2016-09-29 09:48:54","account":"A***露","quantity":1,"handle_status":8,"order_type":"53","areaid":"310113","item_id":111},{"address":"山东省","access_date":"2016-09-29 09:48:54","account":"1***9","quantity":1,"handle_status":8,"order_type":"53","areaid":"370782","item_id":111},{"address":"北京市","access_date":"2016-09-29 09:48:54","account":"1***6","quantity":1,"handle_status":8,"order_type":"53","areaid":"110108","item_id":111},{"address":"北京市","access_date":"2016-09-29 09:48:54","account":"1***0","quantity":1,"handle_status":8,"order_type":"53","areaid":"110102","item_id":111},{"address":"山西省","access_date":"2016-09-29 09:48:54","account":"爱***b","quantity":1,"handle_status":8,"order_type":"53","areaid":"141002","item_id":111},{"address":"江苏省","access_date":"2016-09-29 09:48:54","account":"g***3","quantity":1,"handle_status":8,"order_type":"53","areaid":"320281","item_id":111},{"address":"重庆市","access_date":"2016-09-29 09:48:54","account":"l***u","quantity":1,"handle_status":8,"order_type":"53","areaid":"500230","item_id":111},{"address":"江苏省","access_date":"2016-09-29 09:48:54","account":"收***友","quantity":1,"handle_status":8,"order_type":"53","areaid":"321202","item_id":111},{"address":"山西省","access_date":"2016-09-29 09:48:54","account":"1***9","quantity":1,"handle_status":8,"order_type":"53","areaid":"140107","item_id":111},{"address":"北京市","access_date":"2016-09-29 09:48:54","account":"x***1","quantity":1,"handle_status":8,"order_type":"53","areaid":"110105","item_id":111},{"address":"河北省","access_date":"2016-09-29 09:48:54","account":"麦***金","quantity":1,"handle_status":8,"order_type":"53","areaid":"130203","item_id":111},{"address":"上海市","access_date":"2016-09-29 09:48:54","account":"1***4","quantity":1,"handle_status":8,"order_type":"53","areaid":"310110","item_id":111},{"address":"浙江省","access_date":"2016-09-29 09:48:53","account":"1***9","quantity":1,"handle_status":8,"order_type":"53","areaid":"330802","item_id":111},{"address":"北京市","access_date":"2016-09-29 09:48:53","account":"1***4","quantity":1,"handle_status":8,"order_type":"53","areaid":"110102","item_id":111},{"address":"北京市","access_date":"2016-09-29 09:48:53","account":"1***1","quantity":1,"handle_status":8,"order_type":"53","areaid":"110115","item_id":111},{"address":"北京市","access_date":"2016-09-29 09:48:53","account":"1***7","quantity":1,"handle_status":8,"order_type":"53","areaid":"110112","item_id":111},{"address":"北京市","access_date":"2016-09-29 09:48:53","account":"1***5","quantity":1,"handle_status":8,"order_type":"53","areaid":"110102","item_id":111},{"address":"福建省","access_date":"2016-09-29 09:48:53","account":"w***n","quantity":1,"handle_status":8,"order_type":"53","areaid":"350822","item_id":111},{"address":"贵州省","access_date":"2016-09-29 09:48:53","account":"z***8","quantity":1,"handle_status":8,"order_type":"53","areaid":"520115","item_id":111},{"address":"辽宁省","access_date":"2016-09-29 09:48:53","account":"双***力","quantity":1,"handle_status":8,"order_type":"53","areaid":"211103","item_id":111},{"address":"辽宁省","access_date":"2016-09-29 09:48:53","account":"小***萌","quantity":1,"handle_status":8,"order_type":"53","areaid":"211103","item_id":111},{"address":"湖南省","access_date":"2016-09-29 09:48:53","account":"1***8","quantity":1,"handle_status":8,"order_type":"53","areaid":"430104","item_id":111},{"address":"辽宁省","access_date":"2016-09-29 09:48:53","account":"水***缘","quantity":1,"handle_status":8,"order_type":"53","areaid":"210202","item_id":111},{"address":"新疆维吾尔自治区","access_date":"2016-09-29 09:48:53","account":"c***g","quantity":1,"handle_status":8,"order_type":"53","areaid":"654002","item_id":111},{"address":"山东省","access_date":"2016-09-29 09:48:53","account":"b***i","quantity":1,"handle_status":8,"order_type":"53","areaid":"370211","item_id":111},{"address":"上海市","access_date":"2016-09-29 09:48:53","account":"1***0","quantity":1,"handle_status":8,"order_type":"53","areaid":"310115","item_id":111},{"address":"广东省","access_date":"2016-09-29 09:48:53","account":"老***2","quantity":1,"handle_status":8,"order_type":"53","areaid":"440513","item_id":111},{"address":"广东省","access_date":"2016-09-29 09:48:53","account":"辣***睛","quantity":1,"handle_status":8,"order_type":"53","areaid":"440513","item_id":111},{"address":"河南省","access_date":"2016-09-29 09:48:53","account":"m***9","quantity":1,"handle_status":8,"order_type":"53","areaid":"410728","item_id":111},{"address":"上海市","access_date":"2016-09-29 09:48:53","account":"1***2","quantity":1,"handle_status":8,"order_type":"53","areaid":"310109","item_id":111},{"address":"福建省","access_date":"2016-09-29 09:48:53","account":"看***的","quantity":1,"handle_status":8,"order_type":"53","areaid":"350504","item_id":111},{"address":"上海市","access_date":"2016-09-29 09:48:53","account":"1***2","quantity":1,"handle_status":8,"order_type":"53","areaid":"310105","item_id":111},{"address":"天津市","access_date":"2016-09-29 09:48:53","account":"1***8","quantity":1,"handle_status":8,"order_type":"53","areaid":"120116","item_id":111},{"address":"江苏省","access_date":"2016-09-29 09:48:53","account":"1***1","quantity":1,"handle_status":8,"order_type":"53","areaid":"321204","item_id":111},{"address":"黑龙江省","access_date":"2016-09-29 09:48:53","account":"张***8","quantity":1,"handle_status":8,"order_type":"53","areaid":"230302","item_id":111},{"address":"上海市","access_date":"2016-09-29 09:48:53","account":"1***4","quantity":1,"handle_status":8,"order_type":"53","areaid":"310117","item_id":111},{"address":"河北省","access_date":"2016-09-29 09:48:53","account":"b***a","quantity":1,"handle_status":8,"order_type":"53","areaid":"130524","item_id":111},{"address":"河北省","access_date":"2016-09-29 09:48:53","account":"m***n","quantity":1,"handle_status":8,"order_type":"53","areaid":"130207","item_id":111},{"address":"辽宁省","access_date":"2016-09-29 09:48:53","account":"w***1","quantity":1,"handle_status":8,"order_type":"53","areaid":"210213","item_id":111},{"address":"河南省","access_date":"2016-09-29 09:48:53","account":"4***4","quantity":1,"handle_status":8,"order_type":"53","areaid":"410403","item_id":111},{"address":"福建省","access_date":"2016-09-29 09:48:53","account":"孙***成","quantity":1,"handle_status":8,"order_type":"53","areaid":"350182","item_id":111},{"address":"福建省","access_date":"2016-09-29 09:48:53","account":"r***i","quantity":1,"handle_status":8,"order_type":"53","areaid":"350111","item_id":111},{"address":"辽宁省","access_date":"2016-09-29 09:48:53","account":"r***0","quantity":1,"handle_status":8,"order_type":"53","areaid":"211103","item_id":111},{"address":"辽宁省","access_date":"2016-09-29 09:48:53","account":"l***i","quantity":1,"handle_status":8,"order_type":"53","areaid":"210402","item_id":111},{"address":"辽宁省","access_date":"2016-09-29 09:48:53","account":"一***已","quantity":1,"handle_status":8,"order_type":"53","areaid":"210803","item_id":111},{"address":"河北省","access_date":"2016-09-29 09:48:53","account":"y***1","quantity":1,"handle_status":8,"order_type":"53","areaid":"130903","item_id":111},{"address":"山东省","access_date":"2016-09-29 09:48:52","account":"l***1","quantity":1,"handle_status":8,"order_type":"53","areaid":"370911","item_id":111},{"address":"山东省","access_date":"2016-09-29 09:48:52","account":"w***5","quantity":1,"handle_status":8,"order_type":"53","areaid":"371081","item_id":111},{"address":"天津市","access_date":"2016-09-29 09:48:52","account":"S***S","quantity":1,"handle_status":8,"order_type":"53","areaid":"120103","item_id":111},{"address":"浙江省","access_date":"2016-09-29 09:48:52","account":"陈***4","quantity":1,"handle_status":8,"order_type":"53","areaid":"331002","item_id":111},{"address":"河北省","access_date":"2016-09-29 09:48:52","account":"l***8","quantity":1,"handle_status":8,"order_type":"53","areaid":"130604","item_id":111},{"address":"福建省","access_date":"2016-09-29 09:48:52","account":"1***8","quantity":1,"handle_status":8,"order_type":"53","areaid":"350128","item_id":111},{"address":"江苏省","access_date":"2016-09-29 09:48:52","account":"g***k","quantity":1,"handle_status":8,"order_type":"53","areaid":"321012","item_id":111},{"address":"北京市","access_date":"2016-09-29 09:48:52","account":"d***5","quantity":1,"handle_status":8,"order_type":"53","areaid":"110105","item_id":111},{"address":"广东省","access_date":"2016-09-29 09:48:52","account":"1***9","quantity":1,"handle_status":8,"order_type":"53","areaid":"440104","item_id":111},{"address":"江西省","access_date":"2016-09-29 09:48:52","account":"徐***荔","quantity":1,"handle_status":8,"order_type":"53","areaid":"360104","item_id":111},{"address":"上海市","access_date":"2016-09-29 09:48:52","account":"1***9","quantity":1,"handle_status":8,"order_type":"53","areaid":"310107","item_id":111},{"address":"江苏省","access_date":"2016-09-29 09:48:52","account":"1***8","quantity":1,"handle_status":8,"order_type":"53","areaid":"320602","item_id":111},{"address":"湖北省","access_date":"2016-09-29 09:48:52","account":"c***m","quantity":1,"handle_status":8,"order_type":"53","areaid":"420115","item_id":111},{"address":"广东省","access_date":"2016-09-29 09:48:52","account":"1***3","quantity":1,"handle_status":8,"order_type":"53","areaid":"ff8080814cd0d0f4014cd571e2a50002","item_id":111},{"address":"河南省","access_date":"2016-09-29 09:48:52","account":"1***4","quantity":1,"handle_status":8,"order_type":"53","areaid":"411526","item_id":111},{"address":"辽宁省","access_date":"2016-09-29 09:48:52","account":"张***阳","quantity":1,"handle_status":8,"order_type":"53","areaid":"210302","item_id":111},{"address":"黑龙江省","access_date":"2016-09-29 09:48:52","account":"J***涛","quantity":1,"handle_status":8,"order_type":"53","areaid":"232722","item_id":111},{"address":"北京市","access_date":"2016-09-29 09:48:52","account":"0***0","quantity":1,"handle_status":8,"order_type":"53","areaid":"110108","item_id":111},{"address":"上海市","access_date":"2016-09-29 09:48:52","account":"1***3","quantity":1,"handle_status":8,"order_type":"53","areaid":"310115","item_id":111},{"address":"河南省","access_date":"2016-09-29 09:48:52","account":"c***u","quantity":1,"handle_status":8,"order_type":"53","areaid":"411723","item_id":111},{"address":"浙江省","access_date":"2016-09-29 09:48:52","account":"w***g","quantity":1,"handle_status":8,"order_type":"53","areaid":"330108","item_id":111},{"address":"内蒙古自治区","access_date":"2016-09-29 09:48:52","account":"y***2","quantity":1,"handle_status":8,"order_type":"53","areaid":"150702","item_id":111},{"address":"广东省","access_date":"2016-09-29 09:48:52","account":"1***5","quantity":1,"handle_status":8,"order_type":"53","areaid":"440307","item_id":111},{"address":"山东省","access_date":"2016-09-29 09:48:52","account":"冷***岩","quantity":1,"handle_status":8,"order_type":"53","areaid":"370601","item_id":111},{"address":"河北省","access_date":"2016-09-29 09:48:52","account":"1***4","quantity":1,"handle_status":8,"order_type":"53","areaid":"130903","item_id":111},{"address":"上海市","access_date":"2016-09-29 09:48:52","account":"l***0","quantity":1,"handle_status":8,"order_type":"53","areaid":"310109","item_id":111},{"address":"浙江省","access_date":"2016-09-29 09:48:52","account":"z***3","quantity":1,"handle_status":8,"order_type":"53","areaid":"330324","item_id":111},{"address":"安徽省","access_date":"2016-09-29 09:48:52","account":"1***0","quantity":1,"handle_status":8,"order_type":"53","areaid":"340402","item_id":111},{"address":"宁夏回族自治区","access_date":"2016-09-29 09:48:52","account":"1***1","quantity":1,"handle_status":8,"order_type":"53","areaid":"640402","item_id":111},{"address":"浙江省","access_date":"2016-09-29 09:48:52","account":"1***9","quantity":1,"handle_status":8,"order_type":"53","areaid":"330802","item_id":111},{"address":"浙江省","access_date":"2016-09-29 09:48:52","account":"1***0","quantity":1,"handle_status":8,"order_type":"53","areaid":"330802","item_id":111},{"address":"浙江省","access_date":"2016-09-29 09:48:52","account":"1***2","quantity":1,"handle_status":8,"order_type":"53","areaid":"330802","item_id":111},{"address":"浙江省","access_date":"2016-09-29 09:48:52","account":"1***1","quantity":1,"handle_status":8,"order_type":"53","areaid":"330802","item_id":111},{"address":"浙江省","access_date":"2016-09-29 09:48:52","account":"w***0","quantity":1,"handle_status":8,"order_type":"53","areaid":"330802","item_id":111},{"address":"江苏省","access_date":"2016-09-29 09:48:51","account":"x***2","quantity":1,"handle_status":8,"order_type":"53","areaid":"320102","item_id":111},{"address":"浙江省","access_date":"2016-09-29 09:48:51","account":"项***璋","quantity":1,"handle_status":8,"order_type":"53","areaid":"330302","item_id":111},{"address":"湖南省","access_date":"2016-09-29 09:48:51","account":"L***O","quantity":1,"handle_status":8,"order_type":"53","areaid":"433124","item_id":111},{"address":"浙江省","access_date":"2016-09-29 09:48:51","account":"1***9","quantity":1,"handle_status":8,"order_type":"53","areaid":"330782","item_id":111},{"address":"上海市","access_date":"2016-09-29 09:48:51","account":"z***g","quantity":1,"handle_status":8,"order_type":"53","areaid":"310106","item_id":111},{"address":"山西省","access_date":"2016-09-29 09:48:51","account":"1***3","quantity":1,"handle_status":8,"order_type":"53","areaid":"140202","item_id":111},{"address":"山西省","access_date":"2016-09-29 09:48:51","account":"1***5","quantity":1,"handle_status":8,"order_type":"53","areaid":"140202","item_id":111},{"address":"福建省","access_date":"2016-09-29 09:48:51","account":"1***4","quantity":1,"handle_status":8,"order_type":"53","areaid":"350822","item_id":111},{"address":"山东省","access_date":"2016-09-29 09:48:51","account":"1***6","quantity":1,"handle_status":8,"order_type":"53","areaid":"371081","item_id":111},{"address":"四川省","access_date":"2016-09-29 09:48:51","account":"1***0","quantity":1,"handle_status":8,"order_type":"53","areaid":"511302","item_id":111},{"address":"重庆市","access_date":"2016-09-29 09:48:51","account":"深***厌","quantity":1,"handle_status":8,"order_type":"53","areaid":"500103","item_id":111},{"address":"江西省","access_date":"2016-09-29 09:48:51","account":"东***店","quantity":1,"handle_status":8,"order_type":"53","areaid":"360105","item_id":111},{"address":"江苏省","access_date":"2016-09-29 09:48:51","account":"1***1","quantity":1,"handle_status":8,"order_type":"53","areaid":"320281","item_id":111},{"address":"江苏省","access_date":"2016-09-29 09:48:51","account":"1***6","quantity":1,"handle_status":8,"order_type":"53","areaid":"320104","item_id":111},{"address":"重庆市","access_date":"2016-09-29 09:48:51","account":"独***忆","quantity":1,"handle_status":8,"order_type":"53","areaid":"500103","item_id":111},{"address":"山东省","access_date":"2016-09-29 09:48:51","account":"l***杰","quantity":1,"handle_status":8,"order_type":"53","areaid":"371202","item_id":111},{"address":"上海市","access_date":"2016-09-29 09:48:51","account":"s***2","quantity":1,"handle_status":8,"order_type":"53","areaid":"310113","item_id":111},{"address":"安徽省","access_date":"2016-09-29 09:48:51","account":"s***董","quantity":1,"handle_status":8,"order_type":"53","areaid":"340403","item_id":111},{"address":"辽宁省","access_date":"2016-09-29 09:48:51","account":"1***1","quantity":1,"handle_status":8,"order_type":"53","areaid":"211281","item_id":111},{"address":"贵州省","access_date":"2016-09-29 09:48:51","account":"r***9","quantity":1,"handle_status":8,"order_type":"53","areaid":"522326","item_id":111},{"address":"辽宁省","access_date":"2016-09-29 09:48:51","account":"c***0","quantity":1,"handle_status":8,"order_type":"53","areaid":"210303","item_id":111},{"address":"安徽省","access_date":"2016-09-29 09:48:51","account":"l***h","quantity":1,"handle_status":8,"order_type":"53","areaid":"340202","item_id":111},{"address":"上海市","access_date":"2016-09-29 09:48:51","account":"l***4","quantity":1,"handle_status":-6,"order_type":"53","areaid":"310104","item_id":111},{"address":"山西省","access_date":"2016-09-29 09:48:51","account":"h***8","quantity":1,"handle_status":8,"order_type":"53","areaid":"140402","item_id":111},{"address":"浙江省","access_date":"2016-09-29 09:48:51","account":"1***7","quantity":1,"handle_status":8,"order_type":"53","areaid":"330183","item_id":111},{"address":"河南省","access_date":"2016-09-29 09:48:51","account":"集***下","quantity":1,"handle_status":8,"order_type":"53","areaid":"410902","item_id":111},{"address":"湖北省","access_date":"2016-09-29 09:48:51","account":"沙***7","quantity":1,"handle_status":8,"order_type":"53","areaid":"420502","item_id":111},{"address":"黑龙江省","access_date":"2016-09-29 09:48:51","account":"4***4","quantity":1,"handle_status":8,"order_type":"53","areaid":"231222","item_id":111},{"address":"江苏省","access_date":"2016-09-29 09:48:51","account":"c***n","quantity":1,"handle_status":8,"order_type":"53","areaid":"320404","item_id":111},{"address":"四川省","access_date":"2016-09-29 09:48:51","account":"淮***4","quantity":1,"handle_status":8,"order_type":"53","areaid":"510107","item_id":111},{"address":"山西省","access_date":"2016-09-29 09:48:50","account":"z***p","quantity":1,"handle_status":8,"order_type":"53","areaid":"140502","item_id":111},{"address":"江苏省","access_date":"2016-09-29 09:48:50","account":"1***8","quantity":1,"handle_status":8,"order_type":"53","areaid":"320509","item_id":111},{"address":"河南省","access_date":"2016-09-29 09:48:50","account":"l***6","quantity":1,"handle_status":8,"order_type":"53","areaid":"410703","item_id":111},{"address":"广东省","access_date":"2016-09-29 09:48:50","account":"该***了","quantity":1,"handle_status":8,"order_type":"53","areaid":"440513","item_id":111},{"address":"河北省","access_date":"2016-09-29 09:48:50","account":"1***4","quantity":1,"handle_status":8,"order_type":"53","areaid":"130903","item_id":111},{"address":"北京市","access_date":"2016-09-29 09:48:50","account":"l***1","quantity":1,"handle_status":8,"order_type":"53","areaid":"110105","item_id":111},{"address":"浙江省","access_date":"2016-09-29 09:48:50","account":"1***9","quantity":1,"handle_status":8,"order_type":"53","areaid":"330106","item_id":111},{"address":"辽宁省","access_date":"2016-09-29 09:48:50","account":"1***7","quantity":1,"handle_status":8,"order_type":"53","areaid":"210624","item_id":111},{"address":"浙江省","access_date":"2016-09-29 09:48:50","account":"y***7","quantity":1,"handle_status":8,"order_type":"53","areaid":"331002","item_id":111},{"address":"广东省","access_date":"2016-09-29 09:48:50","account":"g***b","quantity":1,"handle_status":8,"order_type":"53","areaid":"440513","item_id":111}]