[{"address":"四川省","access_date":"2017-02-10 16:24:32","account":"海***空","quantity":1,"handle_status":8,"order_type":"2","areaid":"511425","item_id":92},{"address":"北京市","access_date":"2017-02-10 16:19:02","account":"风***生","quantity":1,"handle_status":8,"order_type":"2","areaid":"110102","item_id":92},{"address":"江苏省","access_date":"2016-07-20 10:00:15","account":"x***o","quantity":1,"handle_status":8,"order_type":"spike","areaid":"320302","item_id":92},{"address":"安徽省","access_date":"2016-07-20 10:00:15","account":"1***8","quantity":1,"handle_status":8,"order_type":"spike","areaid":"340225","item_id":92},{"address":"上海市","access_date":"2016-07-20 10:00:15","account":"n***0","quantity":1,"handle_status":8,"order_type":"spike","areaid":"310112","item_id":92},{"address":"上海市","access_date":"2016-07-20 10:00:15","account":"1***3","quantity":1,"handle_status":8,"order_type":"spike","areaid":"310112","item_id":92},{"address":"河北省","access_date":"2016-07-20 10:00:14","account":"m***0","quantity":1,"handle_status":8,"order_type":"spike","areaid":"130203","item_id":92},{"address":"辽宁省","access_date":"2016-07-20 10:00:14","account":"p***7","quantity":1,"handle_status":8,"order_type":"spike","areaid":"210114","item_id":92},{"address":"浙江省","access_date":"2016-07-20 10:00:11","account":"w***1","quantity":1,"handle_status":8,"order_type":"spike","areaid":"330109","item_id":92},{"address":"天津市","access_date":"2016-07-20 10:00:10","account":"l***m","quantity":1,"handle_status":8,"order_type":"spike","areaid":"120104","item_id":92},{"address":"浙江省","access_date":"2016-07-20 10:00:07","account":"j***o","quantity":1,"handle_status":8,"order_type":"spike","areaid":"330106","item_id":92},{"address":"河北省","access_date":"2016-07-12 09:48:22","account":"1***6","quantity":1,"handle_status":8,"order_type":"53","areaid":"130105","item_id":92},{"address":"河南省","access_date":"2016-07-12 09:48:22","account":"w***c","quantity":1,"handle_status":8,"order_type":"53","areaid":"411102","item_id":92},{"address":"四川省","access_date":"2016-07-12 09:48:22","account":"Z***9","quantity":1,"handle_status":8,"order_type":"53","areaid":"510106","item_id":92},{"address":"北京市","access_date":"2016-07-12 09:48:22","account":"s***7","quantity":1,"handle_status":8,"order_type":"53","areaid":"110105","item_id":92},{"address":"山东省","access_date":"2016-07-12 09:48:22","account":"1***1","quantity":1,"handle_status":8,"order_type":"53","areaid":"371302","item_id":92},{"address":"河北省","access_date":"2016-07-12 09:48:22","account":"清***影","quantity":1,"handle_status":8,"order_type":"53","areaid":"130705","item_id":92},{"address":"北京市","access_date":"2016-07-12 09:48:22","account":"m***n","quantity":1,"handle_status":8,"order_type":"53","areaid":"110108","item_id":92},{"address":"浙江省","access_date":"2016-07-12 09:48:22","account":"d***1","quantity":1,"handle_status":8,"order_type":"53","areaid":"330681","item_id":92},{"address":"山东省","access_date":"2016-07-12 09:48:22","account":"1***a","quantity":1,"handle_status":8,"order_type":"53","areaid":"371521","item_id":92},{"address":"河北省","access_date":"2016-07-12 09:48:22","account":"沉***金","quantity":1,"handle_status":8,"order_type":"53","areaid":"130203","item_id":92},{"address":"山东省","access_date":"2016-07-12 09:48:22","account":"宝***J","quantity":1,"handle_status":8,"order_type":"53","areaid":"371602","item_id":92},{"address":"湖北省","access_date":"2016-07-12 09:48:22","account":"1***4","quantity":1,"handle_status":8,"order_type":"53","areaid":"421122","item_id":92},{"address":"陕西省","access_date":"2016-07-12 09:48:21","account":"y***4","quantity":1,"handle_status":8,"order_type":"53","areaid":"610824","item_id":92},{"address":"北京市","access_date":"2016-07-12 09:48:21","account":"7***3","quantity":1,"handle_status":8,"order_type":"53","areaid":"110105","item_id":92},{"address":"江苏省","access_date":"2016-07-12 09:48:21","account":"y***5","quantity":1,"handle_status":8,"order_type":"53","areaid":"321282","item_id":92},{"address":"上海市","access_date":"2016-07-12 09:48:21","account":"1***8","quantity":1,"handle_status":8,"order_type":"53","areaid":"310113","item_id":92},{"address":"北京市","access_date":"2016-07-12 09:48:21","account":"m***c","quantity":1,"handle_status":8,"order_type":"53","areaid":"110105","item_id":92},{"address":"四川省","access_date":"2016-07-12 09:48:21","account":"z***s","quantity":1,"handle_status":8,"order_type":"53","areaid":"510101","item_id":92},{"address":"福建省","access_date":"2016-07-12 09:48:21","account":"1***5","quantity":1,"handle_status":8,"order_type":"53","areaid":"350102","item_id":92},{"address":"新疆维吾尔自治区","access_date":"2016-07-12 09:48:21","account":"x***n","quantity":1,"handle_status":8,"order_type":"53","areaid":"650102","item_id":92},{"address":"江苏省","access_date":"2016-07-12 09:48:21","account":"f***e","quantity":1,"handle_status":8,"order_type":"53","areaid":"320104","item_id":92},{"address":"重庆市","access_date":"2016-07-12 09:48:21","account":"h***5","quantity":1,"handle_status":8,"order_type":"53","areaid":"500117","item_id":92},{"address":"江苏省","access_date":"2016-07-12 09:48:21","account":"d***e","quantity":1,"handle_status":8,"order_type":"53","areaid":"320602","item_id":92},{"address":"安徽省","access_date":"2016-07-12 09:48:21","account":"s***8","quantity":1,"handle_status":8,"order_type":"53","areaid":"340402","item_id":92},{"address":"云南省","access_date":"2016-07-12 09:48:21","account":"李***平","quantity":1,"handle_status":8,"order_type":"53","areaid":"530112","item_id":92},{"address":"广东省","access_date":"2016-07-12 09:48:21","account":"p***1","quantity":1,"handle_status":8,"order_type":"53","areaid":"440104","item_id":92},{"address":"浙江省","access_date":"2016-07-12 09:48:21","account":"z***2","quantity":1,"handle_status":8,"order_type":"53","areaid":"330621","item_id":92},{"address":"浙江省","access_date":"2016-07-12 09:48:21","account":"y***6","quantity":1,"handle_status":8,"order_type":"53","areaid":"330182","item_id":92},{"address":"天津市","access_date":"2016-07-12 09:48:21","account":"1***7","quantity":1,"handle_status":8,"order_type":"53","areaid":"120114","item_id":92},{"address":"河北省","access_date":"2016-07-12 09:48:21","account":"h***m","quantity":1,"handle_status":8,"order_type":"53","areaid":"131126","item_id":92},{"address":"湖北省","access_date":"2016-07-12 09:48:21","account":"l***f","quantity":1,"handle_status":8,"order_type":"53","areaid":"420105","item_id":92},{"address":"江苏省","access_date":"2016-07-12 09:48:21","account":"5***7","quantity":1,"handle_status":8,"order_type":"53","areaid":"321282","item_id":92},{"address":"北京市","access_date":"2016-07-12 09:48:21","account":"s***o","quantity":1,"handle_status":8,"order_type":"53","areaid":"110102","item_id":92},{"address":"天津市","access_date":"2016-07-12 09:48:21","account":"1***9","quantity":1,"handle_status":8,"order_type":"53","areaid":"120104","item_id":92},{"address":"浙江省","access_date":"2016-07-12 09:48:21","account":"y***5","quantity":1,"handle_status":8,"order_type":"53","areaid":"330782","item_id":92},{"address":"天津市","access_date":"2016-07-12 09:48:21","account":"z***8","quantity":1,"handle_status":8,"order_type":"53","areaid":"120104","item_id":92},{"address":"吉林省","access_date":"2016-07-12 09:48:21","account":"w***1","quantity":1,"handle_status":8,"order_type":"53","areaid":"220211","item_id":92},{"address":"山东省","access_date":"2016-07-12 09:48:21","account":"c***1","quantity":1,"handle_status":8,"order_type":"53","areaid":"370982","item_id":92},{"address":"内蒙古自治区","access_date":"2016-07-12 09:48:21","account":"1***7","quantity":1,"handle_status":8,"order_type":"53","areaid":"150104","item_id":92},{"address":"辽宁省","access_date":"2016-07-12 09:48:21","account":"1***6","quantity":1,"handle_status":8,"order_type":"53","areaid":"210504","item_id":92},{"address":"吉林省","access_date":"2016-07-12 09:48:21","account":"韩***莉","quantity":1,"handle_status":8,"order_type":"53","areaid":"220621","item_id":92},{"address":"河南省","access_date":"2016-07-12 09:48:21","account":"e***o","quantity":1,"handle_status":8,"order_type":"53","areaid":"411082","item_id":92},{"address":"辽宁省","access_date":"2016-07-12 09:48:21","account":"陈***路","quantity":1,"handle_status":8,"order_type":"53","areaid":"210302","item_id":92},{"address":"上海市","access_date":"2016-07-12 09:48:21","account":"流***瀑","quantity":1,"handle_status":8,"order_type":"53","areaid":"310104","item_id":92},{"address":"辽宁省","access_date":"2016-07-12 09:48:21","account":"s***g","quantity":1,"handle_status":8,"order_type":"53","areaid":"210102","item_id":92},{"address":"广东省","access_date":"2016-07-12 09:48:21","account":"l***o","quantity":1,"handle_status":8,"order_type":"53","areaid":"440902","item_id":92},{"address":"山西省","access_date":"2016-07-12 09:48:21","account":"f***8","quantity":1,"handle_status":8,"order_type":"53","areaid":"140402","item_id":92},{"address":"湖南省","access_date":"2016-07-12 09:48:20","account":"1***3","quantity":1,"handle_status":8,"order_type":"53","areaid":"431002","item_id":92},{"address":"甘肃省","access_date":"2016-07-12 09:48:20","account":"W***8","quantity":1,"handle_status":8,"order_type":"53","areaid":"620902","item_id":92},{"address":"湖南省","access_date":"2016-07-12 09:48:20","account":"l***1","quantity":1,"handle_status":8,"order_type":"53","areaid":"430703","item_id":92},{"address":"天津市","access_date":"2016-07-12 09:48:20","account":"w***2","quantity":1,"handle_status":8,"order_type":"53","areaid":"120104","item_id":92},{"address":"北京市","access_date":"2016-07-12 09:48:20","account":"山***哥","quantity":1,"handle_status":8,"order_type":"53","areaid":"110106","item_id":92},{"address":"江苏省","access_date":"2016-07-12 09:48:20","account":"Z***7","quantity":1,"handle_status":8,"order_type":"53","areaid":"320509","item_id":92},{"address":"天津市","access_date":"2016-07-12 09:48:20","account":"z***n","quantity":1,"handle_status":8,"order_type":"53","areaid":"120221","item_id":92},{"address":"广东省","access_date":"2016-07-12 09:48:20","account":"w***5","quantity":1,"handle_status":8,"order_type":"53","areaid":"ff8080814cd0d0f4014cd571e2a50002","item_id":92},{"address":"福建省","access_date":"2016-07-12 09:48:20","account":"F***6","quantity":1,"handle_status":8,"order_type":"53","areaid":"350102","item_id":92},{"address":"辽宁省","access_date":"2016-07-12 09:48:20","account":"1***0","quantity":1,"handle_status":8,"order_type":"53","areaid":"211004","item_id":92},{"address":"河北省","access_date":"2016-07-12 09:48:20","account":"九***和","quantity":1,"handle_status":8,"order_type":"53","areaid":"130528","item_id":92},{"address":"浙江省","access_date":"2016-07-12 09:48:20","account":"z***n","quantity":1,"handle_status":8,"order_type":"53","areaid":"330782","item_id":92},{"address":"广西壮族自治区","access_date":"2016-07-12 09:48:20","account":"前***霸","quantity":1,"handle_status":8,"order_type":"53","areaid":"450302","item_id":92},{"address":"河北省","access_date":"2016-07-12 09:48:20","account":"m***j","quantity":1,"handle_status":8,"order_type":"53","areaid":"130503","item_id":92},{"address":"北京市","access_date":"2016-07-12 09:48:20","account":"z***9","quantity":1,"handle_status":8,"order_type":"53","areaid":"110101","item_id":92},{"address":"江苏省","access_date":"2016-07-12 09:48:20","account":"C***8","quantity":1,"handle_status":8,"order_type":"53","areaid":"321302","item_id":92},{"address":"江西省","access_date":"2016-07-12 09:48:20","account":"1***4","quantity":1,"handle_status":8,"order_type":"53","areaid":"361129","item_id":92},{"address":"江苏省","access_date":"2016-07-12 09:48:20","account":"史***兰","quantity":1,"handle_status":8,"order_type":"53","areaid":"320583","item_id":92},{"address":"福建省","access_date":"2016-07-12 09:48:20","account":"w***1","quantity":1,"handle_status":-6,"order_type":"53","areaid":"350982","item_id":92},{"address":"辽宁省","access_date":"2016-07-12 09:48:20","account":"地***子","quantity":1,"handle_status":8,"order_type":"53","areaid":"210302","item_id":92},{"address":"四川省","access_date":"2016-07-12 09:48:20","account":"c***5","quantity":1,"handle_status":8,"order_type":"53","areaid":"510124","item_id":92},{"address":"浙江省","access_date":"2016-07-12 09:48:20","account":"b***8","quantity":1,"handle_status":8,"order_type":"53","areaid":"330204","item_id":92},{"address":"浙江省","access_date":"2016-07-12 09:48:20","account":"m***4","quantity":1,"handle_status":8,"order_type":"53","areaid":"330782","item_id":92},{"address":"河北省","access_date":"2016-07-12 09:48:20","account":"奇***藏","quantity":1,"handle_status":8,"order_type":"53","areaid":"130209","item_id":92},{"address":"辽宁省","access_date":"2016-07-12 09:48:20","account":"1***9","quantity":1,"handle_status":8,"order_type":"53","areaid":"210903","item_id":92},{"address":"江苏省","access_date":"2016-07-12 09:48:20","account":"j***1","quantity":1,"handle_status":8,"order_type":"53","areaid":"320623","item_id":92},{"address":"广东省","access_date":"2016-07-12 09:48:20","account":"l***8","quantity":1,"handle_status":8,"order_type":"53","areaid":"440507","item_id":92},{"address":"山东省","access_date":"2016-07-12 09:48:20","account":"爱***方","quantity":1,"handle_status":8,"order_type":"53","areaid":"371325","item_id":92},{"address":"江苏省","access_date":"2016-07-12 09:48:20","account":"k***a","quantity":1,"handle_status":8,"order_type":"53","areaid":"320303","item_id":92},{"address":"广东省","access_date":"2016-07-12 09:48:20","account":"陶***陶","quantity":1,"handle_status":8,"order_type":"53","areaid":"441303","item_id":92},{"address":"湖南省","access_date":"2016-07-12 09:48:20","account":"c***3","quantity":1,"handle_status":8,"order_type":"53","areaid":"433101","item_id":92},{"address":"北京市","access_date":"2016-07-12 09:48:20","account":"h***e","quantity":1,"handle_status":8,"order_type":"53","areaid":"110108","item_id":92},{"address":"北京市","access_date":"2016-07-12 09:48:20","account":"w***0","quantity":1,"handle_status":8,"order_type":"53","areaid":"110114","item_id":92},{"address":"湖北省","access_date":"2016-07-12 09:48:20","account":"1***7","quantity":1,"handle_status":8,"order_type":"53","areaid":"421223","item_id":92},{"address":"浙江省","access_date":"2016-07-12 09:48:20","account":"l***7","quantity":1,"handle_status":8,"order_type":"53","areaid":"330327","item_id":92},{"address":"安徽省","access_date":"2016-07-12 09:48:19","account":"w***y","quantity":1,"handle_status":8,"order_type":"53","areaid":"340202","item_id":92},{"address":"湖北省","access_date":"2016-07-12 09:48:19","account":"清***水","quantity":1,"handle_status":8,"order_type":"53","areaid":"422825","item_id":92},{"address":"江苏省","access_date":"2016-07-12 09:48:19","account":"高***贵","quantity":1,"handle_status":8,"order_type":"53","areaid":"321324","item_id":92},{"address":"浙江省","access_date":"2016-07-12 09:48:19","account":"x***n","quantity":1,"handle_status":8,"order_type":"53","areaid":"330110","item_id":92},{"address":"山东省","access_date":"2016-07-12 09:48:19","account":"s***8","quantity":1,"handle_status":8,"order_type":"53","areaid":"371329","item_id":92},{"address":"湖北省","access_date":"2016-07-12 09:48:19","account":"1***3","quantity":1,"handle_status":8,"order_type":"53","areaid":"420107","item_id":92},{"address":"天津市","access_date":"2016-07-12 09:48:19","account":"1***5","quantity":1,"handle_status":8,"order_type":"53","areaid":"120104","item_id":92},{"address":"安徽省","access_date":"2016-07-12 09:48:19","account":"庐***人","quantity":1,"handle_status":8,"order_type":"53","areaid":"340102","item_id":92},{"address":"湖北省","access_date":"2016-07-12 09:48:19","account":"1***5","quantity":1,"handle_status":8,"order_type":"53","areaid":"420114","item_id":92},{"address":"广西壮族自治区","access_date":"2016-07-12 09:48:19","account":"V***0","quantity":1,"handle_status":8,"order_type":"53","areaid":"450502","item_id":92},{"address":"山东省","access_date":"2016-07-12 09:48:19","account":"郭***群","quantity":1,"handle_status":8,"order_type":"53","areaid":"371321","item_id":92},{"address":"山东省","access_date":"2016-07-12 09:48:19","account":"c***1","quantity":1,"handle_status":8,"order_type":"53","areaid":"370602","item_id":92},{"address":"天津市","access_date":"2016-07-12 09:48:19","account":"1***2","quantity":1,"handle_status":8,"order_type":"53","areaid":"120103","item_id":92},{"address":"浙江省","access_date":"2016-07-12 09:48:19","account":"x***5","quantity":1,"handle_status":8,"order_type":"53","areaid":"330110","item_id":92},{"address":"北京市","access_date":"2016-07-12 09:48:19","account":"g***用","quantity":1,"handle_status":8,"order_type":"53","areaid":"110101","item_id":92},{"address":"河北省","access_date":"2016-07-12 09:48:19","account":"c***6","quantity":1,"handle_status":8,"order_type":"53","areaid":"130827","item_id":92},{"address":"天津市","access_date":"2016-07-12 09:48:19","account":"彩***峰","quantity":1,"handle_status":8,"order_type":"53","areaid":"120114","item_id":92},{"address":"辽宁省","access_date":"2016-07-12 09:48:19","account":"王***良","quantity":1,"handle_status":8,"order_type":"53","areaid":"210302","item_id":92},{"address":"江苏省","access_date":"2016-07-12 09:48:19","account":"g***8","quantity":1,"handle_status":8,"order_type":"53","areaid":"320211","item_id":92},{"address":"山东省","access_date":"2016-07-12 09:48:19","account":"蓝***y","quantity":1,"handle_status":8,"order_type":"53","areaid":"370902","item_id":92},{"address":"福建省","access_date":"2016-07-12 09:48:19","account":"暖***冬","quantity":1,"handle_status":8,"order_type":"53","areaid":"350582","item_id":92},{"address":"河北省","access_date":"2016-07-12 09:48:19","account":"w***9","quantity":1,"handle_status":8,"order_type":"53","areaid":"130203","item_id":92},{"address":"安徽省","access_date":"2016-07-12 09:48:19","account":"x***n","quantity":1,"handle_status":8,"order_type":"53","areaid":"341723","item_id":92},{"address":"甘肃省","access_date":"2016-07-12 09:48:19","account":"X***8","quantity":1,"handle_status":8,"order_type":"53","areaid":"621126","item_id":92},{"address":"上海市","access_date":"2016-07-12 09:48:19","account":"1***3","quantity":1,"handle_status":8,"order_type":"53","areaid":"310106","item_id":92},{"address":"安徽省","access_date":"2016-07-12 09:48:19","account":"江***雨","quantity":1,"handle_status":8,"order_type":"53","areaid":"340304","item_id":92},{"address":"浙江省","access_date":"2016-07-12 09:48:19","account":"1***3","quantity":1,"handle_status":8,"order_type":"53","areaid":"330802","item_id":92},{"address":"浙江省","access_date":"2016-07-12 09:48:19","account":"1***6","quantity":1,"handle_status":8,"order_type":"53","areaid":"330802","item_id":92},{"address":"江苏省","access_date":"2016-07-12 09:48:19","account":"1***5","quantity":1,"handle_status":8,"order_type":"53","areaid":"320506","item_id":92},{"address":"浙江省","access_date":"2016-07-12 09:48:19","account":"1***7","quantity":1,"handle_status":8,"order_type":"53","areaid":"330303","item_id":92},{"address":"甘肃省","access_date":"2016-07-12 09:48:19","account":"郭***荣","quantity":1,"handle_status":8,"order_type":"53","areaid":"620802","item_id":92},{"address":"山东省","access_date":"2016-07-12 09:48:19","account":"l***1","quantity":1,"handle_status":8,"order_type":"53","areaid":"370883","item_id":92},{"address":"浙江省","access_date":"2016-07-12 09:48:19","account":"1***6","quantity":1,"handle_status":8,"order_type":"53","areaid":"330104","item_id":92},{"address":"辽宁省","access_date":"2016-07-12 09:48:19","account":"1***4","quantity":1,"handle_status":8,"order_type":"53","areaid":"211302","item_id":92},{"address":"北京市","access_date":"2016-07-12 09:48:19","account":"1***8","quantity":1,"handle_status":8,"order_type":"53","areaid":"110101","item_id":92},{"address":"山东省","access_date":"2016-07-12 09:48:19","account":"1***2","quantity":1,"handle_status":8,"order_type":"53","areaid":"371001","item_id":92},{"address":"山东省","access_date":"2016-07-12 09:48:19","account":"暴***4","quantity":1,"handle_status":8,"order_type":"53","areaid":"370611","item_id":92},{"address":"天津市","access_date":"2016-07-12 09:48:18","account":"l***g","quantity":1,"handle_status":8,"order_type":"53","areaid":"120113","item_id":92},{"address":"河北省","access_date":"2016-07-12 09:48:18","account":"z***4","quantity":1,"handle_status":8,"order_type":"53","areaid":"130982","item_id":92},{"address":"黑龙江省","access_date":"2016-07-12 09:48:18","account":"王***荣","quantity":1,"handle_status":8,"order_type":"53","areaid":"230302","item_id":92},{"address":"北京市","access_date":"2016-07-12 09:48:18","account":"1***8","quantity":1,"handle_status":8,"order_type":"53","areaid":"110102","item_id":92},{"address":"北京市","access_date":"2016-07-12 09:48:18","account":"1***5","quantity":1,"handle_status":8,"order_type":"53","areaid":"110102","item_id":92},{"address":"北京市","access_date":"2016-07-12 09:48:18","account":"1***1","quantity":1,"handle_status":8,"order_type":"53","areaid":"110115","item_id":92},{"address":"江苏省","access_date":"2016-07-12 09:48:18","account":"1***8","quantity":1,"handle_status":8,"order_type":"53","areaid":"321323","item_id":92},{"address":"辽宁省","access_date":"2016-07-12 09:48:18","account":"1***2","quantity":1,"handle_status":8,"order_type":"53","areaid":"210106","item_id":92},{"address":"天津市","access_date":"2016-07-12 09:48:18","account":"1***0","quantity":1,"handle_status":8,"order_type":"53","areaid":"120113","item_id":92},{"address":"北京市","access_date":"2016-07-12 09:48:18","account":"1***3","quantity":1,"handle_status":8,"order_type":"53","areaid":"110115","item_id":92},{"address":"北京市","access_date":"2016-07-12 09:48:18","account":"s***1","quantity":1,"handle_status":8,"order_type":"53","areaid":"110113","item_id":92},{"address":"黑龙江省","access_date":"2016-07-12 09:48:18","account":"张***媛","quantity":1,"handle_status":8,"order_type":"53","areaid":"230302","item_id":92},{"address":"江苏省","access_date":"2016-07-12 09:48:18","account":"C***6","quantity":1,"handle_status":8,"order_type":"53","areaid":"320703","item_id":92},{"address":"辽宁省","access_date":"2016-07-12 09:48:18","account":"1***3","quantity":1,"handle_status":8,"order_type":"53","areaid":"210702","item_id":92},{"address":"上海市","access_date":"2016-07-12 09:48:18","account":"王***娟","quantity":1,"handle_status":8,"order_type":"53","areaid":"310114","item_id":92},{"address":"广东省","access_date":"2016-07-12 09:48:18","account":"夏***霞","quantity":1,"handle_status":8,"order_type":"53","areaid":"440513","item_id":92},{"address":"安徽省","access_date":"2016-07-12 09:48:18","account":"a***u","quantity":1,"handle_status":8,"order_type":"53","areaid":"340111","item_id":92},{"address":"江苏省","access_date":"2016-07-12 09:48:18","account":"m***m","quantity":1,"handle_status":8,"order_type":"53","areaid":"320114","item_id":92},{"address":"北京市","access_date":"2016-07-12 09:48:18","account":"l***s","quantity":1,"handle_status":8,"order_type":"53","areaid":"110116","item_id":92},{"address":"湖南省","access_date":"2016-07-12 09:48:18","account":"w***u","quantity":1,"handle_status":8,"order_type":"53","areaid":"430702","item_id":92},{"address":"河南省","access_date":"2016-07-12 09:48:18","account":"b***f","quantity":1,"handle_status":8,"order_type":"53","areaid":"411403","item_id":92}]