[{"address":"北京市","access_date":"2017-03-02 14:48:52","account":"z***n","quantity":1,"handle_status":8,"order_type":"2","areaid":"110102","item_id":147},{"address":"湖北省","access_date":"2017-03-02 14:48:50","account":"q***8","quantity":1,"handle_status":8,"order_type":"2","areaid":"420111","item_id":147},{"address":"浙江省","access_date":"2017-03-02 14:07:03","account":"七***9","quantity":1,"handle_status":8,"order_type":"2","areaid":"330109","item_id":147},{"address":"北京市","access_date":"2017-03-02 14:02:49","account":"1***3","quantity":1,"handle_status":8,"order_type":"2","areaid":"110106","item_id":147},{"address":"山东省","access_date":"2017-03-02 14:02:47","account":"金***心","quantity":1,"handle_status":8,"order_type":"2","areaid":"370902","item_id":147},{"address":"北京市","access_date":"2017-03-02 14:02:45","account":"1***3","quantity":1,"handle_status":8,"order_type":"2","areaid":"110102","item_id":147},{"address":"江苏省","access_date":"2017-03-02 14:02:40","account":"1***6","quantity":1,"handle_status":8,"order_type":"2","areaid":"320501","item_id":147},{"address":"浙江省","access_date":"2017-03-02 14:02:18","account":"l***6","quantity":1,"handle_status":8,"order_type":"2","areaid":"330424","item_id":147},{"address":"河南省","access_date":"2017-03-02 14:02:15","account":"g***n","quantity":1,"handle_status":8,"order_type":"2","areaid":"410302","item_id":147},{"address":"江苏省","access_date":"2017-03-02 14:02:08","account":"H***f","quantity":1,"handle_status":8,"order_type":"2","areaid":"320684","item_id":147},{"address":"河北省","access_date":"2017-03-02 14:02:08","account":"海***5","quantity":1,"handle_status":8,"order_type":"2","areaid":"130203","item_id":147},{"address":"福建省","access_date":"2017-03-02 14:01:58","account":"1***8","quantity":1,"handle_status":8,"order_type":"2","areaid":"350103","item_id":147},{"address":"天津市","access_date":"2017-03-02 14:01:56","account":"y***6","quantity":1,"handle_status":8,"order_type":"2","areaid":"120114","item_id":147},{"address":"云南省","access_date":"2017-03-02 14:01:55","account":"1***5","quantity":1,"handle_status":8,"order_type":"2","areaid":"533321","item_id":147},{"address":"江西省","access_date":"2017-03-02 14:01:53","account":"g***r","quantity":1,"handle_status":8,"order_type":"2","areaid":"360104","item_id":147},{"address":"湖北省","access_date":"2017-03-02 14:01:49","account":"1***9","quantity":1,"handle_status":8,"order_type":"2","areaid":"420102","item_id":147},{"address":"北京市","access_date":"2017-03-02 14:01:47","account":"z***n","quantity":1,"handle_status":8,"order_type":"2","areaid":"110102","item_id":147},{"address":"上海市","access_date":"2017-03-02 14:01:44","account":"j***7","quantity":2,"handle_status":8,"order_type":"2","areaid":"310104","item_id":147},{"address":"江苏省","access_date":"2017-03-02 14:01:42","account":"z***p","quantity":1,"handle_status":8,"order_type":"2","areaid":"320585","item_id":147},{"address":"福建省","access_date":"2017-03-02 14:01:41","account":"郑***藏","quantity":1,"handle_status":8,"order_type":"2","areaid":"350322","item_id":147},{"address":"内蒙古自治区","access_date":"2017-03-02 14:01:35","account":"东***明","quantity":1,"handle_status":8,"order_type":"2","areaid":"150627","item_id":147},{"address":"上海市","access_date":"2017-03-02 14:01:33","account":"暗***使","quantity":1,"handle_status":8,"order_type":"2","areaid":"310113","item_id":147},{"address":"天津市","access_date":"2017-03-02 14:01:33","account":"a***0","quantity":1,"handle_status":8,"order_type":"2","areaid":"120104","item_id":147},{"address":"上海市","access_date":"2017-03-02 14:01:32","account":"1***5","quantity":2,"handle_status":8,"order_type":"2","areaid":"310107","item_id":147},{"address":"上海市","access_date":"2017-03-02 14:01:28","account":"1***1","quantity":4,"handle_status":8,"order_type":"2","areaid":"310115","item_id":147},{"address":"上海市","access_date":"2017-03-02 14:01:27","account":"s***x","quantity":1,"handle_status":8,"order_type":"2","areaid":"310115","item_id":147},{"address":"广东省","access_date":"2017-03-02 14:01:22","account":"f***o","quantity":1,"handle_status":8,"order_type":"2","areaid":"440705","item_id":147},{"address":"陕西省","access_date":"2017-03-02 14:01:19","account":"1***0","quantity":4,"handle_status":8,"order_type":"2","areaid":"610112","item_id":147},{"address":"江苏省","access_date":"2017-03-02 14:01:19","account":"轲***0","quantity":1,"handle_status":8,"order_type":"2","areaid":"320581","item_id":147},{"address":"江苏省","access_date":"2017-03-02 14:01:17","account":"W***4","quantity":1,"handle_status":8,"order_type":"2","areaid":"321012","item_id":147},{"address":"江苏省","access_date":"2017-03-02 14:01:14","account":"x***0","quantity":1,"handle_status":8,"order_type":"2","areaid":"320211","item_id":147},{"address":"上海市","access_date":"2017-03-02 14:01:12","account":"w***3","quantity":1,"handle_status":8,"order_type":"2","areaid":"310101","item_id":147},{"address":"广东省","access_date":"2017-03-02 14:01:12","account":"k***7","quantity":1,"handle_status":8,"order_type":"2","areaid":"ff8080814cd0d0f4014cd571e2a50002","item_id":147},{"address":"北京市","access_date":"2017-03-02 14:01:11","account":"金***陈","quantity":1,"handle_status":8,"order_type":"2","areaid":"110108","item_id":147},{"address":"湖南省","access_date":"2017-03-02 14:01:06","account":"c***4","quantity":1,"handle_status":8,"order_type":"2","areaid":"430104","item_id":147},{"address":"辽宁省","access_date":"2017-03-02 14:01:05","account":"1***5","quantity":1,"handle_status":8,"order_type":"2","areaid":"210211","item_id":147},{"address":"江苏省","access_date":"2017-03-02 14:01:04","account":"l***8","quantity":2,"handle_status":8,"order_type":"2","areaid":"320508","item_id":147},{"address":"江苏省","access_date":"2017-03-02 14:01:04","account":"g***z","quantity":1,"handle_status":8,"order_type":"2","areaid":"321202","item_id":147},{"address":"山东省","access_date":"2017-03-02 14:01:02","account":"钟***小","quantity":1,"handle_status":8,"order_type":"2","areaid":"371102","item_id":147},{"address":"山东省","access_date":"2017-03-02 14:01:02","account":"j***i","quantity":1,"handle_status":8,"order_type":"2","areaid":"370102","item_id":147},{"address":"福建省","access_date":"2017-03-02 14:01:00","account":"x***0","quantity":1,"handle_status":8,"order_type":"2","areaid":"350981","item_id":147},{"address":"北京市","access_date":"2017-03-02 14:00:56","account":"l***n","quantity":2,"handle_status":8,"order_type":"2","areaid":"110108","item_id":147},{"address":"广东省","access_date":"2017-03-02 14:00:52","account":"e***y","quantity":1,"handle_status":8,"order_type":"2","areaid":"440105","item_id":147},{"address":"上海市","access_date":"2017-03-02 14:00:51","account":"y***n","quantity":1,"handle_status":8,"order_type":"2","areaid":"310112","item_id":147},{"address":"浙江省","access_date":"2017-03-02 14:00:48","account":"l***5","quantity":1,"handle_status":8,"order_type":"2","areaid":"330424","item_id":147},{"address":"广东省","access_date":"2017-03-02 14:00:47","account":"x***8","quantity":1,"handle_status":8,"order_type":"2","areaid":"440114","item_id":147},{"address":"北京市","access_date":"2017-03-02 14:00:45","account":"z***c","quantity":1,"handle_status":8,"order_type":"2","areaid":"110108","item_id":147},{"address":"广东省","access_date":"2017-03-02 14:00:39","account":"S***n","quantity":1,"handle_status":8,"order_type":"2","areaid":"440303","item_id":147},{"address":"江苏省","access_date":"2017-03-02 14:00:34","account":"s***6","quantity":1,"handle_status":8,"order_type":"2","areaid":"320507","item_id":147},{"address":"上海市","access_date":"2017-03-02 14:00:32","account":"1***8","quantity":1,"handle_status":8,"order_type":"2","areaid":"310116","item_id":147},{"address":"天津市","access_date":"2017-03-02 14:00:29","account":"兰***岚","quantity":4,"handle_status":8,"order_type":"2","areaid":"120103","item_id":147},{"address":"江西省","access_date":"2017-03-02 14:00:28","account":"y***6","quantity":4,"handle_status":8,"order_type":"2","areaid":"360102","item_id":147},{"address":"辽宁省","access_date":"2017-03-02 14:00:26","account":"x***e","quantity":1,"handle_status":8,"order_type":"2","areaid":"211003","item_id":147}]