[{"address":"北京市","access_date":"2015-08-19 16:21:40","account":"l***g","quantity":1,"handle_status":8,"order_type":"2","areaid":"110102","item_id":7},{"address":"北京市","access_date":"2015-08-19 15:17:04","account":"l***g","quantity":1,"handle_status":8,"order_type":"2","areaid":"110102","item_id":7},{"address":"北京市","access_date":"2015-08-19 15:12:52","account":"l***g","quantity":1,"handle_status":8,"order_type":"2","areaid":"110102","item_id":7},{"address":"北京市","access_date":"2015-08-19 14:12:33","account":"s***i","quantity":1,"handle_status":8,"order_type":"2","areaid":"110102","item_id":7},{"access_date":"2015-08-17 15:14:42","address":"暂无","account":"电***商","quantity":3,"handle_status":8,"order_type":"onlinePerson","item_id":7}]