[{"address":"辽宁省","access_date":"2017-03-10 15:51:35","account":"l***2","quantity":1,"handle_status":8,"order_type":"2","areaid":"210302","item_id":166},{"address":"福建省","access_date":"2017-03-10 15:36:26","account":"l***n","quantity":2,"handle_status":8,"order_type":"2","areaid":"350302","item_id":166},{"address":"江苏省","access_date":"2017-03-10 15:36:23","account":"c***1","quantity":2,"handle_status":8,"order_type":"2","areaid":"320602","item_id":166},{"address":"广东省","access_date":"2017-03-10 15:36:22","account":"k***k","quantity":1,"handle_status":8,"order_type":"2","areaid":"440111","item_id":166},{"address":"山东省","access_date":"2017-03-10 15:16:44","account":"c***j","quantity":1,"handle_status":8,"order_type":"2","areaid":"370502","item_id":166},{"address":"浙江省","access_date":"2017-03-10 14:45:04","account":"z***5","quantity":1,"handle_status":8,"order_type":"2","areaid":"330381","item_id":166},{"address":"北京市","access_date":"2017-03-10 14:42:31","account":"z***i","quantity":1,"handle_status":8,"order_type":"2","areaid":"110109","item_id":166},{"address":"山西省","access_date":"2017-03-10 14:42:26","account":"e***g","quantity":1,"handle_status":8,"order_type":"2","areaid":"140702","item_id":166},{"address":"浙江省","access_date":"2017-03-10 14:05:06","account":"z***n","quantity":1,"handle_status":8,"order_type":"2","areaid":"330302","item_id":166},{"address":"福建省","access_date":"2017-03-10 14:05:04","account":"m***0","quantity":1,"handle_status":8,"order_type":"2","areaid":"350302","item_id":166},{"address":"广东省","access_date":"2017-03-10 14:04:57","account":"h***2","quantity":2,"handle_status":8,"order_type":"2","areaid":"445222","item_id":166},{"address":"广东省","access_date":"2017-03-10 14:04:56","account":"x***z","quantity":1,"handle_status":8,"order_type":"2","areaid":"440105","item_id":166},{"address":"江苏省","access_date":"2017-03-10 14:04:45","account":"1***2","quantity":2,"handle_status":8,"order_type":"2","areaid":"320506","item_id":166},{"address":"北京市","access_date":"2017-03-10 14:04:42","account":"a***2","quantity":2,"handle_status":8,"order_type":"2","areaid":"110102","item_id":166},{"address":"上海市","access_date":"2017-03-10 14:04:23","account":"z***n","quantity":1,"handle_status":8,"order_type":"2","areaid":"310115","item_id":166},{"address":"辽宁省","access_date":"2017-03-10 14:04:16","account":"1***1","quantity":1,"handle_status":8,"order_type":"2","areaid":"210102","item_id":166},{"address":"广西壮族自治区","access_date":"2017-03-10 14:04:10","account":"C***8","quantity":1,"handle_status":8,"order_type":"2","areaid":"450521","item_id":166},{"address":"浙江省","access_date":"2017-03-10 14:04:10","account":"1***7","quantity":1,"handle_status":8,"order_type":"2","areaid":"330324","item_id":166},{"address":"上海市","access_date":"2017-03-10 14:04:07","account":"n***g","quantity":1,"handle_status":8,"order_type":"2","areaid":"310115","item_id":166},{"address":"甘肃省","access_date":"2017-03-10 14:04:04","account":"1***8","quantity":1,"handle_status":8,"order_type":"2","areaid":"620102","item_id":166},{"address":"上海市","access_date":"2017-03-10 14:03:59","account":"达***马","quantity":1,"handle_status":8,"order_type":"2","areaid":"310108","item_id":166},{"address":"浙江省","access_date":"2017-03-10 14:03:49","account":"a***7","quantity":1,"handle_status":8,"order_type":"2","areaid":"330502","item_id":166},{"address":"北京市","access_date":"2017-03-10 14:03:47","account":"1***1","quantity":2,"handle_status":8,"order_type":"2","areaid":"110105","item_id":166},{"address":"辽宁省","access_date":"2017-03-10 14:03:39","account":"无***9","quantity":1,"handle_status":-6,"order_type":"2","areaid":"210804","item_id":166},{"address":"上海市","access_date":"2017-03-10 14:03:23","account":"s***1","quantity":1,"handle_status":8,"order_type":"2","areaid":"310115","item_id":166},{"address":"湖北省","access_date":"2017-03-10 14:03:16","account":"j***o","quantity":1,"handle_status":-4,"order_type":"2","areaid":"420107","item_id":166},{"address":"福建省","access_date":"2017-03-10 14:03:10","account":"j***l","quantity":1,"handle_status":8,"order_type":"2","areaid":"350802","item_id":166},{"address":"浙江省","access_date":"2017-03-10 14:02:57","account":"1***0","quantity":2,"handle_status":8,"order_type":"2","areaid":"330326","item_id":166},{"address":"甘肃省","access_date":"2017-03-10 14:02:52","account":"5***8","quantity":1,"handle_status":8,"order_type":"2","areaid":"620621","item_id":166},{"address":"上海市","access_date":"2017-03-10 14:02:36","account":"b***n","quantity":1,"handle_status":8,"order_type":"2","areaid":"310101","item_id":166},{"address":"北京市","access_date":"2017-03-10 14:02:02","account":"1***0","quantity":2,"handle_status":8,"order_type":"2","areaid":"110102","item_id":166},{"address":"上海市","access_date":"2017-03-10 14:01:57","account":"W***5","quantity":1,"handle_status":8,"order_type":"2","areaid":"310108","item_id":166},{"address":"上海市","access_date":"2017-03-10 14:01:54","account":"1***7","quantity":1,"handle_status":8,"order_type":"2","areaid":"310112","item_id":166},{"address":"山东省","access_date":"2017-03-10 14:01:42","account":"j***g","quantity":1,"handle_status":8,"order_type":"2","areaid":"370611","item_id":166},{"address":"北京市","access_date":"2017-03-10 14:01:14","account":"1***5","quantity":2,"handle_status":8,"order_type":"2","areaid":"110102","item_id":166},{"address":"北京市","access_date":"2017-03-10 14:01:14","account":"1***2","quantity":2,"handle_status":8,"order_type":"2","areaid":"110108","item_id":166},{"address":"辽宁省","access_date":"2017-03-10 14:01:00","account":"r***e","quantity":1,"handle_status":8,"order_type":"2","areaid":"210106","item_id":166},{"address":"广东省","access_date":"2017-03-10 14:00:48","account":"g***g","quantity":2,"handle_status":8,"order_type":"2","areaid":"440106","item_id":166},{"address":"北京市","access_date":"2017-03-10 14:00:34","account":"h***8","quantity":2,"handle_status":8,"order_type":"2","areaid":"110102","item_id":166}]