[{"address":"湖南省","access_date":"2017-03-12 16:49:49","account":"l***3","quantity":1,"handle_status":8,"order_type":"2","areaid":"431103","item_id":168},{"address":"内蒙古自治区","access_date":"2017-03-12 16:02:45","account":"w***s","quantity":1,"handle_status":8,"order_type":"2","areaid":"150702","item_id":168},{"address":"浙江省","access_date":"2017-03-12 15:08:28","account":"平***静","quantity":1,"handle_status":8,"order_type":"2","areaid":"331081","item_id":168},{"address":"上海市","access_date":"2017-03-11 14:03:39","account":"W***5","quantity":1,"handle_status":8,"order_type":"2","areaid":"310106","item_id":168},{"address":"辽宁省","access_date":"2017-03-11 09:17:30","account":"1***4","quantity":1,"handle_status":8,"order_type":"2","areaid":"210106","item_id":168},{"address":"内蒙古自治区","access_date":"2017-03-11 08:29:42","account":"x***6","quantity":1,"handle_status":8,"order_type":"2","areaid":"150204","item_id":168},{"address":"上海市","access_date":"2017-03-11 00:17:34","account":"1***6","quantity":1,"handle_status":8,"order_type":"2","areaid":"310115","item_id":168},{"address":"浙江省","access_date":"2017-03-11 00:16:12","account":"汪***雪","quantity":1,"handle_status":-6,"order_type":"2","areaid":"330382","item_id":168},{"address":"浙江省","access_date":"2017-03-11 00:13:37","account":"海***9","quantity":1,"handle_status":8,"order_type":"2","areaid":"331002","item_id":168},{"address":"上海市","access_date":"2017-03-10 23:30:16","account":"李***奎","quantity":1,"handle_status":8,"order_type":"2","areaid":"310113","item_id":168},{"address":"湖北省","access_date":"2017-03-10 23:29:15","account":"福***8","quantity":1,"handle_status":8,"order_type":"2","areaid":"420104","item_id":168},{"address":"上海市","access_date":"2017-03-10 23:28:56","account":"1***3","quantity":1,"handle_status":8,"order_type":"2","areaid":"310112","item_id":168},{"address":"上海市","access_date":"2017-03-10 23:28:33","account":"z***5","quantity":1,"handle_status":8,"order_type":"2","areaid":"310104","item_id":168},{"address":"广东省","access_date":"2017-03-10 23:24:48","account":"s***j","quantity":1,"handle_status":8,"order_type":"2","areaid":"440204","item_id":168},{"address":"江苏省","access_date":"2017-03-10 18:03:40","account":"1***6","quantity":1,"handle_status":-6,"order_type":"2","areaid":"320111","item_id":168},{"address":"上海市","access_date":"2017-03-10 17:48:36","account":"1***8","quantity":1,"handle_status":8,"order_type":"2","areaid":"310114","item_id":168},{"address":"辽宁省","access_date":"2017-03-10 17:36:56","account":"k***n","quantity":1,"handle_status":8,"order_type":"2","areaid":"210782","item_id":168},{"address":"辽宁省","access_date":"2017-03-10 17:18:30","account":"k***n","quantity":1,"handle_status":8,"order_type":"2","areaid":"210782","item_id":168},{"address":"山东省","access_date":"2017-03-10 17:15:53","account":"1***2","quantity":1,"handle_status":8,"order_type":"2","areaid":"370523","item_id":168},{"address":"江苏省","access_date":"2017-03-10 17:13:15","account":"y***6","quantity":2,"handle_status":-6,"order_type":"2","areaid":"320111","item_id":168},{"address":"江苏省","access_date":"2017-03-10 16:48:57","account":"古***钺","quantity":1,"handle_status":8,"order_type":"2","areaid":"320585","item_id":168},{"address":"江西省","access_date":"2017-03-10 16:48:48","account":"邱***文","quantity":1,"handle_status":8,"order_type":"2","areaid":"361102","item_id":168},{"address":"北京市","access_date":"2017-03-10 16:45:36","account":"t***u","quantity":1,"handle_status":8,"order_type":"2","areaid":"110108","item_id":168},{"address":"江苏省","access_date":"2017-03-10 16:34:06","account":"1***6","quantity":1,"handle_status":8,"order_type":"2","areaid":"320501","item_id":168},{"address":"江苏省","access_date":"2017-03-10 16:33:47","account":"x***6","quantity":2,"handle_status":-6,"order_type":"2","areaid":"320111","item_id":168},{"address":"广东省","access_date":"2017-03-10 16:28:25","account":"a***9","quantity":1,"handle_status":8,"order_type":"2","areaid":"ff8080814cd0d0f4014cd571e2a50002","item_id":168},{"address":"浙江省","access_date":"2017-03-10 16:26:01","account":"1***9","quantity":1,"handle_status":8,"order_type":"2","areaid":"330212","item_id":168},{"address":"陕西省","access_date":"2017-03-10 16:25:13","account":"谢***圆","quantity":1,"handle_status":8,"order_type":"2","areaid":"610113","item_id":168},{"address":"上海市","access_date":"2017-03-10 16:24:58","account":"h***f","quantity":1,"handle_status":8,"order_type":"2","areaid":"310113","item_id":168},{"address":"福建省","access_date":"2017-03-10 16:20:32","account":"1***7","quantity":1,"handle_status":-6,"order_type":"2","areaid":"350628","item_id":168},{"address":"浙江省","access_date":"2017-03-10 16:13:10","account":"6***根","quantity":1,"handle_status":8,"order_type":"2","areaid":"330102","item_id":168},{"address":"吉林省","access_date":"2017-03-10 16:12:38","account":"w***5","quantity":1,"handle_status":8,"order_type":"2","areaid":"220421","item_id":168},{"address":"上海市","access_date":"2017-03-10 15:51:34","account":"今***冷","quantity":1,"handle_status":8,"order_type":"2","areaid":"310112","item_id":168},{"address":"江苏省","access_date":"2017-03-10 15:45:59","account":"于***龙","quantity":2,"handle_status":-6,"order_type":"2","areaid":"320111","item_id":168},{"address":"北京市","access_date":"2017-03-10 15:45:43","account":"1***0","quantity":1,"handle_status":8,"order_type":"2","areaid":"110108","item_id":168},{"address":"北京市","access_date":"2017-03-10 15:45:37","account":"m***3","quantity":1,"handle_status":8,"order_type":"2","areaid":"110112","item_id":168},{"address":"河北省","access_date":"2017-03-10 15:45:14","account":"1***7","quantity":1,"handle_status":-6,"order_type":"2","areaid":"130108","item_id":168},{"address":"江苏省","access_date":"2017-03-10 15:42:44","account":"l***2","quantity":2,"handle_status":8,"order_type":"2","areaid":"320501","item_id":168},{"address":"浙江省","access_date":"2017-03-10 15:42:15","account":"陈***春","quantity":1,"handle_status":8,"order_type":"2","areaid":"330327","item_id":168},{"address":"山西省","access_date":"2017-03-10 15:42:10","account":"1***7","quantity":2,"handle_status":8,"order_type":"2","areaid":"140109","item_id":168},{"address":"山东省","access_date":"2017-03-10 15:40:11","account":"3***4","quantity":1,"handle_status":8,"order_type":"2","areaid":"370303","item_id":168},{"address":"江苏省","access_date":"2017-03-10 15:39:40","account":"浪***恒","quantity":1,"handle_status":8,"order_type":"2","areaid":"320506","item_id":168},{"address":"上海市","access_date":"2017-03-10 15:39:31","account":"s***3","quantity":1,"handle_status":8,"order_type":"2","areaid":"310116","item_id":168},{"address":"辽宁省","access_date":"2017-03-10 15:37:39","account":"6***1","quantity":1,"handle_status":8,"order_type":"2","areaid":"210103","item_id":168},{"address":"上海市","access_date":"2017-03-10 15:37:37","account":"1***8","quantity":1,"handle_status":8,"order_type":"2","areaid":"310116","item_id":168},{"address":"山东省","access_date":"2017-03-10 15:37:35","account":"利***y","quantity":1,"handle_status":8,"order_type":"2","areaid":"371082","item_id":168},{"address":"安徽省","access_date":"2017-03-10 15:37:13","account":"h***a","quantity":1,"handle_status":8,"order_type":"2","areaid":"340827","item_id":168},{"address":"江苏省","access_date":"2017-03-10 15:37:13","account":"m***h","quantity":1,"handle_status":8,"order_type":"2","areaid":"320281","item_id":168},{"address":"北京市","access_date":"2017-03-10 15:37:04","account":"f***7","quantity":1,"handle_status":8,"order_type":"2","areaid":"110108","item_id":168},{"address":"江苏省","access_date":"2017-03-10 15:37:04","account":"z***b","quantity":1,"handle_status":8,"order_type":"2","areaid":"320115","item_id":168},{"address":"江西省","access_date":"2017-03-10 15:36:46","account":"宝***考","quantity":1,"handle_status":8,"order_type":"2","areaid":"360111","item_id":168},{"address":"广东省","access_date":"2017-03-10 15:33:24","account":"f***g","quantity":1,"handle_status":8,"order_type":"2","areaid":"ff8080814cd0d0f4014cd56f66b80001","item_id":168},{"address":"山东省","access_date":"2017-03-10 15:21:23","account":"c***j","quantity":2,"handle_status":8,"order_type":"2","areaid":"370502","item_id":168},{"address":"广东省","access_date":"2017-03-10 14:59:07","account":"1***1","quantity":1,"handle_status":8,"order_type":"2","areaid":"ff8080814cd0d0f4014cd571e2a50002","item_id":168},{"address":"上海市","access_date":"2017-03-10 14:50:24","account":"n***g","quantity":1,"handle_status":8,"order_type":"2","areaid":"310115","item_id":168},{"address":"江苏省","access_date":"2017-03-10 14:50:08","account":"1***7","quantity":1,"handle_status":8,"order_type":"2","areaid":"320506","item_id":168},{"address":"江苏省","access_date":"2017-03-10 14:43:05","account":"1***2","quantity":1,"handle_status":8,"order_type":"2","areaid":"320404","item_id":168},{"address":"浙江省","access_date":"2017-03-10 14:42:50","account":"q***j","quantity":1,"handle_status":8,"order_type":"2","areaid":"331121","item_id":168},{"address":"山东省","access_date":"2017-03-10 14:37:02","account":"金***心","quantity":1,"handle_status":8,"order_type":"2","areaid":"370902","item_id":168},{"address":"河北省","access_date":"2017-03-10 14:14:24","account":"1***4","quantity":1,"handle_status":8,"order_type":"2","areaid":"130181","item_id":168},{"address":"广东省","access_date":"2017-03-10 14:14:20","account":"1***9","quantity":1,"handle_status":8,"order_type":"2","areaid":"440106","item_id":168},{"address":"吉林省","access_date":"2017-03-10 14:14:18","account":"k***0","quantity":1,"handle_status":8,"order_type":"2","areaid":"220104","item_id":168},{"address":"江苏省","access_date":"2017-03-10 14:14:08","account":"f***d","quantity":1,"handle_status":8,"order_type":"2","areaid":"320602","item_id":168},{"address":"安徽省","access_date":"2017-03-10 14:13:49","account":"l***1","quantity":1,"handle_status":8,"order_type":"2","areaid":"341502","item_id":168},{"address":"辽宁省","access_date":"2017-03-10 14:13:43","account":"j***0","quantity":1,"handle_status":8,"order_type":"2","areaid":"210911","item_id":168},{"address":"广东省","access_date":"2017-03-10 14:13:35","account":"g***u","quantity":1,"handle_status":8,"order_type":"2","areaid":"440106","item_id":168},{"address":"广东省","access_date":"2017-03-10 14:13:29","account":"s***s","quantity":1,"handle_status":8,"order_type":"2","areaid":"440703","item_id":168},{"address":"湖北省","access_date":"2017-03-10 14:13:24","account":"b***9","quantity":1,"handle_status":8,"order_type":"2","areaid":"420102","item_id":168},{"address":"安徽省","access_date":"2017-03-10 14:13:21","account":"H***8","quantity":1,"handle_status":8,"order_type":"2","areaid":"340824","item_id":168},{"address":"上海市","access_date":"2017-03-10 14:13:20","account":"z***a","quantity":1,"handle_status":8,"order_type":"2","areaid":"310115","item_id":168},{"address":"浙江省","access_date":"2017-03-10 14:13:19","account":"n***w","quantity":1,"handle_status":-6,"order_type":"2","areaid":"330105","item_id":168},{"address":"北京市","access_date":"2017-03-10 14:13:04","account":"l***n","quantity":1,"handle_status":8,"order_type":"2","areaid":"110108","item_id":168},{"address":"浙江省","access_date":"2017-03-10 14:12:58","account":"1***8","quantity":1,"handle_status":8,"order_type":"2","areaid":"330104","item_id":168},{"address":"广东省","access_date":"2017-03-10 14:12:57","account":"1***8","quantity":1,"handle_status":8,"order_type":"2","areaid":"ff8080814cd0d0f4014cd571e2a50002","item_id":168},{"address":"山东省","access_date":"2017-03-10 14:12:56","account":"王***波","quantity":1,"handle_status":-6,"order_type":"2","areaid":"370203","item_id":168},{"address":"湖南省","access_date":"2017-03-10 14:12:49","account":"L***9","quantity":1,"handle_status":8,"order_type":"2","areaid":"430624","item_id":168},{"address":"上海市","access_date":"2017-03-10 14:12:38","account":"j***0","quantity":1,"handle_status":8,"order_type":"2","areaid":"310112","item_id":168},{"address":"辽宁省","access_date":"2017-03-10 14:12:30","account":"m***a","quantity":1,"handle_status":-6,"order_type":"2","areaid":"210105","item_id":168},{"address":"上海市","access_date":"2017-03-10 14:12:23","account":"1***7","quantity":1,"handle_status":8,"order_type":"2","areaid":"310101","item_id":168},{"address":"四川省","access_date":"2017-03-10 14:12:03","account":"w***9","quantity":1,"handle_status":8,"order_type":"2","areaid":"510107","item_id":168},{"address":"山东省","access_date":"2017-03-10 14:12:03","account":"r***8","quantity":1,"handle_status":8,"order_type":"2","areaid":"370202","item_id":168},{"address":"浙江省","access_date":"2017-03-10 14:11:45","account":"z***5","quantity":1,"handle_status":8,"order_type":"2","areaid":"330381","item_id":168},{"address":"广东省","access_date":"2017-03-10 14:11:42","account":"c***4","quantity":1,"handle_status":8,"order_type":"2","areaid":"440113","item_id":168},{"address":"浙江省","access_date":"2017-03-10 14:11:41","account":"k***u","quantity":1,"handle_status":8,"order_type":"2","areaid":"330329","item_id":168},{"address":"江苏省","access_date":"2017-03-10 14:11:40","account":"k***3","quantity":2,"handle_status":-6,"order_type":"2","areaid":"320115","item_id":168},{"address":"上海市","access_date":"2017-03-10 14:11:38","account":"z***a","quantity":1,"handle_status":8,"order_type":"2","areaid":"310101","item_id":168},{"address":"上海市","access_date":"2017-03-10 14:11:37","account":"g***g","quantity":1,"handle_status":8,"order_type":"2","areaid":"310115","item_id":168},{"address":"北京市","access_date":"2017-03-10 14:11:27","account":"1***0","quantity":1,"handle_status":8,"order_type":"2","areaid":"110102","item_id":168},{"address":"北京市","access_date":"2017-03-10 14:11:25","account":"z***c","quantity":1,"handle_status":8,"order_type":"2","areaid":"110108","item_id":168},{"address":"上海市","access_date":"2017-03-10 14:11:17","account":"z***6","quantity":1,"handle_status":8,"order_type":"2","areaid":"310117","item_id":168},{"address":"北京市","access_date":"2017-03-10 14:11:06","account":"1***6","quantity":1,"handle_status":8,"order_type":"2","areaid":"110108","item_id":168},{"address":"上海市","access_date":"2017-03-10 14:11:04","account":"1***6","quantity":1,"handle_status":8,"order_type":"2","areaid":"310106","item_id":168},{"address":"河南省","access_date":"2017-03-10 14:11:03","account":"1***5","quantity":1,"handle_status":8,"order_type":"2","areaid":"410105","item_id":168},{"address":"广东省","access_date":"2017-03-10 14:10:57","account":"W***8","quantity":1,"handle_status":8,"order_type":"2","areaid":"440114","item_id":168},{"address":"江苏省","access_date":"2017-03-10 14:10:52","account":"g***9","quantity":1,"handle_status":8,"order_type":"2","areaid":"320681","item_id":168},{"address":"上海市","access_date":"2017-03-10 14:10:39","account":"w***0","quantity":1,"handle_status":-6,"order_type":"2","areaid":"310115","item_id":168},{"address":"山西省","access_date":"2017-03-10 14:10:35","account":"1***9","quantity":2,"handle_status":8,"order_type":"2","areaid":"140821","item_id":168},{"address":"安徽省","access_date":"2017-03-10 14:10:20","account":"b***e","quantity":1,"handle_status":8,"order_type":"2","areaid":"340301","item_id":168},{"address":"河北省","access_date":"2017-03-10 14:10:10","account":"嘉***8","quantity":2,"handle_status":8,"order_type":"2","areaid":"130302","item_id":168},{"address":"浙江省","access_date":"2017-03-10 14:10:08","account":"r***3","quantity":1,"handle_status":8,"order_type":"2","areaid":"330204","item_id":168},{"address":"辽宁省","access_date":"2017-03-10 14:10:02","account":"h***2","quantity":1,"handle_status":8,"order_type":"2","areaid":"210404","item_id":168},{"address":"江苏省","access_date":"2017-03-10 14:10:00","account":"k***s","quantity":1,"handle_status":8,"order_type":"2","areaid":"320105","item_id":168},{"address":"上海市","access_date":"2017-03-10 14:09:57","account":"z***6","quantity":1,"handle_status":8,"order_type":"2","areaid":"310106","item_id":168},{"address":"河北省","access_date":"2017-03-10 14:09:52","account":"1***1","quantity":1,"handle_status":8,"order_type":"2","areaid":"130208","item_id":168},{"address":"山东省","access_date":"2017-03-10 14:09:51","account":"1***4","quantity":1,"handle_status":8,"order_type":"2","areaid":"370503","item_id":168},{"address":"内蒙古自治区","access_date":"2017-03-10 14:09:40","account":"8***8","quantity":1,"handle_status":8,"order_type":"2","areaid":"150102","item_id":168},{"address":"重庆市","access_date":"2017-03-10 14:09:38","account":"s***n","quantity":1,"handle_status":8,"order_type":"2","areaid":"500103","item_id":168},{"address":"江苏省","access_date":"2017-03-10 14:09:35","account":"落***柏","quantity":2,"handle_status":8,"order_type":"2","areaid":"320106","item_id":168},{"address":"山东省","access_date":"2017-03-10 14:09:26","account":"z***g","quantity":1,"handle_status":8,"order_type":"2","areaid":"370303","item_id":168},{"address":"北京市","access_date":"2017-03-10 14:09:08","account":"a***a","quantity":2,"handle_status":8,"order_type":"2","areaid":"110115","item_id":168},{"address":"四川省","access_date":"2017-03-10 14:08:46","account":"j***5","quantity":1,"handle_status":8,"order_type":"2","areaid":"510105","item_id":168},{"address":"四川省","access_date":"2017-03-10 14:08:27","account":"l***1","quantity":1,"handle_status":8,"order_type":"2","areaid":"510122","item_id":168},{"address":"广东省","access_date":"2017-03-10 14:08:06","account":"z***n","quantity":1,"handle_status":8,"order_type":"2","areaid":"ff8080814cd0d0f4014cd571e2a50002","item_id":168},{"address":"浙江省","access_date":"2017-03-10 14:07:54","account":"1***8","quantity":2,"handle_status":8,"order_type":"2","areaid":"330782","item_id":168},{"address":"江苏省","access_date":"2017-03-10 14:07:47","account":"当***月","quantity":1,"handle_status":8,"order_type":"2","areaid":"320104","item_id":168},{"address":"辽宁省","access_date":"2017-03-10 14:07:33","account":"g***7","quantity":2,"handle_status":8,"order_type":"2","areaid":"210204","item_id":168},{"address":"陕西省","access_date":"2017-03-10 14:07:23","account":"g***6","quantity":1,"handle_status":8,"order_type":"2","areaid":"610821","item_id":168},{"address":"广东省","access_date":"2017-03-10 14:07:22","account":"1***2","quantity":1,"handle_status":8,"order_type":"2","areaid":"440105","item_id":168},{"address":"北京市","access_date":"2017-03-10 14:07:10","account":"1***3","quantity":1,"handle_status":8,"order_type":"2","areaid":"110102","item_id":168},{"address":"甘肃省","access_date":"2017-03-10 14:07:06","account":"1***9","quantity":1,"handle_status":8,"order_type":"2","areaid":"621102","item_id":168},{"address":"山东省","access_date":"2017-03-10 14:07:04","account":"j***4","quantity":1,"handle_status":8,"order_type":"2","areaid":"370826","item_id":168},{"address":"上海市","access_date":"2017-03-10 14:06:48","account":"李***奎","quantity":2,"handle_status":-6,"order_type":"2","areaid":"310113","item_id":168},{"address":"河南省","access_date":"2017-03-10 14:06:41","account":"l***c","quantity":2,"handle_status":8,"order_type":"2","areaid":"410105","item_id":168},{"address":"上海市","access_date":"2017-03-10 14:06:34","account":"w***a","quantity":1,"handle_status":8,"order_type":"2","areaid":"310115","item_id":168},{"address":"山东省","access_date":"2017-03-10 14:06:32","account":"b***j","quantity":1,"handle_status":8,"order_type":"2","areaid":"371602","item_id":168},{"address":"山西省","access_date":"2017-03-10 14:06:08","account":"江***安","quantity":1,"handle_status":8,"order_type":"2","areaid":"140105","item_id":168},{"address":"江西省","access_date":"2017-03-10 14:05:55","account":"y***n","quantity":1,"handle_status":8,"order_type":"2","areaid":"360103","item_id":168},{"address":"上海市","access_date":"2017-03-10 14:05:50","account":"吴***8","quantity":1,"handle_status":8,"order_type":"2","areaid":"310120","item_id":168},{"address":"北京市","access_date":"2017-03-10 14:05:45","account":"z***7","quantity":1,"handle_status":8,"order_type":"2","areaid":"110108","item_id":168},{"address":"辽宁省","access_date":"2017-03-10 14:05:43","account":"s***1","quantity":1,"handle_status":8,"order_type":"2","areaid":"210106","item_id":168},{"address":"江苏省","access_date":"2017-03-10 14:05:41","account":"清***6","quantity":1,"handle_status":8,"order_type":"2","areaid":"320903","item_id":168},{"address":"山西省","access_date":"2017-03-10 14:05:36","account":"一***梦","quantity":1,"handle_status":8,"order_type":"2","areaid":"140202","item_id":168},{"address":"甘肃省","access_date":"2017-03-10 14:05:34","account":"1***2","quantity":1,"handle_status":8,"order_type":"2","areaid":"620123","item_id":168},{"address":"上海市","access_date":"2017-03-10 14:05:28","account":"y***1","quantity":1,"handle_status":8,"order_type":"2","areaid":"310113","item_id":168},{"address":"安徽省","access_date":"2017-03-10 14:05:27","account":"s***e","quantity":1,"handle_status":8,"order_type":"2","areaid":"341302","item_id":168},{"address":"四川省","access_date":"2017-03-10 14:05:16","account":"g***5","quantity":1,"handle_status":8,"order_type":"2","areaid":"511028","item_id":168},{"address":"黑龙江省","access_date":"2017-03-10 14:04:51","account":"u***b","quantity":1,"handle_status":8,"order_type":"2","areaid":"230104","item_id":168},{"address":"内蒙古自治区","access_date":"2017-03-10 14:04:46","account":"m***5","quantity":1,"handle_status":8,"order_type":"2","areaid":"150103","item_id":168},{"address":"上海市","access_date":"2017-03-10 14:04:44","account":"c***g","quantity":1,"handle_status":8,"order_type":"2","areaid":"310104","item_id":168},{"address":"重庆市","access_date":"2017-03-10 14:04:31","account":"z***6","quantity":1,"handle_status":8,"order_type":"2","areaid":"500112","item_id":168},{"address":"山东省","access_date":"2017-03-10 14:04:18","account":"j***3","quantity":1,"handle_status":-6,"order_type":"2","areaid":"370883","item_id":168},{"address":"天津市","access_date":"2017-03-10 14:04:15","account":"1***8","quantity":1,"handle_status":8,"order_type":"2","areaid":"120115","item_id":168},{"address":"江苏省","access_date":"2017-03-10 14:04:07","account":"c***0","quantity":1,"handle_status":8,"order_type":"2","areaid":"320106","item_id":168},{"address":"山西省","access_date":"2017-03-10 14:03:46","account":"a***8","quantity":1,"handle_status":8,"order_type":"2","areaid":"140202","item_id":168},{"address":"湖南省","access_date":"2017-03-10 14:03:30","account":"c***n","quantity":2,"handle_status":8,"order_type":"2","areaid":"430407","item_id":168},{"address":"广东省","access_date":"2017-03-10 14:03:19","account":"箫***韵","quantity":2,"handle_status":8,"order_type":"2","areaid":"ff8080814cd0d0f4014cd571e2a50002","item_id":168},{"address":"广东省","access_date":"2017-03-10 14:03:03","account":"S***n","quantity":1,"handle_status":8,"order_type":"2","areaid":"440303","item_id":168},{"address":"广西壮族自治区","access_date":"2017-03-10 14:02:38","account":"z***8","quantity":1,"handle_status":8,"order_type":"2","areaid":"450102","item_id":168},{"address":"山东省","access_date":"2017-03-10 14:02:34","account":"x***6","quantity":1,"handle_status":8,"order_type":"2","areaid":"370214","item_id":168},{"address":"河南省","access_date":"2017-03-10 14:01:40","account":"d***e","quantity":1,"handle_status":8,"order_type":"2","areaid":"410211","item_id":168},{"address":"广西壮族自治区","access_date":"2017-03-10 14:01:27","account":"海***王","quantity":1,"handle_status":8,"order_type":"2","areaid":"451481","item_id":168},{"address":"河北省","access_date":"2017-03-10 14:00:54","account":"1***7","quantity":1,"handle_status":8,"order_type":"2","areaid":"130229","item_id":168}]