[{"address":"黑龙江省","access_date":"2016-04-12 12:08:34","account":"h***h","quantity":1,"handle_status":8,"order_type":"53","areaid":"230110","item_id":81},{"address":"广东省","access_date":"2016-04-12 12:08:34","account":"v***b","quantity":1,"handle_status":8,"order_type":"53","areaid":"441402","item_id":81},{"address":"浙江省","access_date":"2016-04-12 12:08:34","account":"1***4","quantity":1,"handle_status":8,"order_type":"53","areaid":"330205","item_id":81},{"address":"广西壮族自治区","access_date":"2016-04-12 12:08:34","account":"k***1","quantity":1,"handle_status":8,"order_type":"53","areaid":"450103","item_id":81},{"address":"河南省","access_date":"2016-04-12 12:08:34","account":"1***3","quantity":1,"handle_status":8,"order_type":"53","areaid":"410105","item_id":81},{"address":"浙江省","access_date":"2016-04-12 12:08:34","account":"清***7","quantity":1,"handle_status":8,"order_type":"53","areaid":"331081","item_id":81},{"address":"上海市","access_date":"2016-04-12 12:08:34","account":"a***n","quantity":1,"handle_status":8,"order_type":"53","areaid":"310115","item_id":81},{"address":"江苏省","access_date":"2016-04-12 12:08:34","account":"1***8","quantity":1,"handle_status":8,"order_type":"53","areaid":"320411","item_id":81},{"address":"安徽省","access_date":"2016-04-12 12:08:34","account":"孙***睿","quantity":1,"handle_status":8,"order_type":"53","areaid":"340102","item_id":81},{"address":"陕西省","access_date":"2016-04-12 12:08:34","account":"w***n","quantity":1,"handle_status":8,"order_type":"53","areaid":"610112","item_id":81},{"address":"浙江省","access_date":"2016-04-12 12:08:33","account":"9***3","quantity":1,"handle_status":8,"order_type":"53","areaid":"330726","item_id":81},{"address":"山东省","access_date":"2016-04-12 12:08:33","account":"x***9","quantity":1,"handle_status":8,"order_type":"53","areaid":"370303","item_id":81},{"address":"上海市","access_date":"2016-04-12 12:08:33","account":"o***2","quantity":1,"handle_status":8,"order_type":"53","areaid":"310101","item_id":81},{"address":"湖北省","access_date":"2016-04-12 12:08:33","account":"1***9","quantity":1,"handle_status":8,"order_type":"53","areaid":"420106","item_id":81},{"address":"山东省","access_date":"2016-04-12 12:08:33","account":"j***b","quantity":1,"handle_status":8,"order_type":"53","areaid":"370982","item_id":81},{"address":"河南省","access_date":"2016-04-12 12:08:33","account":"h***3","quantity":1,"handle_status":8,"order_type":"53","areaid":"410711","item_id":81},{"address":"浙江省","access_date":"2016-04-12 12:08:33","account":"大***菜","quantity":1,"handle_status":8,"order_type":"53","areaid":"330502","item_id":81},{"address":"广东省","access_date":"2016-04-12 12:08:33","account":"1***6","quantity":1,"handle_status":8,"order_type":"53","areaid":"440783","item_id":81},{"address":"安徽省","access_date":"2016-04-12 12:08:33","account":"顽***8","quantity":1,"handle_status":8,"order_type":"53","areaid":"340504","item_id":81},{"address":"江苏省","access_date":"2016-04-12 12:08:33","account":"小***潘","quantity":1,"handle_status":8,"order_type":"53","areaid":"320381","item_id":81},{"address":"北京市","access_date":"2016-04-12 12:08:33","account":"w***z","quantity":1,"handle_status":8,"order_type":"53","areaid":"110108","item_id":81},{"address":"浙江省","access_date":"2016-04-12 12:08:33","account":"q***o","quantity":1,"handle_status":8,"order_type":"53","areaid":"330326","item_id":81},{"address":"湖北省","access_date":"2016-04-12 12:08:33","account":"z***6","quantity":1,"handle_status":8,"order_type":"53","areaid":"421081","item_id":81},{"address":"广东省","access_date":"2016-04-12 12:08:33","account":"1***8","quantity":1,"handle_status":8,"order_type":"53","areaid":"440307","item_id":81},{"address":"广东省","access_date":"2016-04-12 12:08:33","account":"h***n","quantity":1,"handle_status":8,"order_type":"53","areaid":"ff8080814cd0d0f4014cd56f66b80001","item_id":81},{"address":"河北省","access_date":"2016-04-12 12:08:33","account":"w***1","quantity":1,"handle_status":8,"order_type":"53","areaid":"130227","item_id":81},{"address":"湖北省","access_date":"2016-04-12 12:08:33","account":"1***7","quantity":1,"handle_status":8,"order_type":"53","areaid":"420984","item_id":81},{"address":"陕西省","access_date":"2016-04-12 12:08:33","account":"秦***鹰","quantity":1,"handle_status":8,"order_type":"53","areaid":"610125","item_id":81},{"address":"陕西省","access_date":"2016-04-12 12:08:33","account":"牛***旭","quantity":1,"handle_status":8,"order_type":"53","areaid":"610323","item_id":81},{"address":"上海市","access_date":"2016-04-12 12:08:33","account":"h***7","quantity":1,"handle_status":8,"order_type":"53","areaid":"310115","item_id":81},{"address":"山东省","access_date":"2016-04-12 12:08:33","account":"休***人","quantity":1,"handle_status":8,"order_type":"53","areaid":"371082","item_id":81},{"address":"山西省","access_date":"2016-04-12 12:08:33","account":"g***1","quantity":1,"handle_status":8,"order_type":"53","areaid":"140923","item_id":81},{"address":"重庆市","access_date":"2016-04-12 12:08:33","account":"v***h","quantity":1,"handle_status":8,"order_type":"53","areaid":"500103","item_id":81},{"address":"浙江省","access_date":"2016-04-12 12:08:33","account":"d***n","quantity":1,"handle_status":8,"order_type":"53","areaid":"330402","item_id":81},{"address":"江西省","access_date":"2016-04-12 12:08:33","account":"1***8","quantity":1,"handle_status":8,"order_type":"53","areaid":"361129","item_id":81},{"address":"山西省","access_date":"2016-04-12 12:08:33","account":"1***2","quantity":1,"handle_status":8,"order_type":"53","areaid":"141182","item_id":81},{"address":"内蒙古自治区","access_date":"2016-04-12 12:08:33","account":"金***8","quantity":1,"handle_status":8,"order_type":"53","areaid":"150602","item_id":81},{"address":"江苏省","access_date":"2016-04-12 12:08:33","account":"w***l","quantity":1,"handle_status":8,"order_type":"53","areaid":"320302","item_id":81},{"address":"新疆维吾尔自治区","access_date":"2016-04-12 12:08:33","account":"x***o","quantity":1,"handle_status":8,"order_type":"53","areaid":"650103","item_id":81},{"address":"山东省","access_date":"2016-04-12 12:08:33","account":"q***n","quantity":1,"handle_status":8,"order_type":"53","areaid":"370213","item_id":81},{"address":"浙江省","access_date":"2016-04-12 12:08:33","account":"m***u","quantity":1,"handle_status":8,"order_type":"53","areaid":"330903","item_id":81},{"address":"青海省","access_date":"2016-04-12 12:08:33","account":"W***7","quantity":1,"handle_status":8,"order_type":"53","areaid":"630103","item_id":81},{"address":"河南省","access_date":"2016-04-12 12:08:33","account":"s***8","quantity":1,"handle_status":8,"order_type":"53","areaid":"411202","item_id":81},{"address":"安徽省","access_date":"2016-04-12 12:08:33","account":"1***6","quantity":1,"handle_status":8,"order_type":"53","areaid":"341503","item_id":81},{"address":"山东省","access_date":"2016-04-12 12:08:33","account":"q***9","quantity":1,"handle_status":8,"order_type":"53","areaid":"370785","item_id":81},{"address":"江苏省","access_date":"2016-04-12 12:08:33","account":"w***1","quantity":1,"handle_status":8,"order_type":"53","areaid":"320281","item_id":81},{"address":"山东省","access_date":"2016-04-12 12:08:33","account":"o***c","quantity":1,"handle_status":8,"order_type":"53","areaid":"371323","item_id":81},{"address":"山西省","access_date":"2016-04-12 12:08:33","account":"w***2","quantity":1,"handle_status":8,"order_type":"53","areaid":"140109","item_id":81},{"address":"陕西省","access_date":"2016-04-12 12:08:33","account":"c***e","quantity":1,"handle_status":8,"order_type":"53","areaid":"610425","item_id":81},{"address":"上海市","access_date":"2016-04-12 12:08:33","account":"l***4","quantity":1,"handle_status":8,"order_type":"53","areaid":"310107","item_id":81},{"address":"江苏省","access_date":"2016-04-12 12:08:33","account":"1***9","quantity":1,"handle_status":8,"order_type":"53","areaid":"320506","item_id":81},{"address":"江苏省","access_date":"2016-04-12 12:08:33","account":"m***u","quantity":1,"handle_status":8,"order_type":"53","areaid":"321111","item_id":81},{"address":"安徽省","access_date":"2016-04-12 12:08:33","account":"1***r","quantity":1,"handle_status":8,"order_type":"53","areaid":"340102","item_id":81},{"address":"江苏省","access_date":"2016-04-12 12:08:33","account":"w***i","quantity":1,"handle_status":8,"order_type":"53","areaid":"320203","item_id":81},{"address":"四川省","access_date":"2016-04-12 12:08:33","account":"陈***锐","quantity":1,"handle_status":8,"order_type":"53","areaid":"510112","item_id":81},{"address":"黑龙江省","access_date":"2016-04-12 12:08:32","account":"s***1","quantity":1,"handle_status":8,"order_type":"53","areaid":"231002","item_id":81},{"address":"辽宁省","access_date":"2016-04-12 12:08:32","account":"d***g","quantity":1,"handle_status":8,"order_type":"53","areaid":"210204","item_id":81},{"address":"江苏省","access_date":"2016-04-12 12:08:32","account":"p***1","quantity":1,"handle_status":8,"order_type":"53","areaid":"320583","item_id":81},{"address":"北京市","access_date":"2016-04-12 12:08:32","account":"萌***8","quantity":1,"handle_status":8,"order_type":"53","areaid":"110102","item_id":81},{"address":"广东省","access_date":"2016-04-12 12:08:32","account":"1***6","quantity":1,"handle_status":8,"order_type":"53","areaid":"ff8080814cd0d0f4014cd571e2a50002","item_id":81},{"address":"广东省","access_date":"2016-04-12 12:08:32","account":"u***a","quantity":1,"handle_status":8,"order_type":"53","areaid":"440103","item_id":81},{"address":"上海市","access_date":"2016-04-12 12:08:32","account":"1***8","quantity":1,"handle_status":8,"order_type":"53","areaid":"310101","item_id":81},{"address":"四川省","access_date":"2016-04-12 12:08:32","account":"y***l","quantity":1,"handle_status":8,"order_type":"53","areaid":"510101","item_id":81},{"address":"福建省","access_date":"2016-04-12 12:08:32","account":"l***0","quantity":1,"handle_status":8,"order_type":"53","areaid":"350629","item_id":81},{"address":"辽宁省","access_date":"2016-04-12 12:08:32","account":"z***i","quantity":1,"handle_status":8,"order_type":"53","areaid":"210114","item_id":81},{"address":"辽宁省","access_date":"2016-04-12 12:08:32","account":"高***可","quantity":1,"handle_status":8,"order_type":"53","areaid":"210302","item_id":81},{"address":"安徽省","access_date":"2016-04-12 12:08:32","account":"1***4","quantity":1,"handle_status":8,"order_type":"53","areaid":"340111","item_id":81},{"address":"陕西省","access_date":"2016-04-12 12:08:32","account":"n***f","quantity":1,"handle_status":8,"order_type":"53","areaid":"610113","item_id":81},{"address":"广东省","access_date":"2016-04-12 12:08:32","account":"l***8","quantity":1,"handle_status":8,"order_type":"53","areaid":"440606","item_id":81},{"address":"江苏省","access_date":"2016-04-12 12:08:32","account":"r***e","quantity":1,"handle_status":8,"order_type":"53","areaid":"320505","item_id":81},{"address":"辽宁省","access_date":"2016-04-12 12:08:32","account":"s***o","quantity":1,"handle_status":8,"order_type":"53","areaid":"210114","item_id":81},{"address":"上海市","access_date":"2016-04-12 12:08:32","account":"二***我","quantity":1,"handle_status":8,"order_type":"53","areaid":"310117","item_id":81},{"address":"重庆市","access_date":"2016-04-12 12:08:32","account":"H***蛇","quantity":1,"handle_status":8,"order_type":"53","areaid":"500105","item_id":81},{"address":"北京市","access_date":"2016-04-12 12:08:32","account":"余***申","quantity":1,"handle_status":8,"order_type":"53","areaid":"110113","item_id":81},{"address":"上海市","access_date":"2016-04-12 12:08:32","account":"h***8","quantity":1,"handle_status":8,"order_type":"53","areaid":"310105","item_id":81},{"address":"河北省","access_date":"2016-04-12 12:08:32","account":"b***8","quantity":1,"handle_status":8,"order_type":"53","areaid":"130108","item_id":81},{"address":"浙江省","access_date":"2016-04-12 12:08:32","account":"若***川","quantity":1,"handle_status":8,"order_type":"53","areaid":"330402","item_id":81},{"address":"山西省","access_date":"2016-04-12 12:08:32","account":"h***1","quantity":1,"handle_status":8,"order_type":"53","areaid":"140702","item_id":81},{"address":"江苏省","access_date":"2016-04-12 12:08:32","account":"天***星","quantity":1,"handle_status":8,"order_type":"53","areaid":"320104","item_id":81},{"address":"广东省","access_date":"2016-04-12 12:08:32","account":"1***6","quantity":1,"handle_status":8,"order_type":"53","areaid":"440883","item_id":81},{"address":"辽宁省","access_date":"2016-04-12 12:08:32","account":"a***9","quantity":1,"handle_status":8,"order_type":"53","areaid":"210922","item_id":81},{"address":"浙江省","access_date":"2016-04-12 12:08:32","account":"l***8","quantity":1,"handle_status":8,"order_type":"53","areaid":"330104","item_id":81},{"address":"北京市","access_date":"2016-04-12 12:08:32","account":"j***6","quantity":1,"handle_status":8,"order_type":"53","areaid":"110108","item_id":81},{"address":"吉林省","access_date":"2016-04-12 12:08:32","account":"a***n","quantity":1,"handle_status":8,"order_type":"53","areaid":"220422","item_id":81},{"address":"山西省","access_date":"2016-04-12 12:08:32","account":"7***1","quantity":1,"handle_status":8,"order_type":"53","areaid":"140105","item_id":81},{"address":"河南省","access_date":"2016-04-12 12:08:32","account":"1***7","quantity":1,"handle_status":8,"order_type":"53","areaid":"411002","item_id":81},{"address":"天津市","access_date":"2016-04-12 12:08:32","account":"i***g","quantity":1,"handle_status":8,"order_type":"53","areaid":"120115","item_id":81},{"address":"广东省","access_date":"2016-04-12 12:08:32","account":"凤***奇","quantity":1,"handle_status":8,"order_type":"53","areaid":"445281","item_id":81},{"address":"陕西省","access_date":"2016-04-12 12:08:32","account":"w***g","quantity":1,"handle_status":8,"order_type":"53","areaid":"610622","item_id":81},{"address":"山西省","access_date":"2016-04-12 12:08:32","account":"D***S","quantity":1,"handle_status":8,"order_type":"53","areaid":"140823","item_id":81},{"address":"湖北省","access_date":"2016-04-12 12:08:32","account":"1***3","quantity":1,"handle_status":8,"order_type":"53","areaid":"420111","item_id":81},{"address":"内蒙古自治区","access_date":"2016-04-12 12:08:32","account":"z***l","quantity":1,"handle_status":8,"order_type":"53","areaid":"150203","item_id":81},{"address":"天津市","access_date":"2016-04-12 12:08:32","account":"1***0","quantity":1,"handle_status":8,"order_type":"53","areaid":"120111","item_id":81},{"address":"天津市","access_date":"2016-04-12 12:08:32","account":"B***L","quantity":1,"handle_status":8,"order_type":"53","areaid":"120104","item_id":81},{"address":"上海市","access_date":"2016-04-12 12:08:31","account":"胡***文","quantity":1,"handle_status":8,"order_type":"53","areaid":"310107","item_id":81},{"address":"湖北省","access_date":"2016-04-12 12:08:31","account":"晏***清","quantity":1,"handle_status":8,"order_type":"53","areaid":"421202","item_id":81},{"address":"安徽省","access_date":"2016-04-12 12:08:31","account":"w***6","quantity":1,"handle_status":8,"order_type":"53","areaid":"341622","item_id":81},{"address":"河北省","access_date":"2016-04-12 12:08:31","account":"t***i","quantity":1,"handle_status":8,"order_type":"53","areaid":"130207","item_id":81},{"address":"上海市","access_date":"2016-04-12 12:08:31","account":"夏***果","quantity":1,"handle_status":8,"order_type":"53","areaid":"310101","item_id":81},{"address":"重庆市","access_date":"2016-04-12 12:08:31","account":"c***9","quantity":1,"handle_status":8,"order_type":"53","areaid":"500112","item_id":81},{"address":"黑龙江省","access_date":"2016-04-12 12:08:31","account":"q***1","quantity":1,"handle_status":8,"order_type":"53","areaid":"230102","item_id":81},{"address":"河北省","access_date":"2016-04-12 12:08:31","account":"1***4","quantity":1,"handle_status":8,"order_type":"53","areaid":"130181","item_id":81},{"address":"辽宁省","access_date":"2016-04-12 12:08:31","account":"1***5","quantity":1,"handle_status":8,"order_type":"53","areaid":"210104","item_id":81},{"address":"浙江省","access_date":"2016-04-12 12:08:31","account":"z***梅","quantity":1,"handle_status":8,"order_type":"53","areaid":"331102","item_id":81},{"address":"福建省","access_date":"2016-04-12 12:08:31","account":"1***2","quantity":1,"handle_status":8,"order_type":"53","areaid":"350403","item_id":81},{"address":"山东省","access_date":"2016-04-12 12:08:31","account":"1***3","quantity":1,"handle_status":8,"order_type":"53","areaid":"370302","item_id":81},{"address":"江苏省","access_date":"2016-04-12 12:08:31","account":"1***9","quantity":1,"handle_status":8,"order_type":"53","areaid":"320281","item_id":81},{"address":"辽宁省","access_date":"2016-04-12 12:08:31","account":"b***r","quantity":1,"handle_status":8,"order_type":"53","areaid":"210204","item_id":81},{"address":"上海市","access_date":"2016-04-12 12:08:31","account":"k***3","quantity":1,"handle_status":8,"order_type":"53","areaid":"310110","item_id":81},{"address":"四川省","access_date":"2016-04-12 12:08:31","account":"安***9","quantity":1,"handle_status":8,"order_type":"53","areaid":"512021","item_id":81},{"address":"湖南省","access_date":"2016-04-12 12:08:31","account":"Z***g","quantity":1,"handle_status":8,"order_type":"53","areaid":"430105","item_id":81},{"address":"江苏省","access_date":"2016-04-12 12:08:31","account":"8***b","quantity":1,"handle_status":8,"order_type":"53","areaid":"320302","item_id":81},{"address":"山东省","access_date":"2016-04-12 12:08:31","account":"l***0","quantity":1,"handle_status":8,"order_type":"53","areaid":"370983","item_id":81},{"address":"河南省","access_date":"2016-04-12 12:08:31","account":"w***0","quantity":1,"handle_status":8,"order_type":"53","areaid":"410702","item_id":81},{"address":"河北省","access_date":"2016-04-12 12:08:31","account":"q***n","quantity":1,"handle_status":8,"order_type":"53","areaid":"130108","item_id":81},{"address":"广东省","access_date":"2016-04-12 12:08:31","account":"谢***河","quantity":1,"handle_status":8,"order_type":"53","areaid":"440606","item_id":81},{"address":"河北省","access_date":"2016-04-12 12:08:31","account":"迷***猴","quantity":1,"handle_status":8,"order_type":"53","areaid":"130681","item_id":81},{"address":"安徽省","access_date":"2016-04-12 12:08:31","account":"s***8","quantity":1,"handle_status":8,"order_type":"53","areaid":"340504","item_id":81},{"address":"江苏省","access_date":"2016-04-12 12:08:31","account":"缪***华","quantity":1,"handle_status":8,"order_type":"53","areaid":"320623","item_id":81},{"address":"河北省","access_date":"2016-04-12 12:08:31","account":"1***6","quantity":1,"handle_status":8,"order_type":"53","areaid":"130302","item_id":81},{"address":"北京市","access_date":"2016-04-12 12:08:31","account":"1***3","quantity":1,"handle_status":8,"order_type":"53","areaid":"110102","item_id":81},{"address":"上海市","access_date":"2016-04-12 12:08:31","account":"1***0","quantity":1,"handle_status":8,"order_type":"53","areaid":"310114","item_id":81},{"address":"山东省","access_date":"2016-04-12 12:08:31","account":"五***气","quantity":1,"handle_status":8,"order_type":"53","areaid":"370113","item_id":81},{"address":"陕西省","access_date":"2016-04-12 12:08:31","account":"z***1","quantity":1,"handle_status":8,"order_type":"53","areaid":"610402","item_id":81},{"address":"河北省","access_date":"2016-04-12 12:08:31","account":"h***7","quantity":1,"handle_status":8,"order_type":"53","areaid":"130225","item_id":81},{"address":"河南省","access_date":"2016-04-12 12:08:31","account":"1***3","quantity":1,"handle_status":8,"order_type":"53","areaid":"410928","item_id":81},{"address":"江苏省","access_date":"2016-04-12 12:08:31","account":"1***4","quantity":1,"handle_status":8,"order_type":"53","areaid":"320117","item_id":81},{"address":"山东省","access_date":"2016-04-12 12:08:31","account":"q***6","quantity":1,"handle_status":8,"order_type":"53","areaid":"371311","item_id":81},{"address":"广西壮族自治区","access_date":"2016-04-12 12:08:31","account":"丘***鉴","quantity":1,"handle_status":8,"order_type":"53","areaid":"450204","item_id":81},{"address":"陕西省","access_date":"2016-04-12 12:08:31","account":"b***3","quantity":1,"handle_status":8,"order_type":"53","areaid":"610303","item_id":81},{"address":"河北省","access_date":"2016-04-12 12:08:31","account":"c***g","quantity":1,"handle_status":8,"order_type":"53","areaid":"130903","item_id":81},{"address":"河南省","access_date":"2016-04-12 12:08:31","account":"煜***辉","quantity":1,"handle_status":8,"order_type":"53","areaid":"410411","item_id":81},{"address":"辽宁省","access_date":"2016-04-12 12:08:31","account":"1***w","quantity":1,"handle_status":8,"order_type":"53","areaid":"210211","item_id":81},{"address":"广东省","access_date":"2016-04-12 12:08:31","account":"S***n","quantity":1,"handle_status":8,"order_type":"53","areaid":"440106","item_id":81},{"address":"湖北省","access_date":"2016-04-12 12:08:31","account":"1***7","quantity":1,"handle_status":8,"order_type":"53","areaid":"421002","item_id":81},{"address":"河北省","access_date":"2016-04-12 12:08:30","account":"1***1","quantity":1,"handle_status":8,"order_type":"53","areaid":"130903","item_id":81},{"address":"吉林省","access_date":"2016-04-12 12:08:30","account":"s***8","quantity":1,"handle_status":8,"order_type":"53","areaid":"220104","item_id":81},{"address":"北京市","access_date":"2016-04-12 12:08:30","account":"h***3","quantity":1,"handle_status":8,"order_type":"53","areaid":"110106","item_id":81},{"address":"广西壮族自治区","access_date":"2016-04-12 12:08:30","account":"冯***雁","quantity":1,"handle_status":8,"order_type":"53","areaid":"450102","item_id":81},{"address":"江西省","access_date":"2016-04-12 12:08:30","account":"1***1","quantity":1,"handle_status":8,"order_type":"53","areaid":"361129","item_id":81},{"address":"上海市","access_date":"2016-04-12 12:08:30","account":"1***2","quantity":1,"handle_status":8,"order_type":"53","areaid":"310108","item_id":81},{"address":"浙江省","access_date":"2016-04-12 12:08:30","account":"c***g","quantity":1,"handle_status":8,"order_type":"53","areaid":"331023","item_id":81},{"address":"宁夏回族自治区","access_date":"2016-04-12 12:08:30","account":"h***u","quantity":1,"handle_status":8,"order_type":"53","areaid":"640401","item_id":81},{"address":"浙江省","access_date":"2016-04-12 12:08:30","account":"x***n","quantity":1,"handle_status":8,"order_type":"53","areaid":"330304","item_id":81},{"address":"湖南省","access_date":"2016-04-12 12:08:30","account":"1***9","quantity":1,"handle_status":8,"order_type":"53","areaid":"430102","item_id":81},{"address":"广东省","access_date":"2016-04-12 12:08:30","account":"m***0","quantity":1,"handle_status":8,"order_type":"53","areaid":"441424","item_id":81},{"address":"广东省","access_date":"2016-04-12 12:08:30","account":"z***n","quantity":1,"handle_status":8,"order_type":"53","areaid":"440111","item_id":81},{"address":"山东省","access_date":"2016-04-12 12:08:30","account":"姗***2","quantity":1,"handle_status":8,"order_type":"53","areaid":"370502","item_id":81},{"address":"山东省","access_date":"2016-04-12 12:08:30","account":"1***3","quantity":1,"handle_status":8,"order_type":"53","areaid":"371323","item_id":81},{"address":"浙江省","access_date":"2016-04-12 12:08:30","account":"t***5","quantity":1,"handle_status":8,"order_type":"53","areaid":"330483","item_id":81},{"address":"北京市","access_date":"2016-04-12 12:08:30","account":"d***e","quantity":1,"handle_status":8,"order_type":"53","areaid":"110101","item_id":81},{"address":"北京市","access_date":"2016-04-12 12:08:30","account":"m***u","quantity":1,"handle_status":8,"order_type":"53","areaid":"110114","item_id":81},{"address":"黑龙江省","access_date":"2016-04-12 12:08:30","account":"j***8","quantity":1,"handle_status":8,"order_type":"53","areaid":"230203","item_id":81},{"address":"河北省","access_date":"2016-04-12 12:08:30","account":"b***1","quantity":1,"handle_status":8,"order_type":"53","areaid":"130903","item_id":81},{"address":"广西壮族自治区","access_date":"2016-04-12 12:08:30","account":"s***f","quantity":1,"handle_status":8,"order_type":"53","areaid":"450103","item_id":81},{"address":"浙江省","access_date":"2016-04-12 12:08:30","account":"x***r","quantity":1,"handle_status":8,"order_type":"53","areaid":"331002","item_id":81},{"address":"河北省","access_date":"2016-04-12 12:08:30","account":"t***i","quantity":1,"handle_status":8,"order_type":"53","areaid":"130705","item_id":81},{"address":"辽宁省","access_date":"2016-04-12 12:08:30","account":"p***1","quantity":1,"handle_status":8,"order_type":"53","areaid":"211002","item_id":81},{"address":"山东省","access_date":"2016-04-12 12:08:30","account":"x***1","quantity":1,"handle_status":8,"order_type":"53","areaid":"370883","item_id":81},{"address":"福建省","access_date":"2016-04-12 12:08:30","account":"B***5","quantity":1,"handle_status":8,"order_type":"53","areaid":"350104","item_id":81},{"address":"内蒙古自治区","access_date":"2016-04-12 12:08:30","account":"1***7","quantity":1,"handle_status":8,"order_type":"53","areaid":"150104","item_id":81},{"address":"上海市","access_date":"2016-04-12 12:08:30","account":"m***e","quantity":1,"handle_status":8,"order_type":"53","areaid":"310115","item_id":81},{"address":"广东省","access_date":"2016-04-12 12:08:30","account":"小***昭","quantity":1,"handle_status":8,"order_type":"53","areaid":"440305","item_id":81},{"address":"吉林省","access_date":"2016-04-12 12:08:30","account":"q***n","quantity":1,"handle_status":8,"order_type":"53","areaid":"220882","item_id":81},{"address":"河北省","access_date":"2016-04-12 12:08:30","account":"1***7","quantity":1,"handle_status":8,"order_type":"53","areaid":"130629","item_id":81},{"address":"广西壮族自治区","access_date":"2016-04-12 12:08:30","account":"翩***羽","quantity":1,"handle_status":8,"order_type":"53","areaid":"451023","item_id":81},{"address":"浙江省","access_date":"2016-04-12 12:08:30","account":"S***4","quantity":1,"handle_status":8,"order_type":"53","areaid":"330212","item_id":81},{"address":"江西省","access_date":"2016-04-12 12:08:30","account":"f***6","quantity":1,"handle_status":8,"order_type":"53","areaid":"360111","item_id":81},{"address":"北京市","access_date":"2016-04-12 12:08:30","account":"鉴***油","quantity":1,"handle_status":8,"order_type":"53","areaid":"110108","item_id":81},{"address":"江苏省","access_date":"2016-04-12 12:08:30","account":"1***8","quantity":1,"handle_status":8,"order_type":"53","areaid":"320706","item_id":81},{"address":"浙江省","access_date":"2016-04-12 12:08:30","account":"y***0","quantity":1,"handle_status":8,"order_type":"53","areaid":"330481","item_id":81},{"address":"河南省","access_date":"2016-04-12 12:08:30","account":"王***8","quantity":1,"handle_status":8,"order_type":"53","areaid":"410711","item_id":81},{"address":"山东省","access_date":"2016-04-12 12:08:30","account":"g***1","quantity":1,"handle_status":8,"order_type":"53","areaid":"370602","item_id":81},{"address":"辽宁省","access_date":"2016-04-12 12:08:30","account":"W***6","quantity":1,"handle_status":8,"order_type":"53","areaid":"210105","item_id":81},{"address":"甘肃省","access_date":"2016-04-12 12:08:30","account":"c***9","quantity":1,"handle_status":8,"order_type":"53","areaid":"620102","item_id":81},{"address":"广东省","access_date":"2016-04-12 12:08:30","account":"1***7","quantity":1,"handle_status":8,"order_type":"53","areaid":"440203","item_id":81},{"address":"湖北省","access_date":"2016-04-12 12:08:30","account":"x***g","quantity":1,"handle_status":8,"order_type":"53","areaid":"420103","item_id":81},{"address":"山东省","access_date":"2016-04-12 12:08:30","account":"1***6","quantity":1,"handle_status":8,"order_type":"53","areaid":"370681","item_id":81},{"address":"江苏省","access_date":"2016-04-12 12:08:29","account":"1***3","quantity":1,"handle_status":8,"order_type":"53","areaid":"320282","item_id":81},{"address":"山西省","access_date":"2016-04-12 12:08:29","account":"贾***1","quantity":1,"handle_status":8,"order_type":"53","areaid":"140201","item_id":81},{"address":"广东省","access_date":"2016-04-12 12:08:29","account":"l***1","quantity":1,"handle_status":8,"order_type":"53","areaid":"440507","item_id":81},{"address":"湖南省","access_date":"2016-04-12 12:08:29","account":"l***g","quantity":1,"handle_status":8,"order_type":"53","areaid":"430202","item_id":81},{"address":"广东省","access_date":"2016-04-12 12:08:29","account":"l***1","quantity":1,"handle_status":8,"order_type":"53","areaid":"440113","item_id":81},{"address":"山东省","access_date":"2016-04-12 12:08:29","account":"黄***1","quantity":1,"handle_status":8,"order_type":"53","areaid":"370883","item_id":81},{"address":"广东省","access_date":"2016-04-12 12:08:29","account":"洪***姐","quantity":1,"handle_status":8,"order_type":"53","areaid":"440511","item_id":81},{"address":"北京市","access_date":"2016-04-12 12:08:29","account":"n***n","quantity":1,"handle_status":8,"order_type":"53","areaid":"110105","item_id":81},{"address":"河北省","access_date":"2016-04-12 12:08:29","account":"c***1","quantity":1,"handle_status":8,"order_type":"53","areaid":"130108","item_id":81},{"address":"河南省","access_date":"2016-04-12 12:08:29","account":"g***3","quantity":1,"handle_status":8,"order_type":"53","areaid":"410305","item_id":81},{"address":"江苏省","access_date":"2016-04-12 12:08:29","account":"5***f","quantity":1,"handle_status":8,"order_type":"53","areaid":"320804","item_id":81},{"address":"江西省","access_date":"2016-04-12 12:08:29","account":"周***安","quantity":1,"handle_status":8,"order_type":"53","areaid":"360902","item_id":81},{"address":"浙江省","access_date":"2016-04-12 12:08:29","account":"w***2","quantity":1,"handle_status":8,"order_type":"53","areaid":"330106","item_id":81},{"address":"广东省","access_date":"2016-04-12 12:08:29","account":"g***x","quantity":1,"handle_status":8,"order_type":"53","areaid":"440111","item_id":81},{"address":"辽宁省","access_date":"2016-04-12 12:08:29","account":"颜***鑫","quantity":1,"handle_status":8,"order_type":"53","areaid":"210302","item_id":81},{"address":"上海市","access_date":"2016-04-12 12:08:29","account":"1***2","quantity":1,"handle_status":8,"order_type":"53","areaid":"310115","item_id":81},{"address":"浙江省","access_date":"2016-04-12 12:08:29","account":"l***1","quantity":1,"handle_status":8,"order_type":"53","areaid":"330108","item_id":81},{"address":"重庆市","access_date":"2016-04-12 12:08:29","account":"3***2","quantity":1,"handle_status":8,"order_type":"53","areaid":"500103","item_id":81},{"address":"江苏省","access_date":"2016-04-12 12:08:29","account":"1***4","quantity":1,"handle_status":8,"order_type":"53","areaid":"320923","item_id":81},{"address":"北京市","access_date":"2016-04-12 12:08:29","account":"s***5","quantity":1,"handle_status":8,"order_type":"53","areaid":"110101","item_id":81},{"address":"江苏省","access_date":"2016-04-12 12:08:29","account":"陶***z","quantity":1,"handle_status":8,"order_type":"53","areaid":"320282","item_id":81},{"address":"河北省","access_date":"2016-04-12 12:08:29","account":"j***y","quantity":1,"handle_status":8,"order_type":"53","areaid":"131081","item_id":81},{"address":"山东省","access_date":"2016-04-12 12:08:29","account":"1***5","quantity":1,"handle_status":8,"order_type":"53","areaid":"370703","item_id":81},{"address":"天津市","access_date":"2016-04-12 12:08:29","account":"王***霖","quantity":1,"handle_status":8,"order_type":"53","areaid":"120112","item_id":81},{"address":"河南省","access_date":"2016-04-12 12:08:29","account":"g***6","quantity":1,"handle_status":8,"order_type":"53","areaid":"411281","item_id":81},{"address":"湖南省","access_date":"2016-04-12 12:08:29","account":"龙***飘","quantity":1,"handle_status":8,"order_type":"53","areaid":"430105","item_id":81},{"address":"四川省","access_date":"2016-04-12 12:08:29","account":"善***7","quantity":1,"handle_status":8,"order_type":"53","areaid":"513321","item_id":81},{"address":"辽宁省","access_date":"2016-04-12 12:08:29","account":"t***7","quantity":1,"handle_status":8,"order_type":"53","areaid":"210782","item_id":81},{"address":"河北省","access_date":"2016-04-12 12:08:29","account":"1***0","quantity":1,"handle_status":8,"order_type":"53","areaid":"130304","item_id":81},{"address":"湖南省","access_date":"2016-04-12 12:08:29","account":"l***8","quantity":1,"handle_status":8,"order_type":"53","areaid":"430111","item_id":81},{"address":"山东省","access_date":"2016-04-12 12:08:29","account":"t***1","quantity":1,"handle_status":8,"order_type":"53","areaid":"371002","item_id":81},{"address":"山东省","access_date":"2016-04-12 12:08:29","account":"1***6","quantity":1,"handle_status":8,"order_type":"53","areaid":"370705","item_id":81},{"address":"北京市","access_date":"2016-04-12 12:08:29","account":"c***4","quantity":1,"handle_status":8,"order_type":"53","areaid":"110105","item_id":81},{"address":"北京市","access_date":"2016-04-12 12:08:29","account":"d***i","quantity":1,"handle_status":8,"order_type":"53","areaid":"110108","item_id":81},{"address":"辽宁省","access_date":"2016-04-12 12:08:29","account":"王***南","quantity":1,"handle_status":8,"order_type":"53","areaid":"210302","item_id":81},{"address":"河南省","access_date":"2016-04-12 12:08:29","account":"郑***欣","quantity":1,"handle_status":8,"order_type":"53","areaid":"410105","item_id":81},{"address":"浙江省","access_date":"2016-04-12 12:08:28","account":"阳***石","quantity":1,"handle_status":8,"order_type":"53","areaid":"330102","item_id":81},{"address":"浙江省","access_date":"2016-04-12 12:08:28","account":"1***5","quantity":1,"handle_status":8,"order_type":"53","areaid":"330602","item_id":81},{"address":"辽宁省","access_date":"2016-04-12 12:08:28","account":"c***6","quantity":1,"handle_status":8,"order_type":"53","areaid":"210213","item_id":81},{"address":"浙江省","access_date":"2016-04-12 12:08:28","account":"1***3","quantity":1,"handle_status":8,"order_type":"53","areaid":"330381","item_id":81},{"address":"浙江省","access_date":"2016-04-12 12:08:28","account":"1***2","quantity":1,"handle_status":8,"order_type":"53","areaid":"330802","item_id":81},{"address":"河北省","access_date":"2016-04-12 12:08:28","account":"m***a","quantity":1,"handle_status":8,"order_type":"53","areaid":"130202","item_id":81},{"address":"上海市","access_date":"2016-04-12 12:08:28","account":"J***s","quantity":1,"handle_status":8,"order_type":"53","areaid":"310105","item_id":81},{"address":"青海省","access_date":"2016-04-12 12:08:28","account":"宋***6","quantity":1,"handle_status":8,"order_type":"53","areaid":"630104","item_id":81},{"address":"江苏省","access_date":"2016-04-12 12:08:28","account":"张***岗","quantity":1,"handle_status":8,"order_type":"53","areaid":"320281","item_id":81},{"address":"北京市","access_date":"2016-04-12 12:08:28","account":"程***杰","quantity":1,"handle_status":8,"order_type":"53","areaid":"110105","item_id":81},{"address":"湖南省","access_date":"2016-04-12 12:08:28","account":"l***9","quantity":1,"handle_status":8,"order_type":"53","areaid":"430111","item_id":81},{"address":"山东省","access_date":"2016-04-12 12:08:28","account":"t***a","quantity":1,"handle_status":8,"order_type":"53","areaid":"371202","item_id":81},{"address":"山西省","access_date":"2016-04-12 12:08:28","account":"l***0","quantity":1,"handle_status":8,"order_type":"53","areaid":"140303","item_id":81},{"address":"山西省","access_date":"2016-04-12 12:08:28","account":"f***8","quantity":1,"handle_status":8,"order_type":"53","areaid":"140402","item_id":81},{"address":"浙江省","access_date":"2016-04-12 12:08:28","account":"1***0","quantity":1,"handle_status":8,"order_type":"53","areaid":"331082","item_id":81},{"address":"江苏省","access_date":"2016-04-12 12:08:28","account":"T***i","quantity":1,"handle_status":8,"order_type":"53","areaid":"320612","item_id":81},{"address":"浙江省","access_date":"2016-04-12 12:08:28","account":"1***8","quantity":1,"handle_status":8,"order_type":"53","areaid":"330802","item_id":81},{"address":"北京市","access_date":"2016-04-12 12:08:28","account":"1***2","quantity":1,"handle_status":8,"order_type":"53","areaid":"110115","item_id":81},{"address":"广东省","access_date":"2016-04-12 12:08:28","account":"l***c","quantity":1,"handle_status":8,"order_type":"53","areaid":"441581","item_id":81},{"address":"上海市","access_date":"2016-04-12 12:08:28","account":"s***h","quantity":1,"handle_status":8,"order_type":"53","areaid":"310109","item_id":81},{"address":"福建省","access_date":"2016-04-12 12:08:28","account":"1***5","quantity":1,"handle_status":8,"order_type":"53","areaid":"350521","item_id":81},{"address":"河南省","access_date":"2016-04-12 12:08:28","account":"b***f","quantity":1,"handle_status":8,"order_type":"53","areaid":"411403","item_id":81},{"address":"广东省","access_date":"2016-04-12 12:08:28","account":"m***8","quantity":1,"handle_status":8,"order_type":"53","areaid":"440111","item_id":81},{"address":"浙江省","access_date":"2016-04-12 12:08:28","account":"s***a","quantity":1,"handle_status":8,"order_type":"53","areaid":"330322","item_id":81},{"address":"湖南省","access_date":"2016-04-12 12:08:28","account":"b***e","quantity":1,"handle_status":8,"order_type":"53","areaid":"430725","item_id":81},{"address":"江苏省","access_date":"2016-04-12 12:08:28","account":"j***h","quantity":1,"handle_status":8,"order_type":"53","areaid":"321003","item_id":81},{"address":"安徽省","access_date":"2016-04-12 12:08:28","account":"1***4","quantity":1,"handle_status":8,"order_type":"53","areaid":"340321","item_id":81},{"address":"北京市","access_date":"2016-04-12 12:08:28","account":"w***x","quantity":1,"handle_status":8,"order_type":"53","areaid":"110112","item_id":81},{"address":"江苏省","access_date":"2016-04-12 12:08:28","account":"1***2","quantity":1,"handle_status":8,"order_type":"53","areaid":"320703","item_id":81},{"address":"河南省","access_date":"2016-04-12 12:08:28","account":"p***x","quantity":1,"handle_status":8,"order_type":"53","areaid":"410902","item_id":81},{"address":"山东省","access_date":"2016-04-12 12:08:28","account":"干***戢","quantity":1,"handle_status":8,"order_type":"53","areaid":"370902","item_id":81},{"address":"上海市","access_date":"2016-04-12 12:08:28","account":"v***o","quantity":1,"handle_status":8,"order_type":"53","areaid":"310105","item_id":81},{"address":"河北省","access_date":"2016-04-12 12:08:28","account":"1***1","quantity":1,"handle_status":8,"order_type":"53","areaid":"131102","item_id":81},{"address":"辽宁省","access_date":"2016-04-12 12:08:28","account":"1***8","quantity":1,"handle_status":8,"order_type":"53","areaid":"210902","item_id":81},{"address":"江苏省","access_date":"2016-04-12 12:08:28","account":"q***3","quantity":1,"handle_status":8,"order_type":"53","areaid":"320411","item_id":81},{"address":"北京市","access_date":"2016-04-12 12:08:28","account":"s***2","quantity":1,"handle_status":8,"order_type":"53","areaid":"110101","item_id":81},{"address":"北京市","access_date":"2016-04-12 12:08:28","account":"1***0","quantity":1,"handle_status":8,"order_type":"53","areaid":"110106","item_id":81},{"address":"河北省","access_date":"2016-04-12 12:08:28","account":"开***兴","quantity":1,"handle_status":8,"order_type":"53","areaid":"130281","item_id":81},{"address":"辽宁省","access_date":"2016-04-12 12:08:28","account":"t***n","quantity":1,"handle_status":8,"order_type":"53","areaid":"210104","item_id":81},{"address":"北京市","access_date":"2016-04-12 12:08:28","account":"s***0","quantity":1,"handle_status":8,"order_type":"53","areaid":"110105","item_id":81},{"address":"福建省","access_date":"2016-04-12 12:08:28","account":"l***6","quantity":1,"handle_status":8,"order_type":"53","areaid":"350203","item_id":81},{"address":"浙江省","access_date":"2016-04-12 12:08:28","account":"y***3","quantity":1,"handle_status":8,"order_type":"53","areaid":"330205","item_id":81},{"address":"广东省","access_date":"2016-04-12 12:08:28","account":"1***1","quantity":1,"handle_status":8,"order_type":"53","areaid":"440111","item_id":81},{"address":"山东省","access_date":"2016-04-12 12:08:27","account":"1***6","quantity":1,"handle_status":8,"order_type":"53","areaid":"370883","item_id":81},{"address":"北京市","access_date":"2016-04-12 12:08:27","account":"c***0","quantity":1,"handle_status":8,"order_type":"53","areaid":"110115","item_id":81},{"address":"河北省","access_date":"2016-04-12 12:08:27","account":"z***8","quantity":1,"handle_status":8,"order_type":"53","areaid":"130202","item_id":81},{"address":"北京市","access_date":"2016-04-12 12:08:27","account":"1***0","quantity":1,"handle_status":-6,"order_type":"53","areaid":"110115","item_id":81},{"address":"天津市","access_date":"2016-04-12 12:08:27","account":"1***6","quantity":1,"handle_status":8,"order_type":"53","areaid":"120221","item_id":81},{"address":"江苏省","access_date":"2016-04-12 12:08:27","account":"y***n","quantity":1,"handle_status":8,"order_type":"53","areaid":"320102","item_id":81},{"address":"贵州省","access_date":"2016-04-12 12:08:27","account":"w***3","quantity":1,"handle_status":8,"order_type":"53","areaid":"520115","item_id":81},{"address":"浙江省","access_date":"2016-04-12 12:08:27","account":"y***1","quantity":1,"handle_status":8,"order_type":"53","areaid":"330102","item_id":81},{"address":"河北省","access_date":"2016-04-12 12:08:27","account":"1***8","quantity":1,"handle_status":8,"order_type":"53","areaid":"130435","item_id":81},{"address":"山东省","access_date":"2016-04-12 12:08:27","account":"高***花","quantity":1,"handle_status":8,"order_type":"53","areaid":"371122","item_id":81},{"address":"浙江省","access_date":"2016-04-12 12:08:27","account":"l***v","quantity":1,"handle_status":8,"order_type":"53","areaid":"330109","item_id":81},{"address":"福建省","access_date":"2016-04-12 12:08:27","account":"w***o","quantity":1,"handle_status":8,"order_type":"53","areaid":"350105","item_id":81},{"address":"福建省","access_date":"2016-04-12 12:08:27","account":"f***2","quantity":1,"handle_status":8,"order_type":"53","areaid":"350104","item_id":81},{"address":"上海市","access_date":"2016-04-12 12:08:27","account":"1***1","quantity":1,"handle_status":8,"order_type":"53","areaid":"310112","item_id":81},{"address":"上海市","access_date":"2016-04-12 12:08:27","account":"宋***刚","quantity":1,"handle_status":8,"order_type":"53","areaid":"310120","item_id":81},{"address":"山西省","access_date":"2016-04-12 12:08:27","account":"1***6","quantity":1,"handle_status":8,"order_type":"53","areaid":"140106","item_id":81},{"address":"广东省","access_date":"2016-04-12 12:08:27","account":"1***9","quantity":1,"handle_status":8,"order_type":"53","areaid":"440307","item_id":81},{"address":"江苏省","access_date":"2016-04-12 12:08:27","account":"c***l","quantity":1,"handle_status":8,"order_type":"53","areaid":"320411","item_id":81},{"address":"湖北省","access_date":"2016-04-12 12:08:27","account":"W***6","quantity":1,"handle_status":8,"order_type":"53","areaid":"421002","item_id":81},{"address":"江苏省","access_date":"2016-04-12 12:08:27","account":"m***i","quantity":1,"handle_status":8,"order_type":"53","areaid":"320505","item_id":81},{"address":"重庆市","access_date":"2016-04-12 12:08:27","account":"1***2","quantity":1,"handle_status":8,"order_type":"53","areaid":"500106","item_id":81},{"address":"上海市","access_date":"2016-04-12 12:08:27","account":"小***萍","quantity":1,"handle_status":8,"order_type":"53","areaid":"310115","item_id":81},{"address":"广东省","access_date":"2016-04-12 12:08:27","account":"w***5","quantity":1,"handle_status":8,"order_type":"53","areaid":"440604","item_id":81},{"address":"上海市","access_date":"2016-04-12 12:08:27","account":"n***6","quantity":1,"handle_status":8,"order_type":"53","areaid":"310115","item_id":81},{"address":"浙江省","access_date":"2016-04-12 12:08:27","account":"1***3","quantity":1,"handle_status":8,"order_type":"53","areaid":"330104","item_id":81},{"address":"辽宁省","access_date":"2016-04-12 12:08:27","account":"z***6","quantity":1,"handle_status":8,"order_type":"53","areaid":"211002","item_id":81},{"address":"山西省","access_date":"2016-04-12 12:08:27","account":"龙***5","quantity":1,"handle_status":8,"order_type":"53","areaid":"140802","item_id":81},{"address":"浙江省","access_date":"2016-04-12 12:08:27","account":"1***2","quantity":1,"handle_status":8,"order_type":"53","areaid":"330322","item_id":81}]