[{"address":"浙江省","access_date":"2017-04-05 14:39:19","account":"h***b","quantity":1,"handle_status":5,"order_type":"2","areaid":"330102","item_id":164},{"address":"辽宁省","access_date":"2017-03-11 10:26:19","account":"1***3","quantity":1,"handle_status":8,"order_type":"2","areaid":"210602","item_id":164},{"address":"福建省","access_date":"2017-03-11 10:25:56","account":"1***2","quantity":2,"handle_status":8,"order_type":"2","areaid":"350104","item_id":164},{"address":"浙江省","access_date":"2017-03-11 10:25:51","account":"1***3","quantity":1,"handle_status":8,"order_type":"2","areaid":"330109","item_id":164},{"address":"广西壮族自治区","access_date":"2017-03-10 20:13:50","account":"周***正","quantity":1,"handle_status":8,"order_type":"2","areaid":"450302","item_id":164},{"address":"湖北省","access_date":"2017-03-10 16:27:15","account":"s***2","quantity":1,"handle_status":8,"order_type":"2","areaid":"421002","item_id":164},{"address":"湖北省","access_date":"2017-03-10 16:06:05","account":"s***2","quantity":1,"handle_status":8,"order_type":"2","areaid":"421002","item_id":164},{"address":"广西壮族自治区","access_date":"2017-03-10 16:00:15","account":"h***2","quantity":1,"handle_status":8,"order_type":"2","areaid":"450304","item_id":164},{"address":"江西省","access_date":"2017-03-10 16:00:12","account":"邮***生","quantity":1,"handle_status":8,"order_type":"2","areaid":"360122","item_id":164},{"address":"安徽省","access_date":"2017-03-10 15:39:15","account":"邮***生","quantity":1,"handle_status":8,"order_type":"2","areaid":"341502","item_id":164},{"address":"广西壮族自治区","access_date":"2017-03-10 15:39:13","account":"1***6","quantity":2,"handle_status":8,"order_type":"2","areaid":"450521","item_id":164},{"address":"北京市","access_date":"2017-03-10 15:36:49","account":"h***a","quantity":1,"handle_status":8,"order_type":"2","areaid":"110111","item_id":164},{"address":"北京市","access_date":"2017-03-10 15:36:41","account":"w***8","quantity":2,"handle_status":8,"order_type":"2","areaid":"110108","item_id":164},{"address":"广东省","access_date":"2017-03-10 15:36:26","account":"w***n","quantity":1,"handle_status":8,"order_type":"2","areaid":"440605","item_id":164},{"address":"宁夏回族自治区","access_date":"2017-03-10 15:36:24","account":"x***1","quantity":1,"handle_status":8,"order_type":"2","areaid":"640104","item_id":164},{"address":"北京市","access_date":"2017-03-10 15:36:22","account":"y***g","quantity":4,"handle_status":8,"order_type":"2","areaid":"110105","item_id":164},{"address":"浙江省","access_date":"2017-03-10 15:36:21","account":"z***5","quantity":3,"handle_status":8,"order_type":"2","areaid":"330381","item_id":164},{"address":"浙江省","access_date":"2017-03-10 15:12:09","account":"1***8","quantity":2,"handle_status":8,"order_type":"2","areaid":"331081","item_id":164},{"address":"湖北省","access_date":"2017-03-10 15:01:48","account":"1***9","quantity":4,"handle_status":8,"order_type":"2","areaid":"421002","item_id":164},{"address":"浙江省","access_date":"2017-03-10 14:55:43","account":"1***7","quantity":1,"handle_status":8,"order_type":"2","areaid":"330204","item_id":164},{"address":"江苏省","access_date":"2017-03-10 14:55:43","account":"t***0","quantity":1,"handle_status":8,"order_type":"2","areaid":"320211","item_id":164},{"address":"广西壮族自治区","access_date":"2017-03-10 14:55:42","account":"g***t","quantity":1,"handle_status":8,"order_type":"2","areaid":"450107","item_id":164},{"address":"湖南省","access_date":"2017-03-10 14:55:39","account":"p***o","quantity":1,"handle_status":-6,"order_type":"2","areaid":"430103","item_id":164},{"address":"浙江省","access_date":"2017-03-10 14:52:33","account":"z***5","quantity":1,"handle_status":8,"order_type":"2","areaid":"330381","item_id":164},{"address":"河北省","access_date":"2017-03-10 14:51:53","account":"s***2","quantity":1,"handle_status":8,"order_type":"2","areaid":"130108","item_id":164},{"address":"上海市","access_date":"2017-03-10 14:07:53","account":"y***w","quantity":2,"handle_status":8,"order_type":"2","areaid":"310104","item_id":164},{"address":"河南省","access_date":"2017-03-10 14:07:51","account":"夏***4","quantity":1,"handle_status":8,"order_type":"2","areaid":"410103","item_id":164},{"address":"辽宁省","access_date":"2017-03-10 14:07:50","account":"1***5","quantity":1,"handle_status":8,"order_type":"2","areaid":"211002","item_id":164},{"address":"上海市","access_date":"2017-03-10 14:07:48","account":"z***8","quantity":4,"handle_status":8,"order_type":"2","areaid":"310107","item_id":164},{"address":"江西省","access_date":"2017-03-10 14:07:43","account":"w***8","quantity":1,"handle_status":8,"order_type":"2","areaid":"360103","item_id":164},{"address":"黑龙江省","access_date":"2017-03-10 14:07:42","account":"l***f","quantity":2,"handle_status":8,"order_type":"2","areaid":"230103","item_id":164},{"address":"江西省","access_date":"2017-03-10 14:07:40","account":"1***6","quantity":4,"handle_status":8,"order_type":"2","areaid":"361124","item_id":164},{"address":"湖北省","access_date":"2017-03-10 14:07:38","account":"仁***嗔","quantity":2,"handle_status":8,"order_type":"2","areaid":"420502","item_id":164},{"address":"广东省","access_date":"2017-03-10 14:07:36","account":"x***j","quantity":1,"handle_status":-6,"order_type":"2","areaid":"441424","item_id":164},{"address":"河北省","access_date":"2017-03-10 14:07:35","account":"h***1","quantity":2,"handle_status":8,"order_type":"2","areaid":"130503","item_id":164},{"address":"河北省","access_date":"2017-03-10 14:07:35","account":"赵***5","quantity":1,"handle_status":8,"order_type":"2","areaid":"130283","item_id":164},{"address":"上海市","access_date":"2017-03-10 14:07:34","account":"n***g","quantity":1,"handle_status":8,"order_type":"2","areaid":"310115","item_id":164},{"address":"浙江省","access_date":"2017-03-10 14:07:33","account":"仙***草","quantity":1,"handle_status":8,"order_type":"2","areaid":"330104","item_id":164},{"address":"山东省","access_date":"2017-03-10 14:07:32","account":"h***i","quantity":2,"handle_status":8,"order_type":"2","areaid":"370801","item_id":164},{"address":"山东省","access_date":"2017-03-10 14:07:31","account":"d***n","quantity":4,"handle_status":8,"order_type":"2","areaid":"370104","item_id":164},{"address":"上海市","access_date":"2017-03-10 14:07:29","account":"s***o","quantity":4,"handle_status":-6,"order_type":"2","areaid":"310115","item_id":164},{"address":"上海市","access_date":"2017-03-10 14:07:28","account":"a***1","quantity":1,"handle_status":8,"order_type":"2","areaid":"310106","item_id":164},{"address":"四川省","access_date":"2017-03-10 14:07:27","account":"s***d","quantity":1,"handle_status":8,"order_type":"2","areaid":"510122","item_id":164},{"address":"广东省","access_date":"2017-03-10 14:07:25","account":"t***8","quantity":1,"handle_status":8,"order_type":"2","areaid":"440402","item_id":164},{"address":"辽宁省","access_date":"2017-03-10 14:07:23","account":"彩***0","quantity":4,"handle_status":8,"order_type":"2","areaid":"210803","item_id":164},{"address":"四川省","access_date":"2017-03-10 14:07:23","account":"z***3","quantity":1,"handle_status":8,"order_type":"2","areaid":"510101","item_id":164},{"address":"江苏省","access_date":"2017-03-10 14:07:22","account":"幽***客","quantity":1,"handle_status":8,"order_type":"2","areaid":"320582","item_id":164},{"address":"山东省","access_date":"2017-03-10 14:07:21","account":"7***y","quantity":1,"handle_status":8,"order_type":"2","areaid":"371602","item_id":164},{"address":"上海市","access_date":"2017-03-10 14:07:19","account":"w***o","quantity":4,"handle_status":8,"order_type":"2","areaid":"310120","item_id":164},{"address":"北京市","access_date":"2017-03-10 14:07:15","account":"t***4","quantity":4,"handle_status":8,"order_type":"2","areaid":"110105","item_id":164},{"address":"甘肃省","access_date":"2017-03-10 14:07:14","account":"学***会","quantity":1,"handle_status":8,"order_type":"2","areaid":"621002","item_id":164},{"address":"上海市","access_date":"2017-03-10 14:07:14","account":"j***1","quantity":2,"handle_status":8,"order_type":"2","areaid":"310115","item_id":164},{"address":"江苏省","access_date":"2017-03-10 14:06:59","account":"s***y","quantity":2,"handle_status":8,"order_type":"2","areaid":"320602","item_id":164},{"address":"上海市","access_date":"2017-03-10 14:06:58","account":"q***2","quantity":4,"handle_status":-6,"order_type":"2","areaid":"310115","item_id":164},{"address":"江苏省","access_date":"2017-03-10 14:06:53","account":"j***y","quantity":1,"handle_status":8,"order_type":"2","areaid":"320585","item_id":164},{"address":"河北省","access_date":"2017-03-10 14:06:51","account":"1***8","quantity":1,"handle_status":8,"order_type":"2","areaid":"131121","item_id":164},{"address":"北京市","access_date":"2017-03-10 14:06:51","account":"z***1","quantity":1,"handle_status":8,"order_type":"2","areaid":"110105","item_id":164},{"address":"广东省","access_date":"2017-03-10 14:06:50","account":"f***u","quantity":1,"handle_status":8,"order_type":"2","areaid":"440306","item_id":164},{"address":"山东省","access_date":"2017-03-10 14:06:50","account":"x***8","quantity":4,"handle_status":8,"order_type":"2","areaid":"371424","item_id":164},{"address":"北京市","access_date":"2017-03-10 14:06:50","account":"韩***冰","quantity":4,"handle_status":8,"order_type":"2","areaid":"110108","item_id":164},{"address":"陕西省","access_date":"2017-03-10 14:06:48","account":"r***r","quantity":4,"handle_status":8,"order_type":"2","areaid":"610501","item_id":164},{"address":"浙江省","access_date":"2017-03-10 14:06:47","account":"h***o","quantity":4,"handle_status":8,"order_type":"2","areaid":"330602","item_id":164},{"address":"贵州省","access_date":"2017-03-10 14:06:46","account":"l***3","quantity":1,"handle_status":8,"order_type":"2","areaid":"520302","item_id":164},{"address":"北京市","access_date":"2017-03-10 14:06:44","account":"v***r","quantity":2,"handle_status":8,"order_type":"2","areaid":"110102","item_id":164},{"address":"山东省","access_date":"2017-03-10 14:06:43","account":"j***n","quantity":1,"handle_status":8,"order_type":"2","areaid":"370701","item_id":164},{"address":"浙江省","access_date":"2017-03-10 14:06:39","account":"z***5","quantity":1,"handle_status":8,"order_type":"2","areaid":"330483","item_id":164},{"address":"河北省","access_date":"2017-03-10 14:06:39","account":"h***k","quantity":2,"handle_status":8,"order_type":"2","areaid":"130903","item_id":164},{"address":"陕西省","access_date":"2017-03-10 14:06:36","account":"中***4","quantity":2,"handle_status":8,"order_type":"2","areaid":"610104","item_id":164},{"address":"北京市","access_date":"2017-03-10 14:06:36","account":"花***香","quantity":2,"handle_status":8,"order_type":"2","areaid":"110101","item_id":164},{"address":"上海市","access_date":"2017-03-10 14:06:33","account":"h***n","quantity":1,"handle_status":8,"order_type":"2","areaid":"310109","item_id":164},{"address":"山西省","access_date":"2017-03-10 14:06:27","account":"耳***哥","quantity":1,"handle_status":8,"order_type":"2","areaid":"140726","item_id":164},{"address":"浙江省","access_date":"2017-03-10 14:06:26","account":"z***4","quantity":1,"handle_status":8,"order_type":"2","areaid":"330502","item_id":164},{"address":"上海市","access_date":"2017-03-10 14:06:25","account":"j***0","quantity":2,"handle_status":8,"order_type":"2","areaid":"310112","item_id":164},{"address":"上海市","access_date":"2017-03-10 14:06:22","account":"b***n","quantity":1,"handle_status":8,"order_type":"2","areaid":"310101","item_id":164},{"address":"陕西省","access_date":"2017-03-10 14:06:20","account":"t***g","quantity":1,"handle_status":8,"order_type":"2","areaid":"610114","item_id":164},{"address":"河南省","access_date":"2017-03-10 14:06:18","account":"1***6","quantity":4,"handle_status":8,"order_type":"2","areaid":"411421","item_id":164},{"address":"江苏省","access_date":"2017-03-10 14:06:16","account":"1***3","quantity":1,"handle_status":8,"order_type":"2","areaid":"320507","item_id":164},{"address":"山东省","access_date":"2017-03-10 14:06:13","account":"w***6","quantity":1,"handle_status":8,"order_type":"2","areaid":"370403","item_id":164},{"address":"黑龙江省","access_date":"2017-03-10 14:06:11","account":"k***4","quantity":1,"handle_status":8,"order_type":"2","areaid":"230903","item_id":164},{"address":"北京市","access_date":"2017-03-10 14:06:10","account":"c***8","quantity":1,"handle_status":8,"order_type":"2","areaid":"110115","item_id":164},{"address":"北京市","access_date":"2017-03-10 14:06:09","account":"t***5","quantity":1,"handle_status":8,"order_type":"2","areaid":"110106","item_id":164},{"address":"天津市","access_date":"2017-03-10 14:06:08","account":"w***u","quantity":1,"handle_status":8,"order_type":"2","areaid":"120105","item_id":164},{"address":"河北省","access_date":"2017-03-10 14:06:03","account":"w***6","quantity":2,"handle_status":8,"order_type":"2","areaid":"130636","item_id":164},{"address":"辽宁省","access_date":"2017-03-10 14:06:03","account":"t***0","quantity":1,"handle_status":8,"order_type":"2","areaid":"211004","item_id":164},{"address":"福建省","access_date":"2017-03-10 14:05:59","account":"y***7","quantity":4,"handle_status":8,"order_type":"2","areaid":"350206","item_id":164},{"address":"辽宁省","access_date":"2017-03-10 14:05:51","account":"1***9","quantity":1,"handle_status":8,"order_type":"2","areaid":"211005","item_id":164},{"address":"辽宁省","access_date":"2017-03-10 14:05:46","account":"雷***o","quantity":1,"handle_status":8,"order_type":"2","areaid":"210106","item_id":164},{"address":"山东省","access_date":"2017-03-10 14:05:46","account":"x***8","quantity":4,"handle_status":8,"order_type":"2","areaid":"371424","item_id":164},{"address":"内蒙古自治区","access_date":"2017-03-10 14:05:44","account":"1***8","quantity":4,"handle_status":8,"order_type":"2","areaid":"150204","item_id":164},{"address":"浙江省","access_date":"2017-03-10 14:05:43","account":"h***e","quantity":1,"handle_status":8,"order_type":"2","areaid":"330327","item_id":164},{"address":"宁夏回族自治区","access_date":"2017-03-10 14:05:39","account":"n***k","quantity":4,"handle_status":-6,"order_type":"2","areaid":"640121","item_id":164},{"address":"宁夏回族自治区","access_date":"2017-03-10 14:05:39","account":"小***人","quantity":1,"handle_status":8,"order_type":"2","areaid":"640423","item_id":164},{"address":"江西省","access_date":"2017-03-10 14:05:39","account":"I***5","quantity":1,"handle_status":8,"order_type":"2","areaid":"360111","item_id":164},{"address":"浙江省","access_date":"2017-03-10 14:05:23","account":"l***5","quantity":1,"handle_status":8,"order_type":"2","areaid":"330483","item_id":164},{"address":"江苏省","access_date":"2017-03-10 14:05:22","account":"j***3","quantity":1,"handle_status":8,"order_type":"2","areaid":"320202","item_id":164},{"address":"上海市","access_date":"2017-03-10 14:05:20","account":"f***y","quantity":4,"handle_status":8,"order_type":"2","areaid":"310110","item_id":164},{"address":"北京市","access_date":"2017-03-10 14:05:17","account":"d***2","quantity":1,"handle_status":8,"order_type":"2","areaid":"110105","item_id":164},{"address":"北京市","access_date":"2017-03-10 14:05:17","account":"江***g","quantity":2,"handle_status":8,"order_type":"2","areaid":"110105","item_id":164},{"address":"江苏省","access_date":"2017-03-10 14:05:14","account":"1***7","quantity":1,"handle_status":8,"order_type":"2","areaid":"320506","item_id":164},{"address":"山东省","access_date":"2017-03-10 14:05:06","account":"a***3","quantity":1,"handle_status":8,"order_type":"2","areaid":"370611","item_id":164},{"address":"上海市","access_date":"2017-03-10 14:05:00","account":"g***l","quantity":1,"handle_status":8,"order_type":"2","areaid":"310118","item_id":164},{"address":"辽宁省","access_date":"2017-03-10 14:04:55","account":"d***2","quantity":1,"handle_status":8,"order_type":"2","areaid":"210403","item_id":164},{"address":"上海市","access_date":"2017-03-10 14:04:52","account":"j***0","quantity":2,"handle_status":8,"order_type":"2","areaid":"310112","item_id":164},{"address":"辽宁省","access_date":"2017-03-10 14:04:51","account":"1***4","quantity":1,"handle_status":-6,"order_type":"2","areaid":"210411","item_id":164},{"address":"浙江省","access_date":"2017-03-10 14:04:48","account":"1***8","quantity":1,"handle_status":8,"order_type":"2","areaid":"331081","item_id":164},{"address":"辽宁省","access_date":"2017-03-10 14:04:32","account":"h***4","quantity":1,"handle_status":8,"order_type":"2","areaid":"210782","item_id":164},{"address":"北京市","access_date":"2017-03-10 14:04:30","account":"圆***满","quantity":1,"handle_status":8,"order_type":"2","areaid":"110106","item_id":164},{"address":"河北省","access_date":"2017-03-10 14:04:24","account":"a***3","quantity":1,"handle_status":8,"order_type":"2","areaid":"130185","item_id":164},{"address":"四川省","access_date":"2017-03-10 14:04:23","account":"a***8","quantity":1,"handle_status":8,"order_type":"2","areaid":"511028","item_id":164},{"address":"上海市","access_date":"2017-03-10 14:04:22","account":"1***8","quantity":2,"handle_status":8,"order_type":"2","areaid":"310117","item_id":164},{"address":"广东省","access_date":"2017-03-10 14:04:22","account":"z***3","quantity":2,"handle_status":8,"order_type":"2","areaid":"ff8080814cd0d0f4014cd56f66b80001","item_id":164},{"address":"安徽省","access_date":"2017-03-10 14:04:22","account":"r***8","quantity":2,"handle_status":8,"order_type":"2","areaid":"340104","item_id":164},{"address":"广东省","access_date":"2017-03-10 14:04:19","account":"k***5","quantity":1,"handle_status":8,"order_type":"2","areaid":"440114","item_id":164},{"address":"北京市","access_date":"2017-03-10 14:04:17","account":"1***1","quantity":4,"handle_status":8,"order_type":"2","areaid":"110105","item_id":164},{"address":"黑龙江省","access_date":"2017-03-10 14:04:03","account":"1***9","quantity":1,"handle_status":8,"order_type":"2","areaid":"230110","item_id":164},{"address":"山东省","access_date":"2017-03-10 14:04:03","account":"周***正","quantity":1,"handle_status":8,"order_type":"2","areaid":"370402","item_id":164},{"address":"上海市","access_date":"2017-03-10 14:03:59","account":"达***马","quantity":1,"handle_status":8,"order_type":"2","areaid":"310108","item_id":164},{"address":"河南省","access_date":"2017-03-10 14:03:56","account":"1***0","quantity":4,"handle_status":8,"order_type":"2","areaid":"411726","item_id":164},{"address":"浙江省","access_date":"2017-03-10 14:03:54","account":"陈***1","quantity":1,"handle_status":8,"order_type":"2","areaid":"330521","item_id":164},{"address":"山西省","access_date":"2017-03-10 14:03:53","account":"l***2","quantity":1,"handle_status":8,"order_type":"2","areaid":"140881","item_id":164},{"address":"江苏省","access_date":"2017-03-10 14:03:52","account":"g***i","quantity":2,"handle_status":8,"order_type":"2","areaid":"320322","item_id":164},{"address":"吉林省","access_date":"2017-03-10 14:03:50","account":"p***0","quantity":2,"handle_status":8,"order_type":"2","areaid":"220104","item_id":164},{"address":"四川省","access_date":"2017-03-10 14:03:48","account":"f***d","quantity":1,"handle_status":8,"order_type":"2","areaid":"510106","item_id":164},{"address":"四川省","access_date":"2017-03-10 14:03:48","account":"藏***7","quantity":1,"handle_status":8,"order_type":"2","areaid":"511011","item_id":164},{"address":"山东省","access_date":"2017-03-10 14:03:40","account":"x***8","quantity":4,"handle_status":8,"order_type":"2","areaid":"371424","item_id":164},{"address":"辽宁省","access_date":"2017-03-10 14:03:31","account":"a***5","quantity":2,"handle_status":8,"order_type":"2","areaid":"211402","item_id":164},{"address":"河北省","access_date":"2017-03-10 14:03:25","account":"s***o","quantity":2,"handle_status":8,"order_type":"2","areaid":"130104","item_id":164},{"address":"上海市","access_date":"2017-03-10 14:03:23","account":"s***1","quantity":1,"handle_status":8,"order_type":"2","areaid":"310115","item_id":164},{"address":"浙江省","access_date":"2017-03-10 14:03:01","account":"1***6","quantity":1,"handle_status":8,"order_type":"2","areaid":"330303","item_id":164},{"address":"山西省","access_date":"2017-03-10 14:02:58","account":"h***y","quantity":1,"handle_status":8,"order_type":"2","areaid":"140930","item_id":164},{"address":"上海市","access_date":"2017-03-10 14:02:54","account":"1***7","quantity":4,"handle_status":8,"order_type":"2","areaid":"310107","item_id":164},{"address":"上海市","access_date":"2017-03-10 14:02:48","account":"g***e","quantity":4,"handle_status":8,"order_type":"2","areaid":"310113","item_id":164},{"address":"北京市","access_date":"2017-03-10 14:02:45","account":"1***2","quantity":4,"handle_status":8,"order_type":"2","areaid":"110108","item_id":164},{"address":"上海市","access_date":"2017-03-10 14:02:39","account":"z***d","quantity":2,"handle_status":8,"order_type":"2","areaid":"310101","item_id":164},{"address":"广东省","access_date":"2017-03-10 14:02:38","account":"1***6","quantity":4,"handle_status":8,"order_type":"2","areaid":"440307","item_id":164},{"address":"河南省","access_date":"2017-03-10 14:02:28","account":"陈***锋","quantity":4,"handle_status":8,"order_type":"2","areaid":"411702","item_id":164},{"address":"浙江省","access_date":"2017-03-10 14:02:18","account":"c***1","quantity":1,"handle_status":8,"order_type":"2","areaid":"331082","item_id":164},{"address":"甘肃省","access_date":"2017-03-10 14:01:57","account":"j***o","quantity":1,"handle_status":8,"order_type":"2","areaid":"620902","item_id":164},{"address":"上海市","access_date":"2017-03-10 14:01:46","account":"s***m","quantity":1,"handle_status":8,"order_type":"2","areaid":"310107","item_id":164},{"address":"黑龙江省","access_date":"2017-03-10 14:01:35","account":"s***9","quantity":2,"handle_status":8,"order_type":"2","areaid":"230109","item_id":164},{"address":"上海市","access_date":"2017-03-10 14:01:30","account":"W***5","quantity":1,"handle_status":8,"order_type":"2","areaid":"310108","item_id":164},{"address":"福建省","access_date":"2017-03-10 14:01:12","account":"l***n","quantity":4,"handle_status":8,"order_type":"2","areaid":"350302","item_id":164},{"address":"江苏省","access_date":"2017-03-10 14:01:05","account":"z***b","quantity":1,"handle_status":8,"order_type":"2","areaid":"320211","item_id":164},{"address":"北京市","access_date":"2017-03-10 14:01:01","account":"风***生","quantity":1,"handle_status":8,"order_type":"2","areaid":"110102","item_id":164},{"address":"北京市","access_date":"2017-03-10 14:00:49","account":"j***j","quantity":4,"handle_status":8,"order_type":"2","areaid":"110106","item_id":164}]