[{"address":"江苏省","access_date":"2017-03-19 00:12:02","account":"j***b","quantity":1,"handle_status":8,"order_type":"2","areaid":"320106","item_id":178},{"address":"上海市","access_date":"2017-03-18 05:56:56","account":"y***9","quantity":1,"handle_status":8,"order_type":"2","areaid":"310114","item_id":178},{"address":"上海市","access_date":"2017-03-17 21:10:20","account":"l***l","quantity":1,"handle_status":8,"order_type":"2","areaid":"310110","item_id":178},{"address":"内蒙古自治区","access_date":"2017-03-17 18:56:21","account":"x***6","quantity":1,"handle_status":8,"order_type":"2","areaid":"150204","item_id":178},{"address":"山东省","access_date":"2017-03-17 17:40:36","account":"1***8","quantity":1,"handle_status":8,"order_type":"2","areaid":"370211","item_id":178},{"address":"上海市","access_date":"2017-03-17 11:33:22","account":"1***6","quantity":1,"handle_status":-6,"order_type":"2","areaid":"310115","item_id":178},{"address":"辽宁省","access_date":"2017-03-17 11:29:33","account":"1***3","quantity":1,"handle_status":8,"order_type":"2","areaid":"210202","item_id":178},{"address":"广东省","access_date":"2017-03-17 10:18:01","account":"g***u","quantity":1,"handle_status":8,"order_type":"2","areaid":"440106","item_id":178},{"address":"陕西省","access_date":"2017-03-17 09:53:09","account":"1***6","quantity":1,"handle_status":8,"order_type":"2","areaid":"610112","item_id":178},{"address":"山东省","access_date":"2017-03-17 09:51:55","account":"1***7","quantity":1,"handle_status":8,"order_type":"2","areaid":"370211","item_id":178},{"address":"辽宁省","access_date":"2017-03-17 09:50:43","account":"j***y","quantity":1,"handle_status":8,"order_type":"2","areaid":"210102","item_id":178},{"address":"广东省","access_date":"2017-03-17 09:49:31","account":"h***o","quantity":1,"handle_status":8,"order_type":"2","areaid":"ff8080814cd0d0f4014cd571e2a50002","item_id":178},{"address":"陕西省","access_date":"2017-03-17 09:49:06","account":"1***2","quantity":1,"handle_status":8,"order_type":"2","areaid":"610112","item_id":178},{"address":"北京市","access_date":"2017-03-17 09:05:05","account":"1***3","quantity":1,"handle_status":8,"order_type":"2","areaid":"110112","item_id":178},{"address":"陕西省","access_date":"2017-03-17 09:04:43","account":"t***n","quantity":1,"handle_status":8,"order_type":"2","areaid":"610112","item_id":178},{"address":"河北省","access_date":"2017-03-17 09:04:30","account":"古***鲜","quantity":1,"handle_status":8,"order_type":"2","areaid":"131001","item_id":178},{"address":"江苏省","access_date":"2017-03-17 09:04:10","account":"p***0","quantity":1,"handle_status":8,"order_type":"2","areaid":"320582","item_id":178},{"address":"上海市","access_date":"2017-03-17 09:03:16","account":"d***9","quantity":1,"handle_status":8,"order_type":"2","areaid":"310105","item_id":178},{"address":"河北省","access_date":"2017-03-17 09:01:34","account":"李***卿","quantity":1,"handle_status":8,"order_type":"2","areaid":"131001","item_id":178},{"address":"上海市","access_date":"2017-03-17 09:00:55","account":"杨***锋","quantity":1,"handle_status":8,"order_type":"2","areaid":"310112","item_id":178},{"address":"江苏省","access_date":"2017-03-17 09:00:28","account":"木***人","quantity":1,"handle_status":8,"order_type":"2","areaid":"320404","item_id":178}]