[{"address":"辽宁省","access_date":"2015-11-11 09:45:00","account":"p***n","quantity":1,"handle_status":8,"order_type":"53","areaid":"210302","item_id":58},{"address":"上海市","access_date":"2015-11-11 09:45:00","account":"g***h","quantity":1,"handle_status":8,"order_type":"53","areaid":"310115","item_id":58},{"address":"江苏省","access_date":"2015-11-11 09:45:00","account":"a***g","quantity":1,"handle_status":8,"order_type":"53","areaid":"321204","item_id":58},{"address":"安徽省","access_date":"2015-11-11 09:45:00","account":"默***戮","quantity":1,"handle_status":8,"order_type":"53","areaid":"341102","item_id":58},{"address":"云南省","access_date":"2015-11-11 09:45:00","account":"1***0","quantity":1,"handle_status":8,"order_type":"53","areaid":"530114","item_id":58},{"address":"上海市","access_date":"2015-11-11 09:45:00","account":"d***u","quantity":1,"handle_status":8,"order_type":"53","areaid":"310106","item_id":58},{"address":"北京市","access_date":"2015-11-11 09:45:00","account":"明***奶","quantity":1,"handle_status":8,"order_type":"53","areaid":"110108","item_id":58},{"address":"河北省","access_date":"2015-11-11 09:45:00","account":"l***5","quantity":1,"handle_status":8,"order_type":"53","areaid":"130603","item_id":58},{"address":"四川省","access_date":"2015-11-11 09:45:00","account":"l***j","quantity":1,"handle_status":8,"order_type":"53","areaid":"511302","item_id":58},{"address":"江苏省","access_date":"2015-11-11 09:45:00","account":"r***8","quantity":1,"handle_status":8,"order_type":"53","areaid":"320507","item_id":58},{"address":"广西壮族自治区","access_date":"2015-11-11 09:45:00","account":"1***2","quantity":1,"handle_status":8,"order_type":"53","areaid":"450204","item_id":58},{"address":"山西省","access_date":"2015-11-11 09:45:00","account":"g***9","quantity":1,"handle_status":8,"order_type":"53","areaid":"140109","item_id":58},{"address":"陕西省","access_date":"2015-11-11 09:45:00","account":"1***3","quantity":1,"handle_status":8,"order_type":"53","areaid":"610103","item_id":58},{"address":"北京市","access_date":"2015-11-11 09:45:00","account":"j***4","quantity":1,"handle_status":8,"order_type":"53","areaid":"110105","item_id":58},{"address":"江苏省","access_date":"2015-11-11 09:45:00","account":"花***8","quantity":1,"handle_status":8,"order_type":"53","areaid":"320404","item_id":58},{"address":"上海市","access_date":"2015-11-11 09:45:00","account":"朱***鸣","quantity":1,"handle_status":8,"order_type":"53","areaid":"310101","item_id":58},{"address":"上海市","access_date":"2015-11-11 09:45:00","account":"g***6","quantity":1,"handle_status":8,"order_type":"53","areaid":"310115","item_id":58},{"address":"广西壮族自治区","access_date":"2015-11-11 09:45:00","account":"x***5","quantity":1,"handle_status":8,"order_type":"53","areaid":"450103","item_id":58},{"address":"浙江省","access_date":"2015-11-11 09:45:00","account":"n***z","quantity":1,"handle_status":8,"order_type":"53","areaid":"330105","item_id":58},{"address":"江苏省","access_date":"2015-11-11 09:45:00","account":"h***o","quantity":1,"handle_status":8,"order_type":"53","areaid":"320102","item_id":58},{"address":"内蒙古自治区","access_date":"2015-11-11 09:45:00","account":"y***u","quantity":1,"handle_status":8,"order_type":"53","areaid":"150105","item_id":58},{"address":"山东省","access_date":"2015-11-11 09:45:00","account":"杨***燕","quantity":1,"handle_status":8,"order_type":"53","areaid":"370202","item_id":58},{"address":"天津市","access_date":"2015-11-11 09:45:00","account":"j***8","quantity":1,"handle_status":8,"order_type":"53","areaid":"120104","item_id":58},{"address":"浙江省","access_date":"2015-11-11 09:45:00","account":"l***5","quantity":1,"handle_status":8,"order_type":"53","areaid":"331081","item_id":58},{"address":"重庆市","access_date":"2015-11-11 09:45:00","account":"w***4","quantity":1,"handle_status":8,"order_type":"53","areaid":"500114","item_id":58},{"address":"北京市","access_date":"2015-11-11 09:45:00","account":"若***离","quantity":1,"handle_status":8,"order_type":"53","areaid":"110105","item_id":58},{"address":"浙江省","access_date":"2015-11-11 09:44:59","account":"1***7","quantity":1,"handle_status":8,"order_type":"53","areaid":"330421","item_id":58},{"address":"江苏省","access_date":"2015-11-11 09:44:59","account":"j***0","quantity":1,"handle_status":8,"order_type":"53","areaid":"320830","item_id":58},{"address":"北京市","access_date":"2015-11-11 09:44:59","account":"l***0","quantity":1,"handle_status":8,"order_type":"53","areaid":"110114","item_id":58},{"address":"山东省","access_date":"2015-11-11 09:44:59","account":"a***9","quantity":1,"handle_status":8,"order_type":"53","areaid":"370112","item_id":58},{"address":"福建省","access_date":"2015-11-09 13:30:07","account":"p***8","quantity":1,"handle_status":8,"order_type":"spike","areaid":"350103","item_id":58},{"address":"江苏省","access_date":"2015-11-09 13:30:07","account":"h***0","quantity":1,"handle_status":8,"order_type":"spike","areaid":"320104","item_id":58},{"address":"北京市","access_date":"2015-11-09 13:30:07","account":"1***x","quantity":1,"handle_status":8,"order_type":"spike","areaid":"110102","item_id":58},{"address":"湖北省","access_date":"2015-11-09 13:30:07","account":"p***7","quantity":1,"handle_status":8,"order_type":"spike","areaid":"421003","item_id":58},{"address":"北京市","access_date":"2015-11-09 13:30:06","account":"y***7","quantity":1,"handle_status":8,"order_type":"spike","areaid":"110114","item_id":58},{"address":"宁夏回族自治区","access_date":"2015-11-09 13:30:06","account":"x***1","quantity":1,"handle_status":8,"order_type":"spike","areaid":"640104","item_id":58},{"address":"浙江省","access_date":"2015-11-09 13:30:06","account":"z***2","quantity":1,"handle_status":8,"order_type":"spike","areaid":"331126","item_id":58},{"address":"北京市","access_date":"2015-11-09 13:30:05","account":"i***a","quantity":1,"handle_status":8,"order_type":"spike","areaid":"110102","item_id":58},{"address":"四川省","access_date":"2015-11-09 13:30:05","account":"1***9","quantity":1,"handle_status":8,"order_type":"spike","areaid":"511381","item_id":58},{"address":"山西省","access_date":"2015-11-09 13:30:05","account":"w***n","quantity":1,"handle_status":8,"order_type":"spike","areaid":"140106","item_id":58},{"address":"广东省","access_date":"2015-11-09 11:30:09","account":"d***u","quantity":1,"handle_status":8,"order_type":"spike","areaid":"440203","item_id":58},{"address":"北京市","access_date":"2015-11-09 11:30:08","account":"1***0","quantity":1,"handle_status":8,"order_type":"spike","areaid":"110108","item_id":58},{"address":"江苏省","access_date":"2015-11-09 11:30:08","account":"高***用","quantity":1,"handle_status":8,"order_type":"spike","areaid":"320322","item_id":58},{"address":"浙江省","access_date":"2015-11-09 11:30:08","account":"h***u","quantity":1,"handle_status":8,"order_type":"spike","areaid":"330103","item_id":58},{"address":"江西省","access_date":"2015-11-09 11:30:07","account":"1***4","quantity":1,"handle_status":8,"order_type":"spike","areaid":"360103","item_id":58},{"address":"辽宁省","access_date":"2015-11-09 11:30:06","account":"v***4","quantity":1,"handle_status":8,"order_type":"spike","areaid":"211002","item_id":58},{"address":"北京市","access_date":"2015-11-09 11:30:06","account":"s***y","quantity":1,"handle_status":8,"order_type":"spike","areaid":"110101","item_id":58},{"address":"陕西省","access_date":"2015-11-09 11:30:06","account":"y***7","quantity":1,"handle_status":8,"order_type":"spike","areaid":"610723","item_id":58},{"address":"北京市","access_date":"2015-11-09 11:30:06","account":"y***g","quantity":1,"handle_status":8,"order_type":"spike","areaid":"110102","item_id":58},{"address":"北京市","access_date":"2015-11-09 11:30:05","account":"w***7","quantity":1,"handle_status":8,"order_type":"spike","areaid":"110114","item_id":58},{"address":"广东省","access_date":"2015-11-08 15:00:07","account":"l***e","quantity":1,"handle_status":8,"order_type":"spike","areaid":"440106","item_id":58},{"address":"山东省","access_date":"2015-11-08 15:00:07","account":"山***翔","quantity":1,"handle_status":8,"order_type":"spike","areaid":"370202","item_id":58},{"address":"辽宁省","access_date":"2015-11-08 15:00:07","account":"v***4","quantity":1,"handle_status":8,"order_type":"spike","areaid":"211002","item_id":58},{"address":"贵州省","access_date":"2015-11-08 15:00:07","account":"l***3","quantity":1,"handle_status":8,"order_type":"spike","areaid":"520302","item_id":58},{"address":"山东省","access_date":"2015-11-08 15:00:06","account":"没***网","quantity":1,"handle_status":8,"order_type":"spike","areaid":"371502","item_id":58},{"address":"江苏省","access_date":"2015-11-08 15:00:06","account":"1***6","quantity":1,"handle_status":8,"order_type":"spike","areaid":"320114","item_id":58},{"address":"上海市","access_date":"2015-11-08 15:00:06","account":"1***9","quantity":1,"handle_status":8,"order_type":"spike","areaid":"310104","item_id":58},{"address":"广东省","access_date":"2015-11-08 15:00:06","account":"收***家","quantity":1,"handle_status":8,"order_type":"spike","areaid":"440883","item_id":58},{"address":"北京市","access_date":"2015-11-08 15:00:05","account":"h***a","quantity":1,"handle_status":8,"order_type":"spike","areaid":"110111","item_id":58},{"address":"上海市","access_date":"2015-11-08 15:00:05","account":"k***o","quantity":1,"handle_status":8,"order_type":"spike","areaid":"310101","item_id":58},{"address":"天津市","access_date":"2015-11-08 13:30:09","account":"a***y","quantity":1,"handle_status":8,"order_type":"spike","areaid":"120104","item_id":58},{"address":"山西省","access_date":"2015-11-08 13:30:08","account":"云***寒","quantity":1,"handle_status":8,"order_type":"spike","areaid":"140202","item_id":58},{"address":"河南省","access_date":"2015-11-08 13:30:08","account":"风***1","quantity":1,"handle_status":8,"order_type":"spike","areaid":"410183","item_id":58},{"address":"广东省","access_date":"2015-11-08 13:30:08","account":"牧***庙","quantity":1,"handle_status":8,"order_type":"spike","areaid":"440883","item_id":58},{"address":"广东省","access_date":"2015-11-08 13:30:07","account":"q***y","quantity":1,"handle_status":8,"order_type":"spike","areaid":"440103","item_id":58},{"address":"上海市","access_date":"2015-11-08 13:30:07","account":"骏***马","quantity":1,"handle_status":8,"order_type":"spike","areaid":"310108","item_id":58},{"address":"浙江省","access_date":"2015-11-08 13:30:07","account":"f***s","quantity":1,"handle_status":8,"order_type":"spike","areaid":"330621","item_id":58},{"address":"北京市","access_date":"2015-11-08 13:30:07","account":"y***7","quantity":1,"handle_status":8,"order_type":"spike","areaid":"110102","item_id":58},{"address":"吉林省","access_date":"2015-11-08 13:30:07","account":"双***阳","quantity":1,"handle_status":8,"order_type":"spike","areaid":"220523","item_id":58},{"address":"广东省","access_date":"2015-11-08 13:30:07","account":"蛮***居","quantity":1,"handle_status":8,"order_type":"spike","areaid":"ff8080814cd0d0f4014cd56f66b80001","item_id":58},{"address":"北京市","access_date":"2015-11-07 13:30:12","account":"s***a","quantity":1,"handle_status":8,"order_type":"spike","areaid":"110108","item_id":58},{"address":"江苏省","access_date":"2015-11-07 13:30:11","account":"1***0","quantity":1,"handle_status":8,"order_type":"spike","areaid":"320684","item_id":58},{"address":"浙江省","access_date":"2015-11-07 13:30:10","account":"x***2","quantity":1,"handle_status":8,"order_type":"spike","areaid":"330211","item_id":58},{"address":"北京市","access_date":"2015-11-07 13:30:10","account":"w***i","quantity":1,"handle_status":8,"order_type":"spike","areaid":"110102","item_id":58},{"address":"浙江省","access_date":"2015-11-07 13:30:09","account":"x***p","quantity":1,"handle_status":8,"order_type":"spike","areaid":"330303","item_id":58},{"address":"北京市","access_date":"2015-11-07 13:30:09","account":"w***8","quantity":1,"handle_status":8,"order_type":"spike","areaid":"110102","item_id":58},{"address":"福建省","access_date":"2015-11-07 13:30:08","account":"1***6","quantity":1,"handle_status":8,"order_type":"spike","areaid":"350881","item_id":58},{"address":"山东省","access_date":"2015-11-07 13:30:08","account":"1***8","quantity":1,"handle_status":8,"order_type":"spike","areaid":"370681","item_id":58},{"address":"湖北省","access_date":"2015-11-07 13:30:07","account":"l***1","quantity":1,"handle_status":8,"order_type":"spike","areaid":"421002","item_id":58},{"address":"河南省","access_date":"2015-11-07 13:30:07","account":"x***k","quantity":1,"handle_status":8,"order_type":"spike","areaid":"410105","item_id":58}]