[{"address":"上海市","access_date":"2016-03-15 09:03:52","account":"1***3","quantity":1,"handle_status":8,"order_type":"53","areaid":"310114","item_id":57},{"address":"新疆维吾尔自治区","access_date":"2016-03-15 09:03:52","account":"l***1","quantity":1,"handle_status":8,"order_type":"53","areaid":"650103","item_id":57},{"address":"江苏省","access_date":"2016-03-15 09:03:52","account":"y***2","quantity":1,"handle_status":8,"order_type":"53","areaid":"320106","item_id":57},{"address":"北京市","access_date":"2016-03-15 09:03:52","account":"任***林","quantity":1,"handle_status":8,"order_type":"53","areaid":"110105","item_id":57},{"address":"浙江省","access_date":"2016-03-15 09:03:52","account":"1***5","quantity":1,"handle_status":8,"order_type":"53","areaid":"330104","item_id":57},{"address":"云南省","access_date":"2016-03-15 09:03:52","account":"李***兰","quantity":1,"handle_status":8,"order_type":"53","areaid":"530111","item_id":57},{"address":"山东省","access_date":"2016-03-15 09:03:52","account":"z***4","quantity":1,"handle_status":8,"order_type":"53","areaid":"371322","item_id":57},{"address":"四川省","access_date":"2016-03-15 09:03:52","account":"1***1","quantity":1,"handle_status":8,"order_type":"53","areaid":"510183","item_id":57},{"address":"新疆维吾尔自治区","access_date":"2016-03-15 09:03:52","account":"蚂***下","quantity":1,"handle_status":8,"order_type":"53","areaid":"654322","item_id":57},{"address":"浙江省","access_date":"2016-03-15 09:03:52","account":"y***n","quantity":1,"handle_status":8,"order_type":"53","areaid":"330502","item_id":57},{"address":"河北省","access_date":"2016-03-15 09:03:52","account":"y***5","quantity":1,"handle_status":8,"order_type":"53","areaid":"130283","item_id":57},{"address":"广东省","access_date":"2016-03-15 09:03:52","account":"1***5","quantity":1,"handle_status":8,"order_type":"53","areaid":"440507","item_id":57},{"address":"辽宁省","access_date":"2016-03-15 09:03:52","account":"f***a","quantity":1,"handle_status":8,"order_type":"53","areaid":"210102","item_id":57},{"address":"浙江省","access_date":"2016-03-15 09:03:52","account":"1***0","quantity":1,"handle_status":8,"order_type":"53","areaid":"330784","item_id":57},{"address":"山西省","access_date":"2016-03-15 09:03:51","account":"1***1","quantity":1,"handle_status":8,"order_type":"53","areaid":"140109","item_id":57},{"address":"江苏省","access_date":"2016-03-15 09:03:51","account":"1***0","quantity":1,"handle_status":8,"order_type":"53","areaid":"321084","item_id":57},{"address":"河南省","access_date":"2016-03-15 09:03:51","account":"1***2","quantity":1,"handle_status":8,"order_type":"53","areaid":"410902","item_id":57},{"address":"上海市","access_date":"2016-03-15 09:03:51","account":"1***6","quantity":1,"handle_status":8,"order_type":"53","areaid":"310115","item_id":57},{"address":"辽宁省","access_date":"2016-03-15 09:03:51","account":"s***9","quantity":1,"handle_status":8,"order_type":"53","areaid":"210202","item_id":57},{"address":"辽宁省","access_date":"2016-03-15 09:03:51","account":"1***0","quantity":1,"handle_status":8,"order_type":"53","areaid":"211103","item_id":57},{"address":"内蒙古自治区","access_date":"2016-03-15 09:03:51","account":"1***6","quantity":1,"handle_status":8,"order_type":"53","areaid":"150429","item_id":57},{"address":"北京市","access_date":"2016-03-15 09:03:51","account":"l***0","quantity":1,"handle_status":8,"order_type":"53","areaid":"110106","item_id":57},{"address":"河南省","access_date":"2016-03-15 09:03:51","account":"l***9","quantity":1,"handle_status":8,"order_type":"53","areaid":"410108","item_id":57},{"address":"上海市","access_date":"2016-03-15 09:03:51","account":"a***s","quantity":1,"handle_status":8,"order_type":"53","areaid":"310113","item_id":57},{"address":"山东省","access_date":"2016-03-15 09:03:51","account":"a***0","quantity":1,"handle_status":8,"order_type":"53","areaid":"370703","item_id":57},{"address":"河北省","access_date":"2016-03-15 09:03:51","account":"s***y","quantity":1,"handle_status":8,"order_type":"53","areaid":"130602","item_id":57},{"address":"江苏省","access_date":"2016-03-15 09:03:51","account":"陆***明","quantity":1,"handle_status":8,"order_type":"53","areaid":"321322","item_id":57},{"address":"江苏省","access_date":"2016-03-15 09:03:51","account":"m***e","quantity":1,"handle_status":8,"order_type":"53","areaid":"320102","item_id":57},{"address":"山东省","access_date":"2016-03-15 09:03:51","account":"老***0","quantity":1,"handle_status":8,"order_type":"53","areaid":"370782","item_id":57},{"address":"江苏省","access_date":"2016-03-15 09:03:51","account":"W***X","quantity":1,"handle_status":8,"order_type":"53","areaid":"320721","item_id":57},{"address":"山西省","access_date":"2016-03-15 09:03:51","account":"l***n","quantity":1,"handle_status":8,"order_type":"53","areaid":"140105","item_id":57},{"address":"山东省","access_date":"2016-03-15 09:03:51","account":"1***3","quantity":1,"handle_status":8,"order_type":"53","areaid":"370634","item_id":57},{"address":"江西省","access_date":"2016-03-15 09:03:51","account":"z***2","quantity":1,"handle_status":8,"order_type":"53","areaid":"360323","item_id":57},{"address":"山东省","access_date":"2016-03-15 09:03:51","account":"l***7","quantity":1,"handle_status":8,"order_type":"53","areaid":"371602","item_id":57},{"address":"湖南省","access_date":"2016-03-15 09:03:51","account":"m***g","quantity":1,"handle_status":8,"order_type":"53","areaid":"430103","item_id":57},{"address":"北京市","access_date":"2016-03-15 09:03:51","account":"1***5","quantity":1,"handle_status":8,"order_type":"53","areaid":"110106","item_id":57},{"address":"河北省","access_date":"2016-03-15 09:03:51","account":"勇***9","quantity":1,"handle_status":8,"order_type":"53","areaid":"130984","item_id":57},{"address":"北京市","access_date":"2016-03-15 09:03:51","account":"w***y","quantity":1,"handle_status":8,"order_type":"53","areaid":"110105","item_id":57},{"address":"江西省","access_date":"2016-03-15 09:03:51","account":"H***6","quantity":1,"handle_status":8,"order_type":"53","areaid":"360111","item_id":57},{"address":"安徽省","access_date":"2016-03-15 09:03:51","account":"徐***伟","quantity":1,"handle_status":8,"order_type":"53","areaid":"340403","item_id":57},{"address":"福建省","access_date":"2016-03-15 09:03:51","account":"t***8","quantity":1,"handle_status":8,"order_type":"53","areaid":"350303","item_id":57},{"address":"河南省","access_date":"2016-03-15 09:03:51","account":"1***5","quantity":1,"handle_status":8,"order_type":"53","areaid":"419001","item_id":57},{"address":"河北省","access_date":"2016-03-15 09:03:51","account":"1***1","quantity":1,"handle_status":8,"order_type":"53","areaid":"130229","item_id":57},{"address":"山东省","access_date":"2016-03-15 09:03:51","account":"s***g","quantity":1,"handle_status":8,"order_type":"53","areaid":"370783","item_id":57},{"address":"北京市","access_date":"2016-03-15 09:03:51","account":"v***5","quantity":1,"handle_status":8,"order_type":"53","areaid":"110108","item_id":57},{"address":"江苏省","access_date":"2016-03-15 09:03:51","account":"l***i","quantity":1,"handle_status":8,"order_type":"53","areaid":"321302","item_id":57},{"address":"福建省","access_date":"2016-03-15 09:03:51","account":"南***陈","quantity":1,"handle_status":8,"order_type":"53","areaid":"350583","item_id":57},{"address":"辽宁省","access_date":"2016-03-15 09:03:51","account":"月***1","quantity":1,"handle_status":8,"order_type":"53","areaid":"210203","item_id":57},{"address":"广西壮族自治区","access_date":"2016-03-15 09:03:51","account":"1***6","quantity":1,"handle_status":8,"order_type":"53","areaid":"450107","item_id":57},{"address":"江苏省","access_date":"2016-03-15 09:03:51","account":"c***2","quantity":1,"handle_status":8,"order_type":"53","areaid":"320829","item_id":57},{"address":"山东省","access_date":"2016-03-15 09:03:51","account":"静***醉","quantity":1,"handle_status":8,"order_type":"53","areaid":"371083","item_id":57},{"address":"辽宁省","access_date":"2016-03-15 09:03:50","account":"z***8","quantity":1,"handle_status":8,"order_type":"53","areaid":"210681","item_id":57},{"address":"浙江省","access_date":"2016-03-15 09:03:50","account":"1***8","quantity":1,"handle_status":8,"order_type":"53","areaid":"330212","item_id":57},{"address":"湖北省","access_date":"2016-03-15 09:03:50","account":"t***o","quantity":1,"handle_status":8,"order_type":"53","areaid":"429004","item_id":57},{"address":"河南省","access_date":"2016-03-15 09:03:50","account":"电***龙","quantity":1,"handle_status":8,"order_type":"53","areaid":"410782","item_id":57},{"address":"山东省","access_date":"2016-03-15 09:03:50","account":"h***g","quantity":1,"handle_status":8,"order_type":"53","areaid":"370303","item_id":57},{"address":"上海市","access_date":"2016-03-15 09:03:50","account":"r***g","quantity":1,"handle_status":8,"order_type":"53","areaid":"310118","item_id":57},{"address":"浙江省","access_date":"2016-03-15 09:03:50","account":"北***邃","quantity":1,"handle_status":8,"order_type":"53","areaid":"330602","item_id":57},{"address":"江苏省","access_date":"2016-03-15 09:03:50","account":"w***4","quantity":1,"handle_status":8,"order_type":"53","areaid":"320508","item_id":57},{"address":"浙江省","access_date":"2016-03-15 09:03:50","account":"小***徐","quantity":1,"handle_status":8,"order_type":"53","areaid":"330304","item_id":57},{"address":"湖北省","access_date":"2016-03-15 09:03:50","account":"1***3","quantity":1,"handle_status":8,"order_type":"53","areaid":"420117","item_id":57},{"address":"浙江省","access_date":"2016-03-15 09:03:50","account":"红***鸭","quantity":1,"handle_status":8,"order_type":"53","areaid":"331002","item_id":57},{"address":"黑龙江省","access_date":"2016-03-15 09:03:50","account":"h***p","quantity":1,"handle_status":8,"order_type":"53","areaid":"230110","item_id":57},{"address":"河北省","access_date":"2016-03-15 09:03:50","account":"张***a","quantity":1,"handle_status":8,"order_type":"53","areaid":"130424","item_id":57},{"address":"福建省","access_date":"2016-03-15 09:03:50","account":"v***0","quantity":1,"handle_status":8,"order_type":"53","areaid":"350603","item_id":57},{"address":"辽宁省","access_date":"2016-03-15 09:03:50","account":"a***8","quantity":1,"handle_status":8,"order_type":"53","areaid":"210105","item_id":57},{"address":"山东省","access_date":"2016-03-15 09:03:50","account":"1***1","quantity":1,"handle_status":8,"order_type":"53","areaid":"370305","item_id":57},{"address":"陕西省","access_date":"2016-03-15 09:03:50","account":"z***k","quantity":1,"handle_status":8,"order_type":"53","areaid":"610824","item_id":57},{"address":"江苏省","access_date":"2016-03-15 09:03:50","account":"l***4","quantity":1,"handle_status":8,"order_type":"53","areaid":"320211","item_id":57},{"address":"辽宁省","access_date":"2016-03-15 09:03:50","account":"飞***妈","quantity":1,"handle_status":8,"order_type":"53","areaid":"210681","item_id":57},{"address":"浙江省","access_date":"2016-03-15 09:03:50","account":"w***n","quantity":1,"handle_status":8,"order_type":"53","areaid":"330104","item_id":57},{"address":"陕西省","access_date":"2016-03-15 09:03:50","account":"2***9","quantity":1,"handle_status":8,"order_type":"53","areaid":"610702","item_id":57},{"address":"河北省","access_date":"2016-03-15 09:03:50","account":"杨***芬","quantity":1,"handle_status":8,"order_type":"53","areaid":"130302","item_id":57},{"address":"安徽省","access_date":"2016-03-15 09:03:50","account":"超***2","quantity":1,"handle_status":8,"order_type":"53","areaid":"340304","item_id":57},{"address":"浙江省","access_date":"2016-03-15 09:03:50","account":"z***8","quantity":1,"handle_status":8,"order_type":"53","areaid":"330302","item_id":57},{"address":"北京市","access_date":"2016-03-15 09:03:50","account":"l***3","quantity":1,"handle_status":8,"order_type":"53","areaid":"110102","item_id":57},{"address":"河北省","access_date":"2016-03-15 09:03:50","account":"沙***明","quantity":1,"handle_status":8,"order_type":"53","areaid":"130983","item_id":57},{"address":"北京市","access_date":"2016-03-15 09:03:50","account":"l***6","quantity":1,"handle_status":8,"order_type":"53","areaid":"110105","item_id":57},{"address":"广东省","access_date":"2016-03-15 09:03:50","account":"l***8","quantity":1,"handle_status":8,"order_type":"53","areaid":"ff8080814cd0d0f4014cd571e2a50002","item_id":57},{"address":"北京市","access_date":"2016-03-15 09:03:50","account":"w***8","quantity":1,"handle_status":8,"order_type":"53","areaid":"110102","item_id":57},{"address":"天津市","access_date":"2016-03-15 09:03:50","account":"1***9","quantity":1,"handle_status":8,"order_type":"53","areaid":"120104","item_id":57},{"address":"北京市","access_date":"2016-03-15 09:03:50","account":"m***g","quantity":1,"handle_status":8,"order_type":"53","areaid":"110106","item_id":57},{"address":"黑龙江省","access_date":"2016-03-15 09:03:50","account":"1***9","quantity":1,"handle_status":8,"order_type":"53","areaid":"230110","item_id":57},{"address":"辽宁省","access_date":"2016-03-15 09:03:50","account":"2***6","quantity":1,"handle_status":8,"order_type":"53","areaid":"211002","item_id":57},{"address":"广东省","access_date":"2016-03-15 09:03:50","account":"C***0","quantity":1,"handle_status":8,"order_type":"53","areaid":"440803","item_id":57},{"address":"上海市","access_date":"2016-03-15 09:03:50","account":"1***6","quantity":1,"handle_status":8,"order_type":"53","areaid":"310105","item_id":57},{"address":"吉林省","access_date":"2016-03-15 09:03:50","account":"g***c","quantity":1,"handle_status":8,"order_type":"53","areaid":"220104","item_id":57},{"address":"上海市","access_date":"2016-03-15 09:03:50","account":"s***g","quantity":1,"handle_status":8,"order_type":"53","areaid":"310115","item_id":57},{"address":"内蒙古自治区","access_date":"2016-03-15 09:03:50","account":"缥***缈","quantity":1,"handle_status":8,"order_type":"53","areaid":"150102","item_id":57},{"address":"辽宁省","access_date":"2016-03-15 09:03:50","account":"b***6","quantity":1,"handle_status":8,"order_type":"53","areaid":"210904","item_id":57},{"address":"北京市","access_date":"2016-03-15 09:03:49","account":"1***4","quantity":1,"handle_status":8,"order_type":"53","areaid":"110105","item_id":57},{"address":"广东省","access_date":"2016-03-15 09:03:49","account":"1***9","quantity":1,"handle_status":8,"order_type":"53","areaid":"441602","item_id":57},{"address":"黑龙江省","access_date":"2016-03-15 09:03:49","account":"l***8","quantity":1,"handle_status":8,"order_type":"53","areaid":"231222","item_id":57},{"address":"山东省","access_date":"2016-03-15 09:03:49","account":"w***1","quantity":1,"handle_status":8,"order_type":"53","areaid":"371525","item_id":57},{"address":"浙江省","access_date":"2016-03-15 09:03:49","account":"1***9","quantity":1,"handle_status":8,"order_type":"53","areaid":"330382","item_id":57},{"address":"四川省","access_date":"2016-03-15 09:03:49","account":"1***0","quantity":1,"handle_status":8,"order_type":"53","areaid":"510107","item_id":57},{"address":"湖南省","access_date":"2016-03-15 09:03:49","account":"大***门","quantity":1,"handle_status":8,"order_type":"53","areaid":"430482","item_id":57},{"address":"河北省","access_date":"2016-03-15 09:03:49","account":"a***2","quantity":1,"handle_status":8,"order_type":"53","areaid":"130502","item_id":57},{"address":"江苏省","access_date":"2016-03-15 09:03:49","account":"z***g","quantity":1,"handle_status":8,"order_type":"53","areaid":"320506","item_id":57},{"address":"北京市","access_date":"2016-03-15 09:03:49","account":"w***2","quantity":1,"handle_status":8,"order_type":"53","areaid":"110108","item_id":57},{"address":"甘肃省","access_date":"2016-03-15 09:03:49","account":"l***i","quantity":1,"handle_status":8,"order_type":"53","areaid":"621221","item_id":57},{"address":"陕西省","access_date":"2016-03-15 09:03:49","account":"1***1","quantity":1,"handle_status":8,"order_type":"53","areaid":"610102","item_id":57},{"address":"山东省","access_date":"2016-03-15 09:03:49","account":"b***s","quantity":1,"handle_status":8,"order_type":"53","areaid":"370282","item_id":57},{"address":"广东省","access_date":"2016-03-15 09:03:49","account":"1***8","quantity":1,"handle_status":8,"order_type":"53","areaid":"440507","item_id":57},{"address":"江苏省","access_date":"2016-03-15 09:03:49","account":"y***5","quantity":1,"handle_status":8,"order_type":"53","areaid":"320508","item_id":57},{"address":"北京市","access_date":"2016-03-15 09:03:49","account":"金***陈","quantity":1,"handle_status":8,"order_type":"53","areaid":"110108","item_id":57},{"address":"天津市","access_date":"2016-03-15 09:03:49","account":"q***u","quantity":1,"handle_status":8,"order_type":"53","areaid":"120101","item_id":57},{"address":"江苏省","access_date":"2016-03-15 09:03:49","account":"c***5","quantity":1,"handle_status":8,"order_type":"53","areaid":"320581","item_id":57},{"address":"黑龙江省","access_date":"2016-03-15 09:03:49","account":"m***4","quantity":1,"handle_status":8,"order_type":"53","areaid":"230104","item_id":57},{"address":"陕西省","access_date":"2016-03-15 09:03:49","account":"s***d","quantity":1,"handle_status":8,"order_type":"53","areaid":"610502","item_id":57},{"address":"广西壮族自治区","access_date":"2016-03-15 09:03:49","account":"o***i","quantity":1,"handle_status":8,"order_type":"53","areaid":"450330","item_id":57},{"address":"安徽省","access_date":"2016-03-15 09:03:49","account":"1***u","quantity":1,"handle_status":8,"order_type":"53","areaid":"340104","item_id":57},{"address":"北京市","access_date":"2016-03-15 09:03:49","account":"1***5","quantity":1,"handle_status":8,"order_type":"53","areaid":"110102","item_id":57},{"address":"上海市","access_date":"2016-03-15 09:03:49","account":"r***g","quantity":1,"handle_status":8,"order_type":"53","areaid":"310109","item_id":57},{"address":"北京市","access_date":"2016-03-15 09:03:49","account":"1***x","quantity":1,"handle_status":8,"order_type":"53","areaid":"110105","item_id":57},{"address":"浙江省","access_date":"2016-03-15 09:03:49","account":"L***4","quantity":1,"handle_status":8,"order_type":"53","areaid":"330282","item_id":57},{"address":"陕西省","access_date":"2016-03-15 09:03:49","account":"1***1","quantity":1,"handle_status":8,"order_type":"53","areaid":"610116","item_id":57},{"address":"新疆维吾尔自治区","access_date":"2016-03-15 09:03:49","account":"h***8","quantity":1,"handle_status":8,"order_type":"53","areaid":"653201","item_id":57},{"address":"广东省","access_date":"2016-03-15 09:03:49","account":"h***4","quantity":1,"handle_status":8,"order_type":"53","areaid":"440605","item_id":57},{"address":"河南省","access_date":"2016-03-15 09:03:49","account":"3***0","quantity":1,"handle_status":8,"order_type":"53","areaid":"410782","item_id":57},{"address":"河北省","access_date":"2016-03-15 09:03:49","account":"j***1","quantity":1,"handle_status":8,"order_type":"53","areaid":"130402","item_id":57},{"address":"山西省","access_date":"2016-03-15 09:03:49","account":"大***藏","quantity":1,"handle_status":8,"order_type":"53","areaid":"140203","item_id":57},{"address":"浙江省","access_date":"2016-03-15 09:03:49","account":"Y***g","quantity":1,"handle_status":8,"order_type":"53","areaid":"330302","item_id":57},{"address":"上海市","access_date":"2016-03-15 09:03:48","account":"1***1","quantity":1,"handle_status":8,"order_type":"53","areaid":"310115","item_id":57},{"address":"北京市","access_date":"2016-03-15 09:03:48","account":"A***t","quantity":1,"handle_status":8,"order_type":"53","areaid":"110106","item_id":57},{"address":"山西省","access_date":"2016-03-15 09:03:48","account":"f***0","quantity":1,"handle_status":8,"order_type":"53","areaid":"141182","item_id":57},{"address":"安徽省","access_date":"2016-03-15 09:03:48","account":"L***3","quantity":1,"handle_status":8,"order_type":"53","areaid":"340304","item_id":57},{"address":"河北省","access_date":"2016-03-15 09:03:48","account":"顺***藏","quantity":1,"handle_status":8,"order_type":"53","areaid":"130982","item_id":57},{"address":"江苏省","access_date":"2016-03-15 09:03:48","account":"l***t","quantity":1,"handle_status":8,"order_type":"53","areaid":"320104","item_id":57},{"address":"辽宁省","access_date":"2016-03-15 09:03:48","account":"l***1","quantity":1,"handle_status":8,"order_type":"53","areaid":"210106","item_id":57},{"address":"广东省","access_date":"2016-03-15 09:03:48","account":"x***q","quantity":1,"handle_status":8,"order_type":"53","areaid":"440113","item_id":57},{"address":"广东省","access_date":"2016-03-15 09:03:48","account":"小***童","quantity":1,"handle_status":8,"order_type":"53","areaid":"440785","item_id":57},{"address":"浙江省","access_date":"2016-03-15 09:03:48","account":"c***g","quantity":1,"handle_status":8,"order_type":"53","areaid":"330282","item_id":57},{"address":"浙江省","access_date":"2016-03-15 09:03:48","account":"1***3","quantity":1,"handle_status":8,"order_type":"53","areaid":"330381","item_id":57},{"address":"浙江省","access_date":"2016-03-15 09:03:48","account":"x***0","quantity":1,"handle_status":8,"order_type":"53","areaid":"330621","item_id":57},{"address":"浙江省","access_date":"2016-03-15 09:03:48","account":"1***9","quantity":1,"handle_status":8,"order_type":"53","areaid":"330109","item_id":57},{"address":"陕西省","access_date":"2016-03-15 09:03:48","account":"丁***东","quantity":1,"handle_status":8,"order_type":"53","areaid":"610824","item_id":57},{"address":"广西壮族自治区","access_date":"2016-03-15 09:03:48","account":"z***9","quantity":1,"handle_status":8,"order_type":"53","areaid":"450108","item_id":57},{"address":"天津市","access_date":"2016-03-15 09:03:48","account":"b***n","quantity":1,"handle_status":8,"order_type":"53","areaid":"120116","item_id":57},{"address":"北京市","access_date":"2016-03-15 09:03:48","account":"l***8","quantity":1,"handle_status":8,"order_type":"53","areaid":"110111","item_id":57},{"address":"上海市","access_date":"2016-03-15 09:03:48","account":"j***4","quantity":1,"handle_status":8,"order_type":"53","areaid":"310113","item_id":57},{"address":"河北省","access_date":"2016-03-15 09:03:48","account":"袁***5","quantity":1,"handle_status":8,"order_type":"53","areaid":"131102","item_id":57},{"address":"湖南省","access_date":"2016-03-15 09:03:48","account":"h***s","quantity":1,"handle_status":8,"order_type":"53","areaid":"430102","item_id":57},{"address":"宁夏回族自治区","access_date":"2016-03-15 09:03:48","account":"y***0","quantity":1,"handle_status":8,"order_type":"53","areaid":"640402","item_id":57},{"address":"河北省","access_date":"2016-03-15 09:03:48","account":"a***1","quantity":1,"handle_status":8,"order_type":"53","areaid":"130604","item_id":57},{"address":"福建省","access_date":"2016-03-15 09:03:48","account":"1***3","quantity":1,"handle_status":8,"order_type":"53","areaid":"350502","item_id":57},{"address":"黑龙江省","access_date":"2016-03-15 09:03:48","account":"1***8","quantity":1,"handle_status":8,"order_type":"53","areaid":"230103","item_id":57},{"address":"上海市","access_date":"2016-03-15 09:03:48","account":"x***5","quantity":1,"handle_status":8,"order_type":"53","areaid":"310115","item_id":57},{"address":"天津市","access_date":"2016-03-15 09:03:48","account":"j***1","quantity":1,"handle_status":8,"order_type":"53","areaid":"120114","item_id":57},{"address":"福建省","access_date":"2016-03-15 09:03:48","account":"z***9","quantity":1,"handle_status":8,"order_type":"53","areaid":"350602","item_id":57},{"address":"辽宁省","access_date":"2016-03-15 09:03:48","account":"d***l","quantity":1,"handle_status":8,"order_type":"53","areaid":"210211","item_id":57},{"address":"江苏省","access_date":"2016-03-15 09:03:48","account":"冯***娟","quantity":1,"handle_status":8,"order_type":"53","areaid":"320508","item_id":57},{"address":"辽宁省","access_date":"2016-03-15 09:03:48","account":"w***0","quantity":1,"handle_status":8,"order_type":"53","areaid":"210302","item_id":57},{"address":"河北省","access_date":"2016-03-15 09:03:48","account":"秦***凯","quantity":1,"handle_status":8,"order_type":"53","areaid":"130104","item_id":57},{"address":"福建省","access_date":"2016-03-15 09:03:48","account":"1***6","quantity":1,"handle_status":8,"order_type":"53","areaid":"350111","item_id":57},{"address":"河南省","access_date":"2016-03-15 09:03:48","account":"狂***狼","quantity":1,"handle_status":8,"order_type":"53","areaid":"410802","item_id":57},{"address":"上海市","access_date":"2016-03-15 09:03:48","account":"1***4","quantity":1,"handle_status":8,"order_type":"53","areaid":"310113","item_id":57},{"address":"江苏省","access_date":"2016-03-15 09:03:48","account":"南***建","quantity":1,"handle_status":8,"order_type":"53","areaid":"320106","item_id":57},{"address":"江苏省","access_date":"2016-03-15 09:03:47","account":"1***2","quantity":1,"handle_status":8,"order_type":"53","areaid":"320201","item_id":57},{"address":"安徽省","access_date":"2016-03-15 09:03:47","account":"m***7","quantity":1,"handle_status":8,"order_type":"53","areaid":"341103","item_id":57},{"address":"江苏省","access_date":"2016-03-15 09:03:47","account":"和***2","quantity":1,"handle_status":8,"order_type":"53","areaid":"320602","item_id":57},{"address":"北京市","access_date":"2016-03-15 09:03:47","account":"1***7","quantity":1,"handle_status":8,"order_type":"53","areaid":"110115","item_id":57},{"address":"广东省","access_date":"2016-03-15 09:03:47","account":"y***n","quantity":1,"handle_status":8,"order_type":"53","areaid":"440305","item_id":57},{"address":"浙江省","access_date":"2016-03-15 09:03:47","account":"f***e","quantity":1,"handle_status":8,"order_type":"53","areaid":"330304","item_id":57},{"address":"河北省","access_date":"2016-03-15 09:03:47","account":"s***5","quantity":1,"handle_status":8,"order_type":"53","areaid":"130902","item_id":57},{"address":"湖南省","access_date":"2016-03-15 09:03:47","account":"f***9","quantity":1,"handle_status":8,"order_type":"53","areaid":"430121","item_id":57},{"address":"浙江省","access_date":"2016-03-15 09:03:47","account":"4***8","quantity":1,"handle_status":8,"order_type":"53","areaid":"331023","item_id":57},{"address":"江苏省","access_date":"2016-03-15 09:03:47","account":"魔***崔","quantity":1,"handle_status":8,"order_type":"53","areaid":"320113","item_id":57},{"address":"辽宁省","access_date":"2016-03-15 09:03:47","account":"1***6","quantity":1,"handle_status":8,"order_type":"53","areaid":"211221","item_id":57},{"address":"湖北省","access_date":"2016-03-15 09:03:47","account":"l***7","quantity":1,"handle_status":8,"order_type":"53","areaid":"420606","item_id":57},{"address":"上海市","access_date":"2016-03-15 09:03:47","account":"y***5","quantity":1,"handle_status":8,"order_type":"53","areaid":"310115","item_id":57},{"address":"广西壮族自治区","access_date":"2016-03-15 09:03:47","account":"1***8","quantity":1,"handle_status":8,"order_type":"53","areaid":"450403","item_id":57},{"address":"内蒙古自治区","access_date":"2016-03-15 09:03:47","account":"1***8","quantity":1,"handle_status":8,"order_type":"53","areaid":"150782","item_id":57},{"address":"湖北省","access_date":"2016-03-15 09:03:47","account":"a***d","quantity":1,"handle_status":8,"order_type":"53","areaid":"420325","item_id":57},{"address":"福建省","access_date":"2016-03-15 09:03:47","account":"1***5","quantity":1,"handle_status":8,"order_type":"53","areaid":"350203","item_id":57},{"address":"北京市","access_date":"2016-03-15 09:03:47","account":"一***6","quantity":1,"handle_status":8,"order_type":"53","areaid":"110112","item_id":57},{"address":"北京市","access_date":"2016-03-15 09:03:47","account":"王***领","quantity":1,"handle_status":8,"order_type":"53","areaid":"110108","item_id":57},{"address":"浙江省","access_date":"2016-03-15 09:03:47","account":"g***8","quantity":1,"handle_status":8,"order_type":"53","areaid":"330522","item_id":57},{"address":"河南省","access_date":"2016-03-15 09:03:47","account":"7***9","quantity":1,"handle_status":8,"order_type":"53","areaid":"410105","item_id":57},{"address":"江苏省","access_date":"2016-03-15 09:03:47","account":"q***u","quantity":1,"handle_status":8,"order_type":"53","areaid":"321183","item_id":57},{"address":"陕西省","access_date":"2016-03-15 09:03:47","account":"1***3","quantity":1,"handle_status":8,"order_type":"53","areaid":"610114","item_id":57},{"address":"广东省","access_date":"2016-03-15 09:03:47","account":"t***x","quantity":1,"handle_status":8,"order_type":"53","areaid":"440402","item_id":57},{"address":"广东省","access_date":"2016-03-15 09:03:47","account":"1***9","quantity":1,"handle_status":8,"order_type":"53","areaid":"440303","item_id":57},{"address":"辽宁省","access_date":"2016-03-15 09:03:47","account":"良***月","quantity":1,"handle_status":8,"order_type":"53","areaid":"210422","item_id":57},{"address":"陕西省","access_date":"2016-03-15 09:03:47","account":"1***8","quantity":1,"handle_status":8,"order_type":"53","areaid":"610826","item_id":57},{"address":"浙江省","access_date":"2016-03-15 09:03:47","account":"季***胜","quantity":1,"handle_status":8,"order_type":"53","areaid":"330106","item_id":57},{"address":"山东省","access_date":"2016-03-15 09:03:47","account":"z***5","quantity":1,"handle_status":8,"order_type":"53","areaid":"371122","item_id":57},{"address":"广东省","access_date":"2016-03-15 09:03:46","account":"1***9","quantity":1,"handle_status":8,"order_type":"53","areaid":"440104","item_id":57},{"address":"江苏省","access_date":"2016-03-15 09:03:46","account":"g***n","quantity":1,"handle_status":8,"order_type":"53","areaid":"320116","item_id":57},{"address":"河南省","access_date":"2016-03-15 09:03:46","account":"1***8","quantity":1,"handle_status":8,"order_type":"53","areaid":"410105","item_id":57},{"address":"浙江省","access_date":"2016-03-15 09:03:46","account":"z***b","quantity":1,"handle_status":8,"order_type":"53","areaid":"330104","item_id":57},{"address":"安徽省","access_date":"2016-03-15 09:03:46","account":"y***1","quantity":1,"handle_status":8,"order_type":"53","areaid":"341221","item_id":57},{"address":"山东省","access_date":"2016-03-15 09:03:46","account":"1***5","quantity":1,"handle_status":8,"order_type":"53","areaid":"371302","item_id":57},{"address":"甘肃省","access_date":"2016-03-15 09:03:46","account":"w***4","quantity":1,"handle_status":8,"order_type":"53","areaid":"620502","item_id":57},{"address":"山西省","access_date":"2016-03-15 09:03:46","account":"1***5","quantity":1,"handle_status":8,"order_type":"53","areaid":"140202","item_id":57},{"address":"辽宁省","access_date":"2016-03-15 09:03:46","account":"C***Y","quantity":1,"handle_status":8,"order_type":"53","areaid":"210211","item_id":57},{"address":"辽宁省","access_date":"2016-03-15 09:03:46","account":"鞍***星","quantity":1,"handle_status":8,"order_type":"53","areaid":"210302","item_id":57},{"address":"辽宁省","access_date":"2016-03-15 09:03:46","account":"红***海","quantity":1,"handle_status":8,"order_type":"53","areaid":"210213","item_id":57},{"address":"上海市","access_date":"2016-03-15 09:03:46","account":"v***m","quantity":1,"handle_status":8,"order_type":"53","areaid":"310115","item_id":57},{"address":"湖南省","access_date":"2016-03-15 09:03:46","account":"x***0","quantity":1,"handle_status":8,"order_type":"53","areaid":"430121","item_id":57},{"address":"广西壮族自治区","access_date":"2016-03-15 09:03:46","account":"1***3","quantity":1,"handle_status":8,"order_type":"53","areaid":"450881","item_id":57},{"address":"广东省","access_date":"2016-03-15 09:03:46","account":"1***1","quantity":1,"handle_status":8,"order_type":"53","areaid":"440513","item_id":57},{"address":"浙江省","access_date":"2016-03-15 09:03:46","account":"花***梦","quantity":1,"handle_status":8,"order_type":"53","areaid":"330782","item_id":57},{"address":"浙江省","access_date":"2016-03-15 09:03:46","account":"1***1","quantity":1,"handle_status":8,"order_type":"53","areaid":"331181","item_id":57},{"address":"江西省","access_date":"2016-03-15 09:03:46","account":"徐***园","quantity":1,"handle_status":8,"order_type":"53","areaid":"360111","item_id":57},{"address":"江苏省","access_date":"2016-03-15 09:03:46","account":"c***8","quantity":1,"handle_status":8,"order_type":"53","areaid":"320411","item_id":57},{"address":"安徽省","access_date":"2016-03-15 09:03:46","account":"y***7","quantity":1,"handle_status":8,"order_type":"53","areaid":"340828","item_id":57},{"address":"浙江省","access_date":"2016-03-15 09:03:46","account":"l***8","quantity":1,"handle_status":8,"order_type":"53","areaid":"330225","item_id":57},{"address":"山东省","access_date":"2016-03-15 09:03:46","account":"夏***袁","quantity":1,"handle_status":8,"order_type":"53","areaid":"370103","item_id":57},{"address":"湖南省","access_date":"2016-03-15 09:03:46","account":"f***5","quantity":1,"handle_status":8,"order_type":"53","areaid":"431081","item_id":57},{"address":"广西壮族自治区","access_date":"2016-03-15 09:03:46","account":"谢***天","quantity":1,"handle_status":8,"order_type":"53","areaid":"450102","item_id":57},{"address":"江苏省","access_date":"2016-03-15 09:03:46","account":"1***8","quantity":1,"handle_status":8,"order_type":"53","areaid":"320581","item_id":57},{"address":"内蒙古自治区","access_date":"2016-03-15 09:03:46","account":"1***7","quantity":1,"handle_status":8,"order_type":"53","areaid":"150204","item_id":57},{"address":"辽宁省","access_date":"2016-03-15 09:03:46","account":"y***n","quantity":1,"handle_status":8,"order_type":"53","areaid":"210211","item_id":57},{"address":"浙江省","access_date":"2016-03-15 09:03:46","account":"1***0","quantity":1,"handle_status":8,"order_type":"53","areaid":"330212","item_id":57},{"address":"辽宁省","access_date":"2016-03-15 09:03:46","account":"t***5","quantity":1,"handle_status":8,"order_type":"53","areaid":"210102","item_id":57},{"address":"北京市","access_date":"2016-03-15 09:03:45","account":"1***2","quantity":1,"handle_status":8,"order_type":"53","areaid":"110102","item_id":57},{"address":"山西省","access_date":"2016-03-15 09:03:45","account":"h***3","quantity":1,"handle_status":8,"order_type":"53","areaid":"140702","item_id":57},{"address":"上海市","access_date":"2016-03-15 09:03:45","account":"陈***渠","quantity":1,"handle_status":8,"order_type":"53","areaid":"310101","item_id":57},{"address":"山东省","access_date":"2016-03-15 09:03:45","account":"f***c","quantity":1,"handle_status":8,"order_type":"53","areaid":"370303","item_id":57},{"address":"江苏省","access_date":"2016-03-15 09:03:45","account":"钱***龙","quantity":1,"handle_status":8,"order_type":"53","areaid":"320506","item_id":57},{"address":"浙江省","access_date":"2016-03-15 09:03:45","account":"章***畅","quantity":1,"handle_status":8,"order_type":"53","areaid":"331102","item_id":57},{"address":"福建省","access_date":"2016-03-15 09:03:45","account":"1***8","quantity":1,"handle_status":8,"order_type":"53","areaid":"350111","item_id":57},{"address":"北京市","access_date":"2016-03-15 09:03:45","account":"守***情","quantity":1,"handle_status":8,"order_type":"53","areaid":"110114","item_id":57},{"address":"河南省","access_date":"2016-03-15 09:03:45","account":"z***y","quantity":1,"handle_status":8,"order_type":"53","areaid":"411303","item_id":57},{"address":"湖北省","access_date":"2016-03-15 09:03:45","account":"小***1","quantity":1,"handle_status":8,"order_type":"53","areaid":"420111","item_id":57},{"address":"广东省","access_date":"2016-03-15 09:03:45","account":"协***材","quantity":1,"handle_status":8,"order_type":"53","areaid":"ff8080814cd0d0f4014cd571e2a50002","item_id":57},{"address":"四川省","access_date":"2016-03-15 09:03:45","account":"乖***我","quantity":1,"handle_status":8,"order_type":"53","areaid":"510122","item_id":57},{"address":"广东省","access_date":"2016-03-15 09:03:45","account":"f***8","quantity":1,"handle_status":8,"order_type":"53","areaid":"440303","item_id":57},{"address":"陕西省","access_date":"2016-03-15 09:03:45","account":"1***0","quantity":1,"handle_status":8,"order_type":"53","areaid":"610402","item_id":57},{"address":"江苏省","access_date":"2016-03-15 09:03:45","account":"z***5","quantity":1,"handle_status":8,"order_type":"53","areaid":"320312","item_id":57},{"address":"黑龙江省","access_date":"2016-03-15 09:03:45","account":"好***1","quantity":1,"handle_status":8,"order_type":"53","areaid":"230804","item_id":57},{"address":"江苏省","access_date":"2016-03-15 09:03:45","account":"1***3","quantity":1,"handle_status":8,"order_type":"53","areaid":"320506","item_id":57},{"address":"北京市","access_date":"2016-03-15 09:03:45","account":"a***8","quantity":1,"handle_status":8,"order_type":"53","areaid":"110105","item_id":57},{"address":"四川省","access_date":"2016-03-15 09:03:45","account":"w***2","quantity":1,"handle_status":8,"order_type":"53","areaid":"511722","item_id":57},{"address":"上海市","access_date":"2016-03-15 09:03:45","account":"H***5","quantity":1,"handle_status":8,"order_type":"53","areaid":"310115","item_id":57},{"address":"福建省","access_date":"2016-03-15 09:03:45","account":"w***6","quantity":1,"handle_status":8,"order_type":"53","areaid":"350623","item_id":57},{"address":"山东省","access_date":"2016-03-15 09:03:45","account":"云***鹏","quantity":1,"handle_status":8,"order_type":"53","areaid":"370481","item_id":57},{"address":"福建省","access_date":"2015-11-09 21:28:19","account":"x***p","quantity":1,"handle_status":8,"order_type":"4","areaid":"350211","item_id":57},{"address":"北京市","access_date":"2015-11-09 09:25:12","account":"a***2","quantity":1,"handle_status":8,"order_type":"53","areaid":"110102","item_id":57},{"address":"湖南省","access_date":"2015-11-09 09:25:12","account":"C***7","quantity":1,"handle_status":8,"order_type":"53","areaid":"431003","item_id":57},{"address":"北京市","access_date":"2015-11-09 09:25:12","account":"l***9","quantity":1,"handle_status":8,"order_type":"53","areaid":"110108","item_id":57},{"address":"北京市","access_date":"2015-11-09 09:25:12","account":"b***j","quantity":1,"handle_status":8,"order_type":"53","areaid":"110105","item_id":57},{"address":"湖南省","access_date":"2015-11-09 09:25:12","account":"谢***阳","quantity":1,"handle_status":8,"order_type":"53","areaid":"430408","item_id":57},{"address":"浙江省","access_date":"2015-11-09 09:25:12","account":"l***z","quantity":1,"handle_status":8,"order_type":"53","areaid":"330103","item_id":57},{"address":"北京市","access_date":"2015-11-09 09:25:12","account":"t***k","quantity":1,"handle_status":8,"order_type":"53","areaid":"110102","item_id":57},{"address":"天津市","access_date":"2015-11-09 09:25:12","account":"l***6","quantity":1,"handle_status":8,"order_type":"53","areaid":"120112","item_id":57},{"address":"湖南省","access_date":"2015-11-09 09:25:11","account":"1***2","quantity":1,"handle_status":8,"order_type":"53","areaid":"430104","item_id":57},{"address":"山东省","access_date":"2015-11-09 09:25:11","account":"s***x","quantity":1,"handle_status":8,"order_type":"53","areaid":"371502","item_id":57},{"address":"广东省","access_date":"2015-11-09 09:25:11","account":"l***9","quantity":1,"handle_status":8,"order_type":"53","areaid":"440106","item_id":57},{"address":"北京市","access_date":"2015-11-09 09:25:11","account":"1***2","quantity":1,"handle_status":8,"order_type":"53","areaid":"110106","item_id":57},{"address":"上海市","access_date":"2015-11-09 09:25:11","account":"d***e","quantity":1,"handle_status":8,"order_type":"53","areaid":"310109","item_id":57},{"address":"上海市","access_date":"2015-11-09 09:25:11","account":"r***j","quantity":1,"handle_status":8,"order_type":"53","areaid":"310108","item_id":57},{"address":"北京市","access_date":"2015-11-09 09:25:11","account":"d***3","quantity":1,"handle_status":8,"order_type":"53","areaid":"110105","item_id":57},{"address":"江苏省","access_date":"2015-11-09 09:25:11","account":"g***g","quantity":1,"handle_status":8,"order_type":"53","areaid":"320106","item_id":57},{"address":"上海市","access_date":"2015-11-09 09:25:11","account":"m***4","quantity":1,"handle_status":8,"order_type":"53","areaid":"310104","item_id":57},{"address":"浙江省","access_date":"2015-11-09 09:25:11","account":"j***8","quantity":1,"handle_status":8,"order_type":"53","areaid":"330782","item_id":57},{"address":"江苏省","access_date":"2015-11-09 09:25:11","account":"h***g","quantity":1,"handle_status":8,"order_type":"53","areaid":"320282","item_id":57},{"address":"湖南省","access_date":"2015-11-09 09:25:11","account":"1***9","quantity":1,"handle_status":8,"order_type":"53","areaid":"430406","item_id":57},{"address":"山西省","access_date":"2015-11-09 09:25:11","account":"1***仔","quantity":1,"handle_status":8,"order_type":"53","areaid":"140224","item_id":57},{"address":"江西省","access_date":"2015-11-09 09:25:11","account":"平***心","quantity":1,"handle_status":8,"order_type":"53","areaid":"360782","item_id":57},{"address":"四川省","access_date":"2015-11-09 09:25:11","account":"1***9","quantity":1,"handle_status":8,"order_type":"53","areaid":"511381","item_id":57},{"address":"甘肃省","access_date":"2015-11-09 09:25:11","account":"无***戌","quantity":1,"handle_status":8,"order_type":"53","areaid":"620104","item_id":57},{"address":"上海市","access_date":"2015-11-09 09:25:11","account":"1***6","quantity":1,"handle_status":8,"order_type":"53","areaid":"310115","item_id":57},{"address":"上海市","access_date":"2015-11-09 09:25:11","account":"d***2","quantity":1,"handle_status":8,"order_type":"53","areaid":"310112","item_id":57},{"address":"北京市","access_date":"2015-11-09 09:25:11","account":"刘***波","quantity":1,"handle_status":8,"order_type":"53","areaid":"110102","item_id":57},{"address":"江苏省","access_date":"2015-11-09 09:25:11","account":"n***o","quantity":1,"handle_status":8,"order_type":"53","areaid":"321324","item_id":57},{"address":"北京市","access_date":"2015-11-09 09:25:11","account":"1***9","quantity":1,"handle_status":8,"order_type":"53","areaid":"110105","item_id":57},{"address":"天津市","access_date":"2015-11-07 10:00:13","account":"q***g","quantity":1,"handle_status":8,"order_type":"spike","areaid":"120104","item_id":57},{"address":"内蒙古自治区","access_date":"2015-11-07 10:00:13","account":"1***1","quantity":1,"handle_status":8,"order_type":"spike","areaid":"150102","item_id":57},{"address":"北京市","access_date":"2015-11-07 10:00:11","account":"J***1","quantity":1,"handle_status":8,"order_type":"spike","areaid":"110102","item_id":57},{"address":"河南省","access_date":"2015-11-07 10:00:10","account":"x***k","quantity":1,"handle_status":8,"order_type":"spike","areaid":"410105","item_id":57},{"address":"浙江省","access_date":"2015-11-07 10:00:09","account":"x***p","quantity":1,"handle_status":8,"order_type":"spike","areaid":"330303","item_id":57}]