[{"address":"河南省","access_date":"2017-04-09 10:19:46","account":"h***h","quantity":1,"handle_status":5,"order_type":"2","areaid":"410185","item_id":127},{"address":"山东省","access_date":"2017-04-07 16:13:37","account":"s***8","quantity":2,"handle_status":5,"order_type":"2","areaid":"370911","item_id":127},{"address":"甘肃省","access_date":"2017-04-07 10:37:55","account":"h***2","quantity":1,"handle_status":5,"order_type":"2","areaid":"620102","item_id":127},{"address":"广东省","access_date":"2017-04-06 13:54:29","account":"c***o","quantity":1,"handle_status":5,"order_type":"2","areaid":"440306","item_id":127},{"address":"新疆维吾尔自治区","access_date":"2017-04-06 11:26:50","account":"心***怡","quantity":1,"handle_status":5,"order_type":"2","areaid":"652901","item_id":127},{"address":"云南省","access_date":"2017-04-06 09:42:04","account":"C***0","quantity":1,"handle_status":5,"order_type":"2","areaid":"533421","item_id":127},{"address":"云南省","access_date":"2017-04-06 09:40:52","account":"C***0","quantity":1,"handle_status":5,"order_type":"2","areaid":"533421","item_id":127},{"address":"广东省","access_date":"2017-04-06 09:40:07","account":"苏***玉","quantity":1,"handle_status":5,"order_type":"2","areaid":"440307","item_id":127},{"address":"江苏省","access_date":"2017-04-05 14:20:14","account":"1***8","quantity":1,"handle_status":5,"order_type":"2","areaid":"320281","item_id":127},{"address":"河北省","access_date":"2017-04-05 14:19:58","account":"云***舒","quantity":1,"handle_status":5,"order_type":"2","areaid":"130108","item_id":127},{"address":"山东省","access_date":"2017-03-21 09:53:10","account":"l***d","quantity":1,"handle_status":8,"order_type":"2","areaid":"371302","item_id":127},{"address":"山东省","access_date":"2017-03-21 09:31:18","account":"l***d","quantity":1,"handle_status":8,"order_type":"2","areaid":"371302","item_id":127},{"address":"天津市","access_date":"2017-03-20 16:25:23","account":"黃***憲","quantity":1,"handle_status":8,"order_type":"2","areaid":"120116","item_id":127},{"address":"上海市","access_date":"2017-03-20 16:25:19","account":"d***g","quantity":1,"handle_status":8,"order_type":"2","areaid":"310110","item_id":127},{"address":"广东省","access_date":"2017-03-20 16:23:24","account":"l***u","quantity":1,"handle_status":8,"order_type":"2","areaid":"440902","item_id":127},{"address":"安徽省","access_date":"2017-03-20 16:22:27","account":"无***剑","quantity":1,"handle_status":8,"order_type":"2","areaid":"341122","item_id":127},{"address":"安徽省","access_date":"2017-03-20 13:45:45","account":"a***x","quantity":1,"handle_status":8,"order_type":"2","areaid":"340303","item_id":127},{"address":"甘肃省","access_date":"2017-03-20 13:35:05","account":"嘉***宝","quantity":4,"handle_status":8,"order_type":"2","areaid":"620902","item_id":127},{"address":"辽宁省","access_date":"2017-03-20 12:55:12","account":"p***6","quantity":1,"handle_status":8,"order_type":"2","areaid":"210103","item_id":127},{"address":"山东省","access_date":"2017-03-20 12:27:55","account":"d***f","quantity":1,"handle_status":8,"order_type":"2","areaid":"370502","item_id":127},{"address":"山东省","access_date":"2017-03-20 12:25:38","account":"d***f","quantity":1,"handle_status":8,"order_type":"2","areaid":"370502","item_id":127},{"address":"北京市","access_date":"2017-03-20 11:47:51","account":"y***w","quantity":2,"handle_status":8,"order_type":"2","areaid":"110109","item_id":127},{"address":"上海市","access_date":"2017-03-20 11:35:27","account":"1***8","quantity":1,"handle_status":8,"order_type":"2","areaid":"310108","item_id":127},{"address":"山东省","access_date":"2017-03-17 14:24:23","account":"d***f","quantity":1,"handle_status":8,"order_type":"2","areaid":"370502","item_id":127},{"address":"北京市","access_date":"2017-03-17 12:18:03","account":"b***2","quantity":1,"handle_status":8,"order_type":"2","areaid":"110101","item_id":127},{"address":"江苏省","access_date":"2017-03-17 12:05:40","account":"1***1","quantity":2,"handle_status":8,"order_type":"2","areaid":"320281","item_id":127},{"address":"浙江省","access_date":"2017-03-17 09:44:14","account":"b***8","quantity":1,"handle_status":8,"order_type":"2","areaid":"330204","item_id":127},{"address":"陕西省","access_date":"2017-03-17 09:38:39","account":"N***军","quantity":1,"handle_status":8,"order_type":"2","areaid":"610927","item_id":127},{"address":"四川省","access_date":"2017-03-16 15:09:02","account":"z***1","quantity":1,"handle_status":8,"order_type":"2","areaid":"510105","item_id":127},{"address":"山东省","access_date":"2017-03-16 14:43:05","account":"l***i","quantity":1,"handle_status":8,"order_type":"2","areaid":"370502","item_id":127},{"address":"云南省","access_date":"2017-03-16 11:04:48","account":"1***6","quantity":1,"handle_status":8,"order_type":"2","areaid":"532301","item_id":127},{"address":"湖北省","access_date":"2017-03-16 11:04:33","account":"l***g","quantity":1,"handle_status":8,"order_type":"2","areaid":"422822","item_id":127},{"address":"广东省","access_date":"2017-03-16 09:38:05","account":"艮***下","quantity":1,"handle_status":8,"order_type":"2","areaid":"440106","item_id":127},{"address":"湖南省","access_date":"2017-03-15 15:44:31","account":"海***b","quantity":1,"handle_status":8,"order_type":"2","areaid":"430304","item_id":127},{"address":"江苏省","access_date":"2017-03-15 15:04:42","account":"j***0","quantity":1,"handle_status":8,"order_type":"2","areaid":"320204","item_id":127},{"address":"山东省","access_date":"2017-03-15 15:02:38","account":"l***i","quantity":1,"handle_status":8,"order_type":"2","areaid":"370502","item_id":127},{"address":"山东省","access_date":"2017-03-15 15:01:19","account":"1***0","quantity":1,"handle_status":8,"order_type":"2","areaid":"370102","item_id":127},{"address":"贵州省","access_date":"2017-03-15 14:23:04","account":"Z***n","quantity":1,"handle_status":8,"order_type":"2","areaid":"520111","item_id":127},{"address":"江西省","access_date":"2017-03-15 13:51:50","account":"l***1","quantity":1,"handle_status":8,"order_type":"2","areaid":"361102","item_id":127},{"address":"甘肃省","access_date":"2017-03-15 13:43:11","account":"h***2","quantity":1,"handle_status":8,"order_type":"2","areaid":"620902","item_id":127},{"address":"甘肃省","access_date":"2017-03-15 13:42:24","account":"h***2","quantity":1,"handle_status":8,"order_type":"2","areaid":"620902","item_id":127},{"address":"陕西省","access_date":"2017-03-15 13:22:34","account":"星***4","quantity":1,"handle_status":8,"order_type":"2","areaid":"610113","item_id":127},{"address":"福建省","access_date":"2017-03-15 13:21:17","account":"o***e","quantity":2,"handle_status":8,"order_type":"2","areaid":"350211","item_id":127},{"address":"贵州省","access_date":"2017-03-15 13:18:46","account":"z***9","quantity":2,"handle_status":8,"order_type":"2","areaid":"520111","item_id":127},{"address":"河北省","access_date":"2017-03-15 13:17:43","account":"小***斌","quantity":1,"handle_status":8,"order_type":"2","areaid":"130802","item_id":127},{"address":"广东省","access_date":"2017-03-15 12:03:22","account":"艮***下","quantity":1,"handle_status":8,"order_type":"2","areaid":"440106","item_id":127},{"address":"河南省","access_date":"2017-03-15 11:28:59","account":"s***g","quantity":1,"handle_status":8,"order_type":"2","areaid":"410104","item_id":127},{"address":"陕西省","access_date":"2017-03-15 11:27:40","account":"s***7","quantity":1,"handle_status":8,"order_type":"2","areaid":"610113","item_id":127},{"address":"北京市","access_date":"2017-03-15 11:04:09","account":"j***a","quantity":2,"handle_status":8,"order_type":"2","areaid":"110108","item_id":127},{"address":"北京市","access_date":"2017-03-15 10:32:56","account":"s***o","quantity":1,"handle_status":8,"order_type":"2","areaid":"110105","item_id":127},{"address":"湖北省","access_date":"2017-03-15 10:15:50","account":"c***9","quantity":1,"handle_status":8,"order_type":"2","areaid":"420106","item_id":127},{"address":"江苏省","access_date":"2017-03-15 09:53:04","account":"1***3","quantity":1,"handle_status":8,"order_type":"2","areaid":"320303","item_id":127},{"address":"广东省","access_date":"2017-03-15 09:37:25","account":"x***n","quantity":2,"handle_status":8,"order_type":"2","areaid":"441502","item_id":127},{"address":"上海市","access_date":"2017-03-15 09:32:22","account":"c***n","quantity":1,"handle_status":8,"order_type":"2","areaid":"310112","item_id":127},{"address":"浙江省","access_date":"2017-03-14 13:37:27","account":"束***王","quantity":1,"handle_status":8,"order_type":"2","areaid":"330104","item_id":127},{"address":"上海市","access_date":"2017-03-14 13:15:36","account":"l***7","quantity":2,"handle_status":8,"order_type":"2","areaid":"310112","item_id":127},{"address":"上海市","access_date":"2017-03-14 13:04:27","account":"j***g","quantity":1,"handle_status":8,"order_type":"2","areaid":"310116","item_id":127},{"address":"黑龙江省","access_date":"2017-03-14 12:02:11","account":"g***0","quantity":1,"handle_status":8,"order_type":"2","areaid":"230102","item_id":127},{"address":"北京市","access_date":"2017-03-14 11:59:22","account":"b***s","quantity":1,"handle_status":8,"order_type":"2","areaid":"110108","item_id":127},{"address":"北京市","access_date":"2017-03-14 11:12:04","account":"小***贺","quantity":1,"handle_status":8,"order_type":"2","areaid":"110101","item_id":127},{"address":"北京市","access_date":"2017-03-14 11:03:24","account":"z***g","quantity":1,"handle_status":8,"order_type":"2","areaid":"110108","item_id":127},{"address":"江西省","access_date":"2017-03-14 10:31:15","account":"x***8","quantity":1,"handle_status":8,"order_type":"2","areaid":"360281","item_id":127},{"address":"江西省","access_date":"2017-03-14 10:29:52","account":"l***w","quantity":2,"handle_status":8,"order_type":"2","areaid":"361125","item_id":127},{"address":"浙江省","access_date":"2017-03-14 10:28:53","account":"f***n","quantity":1,"handle_status":8,"order_type":"2","areaid":"330203","item_id":127},{"address":"陕西省","access_date":"2017-03-14 10:05:20","account":"w***6","quantity":1,"handle_status":8,"order_type":"2","areaid":"610103","item_id":127},{"address":"上海市","access_date":"2017-03-14 09:44:51","account":"l***0","quantity":1,"handle_status":8,"order_type":"2","areaid":"310104","item_id":127},{"address":"浙江省","access_date":"2017-03-09 16:19:39","account":"1***1","quantity":1,"handle_status":8,"order_type":"2","areaid":"330109","item_id":127},{"address":"江苏省","access_date":"2017-03-09 14:13:10","account":"c***e","quantity":1,"handle_status":8,"order_type":"2","areaid":"320581","item_id":127},{"address":"辽宁省","access_date":"2017-03-09 13:31:14","account":"s***u","quantity":2,"handle_status":8,"order_type":"2","areaid":"210112","item_id":127},{"address":"甘肃省","access_date":"2017-03-09 11:45:30","account":"r***e","quantity":1,"handle_status":8,"order_type":"2","areaid":"620105","item_id":127},{"address":"江苏省","access_date":"2017-03-09 11:21:15","account":"w***i","quantity":1,"handle_status":8,"order_type":"2","areaid":"320106","item_id":127},{"address":"甘肃省","access_date":"2017-03-08 14:03:11","account":"嘉***宝","quantity":1,"handle_status":8,"order_type":"2","areaid":"620902","item_id":127},{"address":"北京市","access_date":"2017-03-08 13:54:30","account":"j***e","quantity":1,"handle_status":8,"order_type":"2","areaid":"110114","item_id":127},{"address":"上海市","access_date":"2017-03-08 13:18:03","account":"1***7","quantity":1,"handle_status":8,"order_type":"2","areaid":"310105","item_id":127},{"address":"河南省","access_date":"2017-03-08 13:08:09","account":"天***多","quantity":1,"handle_status":8,"order_type":"2","areaid":"410181","item_id":127},{"address":"安徽省","access_date":"2017-03-08 09:55:14","account":"春***4","quantity":1,"handle_status":8,"order_type":"2","areaid":"340225","item_id":127},{"address":"北京市","access_date":"2017-03-08 09:31:33","account":"w***9","quantity":1,"handle_status":8,"order_type":"2","areaid":"110108","item_id":127},{"address":"甘肃省","access_date":"2017-03-07 15:22:12","account":"h***2","quantity":1,"handle_status":8,"order_type":"2","areaid":"620102","item_id":127},{"address":"江苏省","access_date":"2017-03-07 14:49:20","account":"c***g","quantity":1,"handle_status":8,"order_type":"2","areaid":"320581","item_id":127},{"address":"福建省","access_date":"2017-03-07 12:48:37","account":"1***6","quantity":1,"handle_status":8,"order_type":"2","areaid":"350981","item_id":127},{"address":"甘肃省","access_date":"2017-03-07 11:22:43","account":"李***刚","quantity":1,"handle_status":8,"order_type":"2","areaid":"621002","item_id":127},{"address":"甘肃省","access_date":"2017-03-07 11:20:58","account":"李***刚","quantity":1,"handle_status":8,"order_type":"2","areaid":"621002","item_id":127},{"address":"吉林省","access_date":"2017-03-07 09:48:39","account":"s***n","quantity":1,"handle_status":8,"order_type":"2","areaid":"220204","item_id":127},{"address":"江苏省","access_date":"2017-03-07 09:44:28","account":"l***n","quantity":1,"handle_status":8,"order_type":"2","areaid":"320211","item_id":127},{"address":"江苏省","access_date":"2017-03-06 16:18:17","account":"1***0","quantity":1,"handle_status":7,"order_type":"2","areaid":"320102","item_id":127},{"address":"广东省","access_date":"2017-03-06 16:12:09","account":"1***1","quantity":1,"handle_status":8,"order_type":"2","areaid":"ff8080814cd0d0f4014cd571e2a50002","item_id":127},{"address":"河北省","access_date":"2017-03-06 15:49:35","account":"庄***家","quantity":1,"handle_status":8,"order_type":"2","areaid":"130105","item_id":127},{"address":"上海市","access_date":"2017-03-06 13:38:41","account":"n***n","quantity":1,"handle_status":8,"order_type":"2","areaid":"310112","item_id":127},{"address":"上海市","access_date":"2017-03-06 10:19:15","account":"g***u","quantity":1,"handle_status":8,"order_type":"2","areaid":"310115","item_id":127},{"address":"浙江省","access_date":"2017-03-06 10:12:14","account":"s***5","quantity":1,"handle_status":8,"order_type":"2","areaid":"331004","item_id":127},{"address":"上海市","access_date":"2017-03-06 09:41:03","account":"1***8","quantity":1,"handle_status":8,"order_type":"2","areaid":"310107","item_id":127},{"address":"广东省","access_date":"2017-03-05 10:24:35","account":"6***2","quantity":1,"handle_status":8,"order_type":"2","areaid":"440704","item_id":127},{"address":"天津市","access_date":"2017-03-04 15:19:00","account":"乾***乾","quantity":1,"handle_status":8,"order_type":"2","areaid":"120103","item_id":127},{"address":"甘肃省","access_date":"2017-03-04 10:16:58","account":"c***1","quantity":1,"handle_status":8,"order_type":"2","areaid":"620523","item_id":127},{"address":"江西省","access_date":"2017-03-03 16:01:06","account":"a***9","quantity":1,"handle_status":8,"order_type":"2","areaid":"360923","item_id":127},{"address":"江苏省","access_date":"2017-03-03 15:18:51","account":"G***G","quantity":1,"handle_status":8,"order_type":"2","areaid":"320583","item_id":127},{"address":"上海市","access_date":"2017-03-03 14:37:41","account":"d***h","quantity":1,"handle_status":8,"order_type":"2","areaid":"310115","item_id":127},{"address":"上海市","access_date":"2017-03-03 14:36:42","account":"d***h","quantity":1,"handle_status":8,"order_type":"2","areaid":"310115","item_id":127},{"address":"山东省","access_date":"2017-03-03 14:23:59","account":"l***i","quantity":1,"handle_status":8,"order_type":"2","areaid":"370502","item_id":127},{"address":"上海市","access_date":"2017-03-03 14:09:47","account":"l***m","quantity":1,"handle_status":8,"order_type":"2","areaid":"310108","item_id":127},{"address":"湖南省","access_date":"2017-03-03 13:40:29","account":"h***6","quantity":1,"handle_status":8,"order_type":"2","areaid":"431081","item_id":127},{"address":"江苏省","access_date":"2017-03-03 11:04:03","account":"赵***莉","quantity":1,"handle_status":8,"order_type":"2","areaid":"320204","item_id":127},{"address":"北京市","access_date":"2017-03-03 10:56:49","account":"1***5","quantity":1,"handle_status":8,"order_type":"2","areaid":"110101","item_id":127},{"address":"广东省","access_date":"2017-03-03 10:48:15","account":"l***u","quantity":1,"handle_status":8,"order_type":"2","areaid":"440902","item_id":127},{"address":"上海市","access_date":"2017-03-03 10:11:24","account":"l***l","quantity":1,"handle_status":8,"order_type":"2","areaid":"310107","item_id":127},{"address":"江苏省","access_date":"2017-03-03 09:50:00","account":"1***y","quantity":1,"handle_status":8,"order_type":"2","areaid":"321102","item_id":127},{"address":"江苏省","access_date":"2017-03-03 09:48:54","account":"1***y","quantity":1,"handle_status":8,"order_type":"2","areaid":"321102","item_id":127},{"address":"福建省","access_date":"2017-03-03 09:32:20","account":"l***n","quantity":1,"handle_status":8,"order_type":"2","areaid":"350123","item_id":127},{"address":"江苏省","access_date":"2017-03-02 15:09:12","account":"j***t","quantity":1,"handle_status":8,"order_type":"2","areaid":"320411","item_id":127},{"address":"江西省","access_date":"2017-03-02 13:30:09","account":"a***s","quantity":1,"handle_status":8,"order_type":"2","areaid":"361102","item_id":127},{"address":"浙江省","access_date":"2017-03-02 12:38:22","account":"H***1","quantity":5,"handle_status":8,"order_type":"2","areaid":"330282","item_id":127},{"address":"天津市","access_date":"2017-03-02 11:46:47","account":"t***n","quantity":1,"handle_status":8,"order_type":"2","areaid":"120103","item_id":127},{"address":"广东省","access_date":"2017-03-02 10:13:55","account":"f***3","quantity":5,"handle_status":8,"order_type":"2","areaid":"440115","item_id":127},{"address":"江苏省","access_date":"2017-03-02 10:12:34","account":"m***2","quantity":2,"handle_status":8,"order_type":"2","areaid":"320506","item_id":127},{"address":"上海市","access_date":"2017-03-02 10:07:36","account":"l***0","quantity":1,"handle_status":8,"order_type":"2","areaid":"310104","item_id":127},{"address":"内蒙古自治区","access_date":"2017-03-01 16:26:48","account":"1***6","quantity":1,"handle_status":8,"order_type":"2","areaid":"150426","item_id":127},{"address":"湖南省","access_date":"2017-03-01 16:18:08","account":"y***n","quantity":1,"handle_status":8,"order_type":"2","areaid":"430528","item_id":127},{"address":"湖南省","access_date":"2017-03-01 16:14:50","account":"y***n","quantity":1,"handle_status":8,"order_type":"2","areaid":"430528","item_id":127},{"address":"广东省","access_date":"2017-03-01 15:59:53","account":"z***9","quantity":1,"handle_status":8,"order_type":"2","areaid":"440507","item_id":127},{"address":"湖北省","access_date":"2017-03-01 15:08:58","account":"a***1","quantity":1,"handle_status":8,"order_type":"2","areaid":"421303","item_id":127},{"address":"湖北省","access_date":"2017-03-01 14:29:01","account":"a***1","quantity":1,"handle_status":8,"order_type":"2","areaid":"421303","item_id":127},{"address":"河南省","access_date":"2017-03-01 13:29:57","account":"天***多","quantity":1,"handle_status":8,"order_type":"2","areaid":"410181","item_id":127},{"address":"江苏省","access_date":"2017-03-01 13:25:22","account":"n***i","quantity":1,"handle_status":8,"order_type":"2","areaid":"320104","item_id":127},{"address":"贵州省","access_date":"2017-03-01 12:18:24","account":"1***8","quantity":1,"handle_status":8,"order_type":"2","areaid":"522324","item_id":127},{"address":"河南省","access_date":"2017-03-01 11:48:44","account":"梦***8","quantity":1,"handle_status":8,"order_type":"2","areaid":"411621","item_id":127},{"address":"上海市","access_date":"2017-03-01 10:37:48","account":"1***2","quantity":1,"handle_status":8,"order_type":"2","areaid":"310112","item_id":127},{"address":"陕西省","access_date":"2017-03-01 10:00:23","account":"d***3","quantity":1,"handle_status":8,"order_type":"2","areaid":"610302","item_id":127},{"address":"陕西省","access_date":"2017-03-01 09:38:25","account":"l***4","quantity":1,"handle_status":8,"order_type":"2","areaid":"610113","item_id":127},{"address":"上海市","access_date":"2017-02-28 15:44:46","account":"三***客","quantity":1,"handle_status":8,"order_type":"2","areaid":"310105","item_id":127},{"address":"广西壮族自治区","access_date":"2017-02-28 14:59:02","account":"山***澈","quantity":1,"handle_status":8,"order_type":"2","areaid":"450102","item_id":127},{"address":"浙江省","access_date":"2017-02-28 14:18:04","account":"H***1","quantity":5,"handle_status":8,"order_type":"2","areaid":"330282","item_id":127},{"address":"上海市","access_date":"2017-02-28 14:07:24","account":"d***h","quantity":4,"handle_status":8,"order_type":"2","areaid":"310115","item_id":127},{"address":"上海市","access_date":"2017-02-28 14:05:09","account":"d***h","quantity":1,"handle_status":8,"order_type":"2","areaid":"310115","item_id":127},{"address":"福建省","access_date":"2017-02-28 12:24:17","account":"y***g","quantity":1,"handle_status":8,"order_type":"2","areaid":"350203","item_id":127},{"address":"上海市","access_date":"2017-02-28 12:08:58","account":"暮***云","quantity":2,"handle_status":8,"order_type":"2","areaid":"310120","item_id":127},{"address":"上海市","access_date":"2017-02-28 11:46:51","account":"1***4","quantity":2,"handle_status":8,"order_type":"2","areaid":"310115","item_id":127},{"address":"江苏省","access_date":"2017-02-28 11:36:30","account":"姚***舟","quantity":1,"handle_status":8,"order_type":"2","areaid":"320281","item_id":127},{"address":"上海市","access_date":"2017-02-28 11:25:33","account":"l***6","quantity":2,"handle_status":8,"order_type":"2","areaid":"310113","item_id":127},{"address":"河南省","access_date":"2017-02-28 11:12:26","account":"X***8","quantity":1,"handle_status":8,"order_type":"2","areaid":"410108","item_id":127},{"address":"广东省","access_date":"2017-02-28 10:53:06","account":"L***4","quantity":1,"handle_status":8,"order_type":"2","areaid":"ff8080814cd0d0f4014cd571e2a50002","item_id":127},{"address":"广东省","access_date":"2017-02-28 10:13:29","account":"l***u","quantity":1,"handle_status":8,"order_type":"2","areaid":"440902","item_id":127},{"address":"河南省","access_date":"2017-02-28 09:53:35","account":"v***8","quantity":2,"handle_status":8,"order_type":"2","areaid":"410425","item_id":127},{"address":"江苏省","access_date":"2017-02-28 09:50:38","account":"t***k","quantity":1,"handle_status":8,"order_type":"2","areaid":"320501","item_id":127},{"address":"上海市","access_date":"2017-02-28 09:30:35","account":"g***u","quantity":1,"handle_status":8,"order_type":"2","areaid":"310115","item_id":127},{"address":"湖北省","access_date":"2017-02-27 15:55:04","account":"万***8","quantity":1,"handle_status":8,"order_type":"2","areaid":"420111","item_id":127},{"address":"河南省","access_date":"2017-02-27 14:47:34","account":"v***8","quantity":1,"handle_status":8,"order_type":"2","areaid":"410425","item_id":127},{"address":"河南省","access_date":"2017-02-27 14:46:01","account":"v***8","quantity":1,"handle_status":8,"order_type":"2","areaid":"410425","item_id":127},{"address":"广东省","access_date":"2017-02-27 14:27:34","account":"s***1","quantity":1,"handle_status":8,"order_type":"2","areaid":"440113","item_id":127},{"address":"上海市","access_date":"2017-02-27 14:24:31","account":"1***4","quantity":1,"handle_status":8,"order_type":"2","areaid":"310115","item_id":127},{"address":"江苏省","access_date":"2017-02-27 14:05:06","account":"1***0","quantity":2,"handle_status":8,"order_type":"2","areaid":"320102","item_id":127},{"address":"江苏省","access_date":"2017-02-27 13:28:19","account":"1***y","quantity":1,"handle_status":8,"order_type":"2","areaid":"321102","item_id":127},{"address":"山东省","access_date":"2017-02-27 12:21:37","account":"茉***香","quantity":4,"handle_status":8,"order_type":"2","areaid":"370102","item_id":127},{"address":"福建省","access_date":"2017-02-27 11:42:16","account":"p***3","quantity":1,"handle_status":8,"order_type":"2","areaid":"350627","item_id":127},{"address":"辽宁省","access_date":"2017-02-27 10:56:56","account":"x***n","quantity":1,"handle_status":8,"order_type":"2","areaid":"210106","item_id":127},{"address":"陕西省","access_date":"2017-02-27 09:31:25","account":"6***7","quantity":2,"handle_status":8,"order_type":"2","areaid":"610113","item_id":127},{"address":"广东省","access_date":"2017-02-27 09:31:13","account":"艮***下","quantity":1,"handle_status":8,"order_type":"2","areaid":"440106","item_id":127},{"address":"山东省","access_date":"2017-02-26 15:48:29","account":"茉***香","quantity":5,"handle_status":8,"order_type":"2","areaid":"370102","item_id":127},{"address":"北京市","access_date":"2017-02-26 11:36:33","account":"p***s","quantity":1,"handle_status":8,"order_type":"2","areaid":"110108","item_id":127},{"address":"湖北省","access_date":"2017-02-25 15:27:59","account":"唐***海","quantity":1,"handle_status":8,"order_type":"2","areaid":"420302","item_id":127},{"address":"山东省","access_date":"2017-02-25 13:07:57","account":"茉***香","quantity":5,"handle_status":8,"order_type":"2","areaid":"370102","item_id":127},{"address":"北京市","access_date":"2017-02-25 11:27:08","account":"t***g","quantity":1,"handle_status":8,"order_type":"2","areaid":"110108","item_id":127},{"address":"浙江省","access_date":"2017-02-25 11:20:13","account":"m***e","quantity":1,"handle_status":8,"order_type":"2","areaid":"330302","item_id":127},{"address":"江苏省","access_date":"2017-02-25 10:12:36","account":"t***c","quantity":1,"handle_status":8,"order_type":"2","areaid":"320705","item_id":127},{"address":"北京市","access_date":"2017-02-25 09:53:55","account":"龙***跃","quantity":1,"handle_status":8,"order_type":"2","areaid":"110102","item_id":127},{"address":"浙江省","access_date":"2017-02-24 15:08:01","account":"七***9","quantity":1,"handle_status":8,"order_type":"2","areaid":"330109","item_id":127},{"address":"福建省","access_date":"2017-02-24 14:54:52","account":"c***3","quantity":1,"handle_status":8,"order_type":"2","areaid":"350426","item_id":127},{"address":"浙江省","access_date":"2017-02-24 14:23:53","account":"j***o","quantity":5,"handle_status":8,"order_type":"2","areaid":"330204","item_id":127},{"address":"上海市","access_date":"2017-02-24 14:21:10","account":"g***5","quantity":1,"handle_status":8,"order_type":"2","areaid":"310107","item_id":127},{"address":"上海市","access_date":"2017-02-24 13:53:42","account":"w***n","quantity":1,"handle_status":8,"order_type":"2","areaid":"310112","item_id":127},{"address":"上海市","access_date":"2017-02-24 13:51:21","account":"1***1","quantity":1,"handle_status":8,"order_type":"2","areaid":"310115","item_id":127},{"address":"上海市","access_date":"2017-02-24 13:47:05","account":"1***1","quantity":5,"handle_status":8,"order_type":"2","areaid":"310115","item_id":127},{"address":"江苏省","access_date":"2017-02-24 13:42:20","account":"1***0","quantity":2,"handle_status":8,"order_type":"2","areaid":"320102","item_id":127},{"address":"江苏省","access_date":"2017-02-24 13:30:24","account":"K***U","quantity":1,"handle_status":8,"order_type":"2","areaid":"320681","item_id":127},{"address":"江苏省","access_date":"2017-02-24 13:09:27","account":"z***4","quantity":1,"handle_status":8,"order_type":"2","areaid":"320211","item_id":127},{"address":"山东省","access_date":"2017-02-24 12:31:17","account":"l***i","quantity":1,"handle_status":8,"order_type":"2","areaid":"370502","item_id":127},{"address":"北京市","access_date":"2017-02-24 12:01:07","account":"1***0","quantity":1,"handle_status":8,"order_type":"2","areaid":"110228","item_id":127},{"address":"浙江省","access_date":"2017-02-24 11:55:03","account":"1***0","quantity":1,"handle_status":8,"order_type":"2","areaid":"330109","item_id":127},{"address":"山东省","access_date":"2017-02-24 11:29:27","account":"1***d","quantity":1,"handle_status":8,"order_type":"2","areaid":"370212","item_id":127},{"address":"山东省","access_date":"2017-02-24 11:28:59","account":"1***d","quantity":1,"handle_status":8,"order_type":"2","areaid":"370212","item_id":127},{"address":"湖北省","access_date":"2017-02-24 11:26:01","account":"付***辉","quantity":1,"handle_status":8,"order_type":"2","areaid":"420804","item_id":127},{"address":"北京市","access_date":"2017-02-24 11:21:52","account":"z***n","quantity":1,"handle_status":8,"order_type":"2","areaid":"110102","item_id":127},{"address":"浙江省","access_date":"2017-02-24 11:20:48","account":"f***4","quantity":5,"handle_status":8,"order_type":"2","areaid":"330302","item_id":127},{"address":"广东省","access_date":"2017-02-24 11:20:17","account":"w***w","quantity":2,"handle_status":8,"order_type":"2","areaid":"440106","item_id":127},{"address":"浙江省","access_date":"2017-02-24 11:17:07","account":"f***4","quantity":15,"handle_status":8,"order_type":"2","areaid":"330302","item_id":127},{"address":"陕西省","access_date":"2017-02-24 11:15:17","account":"1***9","quantity":1,"handle_status":8,"order_type":"2","areaid":"610726","item_id":127},{"address":"天津市","access_date":"2017-02-24 11:14:30","account":"h***a","quantity":1,"handle_status":8,"order_type":"2","areaid":"120116","item_id":127},{"address":"广东省","access_date":"2017-02-24 11:11:59","account":"l***u","quantity":1,"handle_status":8,"order_type":"2","areaid":"440902","item_id":127},{"address":"云南省","access_date":"2017-02-24 11:05:21","account":"w***8","quantity":1,"handle_status":8,"order_type":"2","areaid":"530103","item_id":127},{"address":"云南省","access_date":"2017-02-24 10:59:02","account":"w***8","quantity":1,"handle_status":8,"order_type":"2","areaid":"530103","item_id":127},{"address":"广东省","access_date":"2017-02-24 10:58:09","account":"l***u","quantity":1,"handle_status":8,"order_type":"2","areaid":"440902","item_id":127},{"address":"四川省","access_date":"2017-02-24 10:52:22","account":"h***g","quantity":2,"handle_status":8,"order_type":"2","areaid":"510115","item_id":127},{"address":"河南省","access_date":"2017-02-24 10:49:50","account":"天***多","quantity":1,"handle_status":8,"order_type":"2","areaid":"410181","item_id":127},{"address":"河北省","access_date":"2017-02-24 10:47:07","account":"f***7","quantity":1,"handle_status":8,"order_type":"2","areaid":"130323","item_id":127},{"address":"黑龙江省","access_date":"2017-02-24 10:44:03","account":"z***2","quantity":1,"handle_status":8,"order_type":"2","areaid":"230604","item_id":127},{"address":"浙江省","access_date":"2017-02-24 10:43:46","account":"f***4","quantity":15,"handle_status":8,"order_type":"2","areaid":"330302","item_id":127},{"address":"浙江省","access_date":"2017-02-24 10:42:42","account":"f***4","quantity":10,"handle_status":8,"order_type":"2","areaid":"330302","item_id":127},{"address":"浙江省","access_date":"2017-02-24 10:39:37","account":"f***4","quantity":20,"handle_status":8,"order_type":"2","areaid":"330302","item_id":127},{"address":"山东省","access_date":"2017-02-24 10:38:59","account":"钟***小","quantity":1,"handle_status":8,"order_type":"2","areaid":"371102","item_id":127},{"address":"浙江省","access_date":"2017-02-24 10:38:11","account":"f***4","quantity":10,"handle_status":8,"order_type":"2","areaid":"330302","item_id":127},{"address":"浙江省","access_date":"2017-02-24 10:36:53","account":"1***7","quantity":1,"handle_status":8,"order_type":"2","areaid":"330109","item_id":127},{"address":"陕西省","access_date":"2017-02-24 10:35:39","account":"大***鸟","quantity":2,"handle_status":8,"order_type":"2","areaid":"610103","item_id":127},{"address":"天津市","access_date":"2017-02-24 10:32:58","account":"1***8","quantity":1,"handle_status":8,"order_type":"2","areaid":"120116","item_id":127},{"address":"浙江省","access_date":"2017-02-24 10:32:25","account":"s***i","quantity":1,"handle_status":8,"order_type":"2","areaid":"330109","item_id":127},{"address":"陕西省","access_date":"2017-02-24 10:31:30","account":"1***0","quantity":1,"handle_status":8,"order_type":"2","areaid":"610622","item_id":127},{"address":"天津市","access_date":"2017-02-24 10:30:36","account":"1***8","quantity":1,"handle_status":8,"order_type":"2","areaid":"120116","item_id":127},{"address":"上海市","access_date":"2017-02-24 10:27:40","account":"g***8","quantity":1,"handle_status":8,"order_type":"2","areaid":"310115","item_id":127},{"address":"江苏省","access_date":"2017-02-24 10:26:57","account":"1***y","quantity":1,"handle_status":8,"order_type":"2","areaid":"321102","item_id":127},{"address":"江西省","access_date":"2017-02-24 10:22:23","account":"1***2","quantity":1,"handle_status":8,"order_type":"2","areaid":"360702","item_id":127},{"address":"江苏省","access_date":"2017-02-24 10:19:57","account":"x***0","quantity":1,"handle_status":8,"order_type":"2","areaid":"320211","item_id":127},{"address":"甘肃省","access_date":"2017-02-24 10:19:44","account":"李***刚","quantity":1,"handle_status":8,"order_type":"2","areaid":"621002","item_id":127},{"address":"上海市","access_date":"2017-02-24 10:17:00","account":"l***m","quantity":1,"handle_status":8,"order_type":"2","areaid":"310108","item_id":127},{"address":"江苏省","access_date":"2017-02-24 10:12:30","account":"h***4","quantity":2,"handle_status":8,"order_type":"2","areaid":"320114","item_id":127},{"address":"甘肃省","access_date":"2017-02-24 10:09:21","account":"李***刚","quantity":1,"handle_status":8,"order_type":"2","areaid":"621002","item_id":127},{"address":"上海市","access_date":"2017-02-24 10:08:42","account":"S***8","quantity":1,"handle_status":8,"order_type":"2","areaid":"310106","item_id":127},{"address":"浙江省","access_date":"2017-02-24 10:08:37","account":"司***月","quantity":1,"handle_status":8,"order_type":"2","areaid":"330521","item_id":127},{"address":"甘肃省","access_date":"2017-02-24 10:08:31","account":"李***刚","quantity":1,"handle_status":8,"order_type":"2","areaid":"621002","item_id":127},{"address":"浙江省","access_date":"2017-02-24 10:08:12","account":"5***6","quantity":1,"handle_status":8,"order_type":"2","areaid":"330206","item_id":127},{"address":"江西省","access_date":"2017-02-24 10:07:25","account":"l***1","quantity":1,"handle_status":8,"order_type":"2","areaid":"361102","item_id":127},{"address":"甘肃省","access_date":"2017-02-24 10:07:15","account":"李***刚","quantity":1,"handle_status":8,"order_type":"2","areaid":"621002","item_id":127},{"address":"上海市","access_date":"2017-02-24 10:06:50","account":"l***m","quantity":1,"handle_status":8,"order_type":"2","areaid":"310108","item_id":127},{"address":"甘肃省","access_date":"2017-02-24 10:06:10","account":"李***刚","quantity":1,"handle_status":8,"order_type":"2","areaid":"621002","item_id":127},{"address":"四川省","access_date":"2017-02-24 10:05:51","account":"h***g","quantity":4,"handle_status":8,"order_type":"2","areaid":"510115","item_id":127},{"address":"江苏省","access_date":"2017-02-24 10:05:50","account":"点***9","quantity":1,"handle_status":8,"order_type":"2","areaid":"320281","item_id":127},{"address":"四川省","access_date":"2017-02-24 10:05:01","account":"s***d","quantity":1,"handle_status":8,"order_type":"2","areaid":"510122","item_id":127},{"address":"上海市","access_date":"2017-02-24 10:03:43","account":"w***i","quantity":1,"handle_status":8,"order_type":"2","areaid":"310105","item_id":127},{"address":"四川省","access_date":"2017-02-24 10:03:18","account":"h***g","quantity":4,"handle_status":8,"order_type":"2","areaid":"510115","item_id":127},{"address":"上海市","access_date":"2017-02-24 10:02:43","account":"w***w","quantity":1,"handle_status":8,"order_type":"2","areaid":"310107","item_id":127},{"address":"湖北省","access_date":"2017-02-24 10:02:38","account":"x***d","quantity":1,"handle_status":8,"order_type":"2","areaid":"420112","item_id":127},{"address":"上海市","access_date":"2017-02-24 10:02:25","account":"r***e","quantity":1,"handle_status":8,"order_type":"2","areaid":"310115","item_id":127},{"address":"辽宁省","access_date":"2017-02-24 10:02:22","account":"s***u","quantity":2,"handle_status":8,"order_type":"2","areaid":"210112","item_id":127},{"address":"山东省","access_date":"2017-02-24 10:02:04","account":"1***d","quantity":1,"handle_status":8,"order_type":"2","areaid":"370212","item_id":127},{"address":"山东省","access_date":"2017-02-24 10:01:51","account":"张***统","quantity":1,"handle_status":8,"order_type":"2","areaid":"371327","item_id":127},{"address":"山东省","access_date":"2017-02-24 10:01:43","account":"1***d","quantity":1,"handle_status":8,"order_type":"2","areaid":"370212","item_id":127},{"address":"四川省","access_date":"2017-02-24 10:01:24","account":"m***i","quantity":1,"handle_status":8,"order_type":"2","areaid":"513425","item_id":127},{"address":"浙江省","access_date":"2017-02-24 10:01:21","account":"p***n","quantity":1,"handle_status":8,"order_type":"2","areaid":"330482","item_id":127},{"address":"山东省","access_date":"2017-02-24 10:01:11","account":"1***d","quantity":1,"handle_status":8,"order_type":"2","areaid":"370212","item_id":127},{"address":"辽宁省","access_date":"2017-02-24 10:01:04","account":"1***5","quantity":1,"handle_status":8,"order_type":"2","areaid":"210211","item_id":127},{"address":"四川省","access_date":"2017-02-24 10:00:54","account":"t***i","quantity":1,"handle_status":8,"order_type":"2","areaid":"510112","item_id":127},{"address":"山东省","access_date":"2017-02-24 10:00:34","account":"1***d","quantity":5,"handle_status":8,"order_type":"2","areaid":"370212","item_id":127},{"address":"辽宁省","access_date":"2017-02-11 16:13:09","account":"s***u","quantity":1,"handle_status":8,"order_type":"2","areaid":"210112","item_id":127},{"address":"浙江省","access_date":"2017-02-11 14:44:23","account":"f***4","quantity":10,"handle_status":8,"order_type":"2","areaid":"330302","item_id":127},{"address":"辽宁省","access_date":"2017-02-11 14:41:41","account":"s***u","quantity":1,"handle_status":8,"order_type":"2","areaid":"210112","item_id":127},{"address":"浙江省","access_date":"2017-02-11 13:41:27","account":"1***6","quantity":1,"handle_status":8,"order_type":"2","areaid":"330110","item_id":127},{"address":"浙江省","access_date":"2017-02-11 09:58:21","account":"朱***慢","quantity":1,"handle_status":8,"order_type":"2","areaid":"330108","item_id":127},{"address":"甘肃省","access_date":"2017-02-11 09:39:19","account":"1***9","quantity":1,"handle_status":8,"order_type":"2","areaid":"621102","item_id":127},{"address":"上海市","access_date":"2017-02-10 16:11:36","account":"1***4","quantity":1,"handle_status":8,"order_type":"2","areaid":"310115","item_id":127},{"address":"云南省","access_date":"2017-02-10 13:45:37","account":"w***8","quantity":1,"handle_status":8,"order_type":"2","areaid":"530103","item_id":127},{"address":"广东省","access_date":"2017-02-10 12:42:15","account":"g***g","quantity":1,"handle_status":8,"order_type":"2","areaid":"440104","item_id":127},{"address":"北京市","access_date":"2017-02-10 12:34:51","account":"大***A","quantity":1,"handle_status":8,"order_type":"2","areaid":"110101","item_id":127},{"address":"陕西省","access_date":"2017-02-10 12:10:39","account":"b***8","quantity":1,"handle_status":8,"order_type":"2","areaid":"610114","item_id":127},{"address":"山东省","access_date":"2017-02-10 12:03:47","account":"c***g","quantity":1,"handle_status":8,"order_type":"2","areaid":"370811","item_id":127},{"address":"天津市","access_date":"2017-02-10 12:00:59","account":"i***r","quantity":1,"handle_status":8,"order_type":"2","areaid":"120103","item_id":127},{"address":"河南省","access_date":"2017-02-10 11:59:29","account":"v***8","quantity":2,"handle_status":8,"order_type":"2","areaid":"410425","item_id":127},{"address":"广东省","access_date":"2017-02-10 11:54:59","account":"q***0","quantity":1,"handle_status":8,"order_type":"2","areaid":"440604","item_id":127},{"address":"河南省","access_date":"2017-02-10 11:52:04","account":"v***8","quantity":2,"handle_status":8,"order_type":"2","areaid":"410425","item_id":127},{"address":"上海市","access_date":"2017-02-10 11:25:06","account":"m***t","quantity":1,"handle_status":8,"order_type":"2","areaid":"310105","item_id":127},{"address":"北京市","access_date":"2017-02-10 11:16:45","account":"s***a","quantity":1,"handle_status":8,"order_type":"2","areaid":"110105","item_id":127},{"address":"北京市","access_date":"2017-02-10 11:14:00","account":"l***t","quantity":1,"handle_status":8,"order_type":"2","areaid":"110114","item_id":127},{"address":"江西省","access_date":"2017-02-10 10:41:58","account":"没***宝","quantity":1,"handle_status":8,"order_type":"2","areaid":"360104","item_id":127},{"address":"云南省","access_date":"2017-02-10 10:41:16","account":"a***o","quantity":1,"handle_status":8,"order_type":"2","areaid":"530102","item_id":127},{"address":"广东省","access_date":"2017-02-10 10:40:58","account":"d***0","quantity":1,"handle_status":8,"order_type":"2","areaid":"ff8080814cd0d0f4014cd571e2a50002","item_id":127},{"address":"江西省","access_date":"2017-02-10 10:34:38","account":"1***6","quantity":1,"handle_status":8,"order_type":"2","areaid":"360111","item_id":127},{"address":"上海市","access_date":"2017-02-10 09:46:26","account":"踏***去","quantity":3,"handle_status":8,"order_type":"2","areaid":"310101","item_id":127},{"address":"天津市","access_date":"2017-02-10 09:41:36","account":"1***8","quantity":1,"handle_status":8,"order_type":"2","areaid":"120116","item_id":127},{"address":"北京市","access_date":"2017-02-10 09:41:25","account":"b***n","quantity":1,"handle_status":8,"order_type":"2","areaid":"110102","item_id":127},{"address":"北京市","access_date":"2017-02-10 09:41:24","account":"1***9","quantity":1,"handle_status":8,"order_type":"2","areaid":"110102","item_id":127},{"address":"天津市","access_date":"2017-02-10 09:39:14","account":"1***8","quantity":1,"handle_status":8,"order_type":"2","areaid":"120116","item_id":127},{"address":"江苏省","access_date":"2017-02-10 09:39:02","account":"J***0","quantity":1,"handle_status":8,"order_type":"2","areaid":"320506","item_id":127},{"address":"黑龙江省","access_date":"2017-02-10 09:38:01","account":"p***b","quantity":1,"handle_status":8,"order_type":"2","areaid":"230102","item_id":127},{"address":"陕西省","access_date":"2017-02-10 09:31:10","account":"d***3","quantity":1,"handle_status":8,"order_type":"2","areaid":"610302","item_id":127},{"address":"河北省","access_date":"2017-02-10 09:30:59","account":"o***o","quantity":1,"handle_status":8,"order_type":"2","areaid":"131082","item_id":127},{"address":"重庆市","access_date":"2017-02-09 16:29:33","account":"n***8","quantity":1,"handle_status":8,"order_type":"2","areaid":"500104","item_id":127},{"address":"北京市","access_date":"2017-02-09 16:08:20","account":"1***7","quantity":1,"handle_status":8,"order_type":"2","areaid":"110108","item_id":127},{"address":"北京市","access_date":"2017-02-09 16:06:50","account":"n***d","quantity":1,"handle_status":8,"order_type":"2","areaid":"110108","item_id":127},{"address":"浙江省","access_date":"2017-02-09 16:05:57","account":"天***君","quantity":1,"handle_status":8,"order_type":"2","areaid":"330110","item_id":127},{"address":"上海市","access_date":"2017-02-09 15:42:42","account":"s***d","quantity":1,"handle_status":8,"order_type":"2","areaid":"310109","item_id":127},{"address":"江苏省","access_date":"2017-01-14 10:34:23","account":"1***1","quantity":1,"handle_status":8,"order_type":"2","areaid":"320412","item_id":127},{"address":"浙江省","access_date":"2017-01-14 10:30:10","account":"H***1","quantity":5,"handle_status":8,"order_type":"2","areaid":"330282","item_id":127},{"address":"浙江省","access_date":"2017-01-14 10:23:11","account":"H***1","quantity":5,"handle_status":8,"order_type":"2","areaid":"330282","item_id":127},{"address":"浙江省","access_date":"2017-01-14 09:54:53","account":"书***有","quantity":4,"handle_status":8,"order_type":"2","areaid":"330282","item_id":127},{"address":"山东省","access_date":"2017-01-13 16:24:16","account":"j***i","quantity":2,"handle_status":8,"order_type":"2","areaid":"370105","item_id":127},{"address":"上海市","access_date":"2017-01-13 16:12:18","account":"d***9","quantity":1,"handle_status":8,"order_type":"2","areaid":"310113","item_id":127},{"address":"上海市","access_date":"2017-01-13 16:01:06","account":"1***9","quantity":1,"handle_status":8,"order_type":"2","areaid":"310115","item_id":127},{"address":"甘肃省","access_date":"2017-01-13 16:00:39","account":"幽***音","quantity":1,"handle_status":8,"order_type":"2","areaid":"620702","item_id":127},{"address":"湖南省","access_date":"2017-01-13 15:54:26","account":"y***7","quantity":1,"handle_status":8,"order_type":"2","areaid":"430103","item_id":127},{"address":"四川省","access_date":"2017-01-13 15:53:02","account":"冯***6","quantity":1,"handle_status":8,"order_type":"2","areaid":"510106","item_id":127},{"address":"浙江省","access_date":"2017-01-13 15:52:02","account":"a***5","quantity":1,"handle_status":8,"order_type":"2","areaid":"330106","item_id":127},{"address":"黑龙江省","access_date":"2017-01-13 15:51:36","account":"z***2","quantity":1,"handle_status":8,"order_type":"2","areaid":"230102","item_id":127},{"address":"山东省","access_date":"2017-01-13 15:50:19","account":"1***7","quantity":1,"handle_status":8,"order_type":"2","areaid":"371402","item_id":127},{"address":"北京市","access_date":"2017-01-13 15:43:03","account":"l***o","quantity":1,"handle_status":8,"order_type":"2","areaid":"110107","item_id":127},{"address":"北京市","access_date":"2017-01-13 15:39:43","account":"l***3","quantity":1,"handle_status":8,"order_type":"2","areaid":"110113","item_id":127},{"address":"天津市","access_date":"2017-01-13 15:05:48","account":"5***0","quantity":1,"handle_status":8,"order_type":"2","areaid":"120221","item_id":127},{"address":"江苏省","access_date":"2017-01-13 14:56:10","account":"l***8","quantity":2,"handle_status":8,"order_type":"2","areaid":"320508","item_id":127},{"address":"广东省","access_date":"2017-01-13 14:50:07","account":"曾***坚","quantity":1,"handle_status":8,"order_type":"2","areaid":"441424","item_id":127},{"address":"重庆市","access_date":"2017-01-13 14:43:35","account":"r***n","quantity":1,"handle_status":8,"order_type":"2","areaid":"500112","item_id":127},{"address":"山西省","access_date":"2017-01-13 14:43:34","account":"卫***旺","quantity":1,"handle_status":8,"order_type":"2","areaid":"141024","item_id":127},{"address":"江苏省","access_date":"2017-01-13 14:38:35","account":"轲***0","quantity":1,"handle_status":8,"order_type":"2","areaid":"320581","item_id":127},{"address":"上海市","access_date":"2017-01-13 14:27:34","account":"1***8","quantity":1,"handle_status":8,"order_type":"2","areaid":"310113","item_id":127},{"address":"江苏省","access_date":"2017-01-13 14:22:06","account":"轲***0","quantity":1,"handle_status":8,"order_type":"2","areaid":"320581","item_id":127},{"address":"河南省","access_date":"2017-01-13 14:05:48","account":"b***y","quantity":1,"handle_status":8,"order_type":"2","areaid":"411724","item_id":127},{"address":"山东省","access_date":"2017-01-13 14:03:00","account":"q***b","quantity":1,"handle_status":8,"order_type":"2","areaid":"370281","item_id":127},{"address":"北京市","access_date":"2017-01-13 13:55:23","account":"张***3","quantity":2,"handle_status":8,"order_type":"2","areaid":"110101","item_id":127},{"address":"上海市","access_date":"2017-01-09 16:15:58","account":"踏***去","quantity":1,"handle_status":8,"order_type":"2","areaid":"310101","item_id":127},{"address":"山东省","access_date":"2017-01-09 15:57:43","account":"0***王","quantity":2,"handle_status":8,"order_type":"2","areaid":"370105","item_id":127},{"address":"北京市","access_date":"2017-01-09 15:55:20","account":"x***u","quantity":1,"handle_status":8,"order_type":"2","areaid":"110108","item_id":127},{"address":"山东省","access_date":"2017-01-09 15:49:27","account":"y***e","quantity":2,"handle_status":8,"order_type":"2","areaid":"370102","item_id":127},{"address":"上海市","access_date":"2017-01-09 10:01:50","account":"s***3","quantity":1,"handle_status":8,"order_type":"2","areaid":"310107","item_id":127},{"address":"陕西省","access_date":"2017-01-09 10:01:26","account":"j***g","quantity":1,"handle_status":8,"order_type":"2","areaid":"610113","item_id":127},{"address":"云南省","access_date":"2017-01-09 10:00:50","account":"q***6","quantity":1,"handle_status":8,"order_type":"2","areaid":"532503","item_id":127},{"address":"福建省","access_date":"2017-01-09 09:58:19","account":"w***3","quantity":1,"handle_status":8,"order_type":"2","areaid":"350782","item_id":127},{"address":"湖北省","access_date":"2017-01-09 09:56:44","account":"1***3","quantity":1,"handle_status":8,"order_type":"2","areaid":"420106","item_id":127},{"address":"浙江省","access_date":"2017-01-09 09:54:23","account":"c***0","quantity":1,"handle_status":8,"order_type":"2","areaid":"330382","item_id":127},{"address":"北京市","access_date":"2017-01-09 09:49:14","account":"s***o","quantity":1,"handle_status":8,"order_type":"2","areaid":"110105","item_id":127},{"address":"吉林省","access_date":"2017-01-09 09:43:51","account":"w***5","quantity":1,"handle_status":8,"order_type":"2","areaid":"220421","item_id":127},{"address":"江苏省","access_date":"2017-01-09 09:43:01","account":"z***u","quantity":1,"handle_status":8,"order_type":"2","areaid":"320411","item_id":127},{"address":"广东省","access_date":"2017-01-09 09:34:31","account":"x***g","quantity":1,"handle_status":8,"order_type":"2","areaid":"440106","item_id":127},{"address":"江苏省","access_date":"2017-01-09 09:32:16","account":"k***9","quantity":1,"handle_status":8,"order_type":"2","areaid":"320211","item_id":127},{"address":"北京市","access_date":"2017-01-09 09:31:11","account":"m***a","quantity":1,"handle_status":8,"order_type":"2","areaid":"110101","item_id":127},{"address":"吉林省","access_date":"2017-01-09 09:30:46","account":"w***5","quantity":2,"handle_status":8,"order_type":"2","areaid":"220421","item_id":127},{"address":"江苏省","access_date":"2016-12-21 14:48:44","account":"1***9","quantity":1,"handle_status":8,"order_type":"2","areaid":"320581","item_id":127},{"address":"北京市","access_date":"2016-12-21 14:36:01","account":"z***7","quantity":1,"handle_status":8,"order_type":"2","areaid":"110108","item_id":127},{"address":"山东省","access_date":"2016-12-21 14:11:41","account":"d***4","quantity":1,"handle_status":8,"order_type":"2","areaid":"370902","item_id":127},{"address":"山东省","access_date":"2016-12-21 14:05:34","account":"暄***6","quantity":1,"handle_status":8,"order_type":"2","areaid":"370203","item_id":127},{"address":"江苏省","access_date":"2016-12-21 13:58:53","account":"c***n","quantity":1,"handle_status":8,"order_type":"2","areaid":"320506","item_id":127},{"address":"江苏省","access_date":"2016-12-21 13:47:33","account":"l***8","quantity":1,"handle_status":8,"order_type":"2","areaid":"320508","item_id":127},{"address":"陕西省","access_date":"2016-12-21 13:45:55","account":"j***g","quantity":1,"handle_status":8,"order_type":"2","areaid":"610113","item_id":127},{"address":"江苏省","access_date":"2016-12-21 13:42:30","account":"q***y","quantity":1,"handle_status":8,"order_type":"2","areaid":"320501","item_id":127},{"address":"广东省","access_date":"2016-12-21 13:41:40","account":"i***6","quantity":3,"handle_status":8,"order_type":"2","areaid":"440105","item_id":127},{"address":"山东省","access_date":"2016-12-21 13:36:49","account":"1***1","quantity":1,"handle_status":8,"order_type":"2","areaid":"370502","item_id":127},{"address":"北京市","access_date":"2016-12-21 13:33:34","account":"l***e","quantity":1,"handle_status":8,"order_type":"2","areaid":"110102","item_id":127},{"address":"四川省","access_date":"2016-12-21 13:33:27","account":"远***k","quantity":1,"handle_status":8,"order_type":"2","areaid":"511602","item_id":127},{"address":"广东省","access_date":"2016-12-21 13:32:12","account":"C***7","quantity":1,"handle_status":8,"order_type":"2","areaid":"440303","item_id":127},{"address":"四川省","access_date":"2016-12-21 13:31:48","account":"山***人","quantity":1,"handle_status":8,"order_type":"2","areaid":"510105","item_id":127},{"address":"上海市","access_date":"2016-12-21 13:31:01","account":"b***2","quantity":1,"handle_status":8,"order_type":"2","areaid":"310106","item_id":127},{"address":"上海市","access_date":"2016-12-21 13:27:18","account":"1***8","quantity":1,"handle_status":8,"order_type":"2","areaid":"310117","item_id":127},{"address":"广东省","access_date":"2016-12-21 13:21:49","account":"f***o","quantity":1,"handle_status":8,"order_type":"2","areaid":"440705","item_id":127},{"address":"广东省","access_date":"2016-12-21 13:16:15","account":"t***6","quantity":1,"handle_status":8,"order_type":"2","areaid":"440308","item_id":127},{"address":"陕西省","access_date":"2016-12-21 13:06:19","account":"w***6","quantity":1,"handle_status":8,"order_type":"2","areaid":"610103","item_id":127},{"address":"广东省","access_date":"2016-12-21 13:06:08","account":"e***y","quantity":1,"handle_status":8,"order_type":"2","areaid":"440105","item_id":127},{"address":"上海市","access_date":"2016-12-21 13:02:05","account":"r***1","quantity":1,"handle_status":8,"order_type":"2","areaid":"310115","item_id":127},{"address":"江苏省","access_date":"2016-12-21 12:58:34","account":"g***c","quantity":1,"handle_status":8,"order_type":"2","areaid":"320581","item_id":127},{"address":"江苏省","access_date":"2016-12-21 12:56:07","account":"2***e","quantity":1,"handle_status":8,"order_type":"2","areaid":"320723","item_id":127},{"address":"浙江省","access_date":"2016-12-21 12:47:48","account":"1***1","quantity":1,"handle_status":8,"order_type":"2","areaid":"331081","item_id":127},{"address":"青海省","access_date":"2016-12-21 12:41:40","account":"1***5","quantity":1,"handle_status":8,"order_type":"2","areaid":"630102","item_id":127},{"address":"浙江省","access_date":"2016-12-21 12:31:42","account":"l***6","quantity":1,"handle_status":8,"order_type":"2","areaid":"330424","item_id":127},{"address":"山东省","access_date":"2016-12-21 12:20:48","account":"d***o","quantity":1,"handle_status":8,"order_type":"2","areaid":"371726","item_id":127},{"address":"山东省","access_date":"2016-12-21 12:20:00","account":"于***q","quantity":1,"handle_status":8,"order_type":"2","areaid":"370602","item_id":127},{"address":"山东省","access_date":"2016-12-20 09:30:27","account":"1***7","quantity":1,"handle_status":8,"order_type":"2","areaid":"371402","item_id":127},{"address":"山东省","access_date":"2016-12-19 16:26:34","account":"j***8","quantity":1,"handle_status":8,"order_type":"2","areaid":"370102","item_id":127},{"address":"浙江省","access_date":"2016-12-19 16:17:41","account":"无***人","quantity":1,"handle_status":8,"order_type":"2","areaid":"330382","item_id":127},{"address":"浙江省","access_date":"2016-12-19 16:12:36","account":"束***王","quantity":3,"handle_status":8,"order_type":"2","areaid":"330104","item_id":127},{"address":"浙江省","access_date":"2016-12-19 16:04:21","account":"书***有","quantity":2,"handle_status":8,"order_type":"2","areaid":"330282","item_id":127},{"address":"上海市","access_date":"2016-12-19 16:00:28","account":"S***1","quantity":1,"handle_status":8,"order_type":"2","areaid":"310115","item_id":127},{"address":"上海市","access_date":"2016-12-19 15:54:28","account":"兵***强","quantity":1,"handle_status":8,"order_type":"2","areaid":"310117","item_id":127},{"address":"浙江省","access_date":"2016-12-19 15:54:03","account":"f***n","quantity":1,"handle_status":8,"order_type":"2","areaid":"330203","item_id":127},{"address":"江苏省","access_date":"2016-12-19 15:48:48","account":"1***8","quantity":1,"handle_status":8,"order_type":"2","areaid":"320681","item_id":127},{"address":"江苏省","access_date":"2016-12-19 15:46:56","account":"W***4","quantity":1,"handle_status":8,"order_type":"2","areaid":"321012","item_id":127},{"address":"江西省","access_date":"2016-12-19 15:44:42","account":"y***6","quantity":2,"handle_status":8,"order_type":"2","areaid":"360102","item_id":127},{"address":"江苏省","access_date":"2016-12-19 15:36:24","account":"s***1","quantity":1,"handle_status":8,"order_type":"2","areaid":"321282","item_id":127},{"address":"广东省","access_date":"2016-12-19 15:33:42","account":"i***6","quantity":2,"handle_status":8,"order_type":"2","areaid":"440105","item_id":127},{"address":"浙江省","access_date":"2016-12-19 15:31:29","account":"x***i","quantity":1,"handle_status":8,"order_type":"2","areaid":"330104","item_id":127},{"address":"山西省","access_date":"2016-12-19 15:30:44","account":"1***9","quantity":1,"handle_status":8,"order_type":"2","areaid":"140502","item_id":127},{"address":"山东省","access_date":"2016-12-19 15:30:35","account":"d***o","quantity":1,"handle_status":8,"order_type":"2","areaid":"371726","item_id":127},{"address":"山东省","access_date":"2016-12-19 15:29:26","account":"d***o","quantity":1,"handle_status":8,"order_type":"2","areaid":"371726","item_id":127},{"address":"浙江省","access_date":"2016-12-19 15:27:13","account":"2***h","quantity":2,"handle_status":8,"order_type":"2","areaid":"330382","item_id":127},{"address":"浙江省","access_date":"2016-12-19 15:11:28","account":"书***有","quantity":10,"handle_status":8,"order_type":"2","areaid":"330282","item_id":127},{"address":"广东省","access_date":"2016-12-19 15:04:44","account":"i***6","quantity":3,"handle_status":8,"order_type":"2","areaid":"440105","item_id":127},{"address":"河南省","access_date":"2016-12-19 15:04:18","account":"w***6","quantity":1,"handle_status":8,"order_type":"2","areaid":"411302","item_id":127},{"address":"广东省","access_date":"2016-12-19 15:03:51","account":"i***6","quantity":3,"handle_status":8,"order_type":"2","areaid":"440105","item_id":127},{"address":"浙江省","access_date":"2016-12-19 14:59:28","account":"l***6","quantity":2,"handle_status":8,"order_type":"2","areaid":"330424","item_id":127},{"address":"上海市","access_date":"2016-12-19 14:58:26","account":"f***g","quantity":1,"handle_status":8,"order_type":"2","areaid":"310115","item_id":127},{"address":"上海市","access_date":"2016-12-19 14:48:33","account":"w***3","quantity":1,"handle_status":8,"order_type":"2","areaid":"310114","item_id":127},{"address":"广东省","access_date":"2016-12-19 14:48:27","account":"1***8","quantity":1,"handle_status":8,"order_type":"2","areaid":"440104","item_id":127},{"address":"上海市","access_date":"2016-12-19 14:45:25","account":"l***6","quantity":1,"handle_status":8,"order_type":"2","areaid":"310106","item_id":127},{"address":"福建省","access_date":"2016-12-19 14:40:46","account":"h***6","quantity":1,"handle_status":8,"order_type":"2","areaid":"350583","item_id":127},{"address":"浙江省","access_date":"2016-12-19 14:34:39","account":"陈***秀","quantity":1,"handle_status":8,"order_type":"2","areaid":"331102","item_id":127},{"address":"广东省","access_date":"2016-12-19 14:33:07","account":"g***9","quantity":1,"handle_status":8,"order_type":"2","areaid":"440115","item_id":127},{"address":"上海市","access_date":"2016-12-15 11:21:58","account":"h***8","quantity":1,"handle_status":8,"order_type":"2","areaid":"310104","item_id":127},{"address":"江西省","access_date":"2016-12-15 11:16:11","account":"y***6","quantity":1,"handle_status":8,"order_type":"2","areaid":"360102","item_id":127},{"address":"北京市","access_date":"2016-12-15 11:12:31","account":"J***g","quantity":1,"handle_status":8,"order_type":"2","areaid":"110105","item_id":127},{"address":"新疆维吾尔自治区","access_date":"2016-12-15 11:10:13","account":"y***8","quantity":1,"handle_status":8,"order_type":"2","areaid":"650103","item_id":127},{"address":"山东省","access_date":"2016-12-15 11:09:05","account":"1***7","quantity":1,"handle_status":8,"order_type":"2","areaid":"371402","item_id":127},{"address":"湖北省","access_date":"2016-12-15 10:47:10","account":"程***俊","quantity":1,"handle_status":8,"order_type":"2","areaid":"420201","item_id":127},{"address":"湖北省","access_date":"2016-12-15 10:34:09","account":"程***俊","quantity":1,"handle_status":8,"order_type":"2","areaid":"420201","item_id":127},{"address":"浙江省","access_date":"2016-12-15 10:33:22","account":"s***8","quantity":1,"handle_status":8,"order_type":"2","areaid":"330212","item_id":127},{"address":"北京市","access_date":"2016-12-15 10:32:08","account":"y***u","quantity":1,"handle_status":8,"order_type":"2","areaid":"110105","item_id":127},{"address":"甘肃省","access_date":"2016-12-15 10:30:29","account":"Z***9","quantity":2,"handle_status":8,"order_type":"2","areaid":"621027","item_id":127},{"address":"浙江省","access_date":"2016-12-15 10:21:09","account":"t***y","quantity":1,"handle_status":8,"order_type":"2","areaid":"330110","item_id":127},{"address":"山东省","access_date":"2016-12-15 10:16:40","account":"k***8","quantity":1,"handle_status":8,"order_type":"2","areaid":"371302","item_id":127},{"address":"陕西省","access_date":"2016-12-15 10:06:32","account":"营***员","quantity":1,"handle_status":8,"order_type":"2","areaid":"610113","item_id":127},{"address":"江苏省","access_date":"2016-12-15 10:04:57","account":"c***n","quantity":1,"handle_status":8,"order_type":"2","areaid":"320506","item_id":127},{"address":"上海市","access_date":"2016-12-15 10:00:41","account":"1***9","quantity":1,"handle_status":8,"order_type":"2","areaid":"310113","item_id":127},{"address":"江苏省","access_date":"2016-12-15 10:00:30","account":"f***7","quantity":1,"handle_status":8,"order_type":"2","areaid":"320585","item_id":127},{"address":"浙江省","access_date":"2016-12-15 09:58:05","account":"z***4","quantity":2,"handle_status":8,"order_type":"2","areaid":"330106","item_id":127},{"address":"江苏省","access_date":"2016-12-15 09:54:55","account":"m***x","quantity":1,"handle_status":8,"order_type":"2","areaid":"320505","item_id":127},{"address":"吉林省","access_date":"2016-12-15 09:52:17","account":"w***5","quantity":2,"handle_status":8,"order_type":"2","areaid":"220421","item_id":127},{"address":"江苏省","access_date":"2016-12-15 09:47:50","account":"l***r","quantity":1,"handle_status":8,"order_type":"2","areaid":"320102","item_id":127},{"address":"江苏省","access_date":"2016-12-15 09:44:51","account":"c***g","quantity":1,"handle_status":8,"order_type":"2","areaid":"320581","item_id":127},{"address":"甘肃省","access_date":"2016-12-15 09:44:20","account":"r***e","quantity":1,"handle_status":8,"order_type":"2","areaid":"620105","item_id":127},{"address":"浙江省","access_date":"2016-12-15 09:39:27","account":"a***i","quantity":1,"handle_status":8,"order_type":"2","areaid":"330782","item_id":127},{"address":"浙江省","access_date":"2016-12-15 09:38:56","account":"s***l","quantity":1,"handle_status":8,"order_type":"2","areaid":"330108","item_id":127},{"address":"上海市","access_date":"2016-12-15 09:35:16","account":"c***n","quantity":1,"handle_status":8,"order_type":"2","areaid":"310104","item_id":127},{"address":"上海市","access_date":"2016-12-15 09:32:03","account":"c***g","quantity":1,"handle_status":8,"order_type":"2","areaid":"310110","item_id":127},{"address":"山东省","access_date":"2016-12-15 09:30:38","account":"p***2","quantity":1,"handle_status":8,"order_type":"2","areaid":"370202","item_id":127},{"address":"江西省","access_date":"2016-12-12 15:47:03","account":"y***6","quantity":2,"handle_status":8,"order_type":"2","areaid":"360102","item_id":127},{"address":"江苏省","access_date":"2016-12-12 15:13:18","account":"z***j","quantity":1,"handle_status":8,"order_type":"2","areaid":"320114","item_id":127},{"address":"江苏省","access_date":"2016-12-12 15:04:55","account":"W***4","quantity":1,"handle_status":8,"order_type":"2","areaid":"321012","item_id":127},{"address":"山西省","access_date":"2016-12-12 15:03:46","account":"t***s","quantity":1,"handle_status":8,"order_type":"2","areaid":"140109","item_id":127},{"address":"北京市","access_date":"2016-12-12 15:03:40","account":"l***8","quantity":1,"handle_status":8,"order_type":"2","areaid":"110105","item_id":127},{"address":"河北省","access_date":"2016-12-12 15:01:02","account":"s***0","quantity":1,"handle_status":8,"order_type":"2","areaid":"130681","item_id":127},{"address":"内蒙古自治区","access_date":"2016-12-12 15:00:05","account":"东***明","quantity":1,"handle_status":8,"order_type":"2","areaid":"150627","item_id":127},{"address":"福建省","access_date":"2016-12-12 14:59:18","account":"1***8","quantity":1,"handle_status":8,"order_type":"2","areaid":"350102","item_id":127},{"address":"上海市","access_date":"2016-12-12 14:47:15","account":"暗***使","quantity":1,"handle_status":8,"order_type":"2","areaid":"310107","item_id":127},{"address":"北京市","access_date":"2016-12-12 14:46:06","account":"l***a","quantity":1,"handle_status":8,"order_type":"2","areaid":"110108","item_id":127},{"address":"广东省","access_date":"2016-12-12 14:41:27","account":"1***5","quantity":1,"handle_status":8,"order_type":"2","areaid":"440106","item_id":127},{"address":"北京市","access_date":"2016-12-12 14:30:55","account":"k***n","quantity":1,"handle_status":8,"order_type":"2","areaid":"110108","item_id":127},{"address":"北京市","access_date":"2016-12-12 14:28:35","account":"k***n","quantity":1,"handle_status":8,"order_type":"2","areaid":"110108","item_id":127},{"address":"北京市","access_date":"2016-12-12 14:25:13","account":"k***n","quantity":1,"handle_status":8,"order_type":"2","areaid":"110108","item_id":127},{"address":"北京市","access_date":"2016-12-12 14:23:55","account":"n***g","quantity":2,"handle_status":8,"order_type":"2","areaid":"110101","item_id":127},{"address":"江苏省","access_date":"2016-12-12 14:20:59","account":"p***1","quantity":1,"handle_status":8,"order_type":"2","areaid":"320583","item_id":127},{"address":"天津市","access_date":"2016-12-12 14:19:51","account":"Z***3","quantity":1,"handle_status":8,"order_type":"2","areaid":"120103","item_id":127},{"address":"上海市","access_date":"2016-12-12 14:16:34","account":"a***g","quantity":1,"handle_status":8,"order_type":"2","areaid":"310109","item_id":127},{"address":"广东省","access_date":"2016-12-12 14:07:51","account":"s***3","quantity":1,"handle_status":8,"order_type":"2","areaid":"440307","item_id":127},{"address":"广东省","access_date":"2016-12-12 14:03:00","account":"s***3","quantity":1,"handle_status":8,"order_type":"2","areaid":"440307","item_id":127},{"address":"河北省","access_date":"2016-12-12 14:01:43","account":"Z***B","quantity":1,"handle_status":8,"order_type":"2","areaid":"130703","item_id":127},{"address":"北京市","access_date":"2016-12-12 13:57:10","account":"金***陈","quantity":1,"handle_status":8,"order_type":"2","areaid":"110108","item_id":127},{"address":"广东省","access_date":"2016-12-12 13:56:42","account":"i***6","quantity":1,"handle_status":8,"order_type":"2","areaid":"440105","item_id":127},{"address":"广东省","access_date":"2016-12-12 13:53:41","account":"施***华","quantity":2,"handle_status":8,"order_type":"2","areaid":"440111","item_id":127},{"address":"江苏省","access_date":"2016-12-12 13:40:37","account":"H***f","quantity":1,"handle_status":8,"order_type":"2","areaid":"320684","item_id":127},{"address":"江苏省","access_date":"2016-12-12 13:39:00","account":"H***f","quantity":1,"handle_status":8,"order_type":"2","areaid":"320684","item_id":127},{"address":"江苏省","access_date":"2016-12-12 13:38:25","account":"H***f","quantity":1,"handle_status":8,"order_type":"2","areaid":"320684","item_id":127},{"address":"山东省","access_date":"2016-11-24 10:52:23","account":"于***q","quantity":1,"handle_status":8,"order_type":"2","areaid":"370602","item_id":127},{"address":"江苏省","access_date":"2016-11-24 10:14:39","account":"峰***7","quantity":1,"handle_status":8,"order_type":"2","areaid":"320506","item_id":127},{"address":"上海市","access_date":"2016-11-24 10:12:10","account":"s***u","quantity":1,"handle_status":8,"order_type":"2","areaid":"310115","item_id":127},{"address":"浙江省","access_date":"2016-11-24 10:10:03","account":"1***2","quantity":1,"handle_status":8,"order_type":"2","areaid":"330402","item_id":127},{"address":"上海市","access_date":"2016-11-24 10:03:22","account":"1***4","quantity":2,"handle_status":8,"order_type":"2","areaid":"310115","item_id":127},{"address":"四川省","access_date":"2016-11-24 09:58:16","account":"棉***裤","quantity":1,"handle_status":8,"order_type":"2","areaid":"510101","item_id":127},{"address":"北京市","access_date":"2016-11-24 09:44:06","account":"k***n","quantity":1,"handle_status":8,"order_type":"2","areaid":"110108","item_id":127},{"address":"浙江省","access_date":"2016-11-24 09:43:49","account":"胡***5","quantity":1,"handle_status":8,"order_type":"2","areaid":"330203","item_id":127},{"address":"浙江省","access_date":"2016-11-24 09:38:41","account":"扇***枫","quantity":1,"handle_status":8,"order_type":"2","areaid":"330282","item_id":127},{"address":"陕西省","access_date":"2016-11-24 09:36:01","account":"w***9","quantity":1,"handle_status":8,"order_type":"2","areaid":"610112","item_id":127},{"address":"上海市","access_date":"2016-11-24 09:33:10","account":"S***1","quantity":1,"handle_status":8,"order_type":"2","areaid":"310115","item_id":127},{"address":"上海市","access_date":"2016-11-24 09:31:05","account":"s***l","quantity":1,"handle_status":8,"order_type":"2","areaid":"310115","item_id":127},{"address":"上海市","access_date":"2016-11-24 09:30:55","account":"1***0","quantity":1,"handle_status":8,"order_type":"2","areaid":"310101","item_id":127},{"address":"广东省","access_date":"2016-11-23 15:24:27","account":"h***9","quantity":1,"handle_status":8,"order_type":"2","areaid":"ff8080814cd0d0f4014cd571e2a50002","item_id":127},{"address":"江苏省","access_date":"2016-11-23 15:08:08","account":"g***0","quantity":1,"handle_status":8,"order_type":"2","areaid":"320923","item_id":127},{"address":"辽宁省","access_date":"2016-11-23 15:07:20","account":"d***1","quantity":1,"handle_status":8,"order_type":"2","areaid":"210202","item_id":127},{"address":"北京市","access_date":"2016-11-23 14:50:42","account":"z***g","quantity":1,"handle_status":8,"order_type":"2","areaid":"110106","item_id":127},{"address":"江西省","access_date":"2016-11-23 14:45:18","account":"c***1","quantity":1,"handle_status":8,"order_type":"2","areaid":"360902","item_id":127},{"address":"北京市","access_date":"2016-11-23 14:40:37","account":"o***1","quantity":1,"handle_status":8,"order_type":"2","areaid":"110105","item_id":127},{"address":"内蒙古自治区","access_date":"2016-11-23 14:31:46","account":"海***8","quantity":1,"handle_status":8,"order_type":"2","areaid":"150702","item_id":127},{"address":"山东省","access_date":"2016-11-23 14:04:17","account":"d***o","quantity":1,"handle_status":8,"order_type":"2","areaid":"371726","item_id":127},{"address":"山东省","access_date":"2016-11-23 13:58:05","account":"d***o","quantity":1,"handle_status":8,"order_type":"2","areaid":"371726","item_id":127},{"address":"江苏省","access_date":"2016-11-23 13:53:52","account":"t***z","quantity":1,"handle_status":8,"order_type":"2","areaid":"320506","item_id":127},{"address":"广东省","access_date":"2016-11-23 13:38:36","account":"1***7","quantity":1,"handle_status":8,"order_type":"2","areaid":"ff8080814cd0d0f4014cd56f66b80001","item_id":127},{"address":"广东省","access_date":"2016-11-23 13:38:01","account":"1***7","quantity":1,"handle_status":8,"order_type":"2","areaid":"ff8080814cd0d0f4014cd56f66b80001","item_id":127},{"address":"上海市","access_date":"2016-11-23 13:28:17","account":"j***0","quantity":1,"handle_status":8,"order_type":"2","areaid":"310106","item_id":127},{"address":"上海市","access_date":"2016-11-23 13:01:33","account":"1***0","quantity":1,"handle_status":8,"order_type":"2","areaid":"310109","item_id":127},{"address":"安徽省","access_date":"2016-11-23 12:40:46","account":"m***0","quantity":1,"handle_status":8,"order_type":"2","areaid":"340503","item_id":127},{"address":"山东省","access_date":"2016-11-23 12:40:19","account":"1***9","quantity":1,"handle_status":8,"order_type":"2","areaid":"370523","item_id":127},{"address":"江苏省","access_date":"2016-11-23 12:10:47","account":"削***袋","quantity":1,"handle_status":8,"order_type":"2","areaid":"320404","item_id":127},{"address":"江苏省","access_date":"2016-11-23 12:07:31","account":"z***9","quantity":1,"handle_status":8,"order_type":"2","areaid":"320585","item_id":127},{"address":"安徽省","access_date":"2016-11-23 11:49:08","account":"w***5","quantity":1,"handle_status":8,"order_type":"2","areaid":"340202","item_id":127},{"address":"北京市","access_date":"2016-11-23 11:47:28","account":"k***n","quantity":1,"handle_status":8,"order_type":"2","areaid":"110108","item_id":127},{"address":"天津市","access_date":"2016-11-23 11:25:09","account":"y***1","quantity":1,"handle_status":8,"order_type":"2","areaid":"120114","item_id":127},{"address":"江苏省","access_date":"2016-11-23 11:11:18","account":"b***8","quantity":1,"handle_status":8,"order_type":"2","areaid":"320204","item_id":127},{"address":"上海市","access_date":"2016-11-23 11:08:02","account":"t***1","quantity":1,"handle_status":8,"order_type":"2","areaid":"310107","item_id":127},{"address":"北京市","access_date":"2016-11-23 10:57:10","account":"m***g","quantity":1,"handle_status":8,"order_type":"2","areaid":"110109","item_id":127},{"address":"河南省","access_date":"2016-11-23 10:56:59","account":"j***k","quantity":1,"handle_status":8,"order_type":"2","areaid":"410882","item_id":127},{"address":"上海市","access_date":"2016-11-23 10:52:47","account":"w***e","quantity":2,"handle_status":8,"order_type":"2","areaid":"310115","item_id":127},{"address":"浙江省","access_date":"2016-11-23 10:47:42","account":"v***x","quantity":1,"handle_status":8,"order_type":"2","areaid":"330102","item_id":127},{"address":"上海市","access_date":"2016-11-23 10:36:07","account":"1***9","quantity":1,"handle_status":8,"order_type":"2","areaid":"310120","item_id":127},{"address":"天津市","access_date":"2016-11-23 10:32:54","account":"a***0","quantity":1,"handle_status":8,"order_type":"2","areaid":"120104","item_id":127},{"address":"河南省","access_date":"2016-11-23 10:29:44","account":"c***6","quantity":1,"handle_status":8,"order_type":"2","areaid":"411081","item_id":127},{"address":"福建省","access_date":"2016-11-23 10:21:06","account":"w***3","quantity":1,"handle_status":8,"order_type":"2","areaid":"350782","item_id":127},{"address":"上海市","access_date":"2016-11-23 10:07:57","account":"i***y","quantity":1,"handle_status":8,"order_type":"2","areaid":"310107","item_id":127},{"address":"上海市","access_date":"2016-11-23 09:52:28","account":"S***1","quantity":1,"handle_status":8,"order_type":"2","areaid":"310115","item_id":127},{"address":"广东省","access_date":"2016-11-23 09:49:25","account":"1***1","quantity":2,"handle_status":8,"order_type":"2","areaid":"440306","item_id":127},{"address":"贵州省","access_date":"2016-11-18 14:26:11","account":"晃***7","quantity":1,"handle_status":8,"order_type":"2","areaid":"520181","item_id":127},{"address":"北京市","access_date":"2016-11-18 14:22:17","account":"k***n","quantity":1,"handle_status":8,"order_type":"2","areaid":"110108","item_id":127},{"address":"北京市","access_date":"2016-11-18 14:18:14","account":"h***b","quantity":1,"handle_status":8,"order_type":"2","areaid":"110105","item_id":127},{"address":"广东省","access_date":"2016-11-18 13:56:42","account":"A***n","quantity":2,"handle_status":8,"order_type":"2","areaid":"440306","item_id":127},{"address":"湖北省","access_date":"2016-11-15 12:25:45","account":"m***h","quantity":1,"handle_status":8,"order_type":"2","areaid":"420301","item_id":127},{"address":"北京市","access_date":"2016-11-15 11:25:02","account":"k***n","quantity":1,"handle_status":8,"order_type":"2","areaid":"110108","item_id":127},{"address":"北京市","access_date":"2016-11-15 11:15:49","account":"k***n","quantity":1,"handle_status":8,"order_type":"2","areaid":"110108","item_id":127},{"address":"北京市","access_date":"2016-11-15 11:11:18","account":"k***n","quantity":1,"handle_status":8,"order_type":"2","areaid":"110108","item_id":127},{"address":"内蒙古自治区","access_date":"2016-11-15 11:10:55","account":"1***5","quantity":1,"handle_status":8,"order_type":"2","areaid":"150102","item_id":127},{"address":"北京市","access_date":"2016-11-15 11:04:01","account":"k***n","quantity":1,"handle_status":8,"order_type":"2","areaid":"110108","item_id":127},{"address":"湖北省","access_date":"2016-11-15 11:02:49","account":"s***t","quantity":1,"handle_status":8,"order_type":"2","areaid":"420117","item_id":127},{"address":"北京市","access_date":"2016-11-15 10:55:53","account":"k***n","quantity":1,"handle_status":8,"order_type":"2","areaid":"110108","item_id":127},{"address":"北京市","access_date":"2016-11-15 10:24:45","account":"k***n","quantity":1,"handle_status":8,"order_type":"2","areaid":"110108","item_id":127},{"address":"上海市","access_date":"2016-11-15 10:16:50","account":"m***9","quantity":1,"handle_status":8,"order_type":"2","areaid":"310110","item_id":127},{"address":"广东省","access_date":"2016-11-15 09:51:28","account":"w***9","quantity":1,"handle_status":8,"order_type":"2","areaid":"440306","item_id":127},{"address":"福建省","access_date":"2016-11-15 09:33:02","account":"y***8","quantity":1,"handle_status":8,"order_type":"2","areaid":"350111","item_id":127},{"address":"上海市","access_date":"2016-11-15 09:31:22","account":"q***g","quantity":1,"handle_status":8,"order_type":"2","areaid":"310104","item_id":127},{"address":"上海市","access_date":"2016-11-15 09:30:26","account":"S***1","quantity":1,"handle_status":8,"order_type":"2","areaid":"310115","item_id":127},{"address":"湖北省","access_date":"2016-11-14 16:09:49","account":"1***5","quantity":1,"handle_status":8,"order_type":"2","areaid":"420102","item_id":127},{"address":"北京市","access_date":"2016-11-14 15:11:20","account":"j***9","quantity":1,"handle_status":8,"order_type":"2","areaid":"110105","item_id":127},{"address":"北京市","access_date":"2016-11-14 15:09:16","account":"j***9","quantity":1,"handle_status":8,"order_type":"2","areaid":"110105","item_id":127},{"address":"广东省","access_date":"2016-11-14 15:04:19","account":"1***5","quantity":1,"handle_status":8,"order_type":"2","areaid":"440106","item_id":127},{"address":"安徽省","access_date":"2016-11-14 14:54:48","account":"k***3","quantity":1,"handle_status":8,"order_type":"2","areaid":"341103","item_id":127},{"address":"广东省","access_date":"2016-11-14 14:05:26","account":"s***7","quantity":2,"handle_status":8,"order_type":"2","areaid":"440307","item_id":127},{"address":"江西省","access_date":"2016-11-14 13:59:02","account":"y***y","quantity":1,"handle_status":8,"order_type":"2","areaid":"360111","item_id":127},{"address":"贵州省","access_date":"2016-11-14 13:51:09","account":"1***6","quantity":1,"handle_status":8,"order_type":"2","areaid":"522601","item_id":127},{"address":"江西省","access_date":"2016-11-14 13:25:44","account":"p***9","quantity":1,"handle_status":8,"order_type":"2","areaid":"361181","item_id":127},{"address":"天津市","access_date":"2016-11-14 13:17:28","account":"l***3","quantity":1,"handle_status":8,"order_type":"2","areaid":"120102","item_id":127},{"address":"江苏省","access_date":"2016-11-14 13:04:45","account":"w***g","quantity":1,"handle_status":8,"order_type":"2","areaid":"320203","item_id":127},{"address":"浙江省","access_date":"2016-11-14 12:21:13","account":"翼***技","quantity":2,"handle_status":8,"order_type":"2","areaid":"330212","item_id":127},{"address":"北京市","access_date":"2016-11-14 11:48:38","account":"a***a","quantity":1,"handle_status":8,"order_type":"2","areaid":"110105","item_id":127},{"address":"陕西省","access_date":"2016-11-14 11:27:18","account":"1***0","quantity":1,"handle_status":8,"order_type":"2","areaid":"610112","item_id":127},{"address":"上海市","access_date":"2016-11-14 11:20:31","account":"S***1","quantity":1,"handle_status":8,"order_type":"2","areaid":"310115","item_id":127},{"address":"江苏省","access_date":"2016-11-14 11:05:49","account":"f***9","quantity":1,"handle_status":8,"order_type":"2","areaid":"320684","item_id":127},{"address":"河北省","access_date":"2016-11-14 10:51:31","account":"谷***文","quantity":1,"handle_status":8,"order_type":"2","areaid":"130229","item_id":127},{"address":"甘肃省","access_date":"2016-11-14 10:44:04","account":"b***z","quantity":1,"handle_status":8,"order_type":"2","areaid":"620102","item_id":127},{"address":"江苏省","access_date":"2016-11-14 10:30:52","account":"c***g","quantity":1,"handle_status":8,"order_type":"2","areaid":"320581","item_id":127},{"address":"湖北省","access_date":"2016-11-14 10:25:18","account":"1***9","quantity":1,"handle_status":8,"order_type":"2","areaid":"420115","item_id":127},{"address":"广东省","access_date":"2016-11-14 10:19:30","account":"t***6","quantity":1,"handle_status":8,"order_type":"2","areaid":"440308","item_id":127},{"address":"北京市","access_date":"2016-11-14 10:13:09","account":"b***s","quantity":1,"handle_status":8,"order_type":"2","areaid":"110108","item_id":127},{"address":"福建省","access_date":"2016-11-14 10:12:26","account":"c***o","quantity":1,"handle_status":8,"order_type":"2","areaid":"350104","item_id":127},{"address":"广东省","access_date":"2016-11-14 10:12:03","account":"1***3","quantity":1,"handle_status":8,"order_type":"2","areaid":"440104","item_id":127},{"address":"广东省","access_date":"2016-11-14 10:06:53","account":"S***n","quantity":1,"handle_status":8,"order_type":"2","areaid":"440303","item_id":127},{"address":"江苏省","access_date":"2016-11-14 10:04:26","account":"X***L","quantity":1,"handle_status":8,"order_type":"2","areaid":"320211","item_id":127},{"address":"甘肃省","access_date":"2016-11-14 09:49:45","account":"r***e","quantity":1,"handle_status":8,"order_type":"2","areaid":"620105","item_id":127},{"address":"浙江省","access_date":"2016-11-14 09:48:10","account":"z***r","quantity":1,"handle_status":8,"order_type":"2","areaid":"330402","item_id":127},{"address":"江苏省","access_date":"2016-11-14 09:40:32","account":"H***f","quantity":1,"handle_status":8,"order_type":"2","areaid":"320684","item_id":127},{"address":"江苏省","access_date":"2016-11-14 09:40:02","account":"H***f","quantity":1,"handle_status":8,"order_type":"2","areaid":"320684","item_id":127},{"address":"江苏省","access_date":"2016-11-14 09:39:08","account":"H***f","quantity":1,"handle_status":8,"order_type":"2","areaid":"320684","item_id":127},{"address":"江苏省","access_date":"2016-11-14 09:38:25","account":"H***f","quantity":1,"handle_status":8,"order_type":"2","areaid":"320684","item_id":127},{"address":"陕西省","access_date":"2016-11-14 09:36:38","account":"v***g","quantity":1,"handle_status":8,"order_type":"2","areaid":"610802","item_id":127},{"address":"江苏省","access_date":"2016-11-14 09:35:30","account":"z***8","quantity":1,"handle_status":8,"order_type":"2","areaid":"320621","item_id":127},{"address":"内蒙古自治区","access_date":"2016-11-12 11:12:13","account":"1***9","quantity":3,"handle_status":8,"order_type":"2","areaid":"150204","item_id":127},{"address":"内蒙古自治区","access_date":"2016-11-12 10:31:04","account":"1***9","quantity":1,"handle_status":8,"order_type":"2","areaid":"150204","item_id":127},{"address":"江苏省","access_date":"2016-11-11 15:25:08","account":"H***f","quantity":2,"handle_status":8,"order_type":"2","areaid":"320684","item_id":127},{"address":"福建省","access_date":"2016-11-11 15:00:20","account":"x***0","quantity":1,"handle_status":8,"order_type":"2","areaid":"350981","item_id":127},{"address":"上海市","access_date":"2016-11-11 14:35:27","account":"l***l","quantity":1,"handle_status":8,"order_type":"2","areaid":"310107","item_id":127},{"address":"上海市","access_date":"2016-11-11 13:21:47","account":"1***9","quantity":1,"handle_status":8,"order_type":"2","areaid":"310115","item_id":127},{"address":"上海市","access_date":"2016-11-11 11:48:05","account":"e***a","quantity":2,"handle_status":8,"order_type":"2","areaid":"310104","item_id":127},{"address":"陕西省","access_date":"2016-11-11 11:35:07","account":"x***q","quantity":1,"handle_status":8,"order_type":"2","areaid":"610402","item_id":127},{"address":"新疆维吾尔自治区","access_date":"2016-11-11 11:31:48","account":"y***8","quantity":1,"handle_status":8,"order_type":"2","areaid":"650103","item_id":127},{"address":"甘肃省","access_date":"2016-11-11 11:26:52","account":"r***e","quantity":1,"handle_status":8,"order_type":"2","areaid":"620105","item_id":127},{"address":"江苏省","access_date":"2016-11-11 11:05:46","account":"q***7","quantity":1,"handle_status":8,"order_type":"2","areaid":"320211","item_id":127},{"address":"天津市","access_date":"2016-11-11 10:53:11","account":"泉***童","quantity":1,"handle_status":8,"order_type":"2","areaid":"120103","item_id":127},{"address":"河南省","access_date":"2016-11-11 10:38:07","account":"孙***剑","quantity":1,"handle_status":8,"order_type":"2","areaid":"411081","item_id":127},{"address":"山西省","access_date":"2016-11-11 10:26:48","account":"w***o","quantity":1,"handle_status":8,"order_type":"2","areaid":"140802","item_id":127},{"address":"上海市","access_date":"2016-11-11 10:16:32","account":"1***8","quantity":1,"handle_status":8,"order_type":"2","areaid":"310104","item_id":127},{"address":"北京市","access_date":"2016-11-10 16:25:58","account":"b***s","quantity":1,"handle_status":8,"order_type":"2","areaid":"110108","item_id":127},{"address":"江苏省","access_date":"2016-11-10 16:02:43","account":"c***g","quantity":1,"handle_status":8,"order_type":"2","areaid":"320581","item_id":127},{"address":"上海市","access_date":"2016-11-10 15:29:15","account":"g***u","quantity":1,"handle_status":8,"order_type":"2","areaid":"310104","item_id":127},{"address":"上海市","access_date":"2016-11-10 15:08:33","account":"1***9","quantity":1,"handle_status":8,"order_type":"2","areaid":"310115","item_id":127},{"address":"河北省","access_date":"2016-11-10 12:24:26","account":"小***斌","quantity":1,"handle_status":8,"order_type":"2","areaid":"130802","item_id":127},{"address":"黑龙江省","access_date":"2016-11-10 11:19:12","account":"1***6","quantity":1,"handle_status":8,"order_type":"2","areaid":"230702","item_id":127},{"address":"江苏省","access_date":"2016-11-10 10:30:45","account":"1***5","quantity":1,"handle_status":8,"order_type":"2","areaid":"320581","item_id":127},{"address":"江苏省","access_date":"2016-11-09 10:33:34","account":"t***0","quantity":5,"handle_status":8,"order_type":"2","areaid":"320106","item_id":127},{"address":"广东省","access_date":"2016-11-09 10:30:28","account":"大***家","quantity":1,"handle_status":8,"order_type":"2","areaid":"440604","item_id":127},{"address":"海南省","access_date":"2016-11-09 10:30:20","account":"小***甜","quantity":1,"handle_status":8,"order_type":"2","areaid":"469029","item_id":127},{"address":"北京市","access_date":"2016-11-09 10:29:08","account":"j***9","quantity":1,"handle_status":8,"order_type":"2","areaid":"110105","item_id":127},{"address":"甘肃省","access_date":"2016-11-09 10:29:06","account":"r***e","quantity":1,"handle_status":8,"order_type":"2","areaid":"620105","item_id":127},{"address":"北京市","access_date":"2016-11-09 10:29:03","account":"z***n","quantity":1,"handle_status":8,"order_type":"2","areaid":"110102","item_id":127},{"address":"上海市","access_date":"2016-11-09 10:28:46","account":"1***8","quantity":1,"handle_status":8,"order_type":"2","areaid":"310104","item_id":127},{"address":"福建省","access_date":"2016-11-09 10:28:30","account":"y***u","quantity":1,"handle_status":8,"order_type":"2","areaid":"350203","item_id":127},{"address":"北京市","access_date":"2016-11-09 10:28:09","account":"j***9","quantity":1,"handle_status":8,"order_type":"2","areaid":"110105","item_id":127},{"address":"内蒙古自治区","access_date":"2016-11-09 10:19:42","account":"1***9","quantity":1,"handle_status":8,"order_type":"2","areaid":"150204","item_id":127},{"address":"上海市","access_date":"2016-11-09 10:16:04","account":"h***4","quantity":1,"handle_status":8,"order_type":"2","areaid":"310115","item_id":127},{"address":"广东省","access_date":"2016-11-09 09:47:48","account":"1***8","quantity":1,"handle_status":8,"order_type":"2","areaid":"440306","item_id":127},{"address":"广东省","access_date":"2016-11-09 09:47:25","account":"1***8","quantity":1,"handle_status":8,"order_type":"2","areaid":"440306","item_id":127},{"address":"江苏省","access_date":"2016-11-08 16:29:08","account":"1***1","quantity":1,"handle_status":8,"order_type":"2","areaid":"320206","item_id":127},{"address":"上海市","access_date":"2016-11-08 13:41:42","account":"1***9","quantity":1,"handle_status":8,"order_type":"2","areaid":"310115","item_id":127},{"address":"四川省","access_date":"2016-11-08 13:23:48","account":"g***m","quantity":1,"handle_status":8,"order_type":"2","areaid":"511421","item_id":127},{"address":"重庆市","access_date":"2016-11-08 13:16:42","account":"m***0","quantity":1,"handle_status":8,"order_type":"2","areaid":"500238","item_id":127},{"address":"河南省","access_date":"2016-11-08 11:47:47","account":"X***8","quantity":1,"handle_status":8,"order_type":"2","areaid":"410108","item_id":127},{"address":"江西省","access_date":"2016-11-08 11:40:56","account":"g***r","quantity":1,"handle_status":8,"order_type":"2","areaid":"360104","item_id":127},{"address":"江苏省","access_date":"2016-11-08 11:26:49","account":"t***0","quantity":3,"handle_status":8,"order_type":"2","areaid":"320106","item_id":127},{"address":"江苏省","access_date":"2016-11-08 11:25:29","account":"q***y","quantity":1,"handle_status":8,"order_type":"2","areaid":"320501","item_id":127},{"address":"上海市","access_date":"2016-11-08 10:41:59","account":"风***7","quantity":1,"handle_status":8,"order_type":"2","areaid":"310113","item_id":127},{"address":"湖北省","access_date":"2016-11-08 10:27:07","account":"b***9","quantity":1,"handle_status":8,"order_type":"2","areaid":"420102","item_id":127},{"address":"上海市","access_date":"2016-11-08 10:18:43","account":"1***8","quantity":1,"handle_status":8,"order_type":"2","areaid":"310104","item_id":127},{"address":"广东省","access_date":"2016-11-08 10:12:51","account":"l***7","quantity":1,"handle_status":8,"order_type":"2","areaid":"440306","item_id":127},{"address":"江苏省","access_date":"2016-11-08 09:54:30","account":"H***f","quantity":1,"handle_status":8,"order_type":"2","areaid":"320684","item_id":127},{"address":"江苏省","access_date":"2016-11-08 09:43:07","account":"t***0","quantity":3,"handle_status":8,"order_type":"2","areaid":"320106","item_id":127},{"address":"四川省","access_date":"2016-11-08 09:33:11","account":"a***g","quantity":1,"handle_status":8,"order_type":"2","areaid":"510108","item_id":127},{"address":"上海市","access_date":"2016-11-07 15:39:44","account":"r***e","quantity":1,"handle_status":8,"order_type":"2","areaid":"310110","item_id":127},{"address":"湖北省","access_date":"2016-11-07 13:59:41","account":"w***t","quantity":1,"handle_status":8,"order_type":"2","areaid":"420502","item_id":127},{"address":"四川省","access_date":"2016-11-07 13:20:22","account":"h***l","quantity":1,"handle_status":8,"order_type":"2","areaid":"510107","item_id":127},{"address":"陕西省","access_date":"2016-11-07 12:36:27","account":"w***6","quantity":1,"handle_status":8,"order_type":"2","areaid":"610103","item_id":127},{"address":"江苏省","access_date":"2016-11-07 11:05:02","account":"1***5","quantity":1,"handle_status":8,"order_type":"2","areaid":"321281","item_id":127},{"address":"福建省","access_date":"2016-11-07 10:54:58","account":"y***u","quantity":1,"handle_status":8,"order_type":"2","areaid":"350206","item_id":127},{"address":"上海市","access_date":"2016-11-06 15:52:15","account":"1***5","quantity":1,"handle_status":8,"order_type":"2","areaid":"310105","item_id":127},{"address":"陕西省","access_date":"2016-11-06 10:11:36","account":"b***8","quantity":1,"handle_status":8,"order_type":"2","areaid":"610114","item_id":127},{"address":"北京市","access_date":"2016-11-05 16:28:50","account":"p***5","quantity":1,"handle_status":8,"order_type":"2","areaid":"110108","item_id":127},{"address":"黑龙江省","access_date":"2016-11-05 11:14:09","account":"1***6","quantity":1,"handle_status":8,"order_type":"2","areaid":"230702","item_id":127},{"address":"上海市","access_date":"2016-11-05 09:45:14","account":"1***8","quantity":1,"handle_status":8,"order_type":"2","areaid":"310104","item_id":127},{"address":"上海市","access_date":"2016-11-05 09:34:58","account":"1***8","quantity":1,"handle_status":8,"order_type":"2","areaid":"310104","item_id":127},{"address":"北京市","access_date":"2016-11-04 16:10:43","account":"孟***军","quantity":1,"handle_status":8,"order_type":"2","areaid":"110105","item_id":127},{"address":"山东省","access_date":"2016-11-04 15:40:25","account":"s***y","quantity":1,"handle_status":8,"order_type":"2","areaid":"370826","item_id":127},{"address":"河南省","access_date":"2016-11-04 15:33:11","account":"Z***6","quantity":1,"handle_status":8,"order_type":"2","areaid":"410702","item_id":127},{"address":"广东省","access_date":"2016-11-04 11:55:48","account":"c***y","quantity":1,"handle_status":8,"order_type":"2","areaid":"440105","item_id":127},{"address":"湖北省","access_date":"2016-11-04 10:51:12","account":"b***9","quantity":1,"handle_status":8,"order_type":"2","areaid":"420102","item_id":127},{"address":"北京市","access_date":"2016-11-04 10:02:13","account":"b***s","quantity":1,"handle_status":8,"order_type":"2","areaid":"110108","item_id":127},{"address":"江苏省","access_date":"2016-11-04 09:52:04","account":"w***4","quantity":1,"handle_status":8,"order_type":"2","areaid":"320202","item_id":127},{"address":"山东省","access_date":"2016-11-03 13:29:27","account":"青***圣","quantity":1,"handle_status":8,"order_type":"2","areaid":"370203","item_id":127},{"address":"江苏省","access_date":"2016-11-03 13:27:03","account":"m***s","quantity":1,"handle_status":8,"order_type":"2","areaid":"320506","item_id":127},{"address":"上海市","access_date":"2016-11-03 10:52:11","account":"s***x","quantity":1,"handle_status":8,"order_type":"2","areaid":"310115","item_id":127},{"address":"江西省","access_date":"2016-11-03 09:55:04","account":"社***年","quantity":1,"handle_status":8,"order_type":"2","areaid":"360782","item_id":127},{"address":"河北省","access_date":"2016-11-03 09:38:09","account":"一***井","quantity":1,"handle_status":8,"order_type":"2","areaid":"130121","item_id":127},{"address":"北京市","access_date":"2016-11-03 09:36:24","account":"z***g","quantity":1,"handle_status":8,"order_type":"2","areaid":"110108","item_id":127},{"address":"北京市","access_date":"2016-11-03 09:35:22","account":"l***3","quantity":1,"handle_status":8,"order_type":"2","areaid":"110113","item_id":127},{"address":"江西省","access_date":"2016-11-03 09:30:26","account":"o***g","quantity":1,"handle_status":8,"order_type":"2","areaid":"361001","item_id":127},{"address":"广东省","access_date":"2016-11-02 16:18:42","account":"f***n","quantity":1,"handle_status":8,"order_type":"2","areaid":"440306","item_id":127},{"address":"上海市","access_date":"2016-11-02 14:09:54","account":"G***g","quantity":1,"handle_status":8,"order_type":"2","areaid":"310117","item_id":127},{"address":"广东省","access_date":"2016-11-02 14:04:27","account":"曾***坚","quantity":1,"handle_status":8,"order_type":"2","areaid":"441424","item_id":127},{"address":"江苏省","access_date":"2016-11-02 13:30:29","account":"1***2","quantity":1,"handle_status":8,"order_type":"2","areaid":"320582","item_id":127},{"address":"陕西省","access_date":"2016-11-02 13:13:10","account":"b***8","quantity":1,"handle_status":8,"order_type":"2","areaid":"610114","item_id":127},{"address":"上海市","access_date":"2016-11-02 13:06:39","account":"咖***苦","quantity":1,"handle_status":8,"order_type":"2","areaid":"310110","item_id":127},{"address":"北京市","access_date":"2016-11-02 12:30:11","account":"h***j","quantity":1,"handle_status":8,"order_type":"2","areaid":"110108","item_id":127},{"address":"山东省","access_date":"2016-11-02 12:22:01","account":"h***j","quantity":1,"handle_status":8,"order_type":"2","areaid":"370281","item_id":127},{"address":"浙江省","access_date":"2016-11-02 11:23:49","account":"j***n","quantity":1,"handle_status":8,"order_type":"2","areaid":"330103","item_id":127},{"address":"北京市","access_date":"2016-11-02 11:19:13","account":"t***g","quantity":1,"handle_status":8,"order_type":"2","areaid":"110108","item_id":127},{"address":"浙江省","access_date":"2016-11-02 11:11:42","account":"z***w","quantity":1,"handle_status":8,"order_type":"2","areaid":"330109","item_id":127}]