[{"address":"甘肃省","access_date":"2017-02-06 11:11:40","account":"g***s","quantity":1,"handle_status":-6,"order_type":"2","areaid":"620103","item_id":47},{"address":"浙江省","access_date":"2017-01-12 19:51:34","account":"1***6","quantity":1,"handle_status":-6,"order_type":"2","areaid":"331004","item_id":47},{"address":"上海市","access_date":"2017-01-11 17:41:48","account":"1***2","quantity":1,"handle_status":-6,"order_type":"2","areaid":"310118","item_id":47},{"address":"上海市","access_date":"2017-01-11 17:24:06","account":"1***2","quantity":1,"handle_status":-6,"order_type":"2","areaid":"310118","item_id":47},{"address":"北京市","access_date":"2017-01-04 16:30:55","account":"l***3","quantity":1,"handle_status":-6,"order_type":"2","areaid":"110114","item_id":47},{"address":"北京市","access_date":"2016-12-27 17:07:15","account":"l***3","quantity":1,"handle_status":-6,"order_type":"2","areaid":"110114","item_id":47},{"address":"北京市","access_date":"2016-12-27 17:06:00","account":"l***3","quantity":1,"handle_status":-6,"order_type":"2","areaid":"110114","item_id":47},{"address":"北京市","access_date":"2016-12-22 17:11:58","account":"z***2","quantity":1,"handle_status":-6,"order_type":"2","areaid":"110114","item_id":47},{"address":"北京市","access_date":"2016-12-20 17:00:24","account":"h***7","quantity":1,"handle_status":-6,"order_type":"2","areaid":"110102","item_id":47},{"address":"北京市","access_date":"2016-12-20 16:58:50","account":"t***l","quantity":1,"handle_status":-6,"order_type":"2","areaid":"110105","item_id":47},{"address":"北京市","access_date":"2016-12-20 16:55:23","account":"t***l","quantity":1,"handle_status":-6,"order_type":"2","areaid":"110105","item_id":47},{"address":"北京市","access_date":"2016-12-20 16:48:27","account":"z***2","quantity":1,"handle_status":-6,"order_type":"2","areaid":"110114","item_id":47},{"address":"北京市","access_date":"2016-12-20 16:46:25","account":"测***0","quantity":1,"handle_status":-6,"order_type":"2","areaid":"110102","item_id":47},{"address":"北京市","access_date":"2016-11-29 16:46:18","account":"l***3","quantity":1,"handle_status":-6,"order_type":"2","areaid":"110101","item_id":47},{"address":"北京市","access_date":"2016-11-29 16:43:35","account":"测***0","quantity":1,"handle_status":-6,"order_type":"2","areaid":"110102","item_id":47},{"address":"北京市","access_date":"2016-11-29 16:43:33","account":"l***g","quantity":1,"handle_status":-6,"order_type":"2","areaid":"110102","item_id":47},{"address":"北京市","access_date":"2016-11-07 16:25:57","account":"测***0","quantity":1,"handle_status":-6,"order_type":"2","areaid":"110102","item_id":47},{"address":"北京市","access_date":"2016-11-07 16:22:09","account":"测***0","quantity":1,"handle_status":-6,"order_type":"2","areaid":"110102","item_id":47},{"address":"北京市","access_date":"2016-11-07 16:19:43","account":"测***0","quantity":1,"handle_status":-6,"order_type":"2","areaid":"110102","item_id":47},{"address":"福建省","access_date":"2016-11-01 09:54:28","account":"D***m","quantity":1,"handle_status":-6,"order_type":"2","areaid":"350982","item_id":47},{"address":"北京市","access_date":"2016-10-31 17:15:16","account":"测***0","quantity":1,"handle_status":-6,"order_type":"2","areaid":"110102","item_id":47},{"address":"北京市","access_date":"2016-10-31 17:05:46","account":"t***l","quantity":1,"handle_status":-6,"order_type":"2","areaid":"110102","item_id":47},{"address":"北京市","access_date":"2016-10-31 17:05:44","account":"t***x","quantity":1,"handle_status":-6,"order_type":"2","areaid":"110102","item_id":47},{"address":"山东省","access_date":"2016-10-25 18:29:22","account":"y***r","quantity":6,"handle_status":-6,"order_type":"2","areaid":"371302","item_id":47},{"address":"上海市","access_date":"2016-10-23 12:34:53","account":"1***8","quantity":1,"handle_status":-6,"order_type":"2","areaid":"310106","item_id":47},{"address":"北京市","access_date":"2016-10-22 16:01:12","account":"测***0","quantity":1,"handle_status":-6,"order_type":"2","areaid":"110102","item_id":47},{"address":"北京市","access_date":"2016-10-22 16:00:53","account":"测***0","quantity":1,"handle_status":-6,"order_type":"2","areaid":"110102","item_id":47},{"address":"北京市","access_date":"2016-10-09 14:01:41","account":"清***影","quantity":1,"handle_status":-6,"order_type":"53","areaid":"110102","item_id":47},{"address":"北京市","access_date":"2016-10-09 14:01:41","account":"福***宁","quantity":1,"handle_status":-6,"order_type":"53","areaid":"110102","item_id":47},{"address":"北京市","access_date":"2016-10-09 14:01:41","account":"单***平","quantity":1,"handle_status":-6,"order_type":"53","areaid":"110102","item_id":47},{"address":"北京市","access_date":"2016-10-09 14:01:41","account":"z***l","quantity":1,"handle_status":-6,"order_type":"53","areaid":"110105","item_id":47},{"address":"北京市","access_date":"2016-09-29 16:22:12","account":"w***i","quantity":1,"handle_status":-6,"order_type":"53","areaid":"110102","item_id":47},{"address":"北京市","access_date":"2016-09-29 16:22:12","account":"D***m","quantity":1,"handle_status":-6,"order_type":"53","areaid":"110102","item_id":47},{"address":"北京市","access_date":"2016-09-29 16:22:12","account":"l***3","quantity":1,"handle_status":-6,"order_type":"53","areaid":"110102","item_id":47},{"address":"北京市","access_date":"2016-08-17 09:19:09","account":"l***g","quantity":1,"handle_status":-6,"order_type":"2","areaid":"110102","item_id":47},{"address":"北京市","access_date":"2016-08-17 08:50:54","account":"p***a","quantity":1,"handle_status":-6,"order_type":"2","areaid":"110102","item_id":47},{"address":"北京市","access_date":"2016-08-16 09:37:28","account":"p***a","quantity":1,"handle_status":-6,"order_type":"2","areaid":"110102","item_id":47},{"address":"北京市","access_date":"2016-08-16 08:20:08","account":"测***0","quantity":1,"handle_status":-6,"order_type":"2","areaid":"110102","item_id":47},{"address":"北京市","access_date":"2016-08-15 11:57:33","account":"1***5","quantity":1,"handle_status":-6,"order_type":"2","areaid":"110102","item_id":47},{"address":"北京市","access_date":"2016-08-15 11:48:10","account":"1***5","quantity":1,"handle_status":-6,"order_type":"2","areaid":"110102","item_id":47},{"address":"北京市","access_date":"2016-08-15 11:44:45","account":"1***7","quantity":1,"handle_status":-6,"order_type":"2","areaid":"110102","item_id":47},{"address":"北京市","access_date":"2016-08-15 11:15:14","account":"1***7","quantity":1,"handle_status":-6,"order_type":"2","areaid":"110102","item_id":47},{"address":"北京市","access_date":"2016-08-15 09:41:28","account":"测***0","quantity":1,"handle_status":-6,"order_type":"2","areaid":"110102","item_id":47},{"address":"北京市","access_date":"2016-08-05 15:34:32","account":"D***m","quantity":1,"handle_status":-6,"handle_note_c":"展会","order_type":"onlinePerson","areaid":"110102","item_id":47},{"address":"天津市","access_date":"2016-08-05 10:54:23","account":"D***m","quantity":1,"handle_status":-6,"handle_note_c":"打发水电费","order_type":"onlinePerson","areaid":"120101","item_id":47},{"address":"北京市","access_date":"2016-07-29 08:51:17","account":"l***g","quantity":1,"handle_status":-6,"order_type":"2","areaid":"110102","item_id":47},{"address":"内蒙古自治区","access_date":"2016-03-31 19:36:07","account":"z***a","quantity":5,"handle_status":-6,"order_type":"2","areaid":"150102","item_id":47},{"address":"北京市","access_date":"2016-03-31 18:22:25","account":"y***g","quantity":1,"handle_status":-6,"order_type":"2","areaid":"110105","item_id":47},{"address":"北京市","access_date":"2016-03-31 18:21:53","account":"t***l","quantity":1,"handle_status":-6,"order_type":"2","areaid":"110102","item_id":47},{"address":"北京市","access_date":"2016-03-31 18:20:18","account":"y***g","quantity":1,"handle_status":-6,"order_type":"2","areaid":"110102","item_id":47},{"address":"北京市","access_date":"2016-03-31 18:19:36","account":"t***l","quantity":1,"handle_status":-6,"order_type":"2","areaid":"110102","item_id":47},{"address":"北京市","access_date":"2016-03-31 17:57:26","account":"l***3","quantity":1,"handle_status":-6,"order_type":"2","areaid":"110114","item_id":47},{"address":"北京市","access_date":"2016-03-31 17:56:58","account":"t***l","quantity":1,"handle_status":-6,"order_type":"2","areaid":"110102","item_id":47},{"address":"北京市","access_date":"2016-03-31 17:54:11","account":"y***g","quantity":1,"handle_status":-6,"order_type":"2","areaid":"110105","item_id":47},{"address":"湖南省","access_date":"2016-03-31 14:47:11","account":"1***0","quantity":5,"handle_status":5,"order_type":"2","areaid":"430802","item_id":47},{"address":"湖南省","access_date":"2016-03-31 14:41:04","account":"1***0","quantity":5,"handle_status":5,"order_type":"2","areaid":"430802","item_id":47},{"address":"北京市","access_date":"2016-02-24 15:00:25","account":"l***g","quantity":1,"handle_status":-6,"order_type":"2","areaid":"110102","item_id":47},{"address":"北京市","access_date":"2016-02-24 14:53:41","account":"l***g","quantity":2,"handle_status":-6,"order_type":"2","areaid":"110102","item_id":47},{"address":"北京市","access_date":"2016-01-21 21:16:59","account":"t***l","quantity":15,"handle_status":-6,"order_type":"2","areaid":"110102","item_id":47},{"address":"广东省","access_date":"2016-01-14 23:06:33","account":"如***扬","quantity":1,"handle_status":-6,"order_type":"2","areaid":"440305","item_id":47},{"address":"江苏省","access_date":"2016-01-14 21:12:01","account":"1***5","quantity":1,"handle_status":-6,"order_type":"2","areaid":"320921","item_id":47},{"address":"新疆维吾尔自治区","access_date":"2016-01-14 19:14:19","account":"故***旧","quantity":2,"handle_status":-6,"order_type":"2","areaid":"652201","item_id":47},{"address":"河南省","access_date":"2016-01-14 18:54:15","account":"h***y","quantity":100,"handle_status":-6,"order_type":"2","areaid":"410902","item_id":47},{"address":"北京市","access_date":"2016-01-14 17:31:40","account":"y***g","quantity":1,"handle_status":-6,"order_type":"2","areaid":"110102","item_id":47},{"address":"山东省","access_date":"2016-01-14 15:40:35","account":"c***u","quantity":10,"handle_status":-6,"order_type":"2","areaid":"370704","item_id":47},{"address":"山东省","access_date":"2016-01-14 15:30:03","account":"1***7","quantity":2,"handle_status":-6,"order_type":"2","areaid":"370704","item_id":47},{"address":"江苏省","access_date":"2016-01-06 19:02:47","account":"1***6","quantity":10,"handle_status":-6,"order_type":"2","areaid":"320116","item_id":47},{"address":"江苏省","access_date":"2015-12-30 10:12:44","account":"1***5","quantity":1,"handle_status":-6,"order_type":"2","areaid":"320211","item_id":47},{"address":"上海市","access_date":"2015-12-30 09:01:54","account":"1***4","quantity":5,"handle_status":-6,"order_type":"2","areaid":"310112","item_id":47},{"address":"安徽省","access_date":"2015-12-29 12:23:13","account":"m***l","quantity":10,"handle_status":-6,"order_type":"2","areaid":"340223","item_id":47},{"address":"山东省","access_date":"2015-12-27 22:14:26","account":"星***7","quantity":6,"handle_status":-6,"order_type":"2","areaid":"371625","item_id":47},{"address":"四川省","access_date":"2015-12-26 20:09:55","account":"无***者","quantity":5,"handle_status":5,"order_type":"2","areaid":"511302","item_id":47},{"address":"山东省","access_date":"2015-12-26 15:24:53","account":"c***8","quantity":1,"handle_status":5,"order_type":"2","areaid":"370302","item_id":47},{"address":"四川省","access_date":"2015-12-25 16:16:10","account":"w***h","quantity":1,"handle_status":5,"order_type":"2","areaid":"510302","item_id":47},{"address":"天津市","access_date":"2015-12-25 14:43:49","account":"z***1","quantity":1,"handle_status":5,"order_type":"2","areaid":"120113","item_id":47},{"address":"四川省","access_date":"2015-12-24 12:26:33","account":"l***1","quantity":1,"handle_status":-6,"order_type":"2","areaid":"510184","item_id":47},{"address":"安徽省","access_date":"2015-12-22 09:59:29","account":"s***0","quantity":1,"handle_status":-6,"order_type":"2","areaid":"340111","item_id":47},{"address":"北京市","access_date":"2015-11-03 17:35:45","account":"y***g","quantity":1,"handle_status":-6,"order_type":"2","areaid":"110102","item_id":47},{"address":"北京市","access_date":"2015-10-19 15:49:06","account":"t***l","quantity":1,"handle_status":5,"order_type":"2","areaid":"110102","item_id":47},{"address":"北京市","access_date":"2015-10-16 21:44:26","account":"t***l","quantity":1,"handle_status":6,"order_type":"2","areaid":"110102","item_id":47},{"address":"北京市","access_date":"2015-10-14 20:20:41","account":"测***0","quantity":1,"handle_status":5,"order_type":"2","areaid":"110101","item_id":47},{"address":"北京市","access_date":"2015-10-14 20:19:30","account":"测***0","quantity":1,"handle_status":5,"order_type":"2","areaid":"110101","item_id":47},{"address":"北京市","access_date":"2015-09-23 19:53:27","account":"测***0","quantity":1,"handle_status":5,"order_type":"2","areaid":"110229","item_id":47},{"address":"北京市","access_date":"2015-09-16 17:11:58","account":"测***0","quantity":1,"handle_status":5,"order_type":"2","areaid":"110229","item_id":47}]