[{"address":"江苏省","access_date":"2017-03-10 15:39:47","account":"z***a","quantity":1,"handle_status":8,"order_type":"2","areaid":"320104","item_id":167},{"address":"四川省","access_date":"2017-03-10 15:33:11","account":"h***a","quantity":2,"handle_status":8,"order_type":"2","areaid":"510122","item_id":167},{"address":"浙江省","access_date":"2017-03-10 15:33:09","account":"l***j","quantity":2,"handle_status":8,"order_type":"2","areaid":"330106","item_id":167},{"address":"黑龙江省","access_date":"2017-03-10 14:51:51","account":"1***2","quantity":2,"handle_status":8,"order_type":"2","areaid":"230602","item_id":167},{"address":"陕西省","access_date":"2017-03-10 14:01:11","account":"追***啡","quantity":2,"handle_status":8,"order_type":"2","areaid":"610102","item_id":167},{"address":"山西省","access_date":"2017-03-10 14:01:11","account":"8***1","quantity":2,"handle_status":8,"order_type":"2","areaid":"140109","item_id":167},{"address":"甘肃省","access_date":"2017-03-10 14:01:10","account":"1***8","quantity":2,"handle_status":8,"order_type":"2","areaid":"620702","item_id":167},{"address":"山东省","access_date":"2017-03-10 14:01:10","account":"与***缘","quantity":2,"handle_status":8,"order_type":"2","areaid":"371402","item_id":167},{"address":"北京市","access_date":"2017-03-10 14:01:10","account":"h***j","quantity":2,"handle_status":8,"order_type":"2","areaid":"110107","item_id":167},{"address":"江西省","access_date":"2017-03-10 14:01:08","account":"I***5","quantity":1,"handle_status":8,"order_type":"2","areaid":"360111","item_id":167},{"address":"黑龙江省","access_date":"2017-03-10 14:01:08","account":"熊***杨","quantity":2,"handle_status":8,"order_type":"2","areaid":"230602","item_id":167},{"address":"黑龙江省","access_date":"2017-03-10 14:01:08","account":"s***3","quantity":2,"handle_status":8,"order_type":"2","areaid":"230602","item_id":167},{"address":"江苏省","access_date":"2017-03-10 14:01:08","account":"n***f","quantity":2,"handle_status":8,"order_type":"2","areaid":"320611","item_id":167},{"address":"宁夏回族自治区","access_date":"2017-03-10 14:01:07","account":"吴***军","quantity":1,"handle_status":8,"order_type":"2","areaid":"640521","item_id":167},{"address":"上海市","access_date":"2017-03-10 14:01:07","account":"游***印","quantity":2,"handle_status":8,"order_type":"2","areaid":"310113","item_id":167},{"address":"广东省","access_date":"2017-03-10 14:01:07","account":"胥***柜","quantity":2,"handle_status":8,"order_type":"2","areaid":"441702","item_id":167},{"address":"广东省","access_date":"2017-03-10 14:01:07","account":"m***4","quantity":1,"handle_status":8,"order_type":"2","areaid":"440705","item_id":167},{"address":"江苏省","access_date":"2017-03-10 14:01:07","account":"1***5","quantity":2,"handle_status":8,"order_type":"2","areaid":"320211","item_id":167},{"address":"浙江省","access_date":"2017-03-10 14:01:07","account":"壹***言","quantity":2,"handle_status":8,"order_type":"2","areaid":"330205","item_id":167},{"address":"山东省","access_date":"2017-03-10 14:01:07","account":"1***3","quantity":2,"handle_status":8,"order_type":"2","areaid":"371002","item_id":167},{"address":"重庆市","access_date":"2017-03-10 14:01:06","account":"球***m","quantity":1,"handle_status":8,"order_type":"2","areaid":"500108","item_id":167},{"address":"江苏省","access_date":"2017-03-10 14:01:06","account":"c***5","quantity":2,"handle_status":8,"order_type":"2","areaid":"320104","item_id":167},{"address":"山东省","access_date":"2017-03-10 14:01:05","account":"a***a","quantity":1,"handle_status":8,"order_type":"2","areaid":"371324","item_id":167},{"address":"山东省","access_date":"2017-03-10 14:01:05","account":"1***6","quantity":2,"handle_status":8,"order_type":"2","areaid":"370785","item_id":167},{"address":"河北省","access_date":"2017-03-10 14:01:05","account":"1***5","quantity":1,"handle_status":8,"order_type":"2","areaid":"130982","item_id":167},{"address":"上海市","access_date":"2017-03-10 14:01:05","account":"m***8","quantity":2,"handle_status":8,"order_type":"2","areaid":"310112","item_id":167},{"address":"上海市","access_date":"2017-03-10 14:01:04","account":"1***3","quantity":2,"handle_status":8,"order_type":"2","areaid":"310115","item_id":167},{"address":"北京市","access_date":"2017-03-10 14:01:04","account":"1***7","quantity":2,"handle_status":8,"order_type":"2","areaid":"110114","item_id":167},{"address":"湖北省","access_date":"2017-03-10 14:01:04","account":"1***4","quantity":2,"handle_status":8,"order_type":"2","areaid":"420103","item_id":167},{"address":"江苏省","access_date":"2017-03-10 14:01:04","account":"l***4","quantity":2,"handle_status":8,"order_type":"2","areaid":"320507","item_id":167},{"address":"重庆市","access_date":"2017-03-10 14:01:04","account":"n***8","quantity":2,"handle_status":8,"order_type":"2","areaid":"500104","item_id":167},{"address":"广东省","access_date":"2017-03-10 14:01:03","account":"c***n","quantity":2,"handle_status":8,"order_type":"2","areaid":"440105","item_id":167},{"address":"山东省","access_date":"2017-03-10 14:01:03","account":"无***8","quantity":1,"handle_status":8,"order_type":"2","areaid":"371501","item_id":167},{"address":"江西省","access_date":"2017-03-10 14:01:03","account":"南***空","quantity":2,"handle_status":8,"order_type":"2","areaid":"360105","item_id":167},{"address":"浙江省","access_date":"2017-03-10 14:01:03","account":"1***8","quantity":2,"handle_status":8,"order_type":"2","areaid":"330784","item_id":167},{"address":"广东省","access_date":"2017-03-10 14:01:02","account":"b***v","quantity":2,"handle_status":8,"order_type":"2","areaid":"440307","item_id":167},{"address":"辽宁省","access_date":"2017-03-10 14:01:02","account":"1***1","quantity":2,"handle_status":8,"order_type":"2","areaid":"210381","item_id":167},{"address":"辽宁省","access_date":"2017-03-10 14:01:02","account":"1***7","quantity":2,"handle_status":8,"order_type":"2","areaid":"210103","item_id":167},{"address":"山西省","access_date":"2017-03-10 14:01:02","account":"G***7","quantity":2,"handle_status":8,"order_type":"2","areaid":"140202","item_id":167},{"address":"广东省","access_date":"2017-03-10 14:01:01","account":"1***7","quantity":2,"handle_status":8,"order_type":"2","areaid":"440183","item_id":167},{"address":"安徽省","access_date":"2017-03-10 14:01:01","account":"g***b","quantity":2,"handle_status":8,"order_type":"2","areaid":"340405","item_id":167},{"address":"辽宁省","access_date":"2017-03-10 14:01:00","account":"r***e","quantity":1,"handle_status":8,"order_type":"2","areaid":"210106","item_id":167},{"address":"浙江省","access_date":"2017-03-10 14:01:00","account":"1***6","quantity":2,"handle_status":8,"order_type":"2","areaid":"330784","item_id":167},{"address":"广东省","access_date":"2017-03-10 14:01:00","account":"h***6","quantity":2,"handle_status":8,"order_type":"2","areaid":"ff8080814cd0d0f4014cd571e2a50002","item_id":167},{"address":"辽宁省","access_date":"2017-03-10 14:01:00","account":"y***6","quantity":2,"handle_status":8,"order_type":"2","areaid":"210204","item_id":167},{"address":"江苏省","access_date":"2017-03-10 14:01:00","account":"w***2","quantity":1,"handle_status":8,"order_type":"2","areaid":"320281","item_id":167},{"address":"福建省","access_date":"2017-03-10 14:01:00","account":"k***s","quantity":1,"handle_status":8,"order_type":"2","areaid":"350203","item_id":167},{"address":"广东省","access_date":"2017-03-10 14:01:00","account":"N***2","quantity":2,"handle_status":8,"order_type":"2","areaid":"440111","item_id":167},{"address":"湖北省","access_date":"2017-03-10 14:01:00","account":"1***9","quantity":2,"handle_status":8,"order_type":"2","areaid":"421002","item_id":167},{"address":"天津市","access_date":"2017-03-10 14:00:58","account":"1***8","quantity":2,"handle_status":8,"order_type":"2","areaid":"120102","item_id":167},{"address":"山东省","access_date":"2017-03-10 14:00:58","account":"k***b","quantity":1,"handle_status":8,"order_type":"2","areaid":"370305","item_id":167},{"address":"吉林省","access_date":"2017-03-10 14:00:58","account":"小***了","quantity":2,"handle_status":8,"order_type":"2","areaid":"220103","item_id":167},{"address":"山东省","access_date":"2017-03-10 14:00:58","account":"l***0","quantity":1,"handle_status":8,"order_type":"2","areaid":"370613","item_id":167},{"address":"山东省","access_date":"2017-03-10 14:00:58","account":"z***5","quantity":2,"handle_status":8,"order_type":"2","areaid":"370213","item_id":167},{"address":"上海市","access_date":"2017-03-10 14:00:58","account":"w***8","quantity":2,"handle_status":8,"order_type":"2","areaid":"310104","item_id":167},{"address":"山东省","access_date":"2017-03-10 14:00:57","account":"c***n","quantity":2,"handle_status":8,"order_type":"2","areaid":"370682","item_id":167},{"address":"黑龙江省","access_date":"2017-03-10 14:00:57","account":"g***w","quantity":2,"handle_status":8,"order_type":"2","areaid":"231101","item_id":167},{"address":"河北省","access_date":"2017-03-10 14:00:56","account":"1***5","quantity":2,"handle_status":8,"order_type":"2","areaid":"130481","item_id":167},{"address":"江苏省","access_date":"2017-03-10 14:00:56","account":"l***g","quantity":2,"handle_status":8,"order_type":"2","areaid":"320583","item_id":167},{"address":"陕西省","access_date":"2017-03-10 14:00:56","account":"w***n","quantity":2,"handle_status":8,"order_type":"2","areaid":"610112","item_id":167},{"address":"北京市","access_date":"2017-03-10 14:00:56","account":"老***烟","quantity":2,"handle_status":8,"order_type":"2","areaid":"110105","item_id":167},{"address":"江苏省","access_date":"2017-03-10 14:00:56","account":"0***6","quantity":2,"handle_status":8,"order_type":"2","areaid":"321002","item_id":167},{"address":"山东省","access_date":"2017-03-10 14:00:56","account":"水***鱼","quantity":1,"handle_status":8,"order_type":"2","areaid":"370211","item_id":167},{"address":"河北省","access_date":"2017-03-10 14:00:56","account":"F***M","quantity":1,"handle_status":8,"order_type":"2","areaid":"130302","item_id":167},{"address":"江苏省","access_date":"2017-03-10 14:00:56","account":"猎***雀","quantity":2,"handle_status":8,"order_type":"2","areaid":"320106","item_id":167},{"address":"浙江省","access_date":"2017-03-10 14:00:55","account":"x***2","quantity":2,"handle_status":8,"order_type":"2","areaid":"330211","item_id":167},{"address":"安徽省","access_date":"2017-03-10 14:00:55","account":"l***3","quantity":2,"handle_status":8,"order_type":"2","areaid":"340302","item_id":167},{"address":"山西省","access_date":"2017-03-10 14:00:55","account":"g***5","quantity":2,"handle_status":8,"order_type":"2","areaid":"140728","item_id":167},{"address":"浙江省","access_date":"2017-03-10 14:00:54","account":"z***6","quantity":1,"handle_status":8,"order_type":"2","areaid":"330602","item_id":167},{"address":"安徽省","access_date":"2017-03-10 14:00:53","account":"1***5","quantity":2,"handle_status":8,"order_type":"2","areaid":"340403","item_id":167},{"address":"贵州省","access_date":"2017-03-10 14:00:53","account":"l***3","quantity":1,"handle_status":8,"order_type":"2","areaid":"520302","item_id":167},{"address":"江苏省","access_date":"2017-03-10 14:00:52","account":"l***6","quantity":2,"handle_status":8,"order_type":"2","areaid":"320924","item_id":167},{"address":"黑龙江省","access_date":"2017-03-10 14:00:51","account":"s***4","quantity":2,"handle_status":8,"order_type":"2","areaid":"230110","item_id":167},{"address":"浙江省","access_date":"2017-03-10 14:00:51","account":"1***8","quantity":2,"handle_status":8,"order_type":"2","areaid":"330784","item_id":167},{"address":"山东省","access_date":"2017-03-10 14:00:51","account":"1***1","quantity":2,"handle_status":8,"order_type":"2","areaid":"371329","item_id":167},{"address":"湖北省","access_date":"2017-03-10 14:00:51","account":"1***9","quantity":2,"handle_status":8,"order_type":"2","areaid":"421002","item_id":167},{"address":"湖南省","access_date":"2017-03-10 14:00:51","account":"Z***0","quantity":2,"handle_status":8,"order_type":"2","areaid":"431022","item_id":167},{"address":"山东省","access_date":"2017-03-10 14:00:51","account":"s***8","quantity":1,"handle_status":8,"order_type":"2","areaid":"370102","item_id":167},{"address":"黑龙江省","access_date":"2017-03-10 14:00:51","account":"1***2","quantity":2,"handle_status":8,"order_type":"2","areaid":"230602","item_id":167},{"address":"江苏省","access_date":"2017-03-10 14:00:50","account":"a***a","quantity":2,"handle_status":8,"order_type":"2","areaid":"320211","item_id":167},{"address":"江苏省","access_date":"2017-03-10 14:00:50","account":"小***8","quantity":1,"handle_status":8,"order_type":"2","areaid":"320302","item_id":167},{"address":"北京市","access_date":"2017-03-10 14:00:49","account":"D***m","quantity":2,"handle_status":8,"order_type":"2","areaid":"110112","item_id":167},{"address":"浙江省","access_date":"2017-03-10 14:00:49","account":"h***l","quantity":2,"handle_status":8,"order_type":"2","areaid":"330106","item_id":167},{"address":"广东省","access_date":"2017-03-10 14:00:48","account":"s***n","quantity":2,"handle_status":8,"order_type":"2","areaid":"440183","item_id":167},{"address":"北京市","access_date":"2017-03-10 14:00:48","account":"h***7","quantity":2,"handle_status":8,"order_type":"2","areaid":"110112","item_id":167},{"address":"河北省","access_date":"2017-03-10 14:00:48","account":"后***好","quantity":2,"handle_status":8,"order_type":"2","areaid":"130532","item_id":167},{"address":"云南省","access_date":"2017-03-10 14:00:48","account":"1***2","quantity":2,"handle_status":8,"order_type":"2","areaid":"530502","item_id":167},{"address":"浙江省","access_date":"2017-03-10 14:00:47","account":"l***u","quantity":2,"handle_status":8,"order_type":"2","areaid":"330110","item_id":167},{"address":"湖北省","access_date":"2017-03-10 14:00:47","account":"1***4","quantity":2,"handle_status":8,"order_type":"2","areaid":"420103","item_id":167},{"address":"北京市","access_date":"2017-03-10 14:00:47","account":"金***陈","quantity":2,"handle_status":8,"order_type":"2","areaid":"110108","item_id":167},{"address":"浙江省","access_date":"2017-03-10 14:00:47","account":"1***5","quantity":2,"handle_status":8,"order_type":"2","areaid":"330205","item_id":167},{"address":"山东省","access_date":"2017-03-10 14:00:47","account":"b***8","quantity":2,"handle_status":8,"order_type":"2","areaid":"371402","item_id":167},{"address":"广东省","access_date":"2017-03-10 14:00:47","account":"1***8","quantity":2,"handle_status":8,"order_type":"2","areaid":"440605","item_id":167},{"address":"天津市","access_date":"2017-03-10 14:00:47","account":"n***8","quantity":2,"handle_status":8,"order_type":"2","areaid":"120114","item_id":167},{"address":"广东省","access_date":"2017-03-10 14:00:46","account":"a***3","quantity":2,"handle_status":8,"order_type":"2","areaid":"440306","item_id":167},{"address":"广东省","access_date":"2017-03-10 14:00:46","account":"t***8","quantity":1,"handle_status":8,"order_type":"2","areaid":"440402","item_id":167},{"address":"山东省","access_date":"2017-03-10 14:00:46","account":"1***2","quantity":1,"handle_status":8,"order_type":"2","areaid":"370213","item_id":167},{"address":"上海市","access_date":"2017-03-10 14:00:46","account":"满***夜","quantity":2,"handle_status":8,"order_type":"2","areaid":"310112","item_id":167},{"address":"四川省","access_date":"2017-03-10 14:00:46","account":"1***7","quantity":2,"handle_status":8,"order_type":"2","areaid":"510601","item_id":167},{"address":"北京市","access_date":"2017-03-10 14:00:45","account":"1***2","quantity":2,"handle_status":8,"order_type":"2","areaid":"110108","item_id":167},{"address":"北京市","access_date":"2017-03-10 14:00:45","account":"t***k","quantity":2,"handle_status":8,"order_type":"2","areaid":"110102","item_id":167},{"address":"江苏省","access_date":"2017-03-10 14:00:45","account":"g***o","quantity":2,"handle_status":8,"order_type":"2","areaid":"320583","item_id":167},{"address":"湖北省","access_date":"2017-03-10 14:00:44","account":"w***2","quantity":2,"handle_status":8,"order_type":"2","areaid":"421002","item_id":167},{"address":"广东省","access_date":"2017-03-10 14:00:44","account":"木***8","quantity":2,"handle_status":8,"order_type":"2","areaid":"ff8080814cd0d0f4014cd571e2a50002","item_id":167},{"address":"江苏省","access_date":"2017-03-10 14:00:42","account":"f***j","quantity":1,"handle_status":8,"order_type":"2","areaid":"320923","item_id":167},{"address":"山东省","access_date":"2017-03-10 14:00:42","account":"l***2","quantity":1,"handle_status":8,"order_type":"2","areaid":"371725","item_id":167},{"address":"福建省","access_date":"2017-03-10 14:00:42","account":"v***u","quantity":2,"handle_status":8,"order_type":"2","areaid":"350881","item_id":167},{"address":"四川省","access_date":"2017-03-10 14:00:41","account":"1***3","quantity":2,"handle_status":8,"order_type":"2","areaid":"510823","item_id":167},{"address":"云南省","access_date":"2017-03-10 14:00:41","account":"1***2","quantity":2,"handle_status":8,"order_type":"2","areaid":"530502","item_id":167},{"address":"辽宁省","access_date":"2017-03-10 14:00:41","account":"1***2","quantity":2,"handle_status":8,"order_type":"2","areaid":"211202","item_id":167},{"address":"河北省","access_date":"2017-03-10 14:00:40","account":"x***g","quantity":2,"handle_status":8,"order_type":"2","areaid":"130108","item_id":167},{"address":"辽宁省","access_date":"2017-03-10 14:00:38","account":"地***油","quantity":2,"handle_status":8,"order_type":"2","areaid":"210213","item_id":167},{"address":"广东省","access_date":"2017-03-10 14:00:37","account":"f***g","quantity":1,"handle_status":8,"order_type":"2","areaid":"440604","item_id":167},{"address":"河南省","access_date":"2017-03-10 14:00:37","account":"1***6","quantity":2,"handle_status":8,"order_type":"2","areaid":"410403","item_id":167},{"address":"陕西省","access_date":"2017-03-10 14:00:37","account":"随***游","quantity":2,"handle_status":8,"order_type":"2","areaid":"610323","item_id":167},{"address":"北京市","access_date":"2017-03-10 14:00:36","account":"w***g","quantity":2,"handle_status":8,"order_type":"2","areaid":"110105","item_id":167},{"address":"上海市","access_date":"2017-03-10 14:00:36","account":"w***o","quantity":2,"handle_status":8,"order_type":"2","areaid":"310120","item_id":167},{"address":"上海市","access_date":"2017-03-10 14:00:36","account":"h***w","quantity":2,"handle_status":8,"order_type":"2","areaid":"310101","item_id":167},{"address":"山东省","access_date":"2017-03-10 14:00:36","account":"1***1","quantity":1,"handle_status":8,"order_type":"2","areaid":"370811","item_id":167},{"address":"山东省","access_date":"2017-03-10 14:00:36","account":"李***啷","quantity":1,"handle_status":8,"order_type":"2","areaid":"370612","item_id":167},{"address":"北京市","access_date":"2017-03-10 14:00:35","account":"j***j","quantity":2,"handle_status":8,"order_type":"2","areaid":"110106","item_id":167},{"address":"福建省","access_date":"2017-03-10 14:00:35","account":"z***1","quantity":2,"handle_status":8,"order_type":"2","areaid":"350181","item_id":167},{"address":"山东省","access_date":"2017-03-10 14:00:35","account":"1***8","quantity":1,"handle_status":8,"order_type":"2","areaid":"370602","item_id":167},{"address":"山东省","access_date":"2017-03-10 14:00:35","account":"s***2","quantity":2,"handle_status":8,"order_type":"2","areaid":"370104","item_id":167},{"address":"北京市","access_date":"2017-03-10 14:00:34","account":"d***2","quantity":2,"handle_status":8,"order_type":"2","areaid":"110112","item_id":167},{"address":"江苏省","access_date":"2017-03-10 14:00:34","account":"1***1","quantity":2,"handle_status":8,"order_type":"2","areaid":"320402","item_id":167},{"address":"河南省","access_date":"2017-03-10 14:00:34","account":"1***7","quantity":2,"handle_status":8,"order_type":"2","areaid":"410403","item_id":167},{"address":"北京市","access_date":"2017-03-10 14:00:34","account":"杨***琴","quantity":2,"handle_status":8,"order_type":"2","areaid":"110102","item_id":167},{"address":"广东省","access_date":"2017-03-10 14:00:34","account":"w***g","quantity":2,"handle_status":8,"order_type":"2","areaid":"ff8080814cd0d0f4014cd56f66b80001","item_id":167},{"address":"山西省","access_date":"2017-03-10 14:00:32","account":"h***y","quantity":2,"handle_status":8,"order_type":"2","areaid":"140930","item_id":167},{"address":"黑龙江省","access_date":"2017-03-10 14:00:30","account":"d***r","quantity":2,"handle_status":8,"order_type":"2","areaid":"230110","item_id":167},{"address":"山西省","access_date":"2017-03-10 14:00:29","account":"钰***0","quantity":2,"handle_status":8,"order_type":"2","areaid":"140728","item_id":167},{"address":"山东省","access_date":"2017-03-10 14:00:28","account":"1***3","quantity":2,"handle_status":8,"order_type":"2","areaid":"370213","item_id":167},{"address":"四川省","access_date":"2017-03-10 14:00:27","account":"x***6","quantity":2,"handle_status":8,"order_type":"2","areaid":"510402","item_id":167},{"address":"江苏省","access_date":"2017-03-10 14:00:25","account":"l***8","quantity":2,"handle_status":8,"order_type":"2","areaid":"320581","item_id":167},{"address":"河北省","access_date":"2017-03-10 14:00:24","account":"1***7","quantity":1,"handle_status":-6,"order_type":"2","areaid":"130108","item_id":167},{"address":"北京市","access_date":"2017-03-10 14:00:20","account":"i***2","quantity":2,"handle_status":8,"order_type":"2","areaid":"110108","item_id":167},{"address":"北京市","access_date":"2017-03-10 14:00:19","account":"1***7","quantity":2,"handle_status":8,"order_type":"2","areaid":"110105","item_id":167},{"address":"北京市","access_date":"2017-03-10 14:00:11","account":"风***生","quantity":2,"handle_status":8,"order_type":"2","areaid":"110102","item_id":167},{"address":"山西省","access_date":"2017-03-10 14:00:02","account":"x***g","quantity":1,"handle_status":8,"order_type":"2","areaid":"140702","item_id":167}]