[{"address":"江苏省","access_date":"2016-09-28 11:32:09","account":"b***1","quantity":1,"handle_status":8,"order_type":"53","areaid":"320106","item_id":106},{"address":"上海市","access_date":"2016-09-28 11:32:09","account":"c***s","quantity":1,"handle_status":8,"order_type":"53","areaid":"310105","item_id":106},{"address":"浙江省","access_date":"2016-09-28 11:32:09","account":"1***3","quantity":1,"handle_status":8,"order_type":"53","areaid":"330726","item_id":106},{"address":"福建省","access_date":"2016-09-28 11:32:09","account":"w***8","quantity":1,"handle_status":8,"order_type":"53","areaid":"350303","item_id":106},{"address":"陕西省","access_date":"2016-09-28 11:32:09","account":"r***g","quantity":1,"handle_status":8,"order_type":"53","areaid":"610702","item_id":106},{"address":"河南省","access_date":"2016-09-28 11:32:09","account":"移***娇","quantity":1,"handle_status":8,"order_type":"53","areaid":"410105","item_id":106},{"address":"山东省","access_date":"2016-09-28 11:32:09","account":"q***n","quantity":1,"handle_status":8,"order_type":"53","areaid":"371425","item_id":106},{"address":"浙江省","access_date":"2016-09-28 11:32:09","account":"爱***贝","quantity":1,"handle_status":8,"order_type":"53","areaid":"330702","item_id":106},{"address":"内蒙古自治区","access_date":"2016-09-28 11:32:09","account":"w***m","quantity":1,"handle_status":8,"order_type":"53","areaid":"150203","item_id":106},{"address":"内蒙古自治区","access_date":"2016-09-28 11:32:09","account":"飞***3","quantity":1,"handle_status":8,"order_type":"53","areaid":"150826","item_id":106},{"address":"浙江省","access_date":"2016-09-28 11:32:09","account":"1***4","quantity":1,"handle_status":8,"order_type":"53","areaid":"330324","item_id":106},{"address":"江西省","access_date":"2016-09-28 11:32:08","account":"想***1","quantity":1,"handle_status":8,"order_type":"53","areaid":"360403","item_id":106},{"address":"山东省","access_date":"2016-09-28 11:32:08","account":"l***n","quantity":1,"handle_status":8,"order_type":"53","areaid":"371723","item_id":106},{"address":"广西壮族自治区","access_date":"2016-09-28 11:32:08","account":"王***9","quantity":1,"handle_status":8,"order_type":"53","areaid":"451302","item_id":106},{"address":"江苏省","access_date":"2016-09-28 11:32:08","account":"d***o","quantity":1,"handle_status":8,"order_type":"53","areaid":"321323","item_id":106},{"address":"内蒙古自治区","access_date":"2016-09-28 11:32:08","account":"q***a","quantity":1,"handle_status":8,"order_type":"53","areaid":"150429","item_id":106},{"address":"山东省","access_date":"2016-09-28 11:32:08","account":"s***g","quantity":1,"handle_status":8,"order_type":"53","areaid":"370481","item_id":106},{"address":"山东省","access_date":"2016-09-28 11:32:08","account":"k***d","quantity":1,"handle_status":8,"order_type":"53","areaid":"370481","item_id":106},{"address":"北京市","access_date":"2016-09-28 11:32:08","account":"r***t","quantity":1,"handle_status":8,"order_type":"53","areaid":"110106","item_id":106},{"address":"辽宁省","access_date":"2016-09-28 11:32:08","account":"老***都","quantity":1,"handle_status":8,"order_type":"53","areaid":"210112","item_id":106},{"address":"江西省","access_date":"2016-09-28 11:32:08","account":"雨***1","quantity":1,"handle_status":8,"order_type":"53","areaid":"360403","item_id":106},{"address":"江苏省","access_date":"2016-09-28 11:32:08","account":"1***2","quantity":1,"handle_status":8,"order_type":"53","areaid":"320583","item_id":106},{"address":"广东省","access_date":"2016-09-28 11:32:08","account":"1***8","quantity":1,"handle_status":8,"order_type":"53","areaid":"ff8080814cd0d0f4014cd571e2a50002","item_id":106},{"address":"广东省","access_date":"2016-09-28 11:32:08","account":"欧***焯","quantity":1,"handle_status":8,"order_type":"53","areaid":"440606","item_id":106},{"address":"上海市","access_date":"2016-09-28 11:32:08","account":"f***d","quantity":1,"handle_status":8,"order_type":"53","areaid":"310110","item_id":106},{"address":"北京市","access_date":"2016-09-28 11:32:08","account":"1***6","quantity":1,"handle_status":8,"order_type":"53","areaid":"110102","item_id":106},{"address":"辽宁省","access_date":"2016-09-28 11:32:08","account":"1***0","quantity":1,"handle_status":8,"order_type":"53","areaid":"210323","item_id":106},{"address":"安徽省","access_date":"2016-09-28 11:32:08","account":"z***0","quantity":1,"handle_status":8,"order_type":"53","areaid":"341204","item_id":106},{"address":"山西省","access_date":"2016-09-28 11:32:08","account":"1***9","quantity":1,"handle_status":8,"order_type":"53","areaid":"140202","item_id":106},{"address":"江苏省","access_date":"2016-09-28 11:32:08","account":"k***a","quantity":1,"handle_status":8,"order_type":"53","areaid":"320303","item_id":106},{"address":"湖南省","access_date":"2016-09-28 11:32:08","account":"1***7","quantity":1,"handle_status":8,"order_type":"53","areaid":"430103","item_id":106},{"address":"辽宁省","access_date":"2016-09-28 11:32:08","account":"哈***啦","quantity":1,"handle_status":8,"order_type":"53","areaid":"210103","item_id":106},{"address":"上海市","access_date":"2016-09-28 11:32:08","account":"7***8","quantity":1,"handle_status":8,"order_type":"53","areaid":"310101","item_id":106},{"address":"福建省","access_date":"2016-09-28 11:32:08","account":"1***2","quantity":1,"handle_status":8,"order_type":"53","areaid":"350583","item_id":106},{"address":"辽宁省","access_date":"2016-09-28 11:32:08","account":"1***2","quantity":1,"handle_status":8,"order_type":"53","areaid":"210102","item_id":106},{"address":"北京市","access_date":"2016-09-28 11:32:08","account":"j***n","quantity":1,"handle_status":8,"order_type":"53","areaid":"110101","item_id":106},{"address":"北京市","access_date":"2016-09-28 11:32:08","account":"w***y","quantity":1,"handle_status":8,"order_type":"53","areaid":"110105","item_id":106},{"address":"广东省","access_date":"2016-09-28 11:32:08","account":"他***9","quantity":1,"handle_status":8,"order_type":"53","areaid":"440104","item_id":106},{"address":"天津市","access_date":"2016-09-28 11:32:08","account":"m***1","quantity":1,"handle_status":8,"order_type":"53","areaid":"120104","item_id":106},{"address":"山西省","access_date":"2016-09-28 11:32:08","account":"l***6","quantity":1,"handle_status":8,"order_type":"53","areaid":"140929","item_id":106},{"address":"陕西省","access_date":"2016-09-28 11:32:08","account":"杜***艳","quantity":1,"handle_status":8,"order_type":"53","areaid":"610113","item_id":106},{"address":"山东省","access_date":"2016-09-28 11:32:08","account":"G***9","quantity":1,"handle_status":8,"order_type":"53","areaid":"370212","item_id":106},{"address":"江苏省","access_date":"2016-09-28 11:32:08","account":"c***a","quantity":1,"handle_status":8,"order_type":"53","areaid":"320505","item_id":106},{"address":"广东省","access_date":"2016-09-28 11:32:08","account":"w***l","quantity":1,"handle_status":8,"order_type":"53","areaid":"440113","item_id":106},{"address":"辽宁省","access_date":"2016-09-28 11:32:08","account":"g***2","quantity":1,"handle_status":8,"order_type":"53","areaid":"210204","item_id":106},{"address":"北京市","access_date":"2016-09-28 11:32:08","account":"g***3","quantity":1,"handle_status":8,"order_type":"53","areaid":"110106","item_id":106},{"address":"上海市","access_date":"2016-09-28 11:32:08","account":"c***6","quantity":1,"handle_status":8,"order_type":"53","areaid":"310120","item_id":106},{"address":"浙江省","access_date":"2016-09-28 11:32:07","account":"如***1","quantity":1,"handle_status":8,"order_type":"53","areaid":"330183","item_id":106},{"address":"四川省","access_date":"2016-09-28 11:32:07","account":"1***4","quantity":1,"handle_status":8,"order_type":"53","areaid":"510107","item_id":106},{"address":"北京市","access_date":"2016-09-28 11:32:07","account":"1***0","quantity":1,"handle_status":8,"order_type":"53","areaid":"110105","item_id":106},{"address":"江苏省","access_date":"2016-09-28 11:32:07","account":"y***n","quantity":1,"handle_status":8,"order_type":"53","areaid":"320282","item_id":106},{"address":"四川省","access_date":"2016-09-28 11:32:07","account":"1***0","quantity":1,"handle_status":8,"order_type":"53","areaid":"511302","item_id":106},{"address":"北京市","access_date":"2016-09-28 11:32:07","account":"1***4","quantity":1,"handle_status":8,"order_type":"53","areaid":"110113","item_id":106},{"address":"天津市","access_date":"2016-09-28 11:32:07","account":"w***t","quantity":1,"handle_status":8,"order_type":"53","areaid":"120104","item_id":106},{"address":"陕西省","access_date":"2016-09-28 11:32:07","account":"1***7","quantity":1,"handle_status":8,"order_type":"53","areaid":"610112","item_id":106},{"address":"安徽省","access_date":"2016-09-28 11:32:07","account":"如***已","quantity":1,"handle_status":8,"order_type":"53","areaid":"341323","item_id":106},{"address":"辽宁省","access_date":"2016-09-28 11:32:07","account":"知***雁","quantity":1,"handle_status":8,"order_type":"53","areaid":"210204","item_id":106},{"address":"广东省","access_date":"2016-09-28 11:32:07","account":"妞***妮","quantity":1,"handle_status":8,"order_type":"53","areaid":"441702","item_id":106},{"address":"福建省","access_date":"2016-09-28 11:32:07","account":"x***0","quantity":1,"handle_status":8,"order_type":"53","areaid":"350981","item_id":106},{"address":"河南省","access_date":"2016-09-28 11:32:07","account":"1***2","quantity":1,"handle_status":8,"order_type":"53","areaid":"410611","item_id":106},{"address":"新疆维吾尔自治区","access_date":"2016-09-28 11:32:07","account":"郭***侠","quantity":1,"handle_status":8,"order_type":"53","areaid":"659001","item_id":106},{"address":"浙江省","access_date":"2016-09-28 11:32:07","account":"啃***猫","quantity":1,"handle_status":8,"order_type":"53","areaid":"330782","item_id":106},{"address":"辽宁省","access_date":"2016-09-28 11:32:07","account":"哈***佛","quantity":1,"handle_status":8,"order_type":"53","areaid":"210502","item_id":106},{"address":"江西省","access_date":"2016-09-28 11:32:07","account":"1***j","quantity":1,"handle_status":8,"order_type":"53","areaid":"360121","item_id":106},{"address":"浙江省","access_date":"2016-09-28 11:32:07","account":"t***3","quantity":1,"handle_status":8,"order_type":"53","areaid":"330183","item_id":106},{"address":"河北省","access_date":"2016-09-28 11:32:07","account":"数***师","quantity":1,"handle_status":8,"order_type":"53","areaid":"130281","item_id":106},{"address":"辽宁省","access_date":"2016-09-28 11:32:07","account":"1***4","quantity":1,"handle_status":8,"order_type":"53","areaid":"210381","item_id":106},{"address":"上海市","access_date":"2016-09-28 11:32:07","account":"达***园","quantity":1,"handle_status":8,"order_type":"53","areaid":"310106","item_id":106},{"address":"江苏省","access_date":"2016-09-28 11:32:07","account":"1***3","quantity":1,"handle_status":8,"order_type":"53","areaid":"320281","item_id":106},{"address":"广西壮族自治区","access_date":"2016-09-28 11:32:07","account":"1***6","quantity":1,"handle_status":8,"order_type":"53","areaid":"450222","item_id":106},{"address":"天津市","access_date":"2016-09-28 11:32:07","account":"Z***0","quantity":1,"handle_status":8,"order_type":"53","areaid":"120114","item_id":106},{"address":"江西省","access_date":"2016-09-28 11:32:07","account":"a***4","quantity":1,"handle_status":8,"order_type":"53","areaid":"361127","item_id":106},{"address":"辽宁省","access_date":"2016-09-28 11:32:07","account":"邵***珍","quantity":1,"handle_status":8,"order_type":"53","areaid":"210303","item_id":106},{"address":"山西省","access_date":"2016-09-28 11:32:07","account":"x***9","quantity":1,"handle_status":8,"order_type":"53","areaid":"140202","item_id":106},{"address":"吉林省","access_date":"2016-09-28 11:32:07","account":"s***6","quantity":1,"handle_status":8,"order_type":"53","areaid":"220204","item_id":106},{"address":"江苏省","access_date":"2016-09-28 11:32:07","account":"1***0","quantity":1,"handle_status":8,"order_type":"53","areaid":"320404","item_id":106},{"address":"山西省","access_date":"2016-09-28 11:32:07","account":"1***1","quantity":1,"handle_status":8,"order_type":"53","areaid":"140109","item_id":106},{"address":"浙江省","access_date":"2016-09-28 11:32:07","account":"l***3","quantity":1,"handle_status":8,"order_type":"53","areaid":"330782","item_id":106},{"address":"山东省","access_date":"2016-09-28 11:32:07","account":"y***u","quantity":1,"handle_status":8,"order_type":"53","areaid":"370502","item_id":106},{"address":"江苏省","access_date":"2016-09-28 11:32:07","account":"L***8","quantity":1,"handle_status":8,"order_type":"53","areaid":"320508","item_id":106},{"address":"山西省","access_date":"2016-09-28 11:32:07","account":"小***君","quantity":1,"handle_status":8,"order_type":"53","areaid":"140105","item_id":106},{"address":"广东省","access_date":"2016-09-28 11:32:07","account":"1***5","quantity":1,"handle_status":8,"order_type":"53","areaid":"440781","item_id":106},{"address":"江西省","access_date":"2016-09-28 11:32:07","account":"d***7","quantity":1,"handle_status":8,"order_type":"53","areaid":"360313","item_id":106},{"address":"浙江省","access_date":"2016-09-28 11:32:06","account":"3***2","quantity":1,"handle_status":8,"order_type":"53","areaid":"330424","item_id":106},{"address":"浙江省","access_date":"2016-09-28 11:32:06","account":"1***8","quantity":1,"handle_status":8,"order_type":"53","areaid":"330205","item_id":106},{"address":"北京市","access_date":"2016-09-28 11:32:06","account":"1***1","quantity":1,"handle_status":8,"order_type":"53","areaid":"110105","item_id":106},{"address":"山东省","access_date":"2016-09-28 11:32:06","account":"白***3","quantity":1,"handle_status":8,"order_type":"53","areaid":"370786","item_id":106},{"address":"江苏省","access_date":"2016-09-28 11:32:06","account":"C***8","quantity":1,"handle_status":8,"order_type":"53","areaid":"320508","item_id":106},{"address":"安徽省","access_date":"2016-09-28 11:32:06","account":"1***8","quantity":1,"handle_status":8,"order_type":"53","areaid":"341621","item_id":106},{"address":"河北省","access_date":"2016-09-28 11:32:06","account":"至***儿","quantity":1,"handle_status":8,"order_type":"53","areaid":"130602","item_id":106},{"address":"贵州省","access_date":"2016-09-28 11:32:06","account":"潘***凯","quantity":1,"handle_status":8,"order_type":"53","areaid":"522636","item_id":106},{"address":"安徽省","access_date":"2016-09-28 11:32:06","account":"d***1","quantity":1,"handle_status":8,"order_type":"53","areaid":"341181","item_id":106},{"address":"浙江省","access_date":"2016-09-28 11:32:06","account":"z***2","quantity":1,"handle_status":8,"order_type":"53","areaid":"330621","item_id":106},{"address":"北京市","access_date":"2016-09-28 11:32:06","account":"采***风","quantity":1,"handle_status":8,"order_type":"53","areaid":"110102","item_id":106},{"address":"重庆市","access_date":"2016-09-28 11:32:06","account":"晁***蛋","quantity":1,"handle_status":8,"order_type":"53","areaid":"500103","item_id":106},{"address":"江西省","access_date":"2016-09-28 11:32:06","account":"海***浪","quantity":1,"handle_status":8,"order_type":"53","areaid":"361030","item_id":106},{"address":"北京市","access_date":"2016-09-28 11:32:06","account":"v***t","quantity":1,"handle_status":8,"order_type":"53","areaid":"110105","item_id":106},{"address":"广东省","access_date":"2016-09-28 11:32:06","account":"w***6","quantity":1,"handle_status":8,"order_type":"53","areaid":"440515","item_id":106},{"address":"辽宁省","access_date":"2016-09-28 11:32:06","account":"5***5","quantity":1,"handle_status":8,"order_type":"53","areaid":"210211","item_id":106},{"address":"湖南省","access_date":"2016-09-28 11:32:06","account":"i***s","quantity":1,"handle_status":8,"order_type":"53","areaid":"430802","item_id":106},{"address":"北京市","access_date":"2016-09-28 11:32:06","account":"s***i","quantity":1,"handle_status":8,"order_type":"53","areaid":"110114","item_id":106},{"address":"山东省","access_date":"2016-09-28 11:32:06","account":"s***x","quantity":1,"handle_status":8,"order_type":"53","areaid":"371082","item_id":106},{"address":"河南省","access_date":"2016-09-28 11:32:06","account":"a***3","quantity":1,"handle_status":8,"order_type":"53","areaid":"411102","item_id":106},{"address":"北京市","access_date":"2016-09-28 11:32:06","account":"x***a","quantity":1,"handle_status":8,"order_type":"53","areaid":"110108","item_id":106},{"address":"安徽省","access_date":"2016-09-28 11:32:06","account":"1***8","quantity":1,"handle_status":8,"order_type":"53","areaid":"340103","item_id":106},{"address":"河南省","access_date":"2016-09-28 11:32:06","account":"三***禄","quantity":1,"handle_status":8,"order_type":"53","areaid":"410821","item_id":106},{"address":"浙江省","access_date":"2016-09-28 11:32:06","account":"z***5","quantity":1,"handle_status":8,"order_type":"53","areaid":"330782","item_id":106},{"address":"山东省","access_date":"2016-09-28 11:32:06","account":"歪***侠","quantity":1,"handle_status":8,"order_type":"53","areaid":"370682","item_id":106},{"address":"湖南省","access_date":"2016-09-28 11:32:06","account":"z***t","quantity":1,"handle_status":8,"order_type":"53","areaid":"431103","item_id":106},{"address":"安徽省","access_date":"2016-09-28 11:32:06","account":"m***8","quantity":1,"handle_status":8,"order_type":"53","areaid":"340202","item_id":106},{"address":"黑龙江省","access_date":"2016-09-28 11:32:06","account":"l***a","quantity":1,"handle_status":8,"order_type":"53","areaid":"231281","item_id":106},{"address":"云南省","access_date":"2016-09-28 11:32:06","account":"逆***9","quantity":1,"handle_status":8,"order_type":"53","areaid":"530102","item_id":106},{"address":"北京市","access_date":"2016-09-28 11:32:06","account":"排***队","quantity":1,"handle_status":8,"order_type":"53","areaid":"110114","item_id":106},{"address":"湖北省","access_date":"2016-09-28 11:32:06","account":"c***2","quantity":1,"handle_status":8,"order_type":"53","areaid":"420111","item_id":106},{"address":"湖北省","access_date":"2016-09-28 11:32:06","account":"并***心","quantity":1,"handle_status":8,"order_type":"53","areaid":"421002","item_id":106},{"address":"上海市","access_date":"2016-09-28 11:32:06","account":"符***买","quantity":1,"handle_status":8,"order_type":"53","areaid":"310114","item_id":106},{"address":"上海市","access_date":"2016-09-28 11:32:06","account":"汤***叶","quantity":1,"handle_status":8,"order_type":"53","areaid":"310114","item_id":106},{"address":"福建省","access_date":"2016-09-28 11:32:06","account":"l***e","quantity":1,"handle_status":8,"order_type":"53","areaid":"350981","item_id":106},{"address":"江苏省","access_date":"2016-09-28 11:32:06","account":"s***e","quantity":1,"handle_status":8,"order_type":"53","areaid":"320585","item_id":106},{"address":"天津市","access_date":"2016-09-28 11:32:06","account":"1***1","quantity":1,"handle_status":8,"order_type":"53","areaid":"120104","item_id":106},{"address":"湖北省","access_date":"2016-09-28 11:32:05","account":"y***h","quantity":1,"handle_status":8,"order_type":"53","areaid":"420106","item_id":106},{"address":"辽宁省","access_date":"2016-09-28 11:32:05","account":"1***4","quantity":1,"handle_status":8,"order_type":"53","areaid":"211302","item_id":106},{"address":"河北省","access_date":"2016-09-28 11:32:05","account":"s***4","quantity":1,"handle_status":8,"order_type":"53","areaid":"130621","item_id":106},{"address":"山西省","access_date":"2016-09-28 11:32:05","account":"1***7","quantity":1,"handle_status":8,"order_type":"53","areaid":"141002","item_id":106},{"address":"江苏省","access_date":"2016-09-28 11:32:05","account":"n***e","quantity":1,"handle_status":8,"order_type":"53","areaid":"320211","item_id":106},{"address":"新疆维吾尔自治区","access_date":"2016-09-28 11:32:05","account":"M***n","quantity":1,"handle_status":8,"order_type":"53","areaid":"650102","item_id":106},{"address":"河南省","access_date":"2016-09-28 11:32:05","account":"s***0","quantity":1,"handle_status":8,"order_type":"53","areaid":"410801","item_id":106},{"address":"江苏省","access_date":"2016-09-28 11:32:05","account":"浩***夫","quantity":1,"handle_status":8,"order_type":"53","areaid":"321112","item_id":106},{"address":"江苏省","access_date":"2016-09-28 11:32:05","account":"平***7","quantity":1,"handle_status":8,"order_type":"53","areaid":"320113","item_id":106},{"address":"上海市","access_date":"2016-09-28 11:32:05","account":"1***6","quantity":1,"handle_status":8,"order_type":"53","areaid":"310115","item_id":106},{"address":"上海市","access_date":"2016-09-28 11:32:05","account":"M***2","quantity":1,"handle_status":8,"order_type":"53","areaid":"310115","item_id":106},{"address":"四川省","access_date":"2016-09-28 11:32:05","account":"w***8","quantity":1,"handle_status":8,"order_type":"53","areaid":"511302","item_id":106},{"address":"浙江省","access_date":"2016-09-28 11:32:05","account":"w***7","quantity":1,"handle_status":8,"order_type":"53","areaid":"330683","item_id":106},{"address":"安徽省","access_date":"2016-09-28 11:32:05","account":"龙***醒","quantity":1,"handle_status":8,"order_type":"53","areaid":"341802","item_id":106},{"address":"河南省","access_date":"2016-09-28 11:32:05","account":"x***4","quantity":1,"handle_status":8,"order_type":"53","areaid":"411702","item_id":106},{"address":"江苏省","access_date":"2016-09-28 11:32:05","account":"t***2","quantity":1,"handle_status":8,"order_type":"53","areaid":"320104","item_id":106},{"address":"浙江省","access_date":"2016-09-28 11:32:05","account":"y***n","quantity":1,"handle_status":8,"order_type":"53","areaid":"331021","item_id":106},{"address":"广东省","access_date":"2016-09-28 11:32:05","account":"1***1","quantity":1,"handle_status":8,"order_type":"53","areaid":"440306","item_id":106},{"address":"安徽省","access_date":"2016-09-28 11:32:05","account":"无***3","quantity":1,"handle_status":8,"order_type":"53","areaid":"341622","item_id":106},{"address":"山东省","access_date":"2016-09-28 11:32:05","account":"d***8","quantity":1,"handle_status":8,"order_type":"53","areaid":"370104","item_id":106},{"address":"广东省","access_date":"2016-09-28 11:32:05","account":"y***5","quantity":1,"handle_status":8,"order_type":"53","areaid":"440204","item_id":106},{"address":"河南省","access_date":"2016-09-28 11:32:05","account":"j***7","quantity":1,"handle_status":8,"order_type":"53","areaid":"410105","item_id":106},{"address":"上海市","access_date":"2016-09-28 11:32:05","account":"1***7","quantity":1,"handle_status":8,"order_type":"53","areaid":"310112","item_id":106},{"address":"广东省","access_date":"2016-09-28 11:32:05","account":"小***卢","quantity":1,"handle_status":8,"order_type":"53","areaid":"440604","item_id":106},{"address":"江苏省","access_date":"2016-09-28 11:32:05","account":"中***效","quantity":1,"handle_status":8,"order_type":"53","areaid":"321202","item_id":106},{"address":"新疆维吾尔自治区","access_date":"2016-09-28 11:32:05","account":"聊***泉","quantity":1,"handle_status":8,"order_type":"53","areaid":"653121","item_id":106},{"address":"上海市","access_date":"2016-09-28 11:32:05","account":"g***6","quantity":1,"handle_status":8,"order_type":"53","areaid":"310107","item_id":106},{"address":"山西省","access_date":"2016-09-28 11:32:05","account":"6***4","quantity":1,"handle_status":8,"order_type":"53","areaid":"140302","item_id":106},{"address":"山西省","access_date":"2016-09-28 11:32:05","account":"1***6","quantity":1,"handle_status":8,"order_type":"53","areaid":"140202","item_id":106},{"address":"江苏省","access_date":"2016-09-28 11:32:05","account":"z***5","quantity":1,"handle_status":8,"order_type":"53","areaid":"320506","item_id":106},{"address":"河北省","access_date":"2016-09-28 11:32:05","account":"1***9","quantity":1,"handle_status":8,"order_type":"53","areaid":"130983","item_id":106},{"address":"江苏省","access_date":"2016-09-28 11:32:05","account":"1***3","quantity":1,"handle_status":8,"order_type":"53","areaid":"320602","item_id":106},{"address":"上海市","access_date":"2016-09-28 11:32:05","account":"n***i","quantity":1,"handle_status":8,"order_type":"53","areaid":"310105","item_id":106},{"address":"北京市","access_date":"2016-09-28 11:32:05","account":"1***7","quantity":1,"handle_status":8,"order_type":"53","areaid":"110112","item_id":106},{"address":"江苏省","access_date":"2016-09-28 11:32:05","account":"l***3","quantity":1,"handle_status":8,"order_type":"53","areaid":"320507","item_id":106},{"address":"河北省","access_date":"2016-09-28 11:32:05","account":"黑***子","quantity":1,"handle_status":8,"order_type":"53","areaid":"130223","item_id":106},{"address":"湖北省","access_date":"2016-09-28 11:32:04","account":"君***8","quantity":1,"handle_status":8,"order_type":"53","areaid":"420104","item_id":106},{"address":"广东省","access_date":"2016-09-28 11:32:04","account":"d***h","quantity":1,"handle_status":8,"order_type":"53","areaid":"440306","item_id":106},{"address":"湖南省","access_date":"2016-09-28 11:32:04","account":"p***2","quantity":1,"handle_status":8,"order_type":"53","areaid":"430901","item_id":106},{"address":"广东省","access_date":"2016-09-28 11:32:04","account":"X***3","quantity":1,"handle_status":8,"order_type":"53","areaid":"440882","item_id":106},{"address":"吉林省","access_date":"2016-09-28 11:32:04","account":"1***8","quantity":1,"handle_status":8,"order_type":"53","areaid":"220284","item_id":106},{"address":"吉林省","access_date":"2016-09-28 11:32:04","account":"L***G","quantity":1,"handle_status":8,"order_type":"53","areaid":"220203","item_id":106},{"address":"河南省","access_date":"2016-09-28 11:32:04","account":"g***e","quantity":1,"handle_status":8,"order_type":"53","areaid":"410211","item_id":106},{"address":"广东省","access_date":"2016-09-28 11:32:04","account":"吴***晖","quantity":1,"handle_status":8,"order_type":"53","areaid":"440113","item_id":106},{"address":"山东省","access_date":"2016-09-28 11:32:04","account":"b***r","quantity":1,"handle_status":8,"order_type":"53","areaid":"370105","item_id":106},{"address":"江苏省","access_date":"2016-09-28 11:32:04","account":"郝***6","quantity":1,"handle_status":8,"order_type":"53","areaid":"320903","item_id":106},{"address":"上海市","access_date":"2016-09-28 11:32:04","account":"老***大","quantity":1,"handle_status":8,"order_type":"53","areaid":"310108","item_id":106},{"address":"江苏省","access_date":"2016-09-28 11:32:04","account":"x***2","quantity":1,"handle_status":8,"order_type":"53","areaid":"320684","item_id":106},{"address":"山西省","access_date":"2016-09-28 11:32:04","account":"C***0","quantity":1,"handle_status":8,"order_type":"53","areaid":"141002","item_id":106},{"address":"广东省","access_date":"2016-09-28 11:32:04","account":"林***珊","quantity":1,"handle_status":8,"order_type":"53","areaid":"445202","item_id":106},{"address":"江苏省","access_date":"2016-09-28 11:32:04","account":"w***g","quantity":1,"handle_status":8,"order_type":"53","areaid":"320581","item_id":106},{"address":"河北省","access_date":"2016-09-28 11:32:04","account":"1***0","quantity":1,"handle_status":8,"order_type":"53","areaid":"130406","item_id":106},{"address":"河南省","access_date":"2016-09-28 11:32:04","account":"w***3","quantity":1,"handle_status":8,"order_type":"53","areaid":"410704","item_id":106},{"address":"新疆维吾尔自治区","access_date":"2016-09-28 11:32:04","account":"z***g","quantity":1,"handle_status":8,"order_type":"53","areaid":"652801","item_id":106},{"address":"浙江省","access_date":"2016-09-28 11:32:04","account":"h***r","quantity":1,"handle_status":8,"order_type":"53","areaid":"330784","item_id":106},{"address":"内蒙古自治区","access_date":"2016-09-28 11:32:04","account":"d***i","quantity":1,"handle_status":8,"order_type":"53","areaid":"150702","item_id":106},{"address":"贵州省","access_date":"2016-09-28 11:32:04","account":"l***h","quantity":1,"handle_status":8,"order_type":"53","areaid":"520201","item_id":106},{"address":"北京市","access_date":"2016-09-28 11:32:04","account":"王***军","quantity":1,"handle_status":8,"order_type":"53","areaid":"110115","item_id":106},{"address":"辽宁省","access_date":"2016-09-28 11:32:04","account":"a***6","quantity":1,"handle_status":8,"order_type":"53","areaid":"210502","item_id":106},{"address":"山东省","access_date":"2016-09-28 11:32:04","account":"王***江","quantity":1,"handle_status":8,"order_type":"53","areaid":"370112","item_id":106},{"address":"江苏省","access_date":"2016-09-28 11:32:04","account":"1***0","quantity":1,"handle_status":8,"order_type":"53","areaid":"320211","item_id":106},{"address":"山东省","access_date":"2016-09-28 11:32:04","account":"b***8","quantity":1,"handle_status":8,"order_type":"53","areaid":"370305","item_id":106},{"address":"山东省","access_date":"2016-09-28 11:32:04","account":"l***4","quantity":1,"handle_status":8,"order_type":"53","areaid":"370283","item_id":106},{"address":"上海市","access_date":"2016-09-28 11:32:04","account":"F***8","quantity":1,"handle_status":8,"order_type":"53","areaid":"310116","item_id":106},{"address":"黑龙江省","access_date":"2016-09-28 11:32:04","account":"1***4","quantity":1,"handle_status":8,"order_type":"53","areaid":"231121","item_id":106},{"address":"广东省","access_date":"2016-09-28 11:32:04","account":"h***2","quantity":1,"handle_status":-6,"order_type":"53","areaid":"440511","item_id":106},{"address":"山东省","access_date":"2016-09-28 11:32:04","account":"1***1","quantity":1,"handle_status":8,"order_type":"53","areaid":"371702","item_id":106},{"address":"云南省","access_date":"2016-09-28 11:32:04","account":"小***臣","quantity":1,"handle_status":8,"order_type":"53","areaid":"532501","item_id":106},{"address":"辽宁省","access_date":"2016-09-28 11:32:04","account":"x***3","quantity":1,"handle_status":8,"order_type":"53","areaid":"210211","item_id":106},{"address":"辽宁省","access_date":"2016-09-28 11:32:04","account":"1***9","quantity":1,"handle_status":8,"order_type":"53","areaid":"210105","item_id":106},{"address":"山西省","access_date":"2016-09-28 11:32:04","account":"董***光","quantity":1,"handle_status":8,"order_type":"53","areaid":"140902","item_id":106},{"address":"山东省","access_date":"2016-09-28 11:32:04","account":"本***点","quantity":1,"handle_status":8,"order_type":"53","areaid":"371323","item_id":106},{"address":"浙江省","access_date":"2016-09-28 11:32:04","account":"a***8","quantity":1,"handle_status":8,"order_type":"53","areaid":"330327","item_id":106},{"address":"北京市","access_date":"2016-09-28 11:32:04","account":"l***i","quantity":1,"handle_status":8,"order_type":"53","areaid":"110102","item_id":106},{"address":"天津市","access_date":"2016-09-28 11:32:03","account":"1***9","quantity":1,"handle_status":8,"order_type":"53","areaid":"120114","item_id":106},{"address":"广西壮族自治区","access_date":"2016-09-28 11:32:03","account":"z***0","quantity":1,"handle_status":8,"order_type":"53","areaid":"450102","item_id":106},{"address":"浙江省","access_date":"2016-09-28 11:32:03","account":"王***晓","quantity":1,"handle_status":8,"order_type":"53","areaid":"330109","item_id":106},{"address":"辽宁省","access_date":"2016-09-28 11:32:03","account":"1***7","quantity":1,"handle_status":8,"order_type":"53","areaid":"210802","item_id":106},{"address":"北京市","access_date":"2016-09-28 11:32:03","account":"1***7","quantity":1,"handle_status":8,"order_type":"53","areaid":"110106","item_id":106},{"address":"广西壮族自治区","access_date":"2016-09-28 11:32:03","account":"1***7","quantity":1,"handle_status":8,"order_type":"53","areaid":"450422","item_id":106},{"address":"浙江省","access_date":"2016-09-28 11:32:03","account":"1***8","quantity":1,"handle_status":8,"order_type":"53","areaid":"330281","item_id":106},{"address":"上海市","access_date":"2016-09-28 11:32:03","account":"t***i","quantity":1,"handle_status":8,"order_type":"53","areaid":"310114","item_id":106},{"address":"广西壮族自治区","access_date":"2016-09-28 11:32:03","account":"s***8","quantity":1,"handle_status":8,"order_type":"53","areaid":"450107","item_id":106},{"address":"天津市","access_date":"2016-09-28 11:32:03","account":"b***n","quantity":1,"handle_status":8,"order_type":"53","areaid":"120116","item_id":106},{"address":"辽宁省","access_date":"2016-09-28 11:32:03","account":"f***3","quantity":1,"handle_status":8,"order_type":"53","areaid":"210321","item_id":106},{"address":"辽宁省","access_date":"2016-09-28 11:32:03","account":"c***3","quantity":1,"handle_status":8,"order_type":"53","areaid":"210321","item_id":106},{"address":"辽宁省","access_date":"2016-09-28 11:32:03","account":"a***3","quantity":1,"handle_status":8,"order_type":"53","areaid":"210321","item_id":106},{"address":"山东省","access_date":"2016-09-28 11:32:03","account":"s***8","quantity":1,"handle_status":8,"order_type":"53","areaid":"370102","item_id":106},{"address":"江苏省","access_date":"2016-09-28 11:32:03","account":"y***g","quantity":1,"handle_status":8,"order_type":"53","areaid":"320582","item_id":106},{"address":"上海市","access_date":"2016-09-28 11:32:03","account":"1***6","quantity":1,"handle_status":8,"order_type":"53","areaid":"310113","item_id":106},{"address":"陕西省","access_date":"2016-09-28 11:32:03","account":"1***6","quantity":1,"handle_status":8,"order_type":"53","areaid":"610116","item_id":106},{"address":"山东省","access_date":"2016-09-28 11:32:03","account":"开***娃","quantity":1,"handle_status":8,"order_type":"53","areaid":"370181","item_id":106},{"address":"江苏省","access_date":"2016-09-28 11:32:03","account":"宋***芳","quantity":1,"handle_status":8,"order_type":"53","areaid":"320105","item_id":106},{"address":"四川省","access_date":"2016-09-28 11:32:03","account":"1***2","quantity":1,"handle_status":8,"order_type":"53","areaid":"510105","item_id":106},{"address":"河南省","access_date":"2016-09-28 11:32:03","account":"j***i","quantity":1,"handle_status":8,"order_type":"53","areaid":"411002","item_id":106},{"address":"上海市","access_date":"2016-09-28 11:32:03","account":"1***8","quantity":1,"handle_status":8,"order_type":"53","areaid":"310114","item_id":106},{"address":"江苏省","access_date":"2016-09-28 11:32:03","account":"1***4","quantity":1,"handle_status":8,"order_type":"53","areaid":"320923","item_id":106},{"address":"上海市","access_date":"2016-09-28 11:32:03","account":"1***8","quantity":1,"handle_status":8,"order_type":"53","areaid":"310106","item_id":106},{"address":"上海市","access_date":"2016-09-28 11:32:03","account":"小***2","quantity":1,"handle_status":8,"order_type":"53","areaid":"310120","item_id":106},{"address":"四川省","access_date":"2016-09-28 11:32:03","account":"1***6","quantity":1,"handle_status":8,"order_type":"53","areaid":"510703","item_id":106},{"address":"辽宁省","access_date":"2016-09-28 11:32:03","account":"l***8","quantity":1,"handle_status":8,"order_type":"53","areaid":"210702","item_id":106},{"address":"四川省","access_date":"2016-09-28 11:32:03","account":"x***9","quantity":1,"handle_status":8,"order_type":"53","areaid":"510703","item_id":106},{"address":"甘肃省","access_date":"2016-09-28 11:32:03","account":"1***9","quantity":1,"handle_status":8,"order_type":"53","areaid":"620302","item_id":106},{"address":"北京市","access_date":"2016-09-28 11:32:03","account":"i***2","quantity":1,"handle_status":8,"order_type":"53","areaid":"110108","item_id":106},{"address":"河北省","access_date":"2016-09-28 11:32:03","account":"b***l","quantity":1,"handle_status":8,"order_type":"53","areaid":"130821","item_id":106},{"address":"河南省","access_date":"2016-09-28 11:32:03","account":"z***l","quantity":1,"handle_status":8,"order_type":"53","areaid":"410704","item_id":106},{"address":"福建省","access_date":"2016-09-28 11:32:03","account":"l***m","quantity":1,"handle_status":8,"order_type":"53","areaid":"350822","item_id":106},{"address":"山东省","access_date":"2016-09-28 11:32:03","account":"l***3","quantity":1,"handle_status":8,"order_type":"53","areaid":"371083","item_id":106},{"address":"浙江省","access_date":"2016-09-28 11:32:03","account":"1***7","quantity":1,"handle_status":8,"order_type":"53","areaid":"331002","item_id":106},{"address":"黑龙江省","access_date":"2016-09-28 11:32:03","account":"1***6","quantity":1,"handle_status":8,"order_type":"53","areaid":"230524","item_id":106},{"address":"浙江省","access_date":"2016-09-28 11:32:02","account":"郑***7","quantity":1,"handle_status":8,"order_type":"53","areaid":"330822","item_id":106},{"address":"山东省","access_date":"2016-09-28 11:32:02","account":"c***8","quantity":1,"handle_status":8,"order_type":"53","areaid":"371082","item_id":106},{"address":"浙江省","access_date":"2016-09-28 11:32:02","account":"h***w","quantity":1,"handle_status":8,"order_type":"53","areaid":"330411","item_id":106},{"address":"安徽省","access_date":"2016-09-28 11:32:02","account":"t***j","quantity":1,"handle_status":8,"order_type":"53","areaid":"340405","item_id":106},{"address":"江西省","access_date":"2016-09-28 11:32:02","account":"z***3","quantity":1,"handle_status":8,"order_type":"53","areaid":"360105","item_id":106},{"address":"福建省","access_date":"2016-09-28 11:32:02","account":"e***u","quantity":1,"handle_status":8,"order_type":"53","areaid":"350102","item_id":106},{"address":"浙江省","access_date":"2016-09-28 11:32:02","account":"y***7","quantity":1,"handle_status":8,"order_type":"53","areaid":"330483","item_id":106},{"address":"上海市","access_date":"2016-09-28 11:32:02","account":"a***0","quantity":1,"handle_status":8,"order_type":"53","areaid":"310116","item_id":106},{"address":"浙江省","access_date":"2016-09-28 11:32:02","account":"关***美","quantity":1,"handle_status":8,"order_type":"53","areaid":"330681","item_id":106},{"address":"黑龙江省","access_date":"2016-09-28 11:32:02","account":"1***9","quantity":1,"handle_status":8,"order_type":"53","areaid":"230104","item_id":106},{"address":"吉林省","access_date":"2016-09-28 11:32:02","account":"b***n","quantity":1,"handle_status":8,"order_type":"53","areaid":"220602","item_id":106},{"address":"山东省","access_date":"2016-09-28 11:32:02","account":"1***2","quantity":1,"handle_status":8,"order_type":"53","areaid":"371523","item_id":106},{"address":"福建省","access_date":"2016-09-28 11:32:02","account":"1***0","quantity":1,"handle_status":8,"order_type":"53","areaid":"350425","item_id":106},{"address":"内蒙古自治区","access_date":"2016-09-28 11:32:02","account":"四***岁","quantity":1,"handle_status":8,"order_type":"53","areaid":"150423","item_id":106},{"address":"江苏省","access_date":"2016-09-28 11:32:02","account":"1***7","quantity":1,"handle_status":8,"order_type":"53","areaid":"320404","item_id":106},{"address":"河北省","access_date":"2016-09-28 11:32:02","account":"1***6","quantity":1,"handle_status":8,"order_type":"53","areaid":"130205","item_id":106},{"address":"北京市","access_date":"2016-09-28 11:32:02","account":"y***l","quantity":1,"handle_status":8,"order_type":"53","areaid":"110101","item_id":106},{"address":"天津市","access_date":"2016-09-28 11:32:02","account":"1***3","quantity":1,"handle_status":8,"order_type":"53","areaid":"120104","item_id":106},{"address":"浙江省","access_date":"2016-09-28 11:32:02","account":"1***6","quantity":1,"handle_status":8,"order_type":"53","areaid":"330802","item_id":106},{"address":"湖北省","access_date":"2016-09-28 11:32:02","account":"1***2","quantity":1,"handle_status":8,"order_type":"53","areaid":"420103","item_id":106},{"address":"山西省","access_date":"2016-09-28 11:32:02","account":"1***9","quantity":1,"handle_status":8,"order_type":"53","areaid":"140728","item_id":106},{"address":"浙江省","access_date":"2016-09-28 11:32:02","account":"1***8","quantity":1,"handle_status":8,"order_type":"53","areaid":"330802","item_id":106},{"address":"浙江省","access_date":"2016-09-28 11:32:02","account":"d***0","quantity":1,"handle_status":8,"order_type":"53","areaid":"330802","item_id":106},{"address":"江苏省","access_date":"2016-09-28 11:32:02","account":"1***8","quantity":1,"handle_status":8,"order_type":"53","areaid":"320381","item_id":106},{"address":"山东省","access_date":"2016-09-28 11:32:02","account":"王***红","quantity":1,"handle_status":8,"order_type":"53","areaid":"370783","item_id":106},{"address":"新疆维吾尔自治区","access_date":"2016-09-28 11:32:02","account":"1***0","quantity":1,"handle_status":8,"order_type":"53","areaid":"650103","item_id":106},{"address":"广东省","access_date":"2016-09-28 11:32:02","account":"l***g","quantity":1,"handle_status":8,"order_type":"53","areaid":"440103","item_id":106},{"address":"山东省","access_date":"2016-09-28 11:32:02","account":"宗***军","quantity":1,"handle_status":8,"order_type":"53","areaid":"371621","item_id":106},{"address":"江苏省","access_date":"2016-09-28 11:32:02","account":"程***三","quantity":1,"handle_status":8,"order_type":"53","areaid":"320602","item_id":106},{"address":"湖南省","access_date":"2016-09-28 11:32:02","account":"小***走","quantity":1,"handle_status":8,"order_type":"53","areaid":"430903","item_id":106},{"address":"北京市","access_date":"2016-09-28 11:32:02","account":"w***6","quantity":1,"handle_status":8,"order_type":"53","areaid":"110108","item_id":106},{"address":"河北省","access_date":"2016-09-28 11:32:02","account":"探***物","quantity":1,"handle_status":8,"order_type":"53","areaid":"130302","item_id":106},{"address":"江苏省","access_date":"2016-09-28 11:32:02","account":"l***6","quantity":1,"handle_status":8,"order_type":"53","areaid":"320705","item_id":106},{"address":"天津市","access_date":"2016-09-28 11:32:02","account":"可***泣","quantity":1,"handle_status":8,"order_type":"53","areaid":"120104","item_id":106},{"address":"内蒙古自治区","access_date":"2016-09-28 11:32:02","account":"l***1","quantity":1,"handle_status":8,"order_type":"53","areaid":"150902","item_id":106},{"address":"黑龙江省","access_date":"2016-09-28 11:32:02","account":"1***8","quantity":1,"handle_status":8,"order_type":"53","areaid":"230102","item_id":106},{"address":"辽宁省","access_date":"2016-09-28 11:32:02","account":"金***3","quantity":1,"handle_status":8,"order_type":"53","areaid":"210105","item_id":106},{"address":"甘肃省","access_date":"2016-09-28 11:32:01","account":"1***7","quantity":1,"handle_status":8,"order_type":"53","areaid":"620102","item_id":106},{"address":"甘肃省","access_date":"2016-09-28 11:32:01","account":"1***9","quantity":1,"handle_status":8,"order_type":"53","areaid":"620102","item_id":106},{"address":"北京市","access_date":"2016-09-28 11:32:01","account":"鲜***茶","quantity":1,"handle_status":8,"order_type":"53","areaid":"110114","item_id":106},{"address":"山东省","access_date":"2016-09-28 11:32:01","account":"7***9","quantity":1,"handle_status":8,"order_type":"53","areaid":"371081","item_id":106},{"address":"湖北省","access_date":"2016-09-28 11:32:01","account":"靓***影","quantity":1,"handle_status":8,"order_type":"53","areaid":"420881","item_id":106},{"address":"福建省","access_date":"2016-09-28 11:32:01","account":"q***8","quantity":1,"handle_status":8,"order_type":"53","areaid":"350111","item_id":106},{"address":"甘肃省","access_date":"2016-09-28 11:32:01","account":"1***7","quantity":1,"handle_status":8,"order_type":"53","areaid":"620102","item_id":106},{"address":"黑龙江省","access_date":"2016-09-28 11:32:01","account":"c***i","quantity":1,"handle_status":8,"order_type":"53","areaid":"230302","item_id":106},{"address":"辽宁省","access_date":"2016-09-28 11:32:01","account":"苗***M","quantity":1,"handle_status":8,"order_type":"53","areaid":"210302","item_id":106},{"address":"上海市","access_date":"2016-09-28 11:32:01","account":"z***4","quantity":1,"handle_status":8,"order_type":"53","areaid":"310115","item_id":106},{"address":"北京市","access_date":"2016-09-28 11:32:01","account":"1***0","quantity":1,"handle_status":8,"order_type":"53","areaid":"110105","item_id":106},{"address":"天津市","access_date":"2016-09-28 11:32:01","account":"1***5","quantity":1,"handle_status":8,"order_type":"53","areaid":"120112","item_id":106},{"address":"河北省","access_date":"2016-09-28 11:32:01","account":"x***8","quantity":1,"handle_status":8,"order_type":"53","areaid":"130102","item_id":106},{"address":"甘肃省","access_date":"2016-09-28 11:32:01","account":"s***0","quantity":1,"handle_status":8,"order_type":"53","areaid":"620525","item_id":106},{"address":"湖南省","access_date":"2016-09-28 11:32:01","account":"1***8","quantity":1,"handle_status":8,"order_type":"53","areaid":"430602","item_id":106},{"address":"江苏省","access_date":"2016-09-28 11:32:01","account":"非***点","quantity":1,"handle_status":8,"order_type":"53","areaid":"321003","item_id":106},{"address":"北京市","access_date":"2016-09-28 11:32:01","account":"s***2","quantity":1,"handle_status":8,"order_type":"53","areaid":"110108","item_id":106},{"address":"河北省","access_date":"2016-09-28 11:32:01","account":"1***8","quantity":1,"handle_status":8,"order_type":"53","areaid":"130903","item_id":106},{"address":"吉林省","access_date":"2016-09-28 11:32:01","account":"1***5","quantity":1,"handle_status":8,"order_type":"53","areaid":"220101","item_id":106},{"address":"甘肃省","access_date":"2016-09-28 11:32:01","account":"一***清","quantity":1,"handle_status":8,"order_type":"53","areaid":"620105","item_id":106},{"address":"浙江省","access_date":"2016-09-28 11:32:01","account":"k***2","quantity":1,"handle_status":8,"order_type":"53","areaid":"330302","item_id":106},{"address":"福建省","access_date":"2016-09-28 11:32:01","account":"1***2","quantity":1,"handle_status":8,"order_type":"53","areaid":"350102","item_id":106},{"address":"吉林省","access_date":"2016-09-28 11:32:01","account":"y***8","quantity":1,"handle_status":8,"order_type":"53","areaid":"220104","item_id":106},{"address":"广东省","access_date":"2016-09-28 11:32:01","account":"l***g","quantity":1,"handle_status":8,"order_type":"53","areaid":"440606","item_id":106},{"address":"北京市","access_date":"2016-09-28 11:32:01","account":"p***0","quantity":1,"handle_status":8,"order_type":"53","areaid":"110115","item_id":106},{"address":"江苏省","access_date":"2016-09-28 11:32:01","account":"j***8","quantity":1,"handle_status":8,"order_type":"53","areaid":"320621","item_id":106},{"address":"陕西省","access_date":"2016-09-28 11:32:01","account":"f***6","quantity":1,"handle_status":8,"order_type":"53","areaid":"610303","item_id":106},{"address":"云南省","access_date":"2016-09-28 11:32:01","account":"1***5","quantity":1,"handle_status":8,"order_type":"53","areaid":"530111","item_id":106},{"address":"山东省","access_date":"2016-09-28 11:32:01","account":"h***u","quantity":1,"handle_status":8,"order_type":"53","areaid":"371302","item_id":106},{"address":"山东省","access_date":"2016-09-28 11:32:01","account":"1***2","quantity":1,"handle_status":8,"order_type":"53","areaid":"370826","item_id":106},{"address":"山东省","access_date":"2016-09-28 11:32:01","account":"z***z","quantity":1,"handle_status":8,"order_type":"53","areaid":"371601","item_id":106},{"address":"河北省","access_date":"2016-09-28 11:32:01","account":"1***6","quantity":1,"handle_status":8,"order_type":"53","areaid":"130604","item_id":106},{"address":"江西省","access_date":"2016-09-28 11:32:01","account":"f***2","quantity":1,"handle_status":8,"order_type":"53","areaid":"360701","item_id":106},{"address":"广西壮族自治区","access_date":"2016-09-28 11:32:01","account":"4***5","quantity":1,"handle_status":8,"order_type":"53","areaid":"450924","item_id":106},{"address":"贵州省","access_date":"2016-09-28 11:32:01","account":"行***者","quantity":1,"handle_status":8,"order_type":"53","areaid":"520181","item_id":106},{"address":"江苏省","access_date":"2016-09-28 11:32:01","account":"z***6","quantity":1,"handle_status":8,"order_type":"53","areaid":"320508","item_id":106},{"address":"江西省","access_date":"2016-09-28 11:32:01","account":"冀***泉","quantity":1,"handle_status":8,"order_type":"53","areaid":"360102","item_id":106},{"address":"山东省","access_date":"2016-09-28 11:32:01","account":"1***9","quantity":1,"handle_status":8,"order_type":"53","areaid":"370882","item_id":106},{"address":"浙江省","access_date":"2016-09-28 11:32:00","account":"L***8","quantity":1,"handle_status":8,"order_type":"53","areaid":"330102","item_id":106},{"address":"陕西省","access_date":"2016-09-28 11:32:00","account":"1***0","quantity":1,"handle_status":8,"order_type":"53","areaid":"610103","item_id":106},{"address":"安徽省","access_date":"2016-09-28 11:32:00","account":"f***8","quantity":1,"handle_status":8,"order_type":"53","areaid":"340601","item_id":106},{"address":"山西省","access_date":"2016-09-28 11:32:00","account":"l***1","quantity":1,"handle_status":8,"order_type":"53","areaid":"140702","item_id":106},{"address":"上海市","access_date":"2016-09-28 11:32:00","account":"周***芳","quantity":1,"handle_status":8,"order_type":"53","areaid":"310118","item_id":106},{"address":"云南省","access_date":"2016-09-28 11:32:00","account":"h***2","quantity":1,"handle_status":8,"order_type":"53","areaid":"532623","item_id":106},{"address":"江苏省","access_date":"2016-09-28 11:32:00","account":"c***e","quantity":1,"handle_status":8,"order_type":"53","areaid":"320115","item_id":106},{"address":"广东省","access_date":"2016-09-28 11:32:00","account":"r***i","quantity":1,"handle_status":8,"order_type":"53","areaid":"440781","item_id":106},{"address":"湖南省","access_date":"2016-09-28 11:32:00","account":"z***0","quantity":1,"handle_status":8,"order_type":"53","areaid":"430321","item_id":106},{"address":"广东省","access_date":"2016-09-28 11:32:00","account":"l***8","quantity":1,"handle_status":8,"order_type":"53","areaid":"440305","item_id":106},{"address":"辽宁省","access_date":"2016-09-28 11:32:00","account":"1***7","quantity":1,"handle_status":8,"order_type":"53","areaid":"210112","item_id":106},{"address":"湖南省","access_date":"2016-09-28 11:32:00","account":"1***9","quantity":1,"handle_status":8,"order_type":"53","areaid":"430304","item_id":106},{"address":"四川省","access_date":"2016-09-28 11:32:00","account":"z***9","quantity":1,"handle_status":8,"order_type":"53","areaid":"510823","item_id":106},{"address":"山东省","access_date":"2016-09-28 11:32:00","account":"m***e","quantity":1,"handle_status":8,"order_type":"53","areaid":"371321","item_id":106},{"address":"辽宁省","access_date":"2016-09-28 11:32:00","account":"s***1","quantity":1,"handle_status":8,"order_type":"53","areaid":"210204","item_id":106},{"address":"河南省","access_date":"2016-09-28 11:32:00","account":"l***n","quantity":1,"handle_status":8,"order_type":"53","areaid":"410902","item_id":106},{"address":"山东省","access_date":"2016-09-28 11:32:00","account":"W***1","quantity":1,"handle_status":8,"order_type":"53","areaid":"370481","item_id":106},{"address":"河北省","access_date":"2016-09-28 11:32:00","account":"w***9","quantity":1,"handle_status":8,"order_type":"53","areaid":"130604","item_id":106},{"address":"广西壮族自治区","access_date":"2016-09-28 11:32:00","account":"饭***妖","quantity":1,"handle_status":8,"order_type":"53","areaid":"450102","item_id":106},{"address":"山西省","access_date":"2016-09-28 11:32:00","account":"p***n","quantity":1,"handle_status":8,"order_type":"53","areaid":"140106","item_id":106},{"address":"安徽省","access_date":"2016-09-28 11:32:00","account":"x***8","quantity":1,"handle_status":8,"order_type":"53","areaid":"340111","item_id":106},{"address":"江苏省","access_date":"2016-09-28 11:32:00","account":"w***2","quantity":1,"handle_status":8,"order_type":"53","areaid":"320113","item_id":106},{"address":"山东省","access_date":"2016-09-28 11:32:00","account":"曹***山","quantity":1,"handle_status":8,"order_type":"53","areaid":"370502","item_id":106},{"address":"江苏省","access_date":"2016-09-28 11:32:00","account":"s***2","quantity":1,"handle_status":8,"order_type":"53","areaid":"320106","item_id":106},{"address":"浙江省","access_date":"2016-09-28 11:32:00","account":"z***8","quantity":1,"handle_status":8,"order_type":"53","areaid":"330922","item_id":106},{"address":"浙江省","access_date":"2016-09-28 11:32:00","account":"1***3","quantity":1,"handle_status":8,"order_type":"53","areaid":"330621","item_id":106},{"address":"河北省","access_date":"2016-09-28 11:32:00","account":"s***5","quantity":1,"handle_status":8,"order_type":"53","areaid":"131102","item_id":106},{"address":"河北省","access_date":"2016-09-28 11:32:00","account":"c***8","quantity":1,"handle_status":8,"order_type":"53","areaid":"130108","item_id":106},{"address":"山东省","access_date":"2016-09-28 11:32:00","account":"s***o","quantity":1,"handle_status":8,"order_type":"53","areaid":"370785","item_id":106},{"address":"贵州省","access_date":"2016-09-28 11:32:00","account":"张***平","quantity":1,"handle_status":8,"order_type":"53","areaid":"520113","item_id":106},{"address":"安徽省","access_date":"2016-09-28 11:32:00","account":"带***海","quantity":1,"handle_status":8,"order_type":"53","areaid":"340102","item_id":106},{"address":"湖北省","access_date":"2016-09-28 11:32:00","account":"e***s","quantity":1,"handle_status":8,"order_type":"53","areaid":"420114","item_id":106},{"address":"山东省","access_date":"2016-09-28 11:32:00","account":"1***5","quantity":1,"handle_status":8,"order_type":"53","areaid":"370281","item_id":106},{"address":"河北省","access_date":"2016-09-28 11:32:00","account":"杜***贝","quantity":1,"handle_status":8,"order_type":"53","areaid":"130209","item_id":106},{"address":"河南省","access_date":"2016-09-28 11:32:00","account":"火***猴","quantity":1,"handle_status":8,"order_type":"53","areaid":"411323","item_id":106},{"address":"北京市","access_date":"2016-09-28 11:32:00","account":"雷***兴","quantity":1,"handle_status":8,"order_type":"53","areaid":"110102","item_id":106},{"address":"广东省","access_date":"2016-09-28 11:32:00","account":"y***2","quantity":1,"handle_status":8,"order_type":"53","areaid":"440307","item_id":106},{"address":"广东省","access_date":"2016-09-28 11:31:59","account":"f***6","quantity":1,"handle_status":8,"order_type":"53","areaid":"440305","item_id":106},{"address":"贵州省","access_date":"2016-09-28 11:31:59","account":"1***7","quantity":1,"handle_status":8,"order_type":"53","areaid":"522622","item_id":106},{"address":"广东省","access_date":"2016-09-28 11:31:59","account":"c***g","quantity":1,"handle_status":8,"order_type":"53","areaid":"440306","item_id":106},{"address":"陕西省","access_date":"2016-09-28 11:31:59","account":"l***1","quantity":1,"handle_status":8,"order_type":"53","areaid":"610528","item_id":106},{"address":"宁夏回族自治区","access_date":"2016-09-28 11:31:59","account":"9***p","quantity":1,"handle_status":8,"order_type":"53","areaid":"640402","item_id":106},{"address":"江西省","access_date":"2016-09-28 11:31:59","account":"1***0","quantity":1,"handle_status":8,"order_type":"53","areaid":"360104","item_id":106},{"address":"广东省","access_date":"2016-09-28 11:31:59","account":"9***7","quantity":1,"handle_status":8,"order_type":"53","areaid":"440606","item_id":106},{"address":"浙江省","access_date":"2016-09-28 11:31:59","account":"1***2","quantity":1,"handle_status":8,"order_type":"53","areaid":"330304","item_id":106},{"address":"河南省","access_date":"2016-09-28 11:31:59","account":"王***6","quantity":1,"handle_status":8,"order_type":"53","areaid":"410724","item_id":106},{"address":"上海市","access_date":"2016-09-28 11:31:59","account":"l***e","quantity":1,"handle_status":8,"order_type":"53","areaid":"310105","item_id":106},{"address":"浙江省","access_date":"2016-09-28 11:31:59","account":"c***5","quantity":1,"handle_status":8,"order_type":"53","areaid":"330103","item_id":106},{"address":"浙江省","access_date":"2016-09-28 11:31:59","account":"y***2","quantity":1,"handle_status":8,"order_type":"53","areaid":"330205","item_id":106},{"address":"河南省","access_date":"2016-09-28 11:31:59","account":"a***g","quantity":1,"handle_status":8,"order_type":"53","areaid":"411526","item_id":106},{"address":"上海市","access_date":"2016-09-28 11:31:59","account":"范***6","quantity":1,"handle_status":8,"order_type":"53","areaid":"310115","item_id":106},{"address":"安徽省","access_date":"2016-09-28 11:31:59","account":"s***r","quantity":1,"handle_status":8,"order_type":"53","areaid":"341502","item_id":106},{"address":"浙江省","access_date":"2016-09-28 11:31:59","account":"1***2","quantity":1,"handle_status":8,"order_type":"53","areaid":"331121","item_id":106},{"address":"江苏省","access_date":"2016-09-28 11:31:59","account":"1***7","quantity":1,"handle_status":8,"order_type":"53","areaid":"320203","item_id":106},{"address":"北京市","access_date":"2016-09-28 11:31:59","account":"1***2","quantity":1,"handle_status":8,"order_type":"53","areaid":"110106","item_id":106},{"address":"辽宁省","access_date":"2016-09-28 11:31:59","account":"1***5","quantity":1,"handle_status":8,"order_type":"53","areaid":"210881","item_id":106},{"address":"上海市","access_date":"2016-09-28 11:31:59","account":"1***0","quantity":1,"handle_status":8,"order_type":"53","areaid":"310109","item_id":106},{"address":"天津市","access_date":"2016-09-28 11:31:59","account":"1***2","quantity":1,"handle_status":8,"order_type":"53","areaid":"120104","item_id":106},{"address":"广东省","access_date":"2016-09-28 11:31:59","account":"l***9","quantity":1,"handle_status":8,"order_type":"53","areaid":"441302","item_id":106},{"address":"河南省","access_date":"2016-09-28 11:31:59","account":"1***5","quantity":1,"handle_status":8,"order_type":"53","areaid":"411421","item_id":106},{"address":"天津市","access_date":"2016-09-28 11:31:59","account":"1***7","quantity":1,"handle_status":8,"order_type":"53","areaid":"120101","item_id":106},{"address":"广东省","access_date":"2016-09-28 11:31:59","account":"y***5","quantity":1,"handle_status":8,"order_type":"53","areaid":"440604","item_id":106},{"address":"上海市","access_date":"2016-09-28 11:31:59","account":"3***9","quantity":1,"handle_status":8,"order_type":"53","areaid":"310110","item_id":106},{"address":"北京市","access_date":"2016-09-28 11:31:59","account":"1***2","quantity":1,"handle_status":8,"order_type":"53","areaid":"110106","item_id":106},{"address":"山西省","access_date":"2016-09-28 11:31:59","account":"1***8","quantity":1,"handle_status":8,"order_type":"53","areaid":"140202","item_id":106},{"address":"浙江省","access_date":"2016-09-28 11:31:59","account":"1***1","quantity":1,"handle_status":8,"order_type":"53","areaid":"330105","item_id":106},{"address":"江苏省","access_date":"2016-09-28 11:31:59","account":"刘***洋","quantity":1,"handle_status":8,"order_type":"53","areaid":"321324","item_id":106},{"address":"湖南省","access_date":"2016-09-28 11:31:59","account":"1***5","quantity":1,"handle_status":8,"order_type":"53","areaid":"430104","item_id":106},{"address":"福建省","access_date":"2016-09-28 11:31:59","account":"l***9","quantity":1,"handle_status":8,"order_type":"53","areaid":"350981","item_id":106},{"address":"浙江省","access_date":"2016-09-28 11:31:58","account":"j***f","quantity":1,"handle_status":8,"order_type":"53","areaid":"330702","item_id":106},{"address":"山东省","access_date":"2016-09-28 11:31:58","account":"1***9","quantity":1,"handle_status":8,"order_type":"53","areaid":"371327","item_id":106},{"address":"上海市","access_date":"2016-09-28 11:31:58","account":"飘***雪","quantity":1,"handle_status":8,"order_type":"53","areaid":"310114","item_id":106},{"address":"江苏省","access_date":"2016-09-28 11:31:58","account":"z***0","quantity":1,"handle_status":8,"order_type":"53","areaid":"320203","item_id":106},{"address":"山西省","access_date":"2016-09-28 11:31:58","account":"l***x","quantity":1,"handle_status":8,"order_type":"53","areaid":"140923","item_id":106},{"address":"山东省","access_date":"2016-09-28 11:31:58","account":"1***4","quantity":1,"handle_status":8,"order_type":"53","areaid":"370302","item_id":106},{"address":"山西省","access_date":"2016-09-28 11:31:58","account":"T***5","quantity":1,"handle_status":8,"order_type":"53","areaid":"140107","item_id":106},{"address":"上海市","access_date":"2016-09-28 11:31:58","account":"金***6","quantity":1,"handle_status":8,"order_type":"53","areaid":"310101","item_id":106},{"address":"江苏省","access_date":"2016-09-28 11:31:58","account":"s***2","quantity":1,"handle_status":8,"order_type":"53","areaid":"320802","item_id":106},{"address":"河南省","access_date":"2016-09-28 11:31:58","account":"c***3","quantity":1,"handle_status":8,"order_type":"53","areaid":"411081","item_id":106},{"address":"江苏省","access_date":"2016-09-28 11:31:58","account":"l***z","quantity":1,"handle_status":8,"order_type":"53","areaid":"320902","item_id":106},{"address":"北京市","access_date":"2016-09-28 11:31:58","account":"y***l","quantity":1,"handle_status":8,"order_type":"53","areaid":"110105","item_id":106},{"address":"陕西省","access_date":"2016-09-28 11:31:58","account":"f***3","quantity":1,"handle_status":8,"order_type":"53","areaid":"610111","item_id":106},{"address":"广东省","access_date":"2016-09-28 11:31:58","account":"j***币","quantity":1,"handle_status":8,"order_type":"53","areaid":"440307","item_id":106},{"address":"辽宁省","access_date":"2016-09-28 11:31:58","account":"a***q","quantity":1,"handle_status":8,"order_type":"53","areaid":"210211","item_id":106},{"address":"浙江省","access_date":"2016-09-28 11:31:58","account":"1***2","quantity":1,"handle_status":8,"order_type":"53","areaid":"330523","item_id":106},{"address":"广西壮族自治区","access_date":"2016-09-28 11:31:58","account":"y***2","quantity":1,"handle_status":8,"order_type":"53","areaid":"451381","item_id":106},{"address":"江苏省","access_date":"2016-09-28 11:31:58","account":"s***5","quantity":1,"handle_status":8,"order_type":"53","areaid":"321202","item_id":106},{"address":"广东省","access_date":"2016-09-28 11:31:58","account":"1***8","quantity":1,"handle_status":8,"order_type":"53","areaid":"445102","item_id":106},{"address":"广东省","access_date":"2016-09-28 11:31:58","account":"l***9","quantity":1,"handle_status":8,"order_type":"53","areaid":"440304","item_id":106},{"address":"上海市","access_date":"2016-09-28 11:31:58","account":"3***F","quantity":1,"handle_status":8,"order_type":"53","areaid":"310114","item_id":106},{"address":"天津市","access_date":"2016-09-28 11:31:58","account":"o***1","quantity":1,"handle_status":8,"order_type":"53","areaid":"120104","item_id":106},{"address":"福建省","access_date":"2016-09-28 11:31:58","account":"星***点","quantity":1,"handle_status":8,"order_type":"53","areaid":"350521","item_id":106},{"address":"广东省","access_date":"2016-09-28 11:31:58","account":"g***f","quantity":1,"handle_status":8,"order_type":"53","areaid":"445202","item_id":106},{"address":"天津市","access_date":"2016-09-28 11:31:58","account":"王***生","quantity":1,"handle_status":8,"order_type":"53","areaid":"120104","item_id":106},{"address":"浙江省","access_date":"2016-09-28 11:31:58","account":"1***8","quantity":1,"handle_status":8,"order_type":"53","areaid":"330481","item_id":106},{"address":"江苏省","access_date":"2016-09-28 11:31:58","account":"n***x","quantity":1,"handle_status":8,"order_type":"53","areaid":"321003","item_id":106},{"address":"河南省","access_date":"2016-09-28 11:31:58","account":"杰***尔","quantity":1,"handle_status":8,"order_type":"53","areaid":"410821","item_id":106},{"address":"河南省","access_date":"2016-09-28 11:31:58","account":"1***2","quantity":1,"handle_status":8,"order_type":"53","areaid":"410221","item_id":106},{"address":"北京市","access_date":"2016-09-28 11:31:58","account":"L***6","quantity":1,"handle_status":8,"order_type":"53","areaid":"110102","item_id":106},{"address":"北京市","access_date":"2016-09-28 11:31:58","account":"1***8","quantity":1,"handle_status":8,"order_type":"53","areaid":"110102","item_id":106},{"address":"北京市","access_date":"2016-09-28 11:31:58","account":"1***6","quantity":1,"handle_status":8,"order_type":"53","areaid":"110115","item_id":106},{"address":"北京市","access_date":"2016-09-28 11:31:58","account":"1***7","quantity":1,"handle_status":8,"order_type":"53","areaid":"110102","item_id":106},{"address":"山东省","access_date":"2016-09-28 11:31:58","account":"1***9","quantity":1,"handle_status":8,"order_type":"53","areaid":"370321","item_id":106},{"address":"北京市","access_date":"2016-09-28 11:31:58","account":"1***8","quantity":1,"handle_status":8,"order_type":"53","areaid":"110112","item_id":106},{"address":"广东省","access_date":"2016-09-28 11:31:58","account":"1***0","quantity":1,"handle_status":8,"order_type":"53","areaid":"445202","item_id":106},{"address":"天津市","access_date":"2016-09-28 11:31:58","account":"李***婷","quantity":1,"handle_status":8,"order_type":"53","areaid":"120104","item_id":106},{"address":"北京市","access_date":"2016-09-28 11:31:58","account":"1***0","quantity":1,"handle_status":8,"order_type":"53","areaid":"110102","item_id":106},{"address":"广东省","access_date":"2016-09-28 11:31:57","account":"N***3","quantity":1,"handle_status":8,"order_type":"53","areaid":"440111","item_id":106},{"address":"福建省","access_date":"2016-09-28 11:31:57","account":"t***e","quantity":1,"handle_status":8,"order_type":"53","areaid":"350203","item_id":106},{"address":"江苏省","access_date":"2016-09-28 11:31:57","account":"h***t","quantity":1,"handle_status":8,"order_type":"53","areaid":"320104","item_id":106},{"address":"新疆维吾尔自治区","access_date":"2016-09-28 11:31:57","account":"魏***9","quantity":1,"handle_status":8,"order_type":"53","areaid":"652801","item_id":106},{"address":"山东省","access_date":"2016-09-28 11:31:57","account":"1***2","quantity":1,"handle_status":8,"order_type":"53","areaid":"370214","item_id":106},{"address":"天津市","access_date":"2016-09-28 11:31:57","account":"刘***翔","quantity":1,"handle_status":8,"order_type":"53","areaid":"120116","item_id":106},{"address":"上海市","access_date":"2016-09-28 11:31:57","account":"1***6","quantity":1,"handle_status":8,"order_type":"53","areaid":"310107","item_id":106},{"address":"上海市","access_date":"2016-09-28 11:31:57","account":"1***5","quantity":1,"handle_status":8,"order_type":"53","areaid":"310108","item_id":106},{"address":"江苏省","access_date":"2016-09-28 11:31:57","account":"w***5","quantity":1,"handle_status":8,"order_type":"53","areaid":"320322","item_id":106},{"address":"北京市","access_date":"2016-09-28 11:31:57","account":"h***0","quantity":1,"handle_status":8,"order_type":"53","areaid":"110102","item_id":106},{"address":"陕西省","access_date":"2016-09-28 11:31:57","account":"z***5","quantity":1,"handle_status":8,"order_type":"53","areaid":"610116","item_id":106},{"address":"河南省","access_date":"2016-09-28 11:31:57","account":"1***4","quantity":1,"handle_status":8,"order_type":"53","areaid":"410728","item_id":106},{"address":"山东省","access_date":"2016-09-28 11:31:57","account":"a***西","quantity":1,"handle_status":8,"order_type":"53","areaid":"370303","item_id":106},{"address":"内蒙古自治区","access_date":"2016-09-28 11:31:57","account":"q***6","quantity":1,"handle_status":8,"order_type":"53","areaid":"150203","item_id":106},{"address":"安徽省","access_date":"2016-09-28 11:31:57","account":"w***g","quantity":1,"handle_status":8,"order_type":"53","areaid":"340202","item_id":106},{"address":"江苏省","access_date":"2016-09-28 11:31:57","account":"王***8","quantity":1,"handle_status":8,"order_type":"53","areaid":"320106","item_id":106},{"address":"浙江省","access_date":"2016-09-28 11:31:57","account":"T***o","quantity":1,"handle_status":8,"order_type":"53","areaid":"330106","item_id":106},{"address":"重庆市","access_date":"2016-09-28 11:31:57","account":"3***福","quantity":1,"handle_status":8,"order_type":"53","areaid":"500103","item_id":106},{"address":"江苏省","access_date":"2016-09-28 11:31:57","account":"大***j","quantity":1,"handle_status":8,"order_type":"53","areaid":"321081","item_id":106},{"address":"安徽省","access_date":"2016-09-28 11:31:57","account":"w***s","quantity":1,"handle_status":8,"order_type":"53","areaid":"340202","item_id":106},{"address":"安徽省","access_date":"2016-09-28 11:31:57","account":"w***x","quantity":1,"handle_status":8,"order_type":"53","areaid":"340202","item_id":106},{"address":"广东省","access_date":"2016-09-28 11:31:57","account":"1***5","quantity":1,"handle_status":8,"order_type":"53","areaid":"440301","item_id":106},{"address":"湖北省","access_date":"2016-09-28 11:31:57","account":"w***g","quantity":1,"handle_status":8,"order_type":"53","areaid":"420602","item_id":106},{"address":"安徽省","access_date":"2016-09-28 11:31:57","account":"w***g","quantity":1,"handle_status":8,"order_type":"53","areaid":"340202","item_id":106},{"address":"安徽省","access_date":"2016-09-28 11:31:57","account":"毛***菡","quantity":1,"handle_status":8,"order_type":"53","areaid":"341321","item_id":106},{"address":"广东省","access_date":"2016-09-28 11:31:57","account":"f***g","quantity":1,"handle_status":8,"order_type":"53","areaid":"ff8080814cd0d0f4014cd56f66b80001","item_id":106},{"address":"江西省","access_date":"2016-09-28 11:31:57","account":"1***7","quantity":1,"handle_status":8,"order_type":"53","areaid":"360111","item_id":106},{"address":"浙江省","access_date":"2016-09-28 11:31:57","account":"炫***4","quantity":1,"handle_status":8,"order_type":"53","areaid":"330702","item_id":106},{"address":"浙江省","access_date":"2016-09-28 11:31:57","account":"c***n","quantity":1,"handle_status":8,"order_type":"53","areaid":"330727","item_id":106},{"address":"浙江省","access_date":"2016-09-28 11:31:57","account":"1***0","quantity":1,"handle_status":8,"order_type":"53","areaid":"331127","item_id":106},{"address":"江苏省","access_date":"2016-09-28 11:31:56","account":"1***0","quantity":1,"handle_status":8,"order_type":"53","areaid":"320211","item_id":106},{"address":"福建省","access_date":"2016-09-28 11:31:56","account":"1***6","quantity":1,"handle_status":8,"order_type":"53","areaid":"350581","item_id":106},{"address":"山东省","access_date":"2016-09-28 11:31:56","account":"q***g","quantity":1,"handle_status":8,"order_type":"53","areaid":"371625","item_id":106},{"address":"北京市","access_date":"2016-09-28 11:31:56","account":"j***8","quantity":1,"handle_status":8,"order_type":"53","areaid":"110114","item_id":106},{"address":"辽宁省","access_date":"2016-09-28 11:31:56","account":"c***4","quantity":1,"handle_status":8,"order_type":"53","areaid":"210211","item_id":106},{"address":"天津市","access_date":"2016-09-28 11:31:56","account":"s***y","quantity":1,"handle_status":8,"order_type":"53","areaid":"120110","item_id":106},{"address":"河南省","access_date":"2016-09-28 11:31:56","account":"1***6","quantity":1,"handle_status":8,"order_type":"53","areaid":"410103","item_id":106},{"address":"天津市","access_date":"2016-09-28 11:31:56","account":"y***2","quantity":1,"handle_status":8,"order_type":"53","areaid":"120114","item_id":106},{"address":"四川省","access_date":"2016-09-28 11:31:56","account":"q***a","quantity":1,"handle_status":8,"order_type":"53","areaid":"510122","item_id":106},{"address":"四川省","access_date":"2016-09-28 11:31:56","account":"1***8","quantity":1,"handle_status":8,"order_type":"53","areaid":"510122","item_id":106},{"address":"陕西省","access_date":"2016-09-28 11:31:56","account":"c***6","quantity":1,"handle_status":8,"order_type":"53","areaid":"610103","item_id":106},{"address":"福建省","access_date":"2016-09-28 11:31:56","account":"c***6","quantity":1,"handle_status":8,"order_type":"53","areaid":"350582","item_id":106},{"address":"北京市","access_date":"2016-09-28 11:31:56","account":"m***3","quantity":1,"handle_status":8,"order_type":"53","areaid":"110102","item_id":106},{"address":"上海市","access_date":"2016-09-28 11:31:56","account":"Z***5","quantity":1,"handle_status":8,"order_type":"53","areaid":"310117","item_id":106},{"address":"山东省","access_date":"2016-09-28 11:31:56","account":"c***b","quantity":1,"handle_status":8,"order_type":"53","areaid":"371302","item_id":106},{"address":"安徽省","access_date":"2016-09-28 11:31:56","account":"1***5","quantity":1,"handle_status":8,"order_type":"53","areaid":"340111","item_id":106},{"address":"辽宁省","access_date":"2016-09-28 11:31:56","account":"李***兴","quantity":1,"handle_status":8,"order_type":"53","areaid":"211403","item_id":106},{"address":"江苏省","access_date":"2016-09-28 11:31:56","account":"1***8","quantity":1,"handle_status":8,"order_type":"53","areaid":"321204","item_id":106},{"address":"陕西省","access_date":"2016-09-28 11:31:56","account":"x***9","quantity":1,"handle_status":8,"order_type":"53","areaid":"610323","item_id":106},{"address":"上海市","access_date":"2016-09-28 11:31:56","account":"d***g","quantity":1,"handle_status":8,"order_type":"53","areaid":"310104","item_id":106},{"address":"江苏省","access_date":"2016-09-28 11:31:56","account":"s***8","quantity":1,"handle_status":8,"order_type":"53","areaid":"320202","item_id":106},{"address":"吉林省","access_date":"2016-09-28 11:31:56","account":"金***年","quantity":1,"handle_status":8,"order_type":"53","areaid":"220881","item_id":106},{"address":"吉林省","access_date":"2016-09-28 11:31:56","account":"吕***哲","quantity":1,"handle_status":8,"order_type":"53","areaid":"220105","item_id":106},{"address":"江苏省","access_date":"2016-09-28 11:31:56","account":"1***9","quantity":1,"handle_status":8,"order_type":"53","areaid":"320981","item_id":106},{"address":"山西省","access_date":"2016-09-28 11:31:56","account":"x***o","quantity":1,"handle_status":8,"order_type":"53","areaid":"140602","item_id":106},{"address":"浙江省","access_date":"2016-09-28 11:31:56","account":"何***姐","quantity":1,"handle_status":8,"order_type":"53","areaid":"330212","item_id":106},{"address":"辽宁省","access_date":"2016-09-28 11:31:56","account":"w***9","quantity":1,"handle_status":8,"order_type":"53","areaid":"211003","item_id":106},{"address":"江苏省","access_date":"2016-09-28 11:31:56","account":"1***g","quantity":1,"handle_status":8,"order_type":"53","areaid":"320404","item_id":106},{"address":"内蒙古自治区","access_date":"2016-09-28 11:31:56","account":"收***化","quantity":1,"handle_status":8,"order_type":"53","areaid":"150782","item_id":106},{"address":"江苏省","access_date":"2016-09-28 11:31:56","account":"l***3","quantity":1,"handle_status":8,"order_type":"53","areaid":"320311","item_id":106},{"address":"吉林省","access_date":"2016-09-28 11:31:56","account":"和***6","quantity":1,"handle_status":8,"order_type":"53","areaid":"220203","item_id":106},{"address":"福建省","access_date":"2016-09-28 11:31:56","account":"曹***国","quantity":1,"handle_status":8,"order_type":"53","areaid":"350802","item_id":106},{"address":"上海市","access_date":"2016-09-28 11:31:56","account":"1***0","quantity":1,"handle_status":8,"order_type":"53","areaid":"310109","item_id":106},{"address":"河北省","access_date":"2016-09-28 11:31:56","account":"上***娟","quantity":1,"handle_status":8,"order_type":"53","areaid":"130602","item_id":106},{"address":"浙江省","access_date":"2016-09-28 11:31:56","account":"y***r","quantity":1,"handle_status":8,"order_type":"53","areaid":"330104","item_id":106},{"address":"江苏省","access_date":"2016-09-28 11:31:55","account":"x***s","quantity":1,"handle_status":8,"order_type":"53","areaid":"320811","item_id":106},{"address":"山西省","access_date":"2016-09-28 11:31:55","account":"1***8","quantity":1,"handle_status":8,"order_type":"53","areaid":"140106","item_id":106},{"address":"山西省","access_date":"2016-09-28 11:31:55","account":"1***6","quantity":1,"handle_status":8,"order_type":"53","areaid":"140106","item_id":106},{"address":"安徽省","access_date":"2016-09-28 11:31:55","account":"张***市","quantity":1,"handle_status":8,"order_type":"53","areaid":"340103","item_id":106},{"address":"广东省","access_date":"2016-09-28 11:31:55","account":"金***毛","quantity":1,"handle_status":8,"order_type":"53","areaid":"441402","item_id":106},{"address":"江苏省","access_date":"2016-09-28 11:31:55","account":"1***0","quantity":1,"handle_status":8,"order_type":"53","areaid":"320705","item_id":106},{"address":"湖北省","access_date":"2016-09-28 11:31:55","account":"z***8","quantity":1,"handle_status":8,"order_type":"53","areaid":"420101","item_id":106},{"address":"江苏省","access_date":"2016-09-28 11:31:55","account":"j***w","quantity":1,"handle_status":8,"order_type":"53","areaid":"320402","item_id":106},{"address":"广东省","access_date":"2016-09-28 11:31:55","account":"1***9","quantity":1,"handle_status":8,"order_type":"53","areaid":"440281","item_id":106},{"address":"湖北省","access_date":"2016-09-28 11:31:55","account":"钱***明","quantity":1,"handle_status":8,"order_type":"53","areaid":"420111","item_id":106},{"address":"山东省","access_date":"2016-09-28 11:31:55","account":"乐***居","quantity":1,"handle_status":8,"order_type":"53","areaid":"370102","item_id":106},{"address":"江苏省","access_date":"2016-09-28 11:31:55","account":"w***6","quantity":1,"handle_status":8,"order_type":"53","areaid":"320722","item_id":106},{"address":"湖南省","access_date":"2016-09-28 11:31:55","account":"1***0","quantity":1,"handle_status":8,"order_type":"53","areaid":"431202","item_id":106},{"address":"湖南省","access_date":"2016-09-28 11:31:55","account":"1***0","quantity":1,"handle_status":8,"order_type":"53","areaid":"430104","item_id":106},{"address":"广东省","access_date":"2016-09-28 11:31:55","account":"1***4","quantity":1,"handle_status":8,"order_type":"53","areaid":"445102","item_id":106},{"address":"江苏省","access_date":"2016-09-28 11:31:55","account":"p***h","quantity":1,"handle_status":8,"order_type":"53","areaid":"320311","item_id":106},{"address":"广东省","access_date":"2016-09-28 11:31:55","account":"X***I","quantity":1,"handle_status":8,"order_type":"53","areaid":"440507","item_id":106},{"address":"上海市","access_date":"2016-09-28 11:31:55","account":"付***营","quantity":1,"handle_status":8,"order_type":"53","areaid":"310114","item_id":106},{"address":"山东省","access_date":"2016-09-28 11:31:55","account":"z***1","quantity":1,"handle_status":8,"order_type":"53","areaid":"371302","item_id":106},{"address":"安徽省","access_date":"2016-09-28 11:31:55","account":"s***n","quantity":1,"handle_status":8,"order_type":"53","areaid":"340104","item_id":106},{"address":"广西壮族自治区","access_date":"2016-09-28 11:31:55","account":"拨***日","quantity":1,"handle_status":8,"order_type":"53","areaid":"450223","item_id":106},{"address":"浙江省","access_date":"2016-09-28 11:31:55","account":"1***3","quantity":1,"handle_status":8,"order_type":"53","areaid":"330226","item_id":106},{"address":"湖南省","access_date":"2016-09-28 11:31:55","account":"1***8","quantity":1,"handle_status":8,"order_type":"53","areaid":"430104","item_id":106},{"address":"江西省","access_date":"2016-09-28 11:31:55","account":"p***5","quantity":1,"handle_status":8,"order_type":"53","areaid":"360302","item_id":106},{"address":"江苏省","access_date":"2016-09-28 11:31:55","account":"y***n","quantity":1,"handle_status":8,"order_type":"53","areaid":"320583","item_id":106},{"address":"江西省","access_date":"2016-09-28 11:31:55","account":"1***4","quantity":1,"handle_status":8,"order_type":"53","areaid":"360781","item_id":106},{"address":"安徽省","access_date":"2016-09-28 11:31:55","account":"你***国","quantity":1,"handle_status":8,"order_type":"53","areaid":"340404","item_id":106},{"address":"河南省","access_date":"2016-09-28 11:31:55","account":"1***8","quantity":1,"handle_status":8,"order_type":"53","areaid":"411329","item_id":106},{"address":"广西壮族自治区","access_date":"2016-09-28 11:31:55","account":"l***8","quantity":1,"handle_status":8,"order_type":"53","areaid":"450722","item_id":106},{"address":"安徽省","access_date":"2016-09-28 11:31:55","account":"j***5","quantity":1,"handle_status":8,"order_type":"53","areaid":"340122","item_id":106},{"address":"上海市","access_date":"2016-09-28 11:31:55","account":"c***2","quantity":1,"handle_status":8,"order_type":"53","areaid":"310105","item_id":106},{"address":"江西省","access_date":"2016-09-28 11:31:55","account":"y***0","quantity":1,"handle_status":8,"order_type":"53","areaid":"360105","item_id":106},{"address":"四川省","access_date":"2016-09-28 11:31:55","account":"s***n","quantity":1,"handle_status":8,"order_type":"53","areaid":"513401","item_id":106},{"address":"江苏省","access_date":"2016-09-28 11:31:55","account":"f***n","quantity":1,"handle_status":8,"order_type":"53","areaid":"320681","item_id":106},{"address":"北京市","access_date":"2016-09-28 11:31:55","account":"c***n","quantity":1,"handle_status":8,"order_type":"53","areaid":"110105","item_id":106},{"address":"重庆市","access_date":"2016-09-28 11:31:55","account":"爱***1","quantity":1,"handle_status":8,"order_type":"53","areaid":"500103","item_id":106},{"address":"山东省","access_date":"2016-09-28 11:31:55","account":"f***g","quantity":1,"handle_status":8,"order_type":"53","areaid":"370213","item_id":106},{"address":"江苏省","access_date":"2016-09-28 11:31:54","account":"j***h","quantity":1,"handle_status":8,"order_type":"53","areaid":"321003","item_id":106},{"address":"湖北省","access_date":"2016-09-28 11:31:54","account":"东***党","quantity":1,"handle_status":8,"order_type":"53","areaid":"422801","item_id":106},{"address":"贵州省","access_date":"2016-09-28 11:31:54","account":"z***4","quantity":1,"handle_status":8,"order_type":"53","areaid":"520115","item_id":106},{"address":"贵州省","access_date":"2016-09-28 11:31:54","account":"T***8","quantity":1,"handle_status":8,"order_type":"53","areaid":"520115","item_id":106},{"address":"重庆市","access_date":"2016-09-28 11:31:54","account":"无***剔","quantity":1,"handle_status":8,"order_type":"53","areaid":"500103","item_id":106},{"address":"天津市","access_date":"2016-09-28 11:31:54","account":"1***7","quantity":1,"handle_status":8,"order_type":"53","areaid":"120116","item_id":106},{"address":"北京市","access_date":"2016-09-28 11:31:54","account":"1***5","quantity":1,"handle_status":8,"order_type":"53","areaid":"110108","item_id":106},{"address":"北京市","access_date":"2016-09-28 11:31:54","account":"h***0","quantity":1,"handle_status":8,"order_type":"53","areaid":"110106","item_id":106},{"address":"浙江省","access_date":"2016-09-28 11:31:54","account":"f***l","quantity":1,"handle_status":8,"order_type":"53","areaid":"330702","item_id":106},{"address":"江西省","access_date":"2016-09-28 11:31:54","account":"y***5","quantity":1,"handle_status":8,"order_type":"53","areaid":"361128","item_id":106},{"address":"安徽省","access_date":"2016-09-28 11:31:54","account":"你***N","quantity":1,"handle_status":8,"order_type":"53","areaid":"341723","item_id":106},{"address":"北京市","access_date":"2016-09-28 11:31:54","account":"林***心","quantity":1,"handle_status":8,"order_type":"53","areaid":"110108","item_id":106},{"address":"上海市","access_date":"2016-09-28 11:31:54","account":"y***7","quantity":1,"handle_status":8,"order_type":"53","areaid":"310115","item_id":106},{"address":"山东省","access_date":"2016-09-28 11:31:54","account":"明***1","quantity":1,"handle_status":8,"order_type":"53","areaid":"370102","item_id":106},{"address":"浙江省","access_date":"2016-09-28 11:31:54","account":"4***4","quantity":1,"handle_status":8,"order_type":"53","areaid":"330204","item_id":106},{"address":"浙江省","access_date":"2016-09-28 11:31:54","account":"l***0","quantity":1,"handle_status":8,"order_type":"53","areaid":"330204","item_id":106},{"address":"四川省","access_date":"2016-09-28 11:31:54","account":"糖***1","quantity":1,"handle_status":8,"order_type":"53","areaid":"510106","item_id":106},{"address":"山东省","access_date":"2016-09-28 11:31:54","account":"1***9","quantity":1,"handle_status":8,"order_type":"53","areaid":"370701","item_id":106},{"address":"浙江省","access_date":"2016-09-28 11:31:54","account":"x***8","quantity":1,"handle_status":8,"order_type":"53","areaid":"330205","item_id":106},{"address":"江苏省","access_date":"2016-09-28 11:31:54","account":"薛***英","quantity":1,"handle_status":8,"order_type":"53","areaid":"321324","item_id":106},{"address":"天津市","access_date":"2016-09-28 11:31:54","account":"1***9","quantity":1,"handle_status":8,"order_type":"53","areaid":"120114","item_id":106},{"address":"江苏省","access_date":"2016-09-28 11:31:54","account":"j***h","quantity":1,"handle_status":8,"order_type":"53","areaid":"321003","item_id":106},{"address":"河北省","access_date":"2016-09-28 11:31:54","account":"y***6","quantity":1,"handle_status":8,"order_type":"53","areaid":"131022","item_id":106},{"address":"山西省","access_date":"2016-09-28 11:31:54","account":"大***嘴","quantity":1,"handle_status":8,"order_type":"53","areaid":"140109","item_id":106},{"address":"天津市","access_date":"2016-09-28 11:31:54","account":"李***2","quantity":1,"handle_status":8,"order_type":"53","areaid":"120102","item_id":106},{"address":"广东省","access_date":"2016-09-28 11:31:54","account":"蔡***奶","quantity":1,"handle_status":8,"order_type":"53","areaid":"440111","item_id":106},{"address":"河南省","access_date":"2016-09-28 11:31:54","account":"七***善","quantity":1,"handle_status":8,"order_type":"53","areaid":"410821","item_id":106},{"address":"浙江省","access_date":"2016-09-28 11:31:54","account":"1***0","quantity":1,"handle_status":8,"order_type":"53","areaid":"330784","item_id":106},{"address":"山东省","access_date":"2016-09-28 11:31:54","account":"有***侯","quantity":1,"handle_status":8,"order_type":"53","areaid":"370902","item_id":106},{"address":"辽宁省","access_date":"2016-09-28 11:31:54","account":"q***1","quantity":1,"handle_status":8,"order_type":"53","areaid":"210402","item_id":106},{"address":"广东省","access_date":"2016-09-28 11:31:54","account":"z***9","quantity":1,"handle_status":8,"order_type":"53","areaid":"ff8080814cd0d0f4014cd571e2a50002","item_id":106},{"address":"江苏省","access_date":"2016-09-28 11:31:54","account":"1***2","quantity":1,"handle_status":8,"order_type":"53","areaid":"320508","item_id":106},{"address":"辽宁省","access_date":"2016-09-28 11:31:54","account":"1***4","quantity":1,"handle_status":8,"order_type":"53","areaid":"210102","item_id":106},{"address":"黑龙江省","access_date":"2016-09-28 11:31:54","account":"w***l","quantity":1,"handle_status":8,"order_type":"53","areaid":"230104","item_id":106},{"address":"江苏省","access_date":"2016-09-28 11:31:54","account":"z***1","quantity":1,"handle_status":8,"order_type":"53","areaid":"320481","item_id":106},{"address":"辽宁省","access_date":"2016-09-28 11:31:53","account":"1***4","quantity":1,"handle_status":8,"order_type":"53","areaid":"211302","item_id":106},{"address":"浙江省","access_date":"2016-09-28 11:31:53","account":"7***6","quantity":1,"handle_status":8,"order_type":"53","areaid":"330109","item_id":106},{"address":"河南省","access_date":"2016-09-28 11:31:53","account":"k***n","quantity":1,"handle_status":8,"order_type":"53","areaid":"410311","item_id":106},{"address":"辽宁省","access_date":"2016-09-28 11:31:53","account":"A***F","quantity":1,"handle_status":8,"order_type":"53","areaid":"210102","item_id":106},{"address":"上海市","access_date":"2016-09-28 11:31:53","account":"心***嗨","quantity":1,"handle_status":8,"order_type":"53","areaid":"310108","item_id":106},{"address":"重庆市","access_date":"2016-09-28 11:31:53","account":"1***6","quantity":1,"handle_status":8,"order_type":"53","areaid":"500103","item_id":106},{"address":"广东省","access_date":"2016-09-28 11:31:53","account":"精***孩","quantity":1,"handle_status":8,"order_type":"53","areaid":"440513","item_id":106},{"address":"辽宁省","access_date":"2016-09-28 11:31:53","account":"吴***1","quantity":1,"handle_status":8,"order_type":"53","areaid":"210302","item_id":106},{"address":"四川省","access_date":"2016-09-28 11:31:53","account":"r***1","quantity":1,"handle_status":8,"order_type":"53","areaid":"510114","item_id":106},{"address":"北京市","access_date":"2016-09-28 11:31:53","account":"w***1","quantity":1,"handle_status":8,"order_type":"53","areaid":"110108","item_id":106},{"address":"北京市","access_date":"2016-09-28 11:31:53","account":"l***g","quantity":1,"handle_status":8,"order_type":"53","areaid":"110108","item_id":106},{"address":"北京市","access_date":"2016-09-28 11:31:53","account":"0***6","quantity":1,"handle_status":8,"order_type":"53","areaid":"110108","item_id":106},{"address":"山东省","access_date":"2016-09-28 11:31:53","account":"倚***涯","quantity":1,"handle_status":8,"order_type":"53","areaid":"371501","item_id":106},{"address":"天津市","access_date":"2016-09-28 11:31:53","account":"王***6","quantity":1,"handle_status":8,"order_type":"53","areaid":"120104","item_id":106},{"address":"安徽省","access_date":"2016-09-28 11:31:53","account":"y***3","quantity":1,"handle_status":8,"order_type":"53","areaid":"340122","item_id":106},{"address":"上海市","access_date":"2016-09-28 11:31:53","account":"指***7","quantity":1,"handle_status":8,"order_type":"53","areaid":"310120","item_id":106},{"address":"浙江省","access_date":"2016-09-28 11:31:53","account":"西***3","quantity":1,"handle_status":8,"order_type":"53","areaid":"330382","item_id":106},{"address":"山西省","access_date":"2016-09-28 11:31:53","account":"峥***界","quantity":1,"handle_status":8,"order_type":"53","areaid":"140107","item_id":106},{"address":"江苏省","access_date":"2016-09-28 11:31:53","account":"周***君","quantity":1,"handle_status":8,"order_type":"53","areaid":"320509","item_id":106},{"address":"北京市","access_date":"2016-09-28 11:31:53","account":"1***0","quantity":1,"handle_status":8,"order_type":"53","areaid":"110105","item_id":106},{"address":"河南省","access_date":"2016-09-28 11:31:53","account":"1***8","quantity":1,"handle_status":8,"order_type":"53","areaid":"410526","item_id":106},{"address":"山东省","access_date":"2016-09-28 11:31:53","account":"1***6","quantity":1,"handle_status":8,"order_type":"53","areaid":"370302","item_id":106},{"address":"山西省","access_date":"2016-09-28 11:31:53","account":"与***同","quantity":1,"handle_status":8,"order_type":"53","areaid":"140728","item_id":106},{"address":"安徽省","access_date":"2016-09-28 11:31:53","account":"店***二","quantity":1,"handle_status":8,"order_type":"53","areaid":"341723","item_id":106}]