[{"address":"北京市","access_date":"2017-03-02 14:00:36","account":"1***3","quantity":2,"handle_status":8,"order_type":"2","areaid":"110102","item_id":151},{"address":"浙江省","access_date":"2017-03-02 14:00:35","account":"z***j","quantity":4,"handle_status":8,"order_type":"2","areaid":"331102","item_id":151},{"address":"陕西省","access_date":"2017-03-02 14:00:34","account":"x***6","quantity":1,"handle_status":7,"order_type":"2","areaid":"610103","item_id":151},{"address":"上海市","access_date":"2017-03-02 14:00:34","account":"l***f","quantity":2,"handle_status":8,"order_type":"2","areaid":"310113","item_id":151},{"address":"湖南省","access_date":"2017-03-02 14:00:33","account":"暮***鸿","quantity":1,"handle_status":8,"order_type":"2","areaid":"430104","item_id":151},{"address":"广东省","access_date":"2017-03-02 14:00:33","account":"乐***派","quantity":4,"handle_status":8,"order_type":"2","areaid":"ff8080814cd0d0f4014cd571e2a50002","item_id":151},{"address":"江苏省","access_date":"2017-03-02 14:00:33","account":"w***4","quantity":1,"handle_status":8,"order_type":"2","areaid":"320705","item_id":151},{"address":"河南省","access_date":"2017-03-02 14:00:33","account":"w***n","quantity":1,"handle_status":8,"order_type":"2","areaid":"411121","item_id":151},{"address":"河北省","access_date":"2017-03-02 14:00:33","account":"燕***锋","quantity":3,"handle_status":8,"order_type":"2","areaid":"130108","item_id":151},{"address":"河北省","access_date":"2017-03-02 14:00:32","account":"z***0","quantity":1,"handle_status":8,"order_type":"2","areaid":"130281","item_id":151},{"address":"四川省","access_date":"2017-03-02 14:00:32","account":"h***8","quantity":1,"handle_status":8,"order_type":"2","areaid":"510302","item_id":151},{"address":"上海市","access_date":"2017-03-02 14:00:32","account":"s***j","quantity":1,"handle_status":8,"order_type":"2","areaid":"310117","item_id":151},{"address":"广东省","access_date":"2017-03-02 14:00:31","account":"c***0","quantity":4,"handle_status":8,"order_type":"2","areaid":"440204","item_id":151},{"address":"北京市","access_date":"2017-03-02 14:00:30","account":"d***3","quantity":2,"handle_status":8,"order_type":"2","areaid":"110114","item_id":151},{"address":"吉林省","access_date":"2017-03-02 14:00:30","account":"w***4","quantity":1,"handle_status":8,"order_type":"2","areaid":"220401","item_id":151},{"address":"上海市","access_date":"2017-03-02 14:00:30","account":"m***y","quantity":1,"handle_status":8,"order_type":"2","areaid":"310112","item_id":151},{"address":"广东省","access_date":"2017-03-02 14:00:30","account":"1***2","quantity":1,"handle_status":8,"order_type":"2","areaid":"440515","item_id":151},{"address":"北京市","access_date":"2017-03-02 14:00:30","account":"w***0","quantity":2,"handle_status":8,"order_type":"2","areaid":"110102","item_id":151},{"address":"山东省","access_date":"2017-03-02 14:00:30","account":"吉***藏","quantity":2,"handle_status":8,"order_type":"2","areaid":"370983","item_id":151},{"address":"山东省","access_date":"2017-03-02 14:00:30","account":"l***2","quantity":1,"handle_status":8,"order_type":"2","areaid":"371725","item_id":151},{"address":"陕西省","access_date":"2017-03-02 14:00:29","account":"r***r","quantity":4,"handle_status":8,"order_type":"2","areaid":"610501","item_id":151},{"address":"北京市","access_date":"2017-03-02 14:00:28","account":"s***r","quantity":1,"handle_status":8,"order_type":"2","areaid":"110106","item_id":151},{"address":"浙江省","access_date":"2017-03-02 14:00:28","account":"h***u","quantity":1,"handle_status":8,"order_type":"2","areaid":"330103","item_id":151},{"address":"上海市","access_date":"2017-03-02 14:00:28","account":"s***x","quantity":1,"handle_status":8,"order_type":"2","areaid":"310115","item_id":151},{"address":"浙江省","access_date":"2017-03-02 14:00:27","account":"顺***7","quantity":1,"handle_status":8,"order_type":"2","areaid":"331081","item_id":151},{"address":"江苏省","access_date":"2017-03-02 14:00:25","account":"1***5","quantity":4,"handle_status":8,"order_type":"2","areaid":"320205","item_id":151},{"address":"浙江省","access_date":"2017-03-02 14:00:24","account":"q***2","quantity":1,"handle_status":8,"order_type":"2","areaid":"330212","item_id":151},{"address":"黑龙江省","access_date":"2017-03-02 14:00:23","account":"p***8","quantity":2,"handle_status":8,"order_type":"2","areaid":"230102","item_id":151},{"address":"广东省","access_date":"2017-03-02 14:00:23","account":"R***8","quantity":2,"handle_status":8,"order_type":"2","areaid":"440305","item_id":151},{"address":"河北省","access_date":"2017-03-02 14:00:23","account":"1***7","quantity":2,"handle_status":8,"order_type":"2","areaid":"130229","item_id":151},{"address":"北京市","access_date":"2017-03-02 14:00:22","account":"l***6","quantity":1,"handle_status":8,"order_type":"2","areaid":"110108","item_id":151},{"address":"山东省","access_date":"2017-03-02 14:00:22","account":"1***3","quantity":1,"handle_status":8,"order_type":"2","areaid":"370203","item_id":151},{"address":"陕西省","access_date":"2017-03-02 14:00:21","account":"1***6","quantity":4,"handle_status":8,"order_type":"2","areaid":"610802","item_id":151},{"address":"江西省","access_date":"2017-03-02 14:00:20","account":"a***0","quantity":2,"handle_status":8,"order_type":"2","areaid":"360103","item_id":151},{"address":"广东省","access_date":"2017-03-02 14:00:19","account":"1***1","quantity":2,"handle_status":8,"order_type":"2","areaid":"441402","item_id":151},{"address":"上海市","access_date":"2017-03-02 14:00:13","account":"d***1","quantity":4,"handle_status":8,"order_type":"2","areaid":"310113","item_id":151},{"address":"北京市","access_date":"2017-03-02 14:00:12","account":"w***g","quantity":2,"handle_status":8,"order_type":"2","areaid":"110105","item_id":151}]