[{"address":"广西壮族自治区","access_date":"2017-03-12 21:25:58","account":"a***5","quantity":1,"handle_status":8,"order_type":"2","areaid":"450107","item_id":158},{"address":"上海市","access_date":"2017-03-10 17:15:28","account":"z***a","quantity":1,"handle_status":8,"order_type":"2","areaid":"310115","item_id":158},{"address":"山东省","access_date":"2017-03-10 16:40:00","account":"利***y","quantity":1,"handle_status":8,"order_type":"2","areaid":"371082","item_id":158},{"address":"河南省","access_date":"2017-03-10 15:40:47","account":"s***5","quantity":1,"handle_status":8,"order_type":"2","areaid":"410402","item_id":158},{"address":"湖北省","access_date":"2017-03-10 15:40:21","account":"y***7","quantity":1,"handle_status":8,"order_type":"2","areaid":"421201","item_id":158},{"address":"湖南省","access_date":"2017-03-10 15:38:39","account":"1***8","quantity":1,"handle_status":8,"order_type":"2","areaid":"431102","item_id":158},{"address":"新疆维吾尔自治区","access_date":"2017-03-10 15:37:49","account":"f***9","quantity":1,"handle_status":8,"order_type":"2","areaid":"659001","item_id":158},{"address":"湖南省","access_date":"2017-03-10 15:37:07","account":"1***7","quantity":1,"handle_status":8,"order_type":"2","areaid":"430281","item_id":158},{"address":"浙江省","access_date":"2017-03-10 15:35:03","account":"海***9","quantity":1,"handle_status":8,"order_type":"2","areaid":"331002","item_id":158},{"address":"江苏省","access_date":"2017-03-10 15:04:18","account":"k***3","quantity":1,"handle_status":8,"order_type":"2","areaid":"320115","item_id":158},{"address":"湖南省","access_date":"2017-03-10 15:04:12","account":"1***9","quantity":1,"handle_status":8,"order_type":"2","areaid":"430111","item_id":158},{"address":"湖南省","access_date":"2017-03-10 14:10:57","account":"c***n","quantity":1,"handle_status":8,"order_type":"2","areaid":"430407","item_id":158},{"address":"上海市","access_date":"2017-03-10 14:10:42","account":"s***3","quantity":1,"handle_status":8,"order_type":"2","areaid":"310116","item_id":158},{"address":"北京市","access_date":"2017-03-10 14:10:42","account":"1***8","quantity":1,"handle_status":-6,"order_type":"2","areaid":"110101","item_id":158},{"address":"北京市","access_date":"2017-03-10 14:10:30","account":"l***n","quantity":1,"handle_status":8,"order_type":"2","areaid":"110108","item_id":158},{"address":"江西省","access_date":"2017-03-10 14:10:20","account":"7***2","quantity":1,"handle_status":8,"order_type":"2","areaid":"360121","item_id":158},{"address":"上海市","access_date":"2017-03-10 14:10:04","account":"t***u","quantity":1,"handle_status":8,"order_type":"2","areaid":"310109","item_id":158},{"address":"北京市","access_date":"2017-03-10 14:09:52","account":"1***9","quantity":1,"handle_status":8,"order_type":"2","areaid":"110105","item_id":158},{"address":"江苏省","access_date":"2017-03-10 14:09:41","account":"x***0","quantity":1,"handle_status":8,"order_type":"2","areaid":"320211","item_id":158},{"address":"河南省","access_date":"2017-03-10 14:09:24","account":"1***5","quantity":2,"handle_status":8,"order_type":"2","areaid":"410105","item_id":158},{"address":"福建省","access_date":"2017-03-10 14:09:21","account":"1***9","quantity":2,"handle_status":8,"order_type":"2","areaid":"350203","item_id":158},{"address":"吉林省","access_date":"2017-03-10 14:09:18","account":"1***6","quantity":1,"handle_status":-6,"order_type":"2","areaid":"220204","item_id":158},{"address":"北京市","access_date":"2017-03-10 14:09:05","account":"守***寞","quantity":1,"handle_status":8,"order_type":"2","areaid":"110107","item_id":158},{"address":"北京市","access_date":"2017-03-10 14:07:36","account":"范***宇","quantity":1,"handle_status":8,"order_type":"2","areaid":"110106","item_id":158},{"address":"江苏省","access_date":"2017-03-10 14:07:05","account":"x***0","quantity":1,"handle_status":8,"order_type":"2","areaid":"320105","item_id":158},{"address":"陕西省","access_date":"2017-03-10 14:06:54","account":"谢***圆","quantity":1,"handle_status":8,"order_type":"2","areaid":"610113","item_id":158},{"address":"陕西省","access_date":"2017-03-10 14:06:21","account":"1***0","quantity":1,"handle_status":8,"order_type":"2","areaid":"610113","item_id":158},{"address":"广东省","access_date":"2017-03-10 14:05:21","account":"1***9","quantity":1,"handle_status":8,"order_type":"2","areaid":"440106","item_id":158},{"address":"辽宁省","access_date":"2017-03-10 14:05:15","account":"1***1","quantity":1,"handle_status":8,"order_type":"2","areaid":"210502","item_id":158},{"address":"湖北省","access_date":"2017-03-10 14:04:26","account":"4***0","quantity":1,"handle_status":-6,"order_type":"2","areaid":"420102","item_id":158},{"address":"北京市","access_date":"2017-03-10 14:04:13","account":"1***0","quantity":1,"handle_status":8,"order_type":"2","areaid":"110108","item_id":158},{"address":"北京市","access_date":"2017-03-10 14:03:15","account":"h***1","quantity":1,"handle_status":8,"order_type":"2","areaid":"110105","item_id":158},{"address":"四川省","access_date":"2017-03-10 14:02:57","account":"g***5","quantity":2,"handle_status":8,"order_type":"2","areaid":"511028","item_id":158}]