[{"address":"山东省","access_date":"2017-02-10 18:38:41","account":"1***0","quantity":1,"handle_status":8,"order_type":"2","areaid":"371122","item_id":110},{"address":"辽宁省","access_date":"2017-02-10 18:30:29","account":"1***9","quantity":1,"handle_status":8,"order_type":"2","areaid":"210602","item_id":110},{"address":"宁夏回族自治区","access_date":"2017-02-10 18:06:39","account":"x***1","quantity":1,"handle_status":8,"order_type":"2","areaid":"640104","item_id":110},{"address":"上海市","access_date":"2017-02-10 17:36:30","account":"李***飨","quantity":1,"handle_status":8,"order_type":"2","areaid":"310118","item_id":110},{"address":"山西省","access_date":"2017-02-10 17:35:56","account":"j***8","quantity":1,"handle_status":8,"order_type":"2","areaid":"140202","item_id":110},{"address":"天津市","access_date":"2017-02-10 17:35:16","account":"q***g","quantity":1,"handle_status":8,"order_type":"2","areaid":"120104","item_id":110},{"address":"河南省","access_date":"2017-02-10 17:34:42","account":"l***u","quantity":1,"handle_status":8,"order_type":"2","areaid":"410305","item_id":110},{"address":"上海市","access_date":"2017-02-10 17:33:42","account":"1***5","quantity":1,"handle_status":8,"order_type":"2","areaid":"310113","item_id":110},{"address":"上海市","access_date":"2017-02-10 17:32:59","account":"1***6","quantity":1,"handle_status":8,"order_type":"2","areaid":"310115","item_id":110},{"address":"黑龙江省","access_date":"2017-02-10 17:31:57","account":"1***6","quantity":1,"handle_status":8,"order_type":"2","areaid":"230603","item_id":110},{"address":"福建省","access_date":"2017-02-10 17:30:56","account":"y***6","quantity":1,"handle_status":8,"order_type":"2","areaid":"350602","item_id":110},{"address":"江苏省","access_date":"2017-02-10 17:30:49","account":"H***6","quantity":1,"handle_status":8,"order_type":"2","areaid":"320602","item_id":110},{"address":"上海市","access_date":"2017-02-10 17:29:58","account":"z***0","quantity":1,"handle_status":8,"order_type":"2","areaid":"310115","item_id":110},{"address":"辽宁省","access_date":"2017-02-10 17:28:29","account":"c***4","quantity":1,"handle_status":8,"order_type":"2","areaid":"210114","item_id":110},{"address":"辽宁省","access_date":"2017-02-10 17:27:15","account":"1***2","quantity":1,"handle_status":-4,"order_type":"2","areaid":"210114","item_id":110},{"address":"辽宁省","access_date":"2017-02-10 17:25:23","account":"1***7","quantity":1,"handle_status":-4,"order_type":"2","areaid":"210114","item_id":110},{"address":"广东省","access_date":"2017-02-10 17:25:12","account":"m***y","quantity":1,"handle_status":8,"order_type":"2","areaid":"440306","item_id":110},{"address":"上海市","access_date":"2017-02-10 17:24:35","account":"1***1","quantity":1,"handle_status":8,"order_type":"2","areaid":"310113","item_id":110},{"address":"山东省","access_date":"2017-02-10 17:20:25","account":"1***0","quantity":1,"handle_status":8,"order_type":"2","areaid":"370104","item_id":110},{"address":"山东省","access_date":"2017-02-10 17:18:27","account":"1***2","quantity":1,"handle_status":8,"order_type":"2","areaid":"370104","item_id":110},{"address":"安徽省","access_date":"2017-02-10 17:17:11","account":"l***1","quantity":1,"handle_status":8,"order_type":"2","areaid":"341502","item_id":110},{"address":"山东省","access_date":"2017-02-10 17:16:32","account":"d***u","quantity":1,"handle_status":8,"order_type":"2","areaid":"370104","item_id":110},{"address":"上海市","access_date":"2017-02-10 17:15:31","account":"y***g","quantity":1,"handle_status":8,"order_type":"2","areaid":"310115","item_id":110},{"address":"山东省","access_date":"2017-02-10 17:14:19","account":"d***n","quantity":1,"handle_status":8,"order_type":"2","areaid":"370104","item_id":110},{"address":"江苏省","access_date":"2017-02-10 17:07:05","account":"1***9","quantity":1,"handle_status":8,"order_type":"2","areaid":"321202","item_id":110},{"address":"北京市","access_date":"2017-02-10 17:01:15","account":"1***0","quantity":1,"handle_status":8,"order_type":"2","areaid":"110105","item_id":110},{"address":"上海市","access_date":"2017-02-10 17:00:33","account":"x***5","quantity":1,"handle_status":8,"order_type":"2","areaid":"310104","item_id":110},{"address":"四川省","access_date":"2017-02-10 16:58:22","account":"c***5","quantity":1,"handle_status":8,"order_type":"2","areaid":"510122","item_id":110},{"address":"广东省","access_date":"2017-02-10 16:36:27","account":"叶***8","quantity":1,"handle_status":8,"order_type":"2","areaid":"ff8080814cd0d0f4014cd571e2a50002","item_id":110},{"address":"广东省","access_date":"2017-02-10 16:34:49","account":"聆***8","quantity":1,"handle_status":8,"order_type":"2","areaid":"440305","item_id":110},{"address":"山东省","access_date":"2017-02-10 16:33:45","account":"1***0","quantity":1,"handle_status":8,"order_type":"2","areaid":"371122","item_id":110},{"address":"广东省","access_date":"2017-02-10 16:27:37","account":"聆***沫","quantity":1,"handle_status":8,"order_type":"2","areaid":"440305","item_id":110},{"address":"北京市","access_date":"2017-02-10 16:25:50","account":"1***0","quantity":1,"handle_status":-6,"order_type":"2","areaid":"110102","item_id":110},{"address":"北京市","access_date":"2017-02-10 16:18:12","account":"风***生","quantity":1,"handle_status":8,"order_type":"2","areaid":"110102","item_id":110},{"address":"四川省","access_date":"2017-02-10 16:17:30","account":"海***空","quantity":1,"handle_status":8,"order_type":"2","areaid":"511425","item_id":110},{"address":"浙江省","access_date":"2016-09-28 11:34:56","account":"随***藏","quantity":1,"handle_status":8,"order_type":"53","areaid":"331002","item_id":110},{"address":"辽宁省","access_date":"2016-09-28 11:34:56","account":"淡***风","quantity":1,"handle_status":8,"order_type":"53","areaid":"211302","item_id":110},{"address":"河北省","access_date":"2016-09-28 11:34:56","account":"网***本","quantity":1,"handle_status":8,"order_type":"53","areaid":"130684","item_id":110},{"address":"浙江省","access_date":"2016-09-28 11:34:56","account":"r***n","quantity":1,"handle_status":8,"order_type":"53","areaid":"330109","item_id":110},{"address":"内蒙古自治区","access_date":"2016-09-28 11:34:56","account":"1***2","quantity":1,"handle_status":8,"order_type":"53","areaid":"150430","item_id":110},{"address":"山东省","access_date":"2016-09-28 11:34:56","account":"1***8","quantity":1,"handle_status":8,"order_type":"53","areaid":"371724","item_id":110},{"address":"河北省","access_date":"2016-09-28 11:34:56","account":"g***s","quantity":1,"handle_status":8,"order_type":"53","areaid":"130402","item_id":110},{"address":"湖南省","access_date":"2016-09-28 11:34:56","account":"l***5","quantity":1,"handle_status":8,"order_type":"53","areaid":"431382","item_id":110},{"address":"浙江省","access_date":"2016-09-28 11:34:56","account":"l***g","quantity":1,"handle_status":8,"order_type":"53","areaid":"330303","item_id":110},{"address":"天津市","access_date":"2016-09-28 11:34:56","account":"m***5","quantity":1,"handle_status":8,"order_type":"53","areaid":"120116","item_id":110},{"address":"黑龙江省","access_date":"2016-09-28 11:34:56","account":"z***y","quantity":1,"handle_status":8,"order_type":"53","areaid":"230103","item_id":110},{"address":"黑龙江省","access_date":"2016-09-28 11:34:56","account":"1***9","quantity":1,"handle_status":8,"order_type":"53","areaid":"230110","item_id":110},{"address":"上海市","access_date":"2016-09-28 11:34:56","account":"l***u","quantity":1,"handle_status":8,"order_type":"53","areaid":"310101","item_id":110},{"address":"湖南省","access_date":"2016-09-28 11:34:56","account":"m***3","quantity":1,"handle_status":8,"order_type":"53","areaid":"431103","item_id":110},{"address":"上海市","access_date":"2016-09-28 11:34:56","account":"l***8","quantity":1,"handle_status":8,"order_type":"53","areaid":"310114","item_id":110},{"address":"广西壮族自治区","access_date":"2016-09-28 11:34:56","account":"1***6","quantity":1,"handle_status":8,"order_type":"53","areaid":"450521","item_id":110},{"address":"山东省","access_date":"2016-09-28 11:34:56","account":"c***b","quantity":1,"handle_status":8,"order_type":"53","areaid":"371002","item_id":110},{"address":"浙江省","access_date":"2016-09-28 11:34:56","account":"h***n","quantity":1,"handle_status":8,"order_type":"53","areaid":"330104","item_id":110},{"address":"黑龙江省","access_date":"2016-09-28 11:34:56","account":"w***p","quantity":1,"handle_status":8,"order_type":"53","areaid":"230103","item_id":110},{"address":"江苏省","access_date":"2016-09-28 11:34:56","account":"1***7","quantity":1,"handle_status":8,"order_type":"53","areaid":"320705","item_id":110},{"address":"辽宁省","access_date":"2016-09-28 11:34:56","account":"唐***龙","quantity":1,"handle_status":8,"order_type":"53","areaid":"210102","item_id":110},{"address":"山东省","access_date":"2016-09-28 11:34:56","account":"l***7","quantity":1,"handle_status":8,"order_type":"53","areaid":"370883","item_id":110},{"address":"辽宁省","access_date":"2016-09-28 11:34:56","account":"辽***军","quantity":1,"handle_status":8,"order_type":"53","areaid":"210106","item_id":110},{"address":"浙江省","access_date":"2016-09-28 11:34:56","account":"x***r","quantity":1,"handle_status":8,"order_type":"53","areaid":"331002","item_id":110},{"address":"江苏省","access_date":"2016-09-28 11:34:56","account":"1***9","quantity":1,"handle_status":8,"order_type":"53","areaid":"320211","item_id":110},{"address":"天津市","access_date":"2016-09-28 11:34:56","account":"雪***3","quantity":1,"handle_status":8,"order_type":"53","areaid":"120104","item_id":110},{"address":"山西省","access_date":"2016-09-28 11:34:56","account":"l***l","quantity":1,"handle_status":8,"order_type":"53","areaid":"140106","item_id":110},{"address":"北京市","access_date":"2016-09-28 11:34:55","account":"n***n","quantity":1,"handle_status":8,"order_type":"53","areaid":"110108","item_id":110},{"address":"福建省","access_date":"2016-09-28 11:34:55","account":"星***海","quantity":1,"handle_status":8,"order_type":"53","areaid":"350822","item_id":110},{"address":"陕西省","access_date":"2016-09-28 11:34:55","account":"张***东","quantity":1,"handle_status":8,"order_type":"53","areaid":"610702","item_id":110},{"address":"河北省","access_date":"2016-09-28 11:34:55","account":"等***尼","quantity":1,"handle_status":8,"order_type":"53","areaid":"130602","item_id":110},{"address":"山东省","access_date":"2016-09-28 11:34:55","account":"g***e","quantity":1,"handle_status":8,"order_type":"53","areaid":"371702","item_id":110},{"address":"河北省","access_date":"2016-09-28 11:34:55","account":"m***o","quantity":1,"handle_status":8,"order_type":"53","areaid":"130202","item_id":110},{"address":"江苏省","access_date":"2016-09-28 11:34:55","account":"1***1","quantity":1,"handle_status":8,"order_type":"53","areaid":"320106","item_id":110},{"address":"江西省","access_date":"2016-09-28 11:34:55","account":"y***9","quantity":1,"handle_status":8,"order_type":"53","areaid":"360902","item_id":110},{"address":"北京市","access_date":"2016-09-28 11:34:55","account":"6***b","quantity":1,"handle_status":8,"order_type":"53","areaid":"110106","item_id":110},{"address":"安徽省","access_date":"2016-09-28 11:34:55","account":"x***8","quantity":1,"handle_status":8,"order_type":"53","areaid":"341502","item_id":110},{"address":"山西省","access_date":"2016-09-28 11:34:55","account":"g***1","quantity":1,"handle_status":8,"order_type":"53","areaid":"140923","item_id":110},{"address":"黑龙江省","access_date":"2016-09-28 11:34:55","account":"于***馥","quantity":1,"handle_status":8,"order_type":"53","areaid":"230302","item_id":110},{"address":"广东省","access_date":"2016-09-28 11:34:55","account":"1***3","quantity":1,"handle_status":8,"order_type":"53","areaid":"441622","item_id":110},{"address":"江苏省","access_date":"2016-09-28 11:34:55","account":"1***2","quantity":1,"handle_status":8,"order_type":"53","areaid":"320902","item_id":110},{"address":"江西省","access_date":"2016-09-28 11:34:55","account":"狼***叶","quantity":1,"handle_status":8,"order_type":"53","areaid":"360827","item_id":110},{"address":"广东省","access_date":"2016-09-28 11:34:55","account":"1***2","quantity":1,"handle_status":8,"order_type":"53","areaid":"440606","item_id":110},{"address":"黑龙江省","access_date":"2016-09-28 11:34:55","account":"1***8","quantity":1,"handle_status":8,"order_type":"53","areaid":"230603","item_id":110},{"address":"河南省","access_date":"2016-09-28 11:34:55","account":"1***1","quantity":1,"handle_status":8,"order_type":"53","areaid":"410103","item_id":110},{"address":"山东省","access_date":"2016-09-28 11:34:55","account":"q***0","quantity":1,"handle_status":8,"order_type":"53","areaid":"371311","item_id":110},{"address":"辽宁省","access_date":"2016-09-28 11:34:55","account":"1***1","quantity":1,"handle_status":8,"order_type":"53","areaid":"210381","item_id":110},{"address":"浙江省","access_date":"2016-09-28 11:34:55","account":"p***1","quantity":1,"handle_status":8,"order_type":"53","areaid":"330105","item_id":110},{"address":"广西壮族自治区","access_date":"2016-09-28 11:34:55","account":"y***7","quantity":1,"handle_status":8,"order_type":"53","areaid":"450204","item_id":110},{"address":"江苏省","access_date":"2016-09-28 11:34:55","account":"1***8","quantity":1,"handle_status":8,"order_type":"53","areaid":"320509","item_id":110},{"address":"江苏省","access_date":"2016-09-28 11:34:55","account":"1***6","quantity":1,"handle_status":8,"order_type":"53","areaid":"320115","item_id":110},{"address":"广东省","access_date":"2016-09-28 11:34:55","account":"1***8","quantity":1,"handle_status":8,"order_type":"53","areaid":"440106","item_id":110},{"address":"江苏省","access_date":"2016-09-28 11:34:55","account":"1***0","quantity":1,"handle_status":8,"order_type":"53","areaid":"320404","item_id":110},{"address":"辽宁省","access_date":"2016-09-28 11:34:55","account":"1***5","quantity":1,"handle_status":8,"order_type":"53","areaid":"211303","item_id":110},{"address":"广东省","access_date":"2016-09-28 11:34:55","account":"强***子","quantity":1,"handle_status":8,"order_type":"53","areaid":"440305","item_id":110},{"address":"河南省","access_date":"2016-09-28 11:34:55","account":"1***9","quantity":1,"handle_status":8,"order_type":"53","areaid":"410482","item_id":110},{"address":"江苏省","access_date":"2016-09-28 11:34:55","account":"1***5","quantity":1,"handle_status":8,"order_type":"53","areaid":"320506","item_id":110},{"address":"吉林省","access_date":"2016-09-28 11:34:55","account":"1***1","quantity":1,"handle_status":8,"order_type":"53","areaid":"220101","item_id":110},{"address":"江苏省","access_date":"2016-09-28 11:34:55","account":"m***h","quantity":1,"handle_status":8,"order_type":"53","areaid":"320281","item_id":110},{"address":"山东省","access_date":"2016-09-28 11:34:55","account":"z***3","quantity":1,"handle_status":8,"order_type":"53","areaid":"370402","item_id":110},{"address":"广东省","access_date":"2016-09-28 11:34:54","account":"1***3","quantity":1,"handle_status":8,"order_type":"53","areaid":"440303","item_id":110},{"address":"上海市","access_date":"2016-09-28 11:34:54","account":"h***x","quantity":1,"handle_status":8,"order_type":"53","areaid":"310115","item_id":110},{"address":"四川省","access_date":"2016-09-28 11:34:54","account":"n***2","quantity":1,"handle_status":8,"order_type":"53","areaid":"510122","item_id":110},{"address":"浙江省","access_date":"2016-09-28 11:34:54","account":"w***7","quantity":1,"handle_status":8,"order_type":"53","areaid":"331003","item_id":110},{"address":"四川省","access_date":"2016-09-28 11:34:54","account":"g***7","quantity":1,"handle_status":8,"order_type":"53","areaid":"510303","item_id":110},{"address":"广西壮族自治区","access_date":"2016-09-28 11:34:54","account":"雲***鹤","quantity":1,"handle_status":8,"order_type":"53","areaid":"451026","item_id":110},{"address":"上海市","access_date":"2016-09-28 11:34:54","account":"1***9","quantity":1,"handle_status":8,"order_type":"53","areaid":"310112","item_id":110},{"address":"重庆市","access_date":"2016-09-28 11:34:54","account":"z***w","quantity":1,"handle_status":8,"order_type":"53","areaid":"500226","item_id":110},{"address":"河北省","access_date":"2016-09-28 11:34:54","account":"1***0","quantity":1,"handle_status":8,"order_type":"53","areaid":"130108","item_id":110},{"address":"宁夏回族自治区","access_date":"2016-09-28 11:34:54","account":"y***9","quantity":1,"handle_status":8,"order_type":"53","areaid":"640402","item_id":110},{"address":"广东省","access_date":"2016-09-28 11:34:54","account":"小***5","quantity":1,"handle_status":8,"order_type":"53","areaid":"440111","item_id":110},{"address":"福建省","access_date":"2016-09-28 11:34:54","account":"a***6","quantity":1,"handle_status":8,"order_type":"53","areaid":"350525","item_id":110},{"address":"广东省","access_date":"2016-09-28 11:34:54","account":"1***5","quantity":1,"handle_status":8,"order_type":"53","areaid":"445103","item_id":110},{"address":"上海市","access_date":"2016-09-28 11:34:54","account":"j***3","quantity":1,"handle_status":8,"order_type":"53","areaid":"310109","item_id":110},{"address":"辽宁省","access_date":"2016-09-28 11:34:54","account":"1***3","quantity":1,"handle_status":8,"order_type":"53","areaid":"210911","item_id":110},{"address":"上海市","access_date":"2016-09-28 11:34:54","account":"徐***买","quantity":1,"handle_status":8,"order_type":"53","areaid":"310114","item_id":110},{"address":"江苏省","access_date":"2016-09-28 11:34:54","account":"1***6","quantity":1,"handle_status":8,"order_type":"53","areaid":"320506","item_id":110},{"address":"广西壮族自治区","access_date":"2016-09-28 11:34:54","account":"q***5","quantity":1,"handle_status":8,"order_type":"53","areaid":"450702","item_id":110},{"address":"山东省","access_date":"2016-09-28 11:34:54","account":"李***梅","quantity":1,"handle_status":8,"order_type":"53","areaid":"371002","item_id":110},{"address":"广东省","access_date":"2016-09-28 11:34:54","account":"s***i","quantity":1,"handle_status":8,"order_type":"53","areaid":"440307","item_id":110},{"address":"江苏省","access_date":"2016-09-28 11:34:54","account":"s***g","quantity":1,"handle_status":8,"order_type":"53","areaid":"320508","item_id":110},{"address":"江苏省","access_date":"2016-09-28 11:34:54","account":"大***湖","quantity":1,"handle_status":8,"order_type":"53","areaid":"320903","item_id":110},{"address":"江西省","access_date":"2016-09-28 11:34:54","account":"非***道","quantity":1,"handle_status":8,"order_type":"53","areaid":"360111","item_id":110},{"address":"广东省","access_date":"2016-09-28 11:34:54","account":"w***1","quantity":1,"handle_status":8,"order_type":"53","areaid":"440304","item_id":110},{"address":"山西省","access_date":"2016-09-28 11:34:54","account":"f***0","quantity":1,"handle_status":8,"order_type":"53","areaid":"141182","item_id":110},{"address":"上海市","access_date":"2016-09-28 11:34:54","account":"1***5","quantity":1,"handle_status":8,"order_type":"53","areaid":"310120","item_id":110},{"address":"北京市","access_date":"2016-09-28 11:34:54","account":"h***a","quantity":1,"handle_status":8,"order_type":"53","areaid":"110115","item_id":110},{"address":"广东省","access_date":"2016-09-28 11:34:54","account":"1***7","quantity":1,"handle_status":8,"order_type":"53","areaid":"445102","item_id":110},{"address":"北京市","access_date":"2016-09-28 11:34:54","account":"l***0","quantity":1,"handle_status":8,"order_type":"53","areaid":"110106","item_id":110},{"address":"四川省","access_date":"2016-09-28 11:34:54","account":"y***3","quantity":1,"handle_status":8,"order_type":"53","areaid":"510402","item_id":110},{"address":"内蒙古自治区","access_date":"2016-09-28 11:34:54","account":"w***6","quantity":1,"handle_status":8,"order_type":"53","areaid":"150402","item_id":110},{"address":"广东省","access_date":"2016-09-28 11:34:54","account":"终***8","quantity":1,"handle_status":8,"order_type":"53","areaid":"440306","item_id":110},{"address":"江苏省","access_date":"2016-09-28 11:34:54","account":"y***3","quantity":1,"handle_status":8,"order_type":"53","areaid":"320508","item_id":110},{"address":"广东省","access_date":"2016-09-28 11:34:54","account":"z***n","quantity":1,"handle_status":8,"order_type":"53","areaid":"440605","item_id":110},{"address":"安徽省","access_date":"2016-09-28 11:34:54","account":"1***8","quantity":1,"handle_status":8,"order_type":"53","areaid":"340828","item_id":110},{"address":"北京市","access_date":"2016-09-28 11:34:53","account":"1***9","quantity":1,"handle_status":8,"order_type":"53","areaid":"110102","item_id":110},{"address":"北京市","access_date":"2016-09-28 11:34:53","account":"1***5","quantity":1,"handle_status":8,"order_type":"53","areaid":"110112","item_id":110},{"address":"河南省","access_date":"2016-09-28 11:34:53","account":"薄***7","quantity":1,"handle_status":8,"order_type":"53","areaid":"410105","item_id":110},{"address":"河南省","access_date":"2016-09-28 11:34:53","account":"A***6","quantity":1,"handle_status":8,"order_type":"53","areaid":"410505","item_id":110},{"address":"江苏省","access_date":"2016-09-28 11:34:53","account":"z***8","quantity":1,"handle_status":8,"order_type":"53","areaid":"320602","item_id":110},{"address":"北京市","access_date":"2016-09-28 11:34:53","account":"1***3","quantity":1,"handle_status":8,"order_type":"53","areaid":"110112","item_id":110},{"address":"河北省","access_date":"2016-09-28 11:34:53","account":"1***7","quantity":1,"handle_status":8,"order_type":"53","areaid":"130229","item_id":110},{"address":"上海市","access_date":"2016-09-28 11:34:53","account":"1***9","quantity":1,"handle_status":8,"order_type":"53","areaid":"310105","item_id":110},{"address":"安徽省","access_date":"2016-09-28 11:34:53","account":"h***g","quantity":1,"handle_status":8,"order_type":"53","areaid":"341881","item_id":110},{"address":"北京市","access_date":"2016-09-28 11:34:53","account":"m***3","quantity":1,"handle_status":8,"order_type":"53","areaid":"110105","item_id":110},{"address":"湖南省","access_date":"2016-09-28 11:34:53","account":"曾***8","quantity":1,"handle_status":8,"order_type":"53","areaid":"430302","item_id":110},{"address":"上海市","access_date":"2016-09-28 11:34:53","account":"b***7","quantity":1,"handle_status":8,"order_type":"53","areaid":"310107","item_id":110},{"address":"浙江省","access_date":"2016-09-28 11:34:53","account":"z***0","quantity":1,"handle_status":8,"order_type":"53","areaid":"330902","item_id":110},{"address":"北京市","access_date":"2016-09-28 11:34:53","account":"1***5","quantity":1,"handle_status":8,"order_type":"53","areaid":"110113","item_id":110},{"address":"河北省","access_date":"2016-09-28 11:34:53","account":"1***7","quantity":1,"handle_status":8,"order_type":"53","areaid":"130982","item_id":110},{"address":"浙江省","access_date":"2016-09-28 11:34:53","account":"z***4","quantity":1,"handle_status":8,"order_type":"53","areaid":"330602","item_id":110},{"address":"黑龙江省","access_date":"2016-09-28 11:34:53","account":"曹***雪","quantity":1,"handle_status":8,"order_type":"53","areaid":"230302","item_id":110},{"address":"湖南省","access_date":"2016-09-28 11:34:53","account":"1***1","quantity":1,"handle_status":8,"order_type":"53","areaid":"431103","item_id":110},{"address":"辽宁省","access_date":"2016-09-28 11:34:53","account":"5***z","quantity":1,"handle_status":8,"order_type":"53","areaid":"210211","item_id":110},{"address":"贵州省","access_date":"2016-09-28 11:34:53","account":"d***9","quantity":1,"handle_status":8,"order_type":"53","areaid":"520102","item_id":110},{"address":"山东省","access_date":"2016-09-28 11:34:53","account":"y***i","quantity":1,"handle_status":8,"order_type":"53","areaid":"370283","item_id":110},{"address":"北京市","access_date":"2016-09-28 11:34:53","account":"l***8","quantity":1,"handle_status":8,"order_type":"53","areaid":"110108","item_id":110},{"address":"江西省","access_date":"2016-09-28 11:34:53","account":"Z***花","quantity":1,"handle_status":8,"order_type":"53","areaid":"360122","item_id":110},{"address":"湖南省","access_date":"2016-09-28 11:34:53","account":"h***e","quantity":1,"handle_status":8,"order_type":"53","areaid":"430104","item_id":110},{"address":"河北省","access_date":"2016-09-28 11:34:53","account":"1***2","quantity":1,"handle_status":8,"order_type":"53","areaid":"130702","item_id":110},{"address":"山东省","access_date":"2016-09-28 11:34:53","account":"胖***哥","quantity":1,"handle_status":8,"order_type":"53","areaid":"371102","item_id":110},{"address":"福建省","access_date":"2016-09-28 11:34:53","account":"w***8","quantity":1,"handle_status":8,"order_type":"53","areaid":"350128","item_id":110},{"address":"浙江省","access_date":"2016-09-28 11:34:53","account":"1***9","quantity":1,"handle_status":8,"order_type":"53","areaid":"330382","item_id":110},{"address":"河北省","access_date":"2016-09-28 11:34:53","account":"G***2","quantity":1,"handle_status":8,"order_type":"53","areaid":"130503","item_id":110},{"address":"黑龙江省","access_date":"2016-09-28 11:34:53","account":"1***3","quantity":1,"handle_status":8,"order_type":"53","areaid":"230881","item_id":110},{"address":"辽宁省","access_date":"2016-09-28 11:34:53","account":"1***3","quantity":1,"handle_status":8,"order_type":"53","areaid":"210103","item_id":110},{"address":"浙江省","access_date":"2016-09-28 11:34:53","account":"1***8","quantity":1,"handle_status":8,"order_type":"53","areaid":"330502","item_id":110},{"address":"山西省","access_date":"2016-09-28 11:34:53","account":"t***3","quantity":1,"handle_status":8,"order_type":"53","areaid":"140203","item_id":110},{"address":"内蒙古自治区","access_date":"2016-09-28 11:34:53","account":"1***9","quantity":1,"handle_status":8,"order_type":"53","areaid":"150102","item_id":110},{"address":"江西省","access_date":"2016-09-28 11:34:53","account":"张***林","quantity":1,"handle_status":8,"order_type":"53","areaid":"360122","item_id":110},{"address":"浙江省","access_date":"2016-09-28 11:34:52","account":"z***3","quantity":1,"handle_status":8,"order_type":"53","areaid":"330106","item_id":110},{"address":"江苏省","access_date":"2016-09-28 11:34:52","account":"d***8","quantity":1,"handle_status":8,"order_type":"53","areaid":"320509","item_id":110},{"address":"陕西省","access_date":"2016-09-28 11:34:52","account":"w***n","quantity":1,"handle_status":8,"order_type":"53","areaid":"610112","item_id":110},{"address":"北京市","access_date":"2016-09-28 11:34:52","account":"d***8","quantity":1,"handle_status":8,"order_type":"53","areaid":"110105","item_id":110},{"address":"湖南省","access_date":"2016-09-28 11:34:52","account":"l***8","quantity":1,"handle_status":8,"order_type":"53","areaid":"430922","item_id":110},{"address":"浙江省","access_date":"2016-09-28 11:34:52","account":"1***6","quantity":1,"handle_status":8,"order_type":"53","areaid":"330703","item_id":110},{"address":"西藏自治区","access_date":"2016-09-28 11:34:52","account":"1***7","quantity":1,"handle_status":8,"order_type":"53","areaid":"542301","item_id":110},{"address":"内蒙古自治区","access_date":"2016-09-28 11:34:52","account":"l***n","quantity":1,"handle_status":8,"order_type":"53","areaid":"150206","item_id":110},{"address":"黑龙江省","access_date":"2016-09-28 11:34:52","account":"1***0","quantity":1,"handle_status":8,"order_type":"53","areaid":"230822","item_id":110},{"address":"浙江省","access_date":"2016-09-28 11:34:52","account":"s***e","quantity":1,"handle_status":8,"order_type":"53","areaid":"330402","item_id":110},{"address":"山东省","access_date":"2016-09-28 11:34:52","account":"1***6","quantity":1,"handle_status":8,"order_type":"53","areaid":"371482","item_id":110},{"address":"山东省","access_date":"2016-09-28 11:34:52","account":"j***7","quantity":1,"handle_status":8,"order_type":"53","areaid":"370502","item_id":110},{"address":"浙江省","access_date":"2016-09-28 11:34:52","account":"1***4","quantity":1,"handle_status":8,"order_type":"53","areaid":"330225","item_id":110},{"address":"湖北省","access_date":"2016-09-28 11:34:52","account":"张***铮","quantity":1,"handle_status":8,"order_type":"53","areaid":"420102","item_id":110},{"address":"广东省","access_date":"2016-09-28 11:34:52","account":"f***g","quantity":1,"handle_status":8,"order_type":"53","areaid":"ff8080814cd0d0f4014cd56f66b80001","item_id":110},{"address":"广东省","access_date":"2016-09-28 11:34:52","account":"1***2","quantity":1,"handle_status":8,"order_type":"53","areaid":"440605","item_id":110},{"address":"山东省","access_date":"2016-09-28 11:34:52","account":"l***9","quantity":1,"handle_status":8,"order_type":"53","areaid":"370481","item_id":110},{"address":"江苏省","access_date":"2016-09-28 11:34:52","account":"p***a","quantity":1,"handle_status":8,"order_type":"53","areaid":"320111","item_id":110},{"address":"浙江省","access_date":"2016-09-28 11:34:52","account":"z***n","quantity":1,"handle_status":8,"order_type":"53","areaid":"330782","item_id":110},{"address":"重庆市","access_date":"2016-09-28 11:34:52","account":"c***9","quantity":1,"handle_status":8,"order_type":"53","areaid":"500102","item_id":110},{"address":"山西省","access_date":"2016-09-28 11:34:52","account":"1***6","quantity":1,"handle_status":8,"order_type":"53","areaid":"140502","item_id":110},{"address":"江苏省","access_date":"2016-09-28 11:34:52","account":"1***1","quantity":1,"handle_status":8,"order_type":"53","areaid":"320508","item_id":110},{"address":"河北省","access_date":"2016-09-28 11:34:52","account":"y***9","quantity":1,"handle_status":8,"order_type":"53","areaid":"131125","item_id":110},{"address":"广东省","access_date":"2016-09-28 11:34:52","account":"1***0","quantity":1,"handle_status":8,"order_type":"53","areaid":"440304","item_id":110},{"address":"广东省","access_date":"2016-09-28 11:34:52","account":"1***9","quantity":1,"handle_status":8,"order_type":"53","areaid":"445122","item_id":110},{"address":"黑龙江省","access_date":"2016-09-28 11:34:52","account":"9***狄","quantity":1,"handle_status":8,"order_type":"53","areaid":"230804","item_id":110},{"address":"江苏省","access_date":"2016-09-28 11:34:52","account":"小***0","quantity":1,"handle_status":8,"order_type":"53","areaid":"320381","item_id":110},{"address":"辽宁省","access_date":"2016-09-28 11:34:52","account":"辛***震","quantity":1,"handle_status":8,"order_type":"53","areaid":"210202","item_id":110},{"address":"江苏省","access_date":"2016-09-28 11:34:52","account":"s***1","quantity":1,"handle_status":8,"order_type":"53","areaid":"320402","item_id":110},{"address":"北京市","access_date":"2016-09-28 11:34:52","account":"X***1","quantity":1,"handle_status":8,"order_type":"53","areaid":"110101","item_id":110},{"address":"辽宁省","access_date":"2016-09-28 11:34:52","account":"聚***1","quantity":1,"handle_status":8,"order_type":"53","areaid":"210105","item_id":110},{"address":"北京市","access_date":"2016-09-28 11:34:52","account":"1***3","quantity":1,"handle_status":8,"order_type":"53","areaid":"110115","item_id":110},{"address":"辽宁省","access_date":"2016-09-28 11:34:51","account":"t***s","quantity":1,"handle_status":8,"order_type":"53","areaid":"211002","item_id":110},{"address":"河北省","access_date":"2016-09-28 11:34:51","account":"1***0","quantity":1,"handle_status":8,"order_type":"53","areaid":"130705","item_id":110},{"address":"河北省","access_date":"2016-09-28 11:34:51","account":"收***8","quantity":1,"handle_status":8,"order_type":"53","areaid":"130102","item_id":110},{"address":"广东省","access_date":"2016-09-28 11:34:51","account":"c***5","quantity":1,"handle_status":8,"order_type":"53","areaid":"ff8080814cd0d0f4014cd571e2a50002","item_id":110},{"address":"辽宁省","access_date":"2016-09-28 11:34:51","account":"z***8","quantity":1,"handle_status":8,"order_type":"53","areaid":"211202","item_id":110},{"address":"广东省","access_date":"2016-09-28 11:34:51","account":"x***e","quantity":1,"handle_status":8,"order_type":"53","areaid":"445202","item_id":110},{"address":"江西省","access_date":"2016-09-28 11:34:51","account":"1***2","quantity":1,"handle_status":8,"order_type":"53","areaid":"360102","item_id":110},{"address":"上海市","access_date":"2016-09-28 11:34:51","account":"刘***玲","quantity":1,"handle_status":8,"order_type":"53","areaid":"310112","item_id":110},{"address":"河北省","access_date":"2016-09-28 11:34:51","account":"w***3","quantity":1,"handle_status":8,"order_type":"53","areaid":"130227","item_id":110},{"address":"湖北省","access_date":"2016-09-28 11:34:51","account":"日***岸","quantity":1,"handle_status":8,"order_type":"53","areaid":"420107","item_id":110},{"address":"河南省","access_date":"2016-09-28 11:34:51","account":"八***皮","quantity":1,"handle_status":8,"order_type":"53","areaid":"411621","item_id":110},{"address":"江西省","access_date":"2016-09-28 11:34:51","account":"1***4","quantity":1,"handle_status":8,"order_type":"53","areaid":"361128","item_id":110},{"address":"广东省","access_date":"2016-09-28 11:34:51","account":"1***2","quantity":1,"handle_status":8,"order_type":"53","areaid":"440105","item_id":110},{"address":"江苏省","access_date":"2016-09-28 11:34:51","account":"j***c","quantity":1,"handle_status":8,"order_type":"53","areaid":"320501","item_id":110},{"address":"吉林省","access_date":"2016-09-28 11:34:51","account":"东***泉","quantity":1,"handle_status":8,"order_type":"53","areaid":"222401","item_id":110},{"address":"江苏省","access_date":"2016-09-28 11:34:51","account":"南***尧","quantity":1,"handle_status":8,"order_type":"53","areaid":"320602","item_id":110},{"address":"江苏省","access_date":"2016-09-28 11:34:51","account":"牧***4","quantity":1,"handle_status":8,"order_type":"53","areaid":"320402","item_id":110},{"address":"河南省","access_date":"2016-09-28 11:34:51","account":"天***2","quantity":1,"handle_status":8,"order_type":"53","areaid":"410303","item_id":110},{"address":"山东省","access_date":"2016-09-28 11:34:51","account":"3***4","quantity":1,"handle_status":8,"order_type":"53","areaid":"370783","item_id":110},{"address":"上海市","access_date":"2016-09-28 11:34:51","account":"g***n","quantity":1,"handle_status":8,"order_type":"53","areaid":"310101","item_id":110},{"address":"湖南省","access_date":"2016-09-28 11:34:51","account":"z***9","quantity":1,"handle_status":8,"order_type":"53","areaid":"430903","item_id":110},{"address":"江苏省","access_date":"2016-09-28 11:34:51","account":"j***l","quantity":1,"handle_status":8,"order_type":"53","areaid":"320501","item_id":110},{"address":"北京市","access_date":"2016-09-28 11:34:51","account":"洪***鑫","quantity":1,"handle_status":8,"order_type":"53","areaid":"110101","item_id":110},{"address":"浙江省","access_date":"2016-09-28 11:34:51","account":"1***0","quantity":1,"handle_status":8,"order_type":"53","areaid":"330204","item_id":110},{"address":"浙江省","access_date":"2016-09-28 11:34:51","account":"姜***萍","quantity":1,"handle_status":8,"order_type":"53","areaid":"330302","item_id":110},{"address":"安徽省","access_date":"2016-09-28 11:34:51","account":"a***f","quantity":1,"handle_status":8,"order_type":"53","areaid":"340303","item_id":110},{"address":"江苏省","access_date":"2016-09-28 11:34:51","account":"1***9","quantity":1,"handle_status":8,"order_type":"53","areaid":"320104","item_id":110},{"address":"内蒙古自治区","access_date":"2016-09-28 11:34:51","account":"1***4","quantity":1,"handle_status":8,"order_type":"53","areaid":"150625","item_id":110},{"address":"上海市","access_date":"2016-09-28 11:34:51","account":"M***r","quantity":1,"handle_status":8,"order_type":"53","areaid":"310114","item_id":110},{"address":"广东省","access_date":"2016-09-28 11:34:51","account":"1***8","quantity":1,"handle_status":8,"order_type":"53","areaid":"ff8080814cd0d0f4014cd571e2a50002","item_id":110},{"address":"福建省","access_date":"2016-09-28 11:34:51","account":"l***8","quantity":1,"handle_status":8,"order_type":"53","areaid":"350582","item_id":110},{"address":"福建省","access_date":"2016-09-28 11:34:50","account":"7***2","quantity":1,"handle_status":8,"order_type":"53","areaid":"350822","item_id":110},{"address":"山东省","access_date":"2016-09-28 11:34:50","account":"1***3","quantity":1,"handle_status":8,"order_type":"53","areaid":"371312","item_id":110},{"address":"湖南省","access_date":"2016-09-28 11:34:50","account":"r***s","quantity":1,"handle_status":8,"order_type":"53","areaid":"430203","item_id":110},{"address":"福建省","access_date":"2016-09-28 11:34:50","account":"2***n","quantity":1,"handle_status":8,"order_type":"53","areaid":"350781","item_id":110},{"address":"浙江省","access_date":"2016-09-28 11:34:50","account":"心***常","quantity":1,"handle_status":8,"order_type":"53","areaid":"330681","item_id":110},{"address":"山西省","access_date":"2016-09-28 11:34:50","account":"1***2","quantity":1,"handle_status":8,"order_type":"53","areaid":"140303","item_id":110},{"address":"广西壮族自治区","access_date":"2016-09-28 11:34:50","account":"7***p","quantity":1,"handle_status":8,"order_type":"53","areaid":"450981","item_id":110},{"address":"山东省","access_date":"2016-09-28 11:34:50","account":"z***7","quantity":1,"handle_status":8,"order_type":"53","areaid":"370403","item_id":110},{"address":"浙江省","access_date":"2016-09-28 11:34:50","account":"1***8","quantity":1,"handle_status":8,"order_type":"53","areaid":"331121","item_id":110},{"address":"北京市","access_date":"2016-09-28 11:34:50","account":"h***2","quantity":1,"handle_status":8,"order_type":"53","areaid":"110115","item_id":110},{"address":"河南省","access_date":"2016-09-28 11:34:50","account":"王***阳","quantity":1,"handle_status":8,"order_type":"53","areaid":"410505","item_id":110},{"address":"四川省","access_date":"2016-09-28 11:34:50","account":"赵***富","quantity":1,"handle_status":8,"order_type":"53","areaid":"510107","item_id":110},{"address":"黑龙江省","access_date":"2016-09-28 11:34:50","account":"1***8","quantity":1,"handle_status":8,"order_type":"53","areaid":"230603","item_id":110},{"address":"上海市","access_date":"2016-09-28 11:34:50","account":"z***e","quantity":1,"handle_status":8,"order_type":"53","areaid":"310113","item_id":110},{"address":"黑龙江省","access_date":"2016-09-28 11:34:50","account":"1***5","quantity":1,"handle_status":8,"order_type":"53","areaid":"230603","item_id":110},{"address":"山西省","access_date":"2016-09-28 11:34:50","account":"贾***1","quantity":1,"handle_status":8,"order_type":"53","areaid":"140201","item_id":110},{"address":"重庆市","access_date":"2016-09-28 11:34:50","account":"晁***八","quantity":1,"handle_status":8,"order_type":"53","areaid":"500103","item_id":110},{"address":"辽宁省","access_date":"2016-09-28 11:34:50","account":"1***7","quantity":1,"handle_status":8,"order_type":"53","areaid":"210102","item_id":110},{"address":"河南省","access_date":"2016-09-28 11:34:50","account":"c***g","quantity":1,"handle_status":8,"order_type":"53","areaid":"411302","item_id":110},{"address":"江苏省","access_date":"2016-09-28 11:34:50","account":"j***j","quantity":1,"handle_status":8,"order_type":"53","areaid":"320602","item_id":110},{"address":"内蒙古自治区","access_date":"2016-09-28 11:34:50","account":"k***3","quantity":1,"handle_status":8,"order_type":"53","areaid":"150702","item_id":110},{"address":"四川省","access_date":"2016-09-28 11:34:50","account":"s***d","quantity":1,"handle_status":8,"order_type":"53","areaid":"510106","item_id":110},{"address":"上海市","access_date":"2016-09-28 11:34:50","account":"j***g","quantity":1,"handle_status":8,"order_type":"53","areaid":"310112","item_id":110},{"address":"广东省","access_date":"2016-09-28 11:34:50","account":"山***爷","quantity":1,"handle_status":8,"order_type":"53","areaid":"440981","item_id":110},{"address":"上海市","access_date":"2016-09-28 11:34:50","account":"h***g","quantity":1,"handle_status":8,"order_type":"53","areaid":"310112","item_id":110},{"address":"福建省","access_date":"2016-09-28 11:34:50","account":"l***d","quantity":1,"handle_status":8,"order_type":"53","areaid":"350822","item_id":110},{"address":"四川省","access_date":"2016-09-28 11:34:50","account":"1***2","quantity":1,"handle_status":8,"order_type":"53","areaid":"510114","item_id":110},{"address":"安徽省","access_date":"2016-09-28 11:34:50","account":"K***U","quantity":1,"handle_status":8,"order_type":"53","areaid":"340824","item_id":110},{"address":"江西省","access_date":"2016-09-28 11:34:50","account":"1***0","quantity":1,"handle_status":8,"order_type":"53","areaid":"360103","item_id":110},{"address":"山西省","access_date":"2016-09-28 11:34:50","account":"闲***看","quantity":1,"handle_status":8,"order_type":"53","areaid":"140222","item_id":110},{"address":"四川省","access_date":"2016-09-28 11:34:50","account":"s***3","quantity":1,"handle_status":8,"order_type":"53","areaid":"510504","item_id":110},{"address":"内蒙古自治区","access_date":"2016-09-28 11:34:50","account":"1***2","quantity":1,"handle_status":8,"order_type":"53","areaid":"150404","item_id":110},{"address":"江苏省","access_date":"2016-09-28 11:34:50","account":"s***a","quantity":1,"handle_status":8,"order_type":"53","areaid":"320508","item_id":110},{"address":"福建省","access_date":"2016-09-28 11:34:50","account":"红***果","quantity":1,"handle_status":8,"order_type":"53","areaid":"350203","item_id":110},{"address":"吉林省","access_date":"2016-09-28 11:34:50","account":"a***e","quantity":1,"handle_status":8,"order_type":"53","areaid":"220106","item_id":110},{"address":"江苏省","access_date":"2016-09-28 11:34:50","account":"c***1","quantity":1,"handle_status":8,"order_type":"53","areaid":"321282","item_id":110},{"address":"上海市","access_date":"2016-09-28 11:34:49","account":"z***n","quantity":1,"handle_status":8,"order_type":"53","areaid":"310107","item_id":110},{"address":"浙江省","access_date":"2016-09-28 11:34:49","account":"d***7","quantity":1,"handle_status":8,"order_type":"53","areaid":"330104","item_id":110},{"address":"天津市","access_date":"2016-09-28 11:34:49","account":"1***9","quantity":1,"handle_status":8,"order_type":"53","areaid":"120114","item_id":110},{"address":"河北省","access_date":"2016-09-28 11:34:49","account":"1***3","quantity":1,"handle_status":8,"order_type":"53","areaid":"130602","item_id":110},{"address":"辽宁省","access_date":"2016-09-28 11:34:49","account":"1***3","quantity":1,"handle_status":8,"order_type":"53","areaid":"211103","item_id":110},{"address":"湖北省","access_date":"2016-09-28 11:34:49","account":"z***2","quantity":1,"handle_status":8,"order_type":"53","areaid":"420105","item_id":110},{"address":"广东省","access_date":"2016-09-28 11:34:49","account":"h***n","quantity":1,"handle_status":8,"order_type":"53","areaid":"ff8080814cd0d0f4014cd56f66b80001","item_id":110},{"address":"云南省","access_date":"2016-09-28 11:34:49","account":"1***0","quantity":1,"handle_status":8,"order_type":"53","areaid":"530102","item_id":110},{"address":"山西省","access_date":"2016-09-28 11:34:49","account":"l***f","quantity":1,"handle_status":8,"order_type":"53","areaid":"141081","item_id":110},{"address":"江苏省","access_date":"2016-09-28 11:34:49","account":"1***2","quantity":1,"handle_status":8,"order_type":"53","areaid":"321311","item_id":110},{"address":"浙江省","access_date":"2016-09-28 11:34:49","account":"贺***琳","quantity":1,"handle_status":8,"order_type":"53","areaid":"330104","item_id":110},{"address":"黑龙江省","access_date":"2016-09-28 11:34:49","account":"s***5","quantity":1,"handle_status":8,"order_type":"53","areaid":"230110","item_id":110},{"address":"重庆市","access_date":"2016-09-28 11:34:49","account":"x***8","quantity":1,"handle_status":8,"order_type":"53","areaid":"500107","item_id":110},{"address":"山东省","access_date":"2016-09-28 11:34:49","account":"l***1","quantity":1,"handle_status":8,"order_type":"53","areaid":"371322","item_id":110},{"address":"河南省","access_date":"2016-09-28 11:34:49","account":"d***x","quantity":1,"handle_status":8,"order_type":"53","areaid":"410811","item_id":110},{"address":"北京市","access_date":"2016-09-28 11:34:49","account":"h***9","quantity":1,"handle_status":8,"order_type":"53","areaid":"110101","item_id":110},{"address":"山东省","access_date":"2016-09-28 11:34:49","account":"1***7","quantity":1,"handle_status":8,"order_type":"53","areaid":"370202","item_id":110},{"address":"重庆市","access_date":"2016-09-28 11:34:49","account":"w***6","quantity":1,"handle_status":8,"order_type":"53","areaid":"500116","item_id":110},{"address":"浙江省","access_date":"2016-09-28 11:34:49","account":"z***b","quantity":1,"handle_status":8,"order_type":"53","areaid":"330104","item_id":110},{"address":"辽宁省","access_date":"2016-09-28 11:34:49","account":"1***3","quantity":1,"handle_status":8,"order_type":"53","areaid":"210702","item_id":110},{"address":"甘肃省","access_date":"2016-09-28 11:34:49","account":"草***羊","quantity":1,"handle_status":8,"order_type":"53","areaid":"620321","item_id":110},{"address":"江苏省","access_date":"2016-09-28 11:34:49","account":"r***1","quantity":1,"handle_status":8,"order_type":"53","areaid":"320681","item_id":110},{"address":"广东省","access_date":"2016-09-28 11:34:49","account":"w***i","quantity":1,"handle_status":8,"order_type":"53","areaid":"440605","item_id":110},{"address":"河北省","access_date":"2016-09-28 11:34:49","account":"s***3","quantity":1,"handle_status":8,"order_type":"53","areaid":"131002","item_id":110},{"address":"河南省","access_date":"2016-09-28 11:34:49","account":"o***i","quantity":1,"handle_status":8,"order_type":"53","areaid":"411526","item_id":110},{"address":"山东省","access_date":"2016-09-28 11:34:49","account":"c***d","quantity":1,"handle_status":8,"order_type":"53","areaid":"370285","item_id":110},{"address":"江苏省","access_date":"2016-09-28 11:34:49","account":"天***秋","quantity":1,"handle_status":8,"order_type":"53","areaid":"320412","item_id":110},{"address":"天津市","access_date":"2016-09-28 11:34:49","account":"x***8","quantity":1,"handle_status":8,"order_type":"53","areaid":"120114","item_id":110},{"address":"浙江省","access_date":"2016-09-28 11:34:49","account":"1***1","quantity":1,"handle_status":8,"order_type":"53","areaid":"330302","item_id":110},{"address":"吉林省","access_date":"2016-09-28 11:34:49","account":"半***猫","quantity":1,"handle_status":8,"order_type":"53","areaid":"220204","item_id":110},{"address":"山西省","access_date":"2016-09-28 11:34:49","account":"0***8","quantity":1,"handle_status":8,"order_type":"53","areaid":"140802","item_id":110},{"address":"山东省","access_date":"2016-09-28 11:34:49","account":"李***6","quantity":1,"handle_status":8,"order_type":"53","areaid":"370321","item_id":110},{"address":"江苏省","access_date":"2016-09-28 11:34:49","account":"z***1","quantity":1,"handle_status":8,"order_type":"53","areaid":"320211","item_id":110},{"address":"上海市","access_date":"2016-09-28 11:34:49","account":"z***n","quantity":1,"handle_status":8,"order_type":"53","areaid":"310114","item_id":110},{"address":"安徽省","access_date":"2016-09-28 11:34:49","account":"老***3","quantity":1,"handle_status":8,"order_type":"53","areaid":"341802","item_id":110},{"address":"江苏省","access_date":"2016-09-28 11:34:49","account":"s***4","quantity":1,"handle_status":8,"order_type":"53","areaid":"320302","item_id":110},{"address":"青海省","access_date":"2016-09-28 11:34:49","account":"s***u","quantity":1,"handle_status":8,"order_type":"53","areaid":"630103","item_id":110},{"address":"湖南省","access_date":"2016-09-28 11:34:48","account":"j***n","quantity":1,"handle_status":8,"order_type":"53","areaid":"430111","item_id":110},{"address":"江苏省","access_date":"2016-09-28 11:34:48","account":"1***0","quantity":1,"handle_status":8,"order_type":"53","areaid":"320582","item_id":110},{"address":"云南省","access_date":"2016-09-28 11:34:48","account":"k***f","quantity":1,"handle_status":8,"order_type":"53","areaid":"530103","item_id":110},{"address":"北京市","access_date":"2016-09-28 11:34:48","account":"s***1","quantity":1,"handle_status":8,"order_type":"53","areaid":"110112","item_id":110},{"address":"山东省","access_date":"2016-09-28 11:34:48","account":"z***4","quantity":1,"handle_status":8,"order_type":"53","areaid":"370202","item_id":110},{"address":"福建省","access_date":"2016-09-28 11:34:48","account":"1***9","quantity":1,"handle_status":8,"order_type":"53","areaid":"350521","item_id":110},{"address":"浙江省","access_date":"2016-09-28 11:34:48","account":"y***3","quantity":1,"handle_status":8,"order_type":"53","areaid":"330205","item_id":110},{"address":"广西壮族自治区","access_date":"2016-09-28 11:34:48","account":"t***i","quantity":1,"handle_status":8,"order_type":"53","areaid":"450105","item_id":110},{"address":"四川省","access_date":"2016-09-28 11:34:48","account":"不***蓝","quantity":1,"handle_status":8,"order_type":"53","areaid":"510108","item_id":110},{"address":"广东省","access_date":"2016-09-28 11:34:48","account":"z***6","quantity":1,"handle_status":8,"order_type":"53","areaid":"440402","item_id":110},{"address":"山东省","access_date":"2016-09-28 11:34:48","account":"1***3","quantity":1,"handle_status":8,"order_type":"53","areaid":"370481","item_id":110},{"address":"安徽省","access_date":"2016-09-28 11:34:48","account":"t***2","quantity":1,"handle_status":8,"order_type":"53","areaid":"340102","item_id":110},{"address":"湖北省","access_date":"2016-09-28 11:34:48","account":"B***C","quantity":1,"handle_status":8,"order_type":"53","areaid":"420106","item_id":110},{"address":"广东省","access_date":"2016-09-28 11:34:48","account":"1***6","quantity":1,"handle_status":8,"order_type":"53","areaid":"440511","item_id":110},{"address":"辽宁省","access_date":"2016-09-28 11:34:48","account":"1***9","quantity":1,"handle_status":8,"order_type":"53","areaid":"210202","item_id":110},{"address":"上海市","access_date":"2016-09-28 11:34:48","account":"o***9","quantity":1,"handle_status":8,"order_type":"53","areaid":"310115","item_id":110},{"address":"山东省","access_date":"2016-09-28 11:34:48","account":"y***n","quantity":1,"handle_status":8,"order_type":"53","areaid":"371327","item_id":110},{"address":"浙江省","access_date":"2016-09-28 11:34:48","account":"1***5","quantity":1,"handle_status":8,"order_type":"53","areaid":"331004","item_id":110},{"address":"湖北省","access_date":"2016-09-28 11:34:48","account":"y***3","quantity":1,"handle_status":8,"order_type":"53","areaid":"421002","item_id":110},{"address":"江西省","access_date":"2016-09-28 11:34:48","account":"w***7","quantity":1,"handle_status":8,"order_type":"53","areaid":"360103","item_id":110},{"address":"浙江省","access_date":"2016-09-28 11:34:48","account":"菩***心","quantity":1,"handle_status":8,"order_type":"53","areaid":"330602","item_id":110},{"address":"吉林省","access_date":"2016-09-28 11:34:48","account":"和***6","quantity":1,"handle_status":8,"order_type":"53","areaid":"220203","item_id":110},{"address":"湖北省","access_date":"2016-09-28 11:34:48","account":"l***a","quantity":1,"handle_status":8,"order_type":"53","areaid":"420503","item_id":110},{"address":"河北省","access_date":"2016-09-28 11:34:48","account":"任***遥","quantity":1,"handle_status":8,"order_type":"53","areaid":"130602","item_id":110},{"address":"广东省","access_date":"2016-09-28 11:34:48","account":"赵***阳","quantity":1,"handle_status":8,"order_type":"53","areaid":"440513","item_id":110},{"address":"浙江省","access_date":"2016-09-28 11:34:48","account":"1***6","quantity":1,"handle_status":8,"order_type":"53","areaid":"330110","item_id":110},{"address":"浙江省","access_date":"2016-09-28 11:34:48","account":"N***3","quantity":1,"handle_status":8,"order_type":"53","areaid":"330212","item_id":110},{"address":"天津市","access_date":"2016-09-28 11:34:48","account":"a***1","quantity":1,"handle_status":8,"order_type":"53","areaid":"120102","item_id":110},{"address":"江苏省","access_date":"2016-09-28 11:34:48","account":"d***c","quantity":1,"handle_status":8,"order_type":"53","areaid":"320203","item_id":110},{"address":"河南省","access_date":"2016-09-28 11:34:48","account":"z***o","quantity":1,"handle_status":8,"order_type":"53","areaid":"411202","item_id":110},{"address":"广东省","access_date":"2016-09-28 11:34:48","account":"回***子","quantity":1,"handle_status":8,"order_type":"53","areaid":"ff8080814cd0d0f4014cd571e2a50002","item_id":110},{"address":"河北省","access_date":"2016-09-28 11:34:48","account":"y***0","quantity":1,"handle_status":8,"order_type":"53","areaid":"130202","item_id":110},{"address":"陕西省","access_date":"2016-09-28 11:34:48","account":"4***8","quantity":1,"handle_status":8,"order_type":"53","areaid":"610422","item_id":110},{"address":"陕西省","access_date":"2016-09-28 11:34:48","account":"1***5","quantity":1,"handle_status":8,"order_type":"53","areaid":"610302","item_id":110},{"address":"江西省","access_date":"2016-09-28 11:34:47","account":"l***4","quantity":1,"handle_status":8,"order_type":"53","areaid":"361128","item_id":110},{"address":"辽宁省","access_date":"2016-09-28 11:34:47","account":"1***5","quantity":1,"handle_status":8,"order_type":"53","areaid":"210103","item_id":110},{"address":"山西省","access_date":"2016-09-28 11:34:47","account":"g***h","quantity":1,"handle_status":8,"order_type":"53","areaid":"141181","item_id":110},{"address":"江西省","access_date":"2016-09-28 11:34:47","account":"w***1","quantity":1,"handle_status":8,"order_type":"53","areaid":"361128","item_id":110},{"address":"河北省","access_date":"2016-09-28 11:34:47","account":"欲***2","quantity":1,"handle_status":8,"order_type":"53","areaid":"130730","item_id":110},{"address":"云南省","access_date":"2016-09-28 11:34:47","account":"b***r","quantity":1,"handle_status":8,"order_type":"53","areaid":"530103","item_id":110},{"address":"山东省","access_date":"2016-09-28 11:34:47","account":"s***1","quantity":1,"handle_status":8,"order_type":"53","areaid":"370828","item_id":110},{"address":"江苏省","access_date":"2016-09-28 11:34:47","account":"1***7","quantity":1,"handle_status":8,"order_type":"53","areaid":"320402","item_id":110},{"address":"山东省","access_date":"2016-09-28 11:34:47","account":"g***u","quantity":1,"handle_status":8,"order_type":"53","areaid":"370682","item_id":110},{"address":"北京市","access_date":"2016-09-28 11:34:47","account":"大***嘴","quantity":1,"handle_status":8,"order_type":"53","areaid":"110106","item_id":110},{"address":"山东省","access_date":"2016-09-28 11:34:47","account":"l***5","quantity":1,"handle_status":8,"order_type":"53","areaid":"370203","item_id":110},{"address":"山东省","access_date":"2016-09-28 11:34:47","account":"z***8","quantity":1,"handle_status":8,"order_type":"53","areaid":"371326","item_id":110},{"address":"陕西省","access_date":"2016-09-28 11:34:47","account":"1***1","quantity":1,"handle_status":8,"order_type":"53","areaid":"610422","item_id":110},{"address":"重庆市","access_date":"2016-09-28 11:34:47","account":"1***5","quantity":1,"handle_status":8,"order_type":"53","areaid":"500117","item_id":110},{"address":"浙江省","access_date":"2016-09-28 11:34:47","account":"啊***3","quantity":1,"handle_status":8,"order_type":"53","areaid":"331082","item_id":110},{"address":"山西省","access_date":"2016-09-28 11:34:47","account":"1***3","quantity":1,"handle_status":8,"order_type":"53","areaid":"140202","item_id":110},{"address":"浙江省","access_date":"2016-09-28 11:34:47","account":"w***6","quantity":1,"handle_status":8,"order_type":"53","areaid":"331003","item_id":110},{"address":"广东省","access_date":"2016-09-28 11:34:47","account":"梁***庆","quantity":1,"handle_status":8,"order_type":"53","areaid":"440983","item_id":110},{"address":"广东省","access_date":"2016-09-28 11:34:47","account":"1***9","quantity":1,"handle_status":8,"order_type":"53","areaid":"440103","item_id":110},{"address":"天津市","access_date":"2016-09-28 11:34:47","account":"1***7","quantity":1,"handle_status":8,"order_type":"53","areaid":"120116","item_id":110},{"address":"甘肃省","access_date":"2016-09-28 11:34:47","account":"1***9","quantity":1,"handle_status":8,"order_type":"53","areaid":"620402","item_id":110},{"address":"北京市","access_date":"2016-09-28 11:34:47","account":"杨***点","quantity":1,"handle_status":8,"order_type":"53","areaid":"110101","item_id":110},{"address":"江西省","access_date":"2016-09-28 11:34:47","account":"1***6","quantity":1,"handle_status":8,"order_type":"53","areaid":"360101","item_id":110},{"address":"天津市","access_date":"2016-09-28 11:34:47","account":"z***9","quantity":1,"handle_status":8,"order_type":"53","areaid":"120104","item_id":110},{"address":"河南省","access_date":"2016-09-28 11:34:47","account":"x***5","quantity":1,"handle_status":8,"order_type":"53","areaid":"410811","item_id":110},{"address":"北京市","access_date":"2016-09-28 11:34:47","account":"1***0","quantity":1,"handle_status":8,"order_type":"53","areaid":"110101","item_id":110},{"address":"江西省","access_date":"2016-09-28 11:34:47","account":"1***3","quantity":1,"handle_status":8,"order_type":"53","areaid":"360123","item_id":110},{"address":"内蒙古自治区","access_date":"2016-09-28 11:34:47","account":"h***6","quantity":1,"handle_status":8,"order_type":"53","areaid":"152921","item_id":110},{"address":"江西省","access_date":"2016-09-28 11:34:47","account":"z***g","quantity":1,"handle_status":8,"order_type":"53","areaid":"360902","item_id":110},{"address":"内蒙古自治区","access_date":"2016-09-28 11:34:47","account":"王***平","quantity":1,"handle_status":8,"order_type":"53","areaid":"150121","item_id":110},{"address":"江苏省","access_date":"2016-09-28 11:34:47","account":"1***s","quantity":1,"handle_status":8,"order_type":"53","areaid":"320508","item_id":110},{"address":"江苏省","access_date":"2016-09-28 11:34:47","account":"2***5","quantity":1,"handle_status":8,"order_type":"53","areaid":"320508","item_id":110},{"address":"内蒙古自治区","access_date":"2016-09-28 11:34:47","account":"1***2","quantity":1,"handle_status":8,"order_type":"53","areaid":"150782","item_id":110},{"address":"安徽省","access_date":"2016-09-28 11:34:46","account":"爱***者","quantity":1,"handle_status":8,"order_type":"53","areaid":"341802","item_id":110},{"address":"北京市","access_date":"2016-09-28 11:34:46","account":"1***9","quantity":1,"handle_status":8,"order_type":"53","areaid":"110108","item_id":110},{"address":"河北省","access_date":"2016-09-28 11:34:46","account":"l***o","quantity":1,"handle_status":8,"order_type":"53","areaid":"130602","item_id":110},{"address":"上海市","access_date":"2016-09-28 11:34:46","account":"1***6","quantity":1,"handle_status":8,"order_type":"53","areaid":"310110","item_id":110},{"address":"山东省","access_date":"2016-09-28 11:34:46","account":"陈***1","quantity":1,"handle_status":8,"order_type":"53","areaid":"370285","item_id":110},{"address":"浙江省","access_date":"2016-09-28 11:34:46","account":"w***2","quantity":1,"handle_status":8,"order_type":"53","areaid":"330502","item_id":110},{"address":"北京市","access_date":"2016-09-28 11:34:46","account":"1***4","quantity":1,"handle_status":8,"order_type":"53","areaid":"110108","item_id":110},{"address":"四川省","access_date":"2016-09-28 11:34:46","account":"于***戈","quantity":1,"handle_status":8,"order_type":"53","areaid":"510107","item_id":110},{"address":"安徽省","access_date":"2016-09-28 11:34:46","account":"逍***7","quantity":1,"handle_status":8,"order_type":"53","areaid":"340111","item_id":110},{"address":"河北省","access_date":"2016-09-28 11:34:46","account":"z***5","quantity":1,"handle_status":8,"order_type":"53","areaid":"130202","item_id":110},{"address":"广东省","access_date":"2016-09-28 11:34:46","account":"1***5","quantity":1,"handle_status":8,"order_type":"53","areaid":"440106","item_id":110},{"address":"江苏省","access_date":"2016-09-28 11:34:46","account":"香***山","quantity":1,"handle_status":8,"order_type":"53","areaid":"320508","item_id":110},{"address":"江苏省","access_date":"2016-09-28 11:34:46","account":"小***萌","quantity":1,"handle_status":8,"order_type":"53","areaid":"320508","item_id":110},{"address":"江苏省","access_date":"2016-09-28 11:34:46","account":"1***1","quantity":1,"handle_status":8,"order_type":"53","areaid":"320102","item_id":110},{"address":"江苏省","access_date":"2016-09-28 11:34:46","account":"胸***人","quantity":1,"handle_status":8,"order_type":"53","areaid":"321322","item_id":110},{"address":"辽宁省","access_date":"2016-09-28 11:34:46","account":"1***4","quantity":1,"handle_status":8,"order_type":"53","areaid":"211302","item_id":110},{"address":"贵州省","access_date":"2016-09-28 11:34:46","account":"l***3","quantity":1,"handle_status":8,"order_type":"53","areaid":"520115","item_id":110},{"address":"江苏省","access_date":"2016-09-28 11:34:46","account":"1***0","quantity":1,"handle_status":8,"order_type":"53","areaid":"321202","item_id":110},{"address":"上海市","access_date":"2016-09-28 11:34:46","account":"无***剔","quantity":1,"handle_status":-6,"order_type":"53","areaid":"310230","item_id":110}]