[{"address":"北京市","access_date":"2016-04-12 12:09:11","account":"1***2","quantity":1,"handle_status":8,"order_type":"53","areaid":"110102","item_id":80},{"address":"安徽省","access_date":"2016-04-12 12:09:11","account":"l***n","quantity":1,"handle_status":8,"order_type":"53","areaid":"341881","item_id":80},{"address":"广西壮族自治区","access_date":"2016-04-12 12:09:11","account":"1***9","quantity":1,"handle_status":8,"order_type":"53","areaid":"450103","item_id":80},{"address":"上海市","access_date":"2016-04-12 12:09:11","account":"y***g","quantity":1,"handle_status":8,"order_type":"53","areaid":"310107","item_id":80},{"address":"四川省","access_date":"2016-04-12 12:09:11","account":"1***9","quantity":1,"handle_status":8,"order_type":"53","areaid":"510107","item_id":80},{"address":"山东省","access_date":"2016-04-12 12:09:11","account":"1***4","quantity":1,"handle_status":8,"order_type":"53","areaid":"371602","item_id":80},{"address":"辽宁省","access_date":"2016-04-12 12:09:11","account":"z***n","quantity":1,"handle_status":8,"order_type":"53","areaid":"210103","item_id":80},{"address":"广东省","access_date":"2016-04-12 12:09:11","account":"澄***宇","quantity":1,"handle_status":8,"order_type":"53","areaid":"440507","item_id":80},{"address":"广东省","access_date":"2016-04-12 12:09:11","account":"h***7","quantity":1,"handle_status":8,"order_type":"53","areaid":"440606","item_id":80},{"address":"江苏省","access_date":"2016-04-12 12:09:11","account":"h***2","quantity":1,"handle_status":8,"order_type":"53","areaid":"320206","item_id":80},{"address":"江苏省","access_date":"2016-04-12 12:09:11","account":"1***0","quantity":1,"handle_status":8,"order_type":"53","areaid":"320105","item_id":80},{"address":"安徽省","access_date":"2016-04-12 12:09:11","account":"钱***俊","quantity":1,"handle_status":8,"order_type":"53","areaid":"341221","item_id":80},{"address":"河南省","access_date":"2016-04-12 12:09:11","account":"z***a","quantity":1,"handle_status":8,"order_type":"53","areaid":"410105","item_id":80},{"address":"湖北省","access_date":"2016-04-12 12:09:11","account":"1***3","quantity":1,"handle_status":8,"order_type":"53","areaid":"420105","item_id":80},{"address":"辽宁省","access_date":"2016-04-12 12:09:11","account":"正***子","quantity":1,"handle_status":8,"order_type":"53","areaid":"210103","item_id":80},{"address":"浙江省","access_date":"2016-04-12 12:09:11","account":"啦***圆","quantity":1,"handle_status":8,"order_type":"53","areaid":"330283","item_id":80},{"address":"内蒙古自治区","access_date":"2016-04-12 12:09:11","account":"1***6","quantity":1,"handle_status":8,"order_type":"53","areaid":"150102","item_id":80},{"address":"安徽省","access_date":"2016-04-12 12:09:11","account":"1***1","quantity":1,"handle_status":8,"order_type":"53","areaid":"340403","item_id":80},{"address":"湖北省","access_date":"2016-04-12 12:09:11","account":"华***子","quantity":1,"handle_status":8,"order_type":"53","areaid":"421002","item_id":80},{"address":"山东省","access_date":"2016-04-12 12:09:11","account":"1***7","quantity":1,"handle_status":8,"order_type":"53","areaid":"370105","item_id":80},{"address":"安徽省","access_date":"2016-04-12 12:09:11","account":"h***8","quantity":1,"handle_status":8,"order_type":"53","areaid":"340102","item_id":80},{"address":"浙江省","access_date":"2016-04-12 12:09:11","account":"w***f","quantity":1,"handle_status":8,"order_type":"53","areaid":"330203","item_id":80},{"address":"江苏省","access_date":"2016-04-12 12:09:11","account":"r***1","quantity":1,"handle_status":8,"order_type":"53","areaid":"320681","item_id":80},{"address":"四川省","access_date":"2016-04-12 12:09:11","account":"l***n","quantity":1,"handle_status":8,"order_type":"53","areaid":"510112","item_id":80},{"address":"山东省","access_date":"2016-04-12 12:09:10","account":"z***i","quantity":1,"handle_status":8,"order_type":"53","areaid":"370305","item_id":80},{"address":"广西壮族自治区","access_date":"2016-04-12 12:09:10","account":"q***钟","quantity":1,"handle_status":8,"order_type":"53","areaid":"450321","item_id":80},{"address":"湖北省","access_date":"2016-04-12 12:09:10","account":"x***5","quantity":1,"handle_status":8,"order_type":"53","areaid":"420583","item_id":80},{"address":"江苏省","access_date":"2016-04-12 12:09:10","account":"南***猛","quantity":1,"handle_status":8,"order_type":"53","areaid":"320602","item_id":80},{"address":"山西省","access_date":"2016-04-12 12:09:10","account":"忻***9","quantity":1,"handle_status":-6,"order_type":"53","areaid":"140902","item_id":80},{"address":"江苏省","access_date":"2016-04-12 12:09:10","account":"1***8","quantity":1,"handle_status":8,"order_type":"53","areaid":"320509","item_id":80},{"address":"湖北省","access_date":"2016-04-12 12:09:10","account":"林***8","quantity":1,"handle_status":8,"order_type":"53","areaid":"420105","item_id":80},{"address":"河南省","access_date":"2016-04-12 12:09:10","account":"1***9","quantity":1,"handle_status":8,"order_type":"53","areaid":"410106","item_id":80},{"address":"福建省","access_date":"2016-04-12 12:09:10","account":"卢***月","quantity":1,"handle_status":8,"order_type":"53","areaid":"350302","item_id":80},{"address":"陕西省","access_date":"2016-04-12 12:09:10","account":"H***2","quantity":1,"handle_status":8,"order_type":"53","areaid":"610826","item_id":80},{"address":"广东省","access_date":"2016-04-12 12:09:10","account":"汪***波","quantity":1,"handle_status":8,"order_type":"53","areaid":"ff8080814cd0d0f4014cd56f66b80001","item_id":80},{"address":"湖北省","access_date":"2016-04-12 12:09:10","account":"二***子","quantity":1,"handle_status":8,"order_type":"53","areaid":"420103","item_id":80},{"address":"天津市","access_date":"2016-04-12 12:09:10","account":"y***g","quantity":1,"handle_status":8,"order_type":"53","areaid":"120101","item_id":80},{"address":"江苏省","access_date":"2016-04-12 12:09:10","account":"c***m","quantity":1,"handle_status":8,"order_type":"53","areaid":"320811","item_id":80},{"address":"山东省","access_date":"2016-04-12 12:09:10","account":"1***9","quantity":1,"handle_status":8,"order_type":"53","areaid":"371322","item_id":80},{"address":"江苏省","access_date":"2016-04-12 12:09:10","account":"d***i","quantity":1,"handle_status":8,"order_type":"53","areaid":"320506","item_id":80},{"address":"浙江省","access_date":"2016-04-12 12:09:10","account":"向***5","quantity":1,"handle_status":8,"order_type":"53","areaid":"330204","item_id":80},{"address":"上海市","access_date":"2016-04-12 12:09:10","account":"黄***翔","quantity":1,"handle_status":8,"order_type":"53","areaid":"310115","item_id":80},{"address":"上海市","access_date":"2016-04-12 12:09:10","account":"1***5","quantity":1,"handle_status":8,"order_type":"53","areaid":"310110","item_id":80},{"address":"浙江省","access_date":"2016-04-12 12:09:10","account":"1***8","quantity":1,"handle_status":8,"order_type":"53","areaid":"330483","item_id":80},{"address":"辽宁省","access_date":"2016-04-12 12:09:10","account":"w***a","quantity":1,"handle_status":8,"order_type":"53","areaid":"210103","item_id":80},{"address":"山东省","access_date":"2016-04-12 12:09:10","account":"修***才","quantity":1,"handle_status":8,"order_type":"53","areaid":"370112","item_id":80},{"address":"北京市","access_date":"2016-04-12 12:09:10","account":"z***n","quantity":1,"handle_status":8,"order_type":"53","areaid":"110115","item_id":80},{"address":"河北省","access_date":"2016-04-12 12:09:10","account":"8***1","quantity":1,"handle_status":8,"order_type":"53","areaid":"130581","item_id":80},{"address":"江苏省","access_date":"2016-04-12 12:09:10","account":"y***n","quantity":1,"handle_status":8,"order_type":"53","areaid":"320102","item_id":80},{"address":"福建省","access_date":"2016-04-12 12:09:10","account":"b***8","quantity":1,"handle_status":8,"order_type":"53","areaid":"350702","item_id":80},{"address":"浙江省","access_date":"2016-04-12 12:09:10","account":"z***h","quantity":1,"handle_status":8,"order_type":"53","areaid":"330381","item_id":80},{"address":"江西省","access_date":"2016-04-12 12:09:10","account":"j***u","quantity":1,"handle_status":8,"order_type":"53","areaid":"360105","item_id":80},{"address":"广东省","access_date":"2016-04-12 12:09:10","account":"l***3","quantity":1,"handle_status":8,"order_type":"53","areaid":"440308","item_id":80},{"address":"辽宁省","access_date":"2016-04-12 12:09:10","account":"f***g","quantity":1,"handle_status":8,"order_type":"53","areaid":"211403","item_id":80},{"address":"江苏省","access_date":"2016-04-12 12:09:10","account":"t***1","quantity":1,"handle_status":8,"order_type":"53","areaid":"321202","item_id":80},{"address":"山东省","access_date":"2016-04-12 12:09:10","account":"w***6","quantity":1,"handle_status":8,"order_type":"53","areaid":"371302","item_id":80},{"address":"四川省","access_date":"2016-04-12 12:09:10","account":"q***u","quantity":1,"handle_status":8,"order_type":"53","areaid":"510182","item_id":80},{"address":"山东省","access_date":"2016-04-12 12:09:10","account":"z***6","quantity":1,"handle_status":8,"order_type":"53","areaid":"371601","item_id":80},{"address":"辽宁省","access_date":"2016-04-12 12:09:10","account":"孤***星","quantity":1,"handle_status":8,"order_type":"53","areaid":"210202","item_id":80},{"address":"上海市","access_date":"2016-04-12 12:09:09","account":"1***8","quantity":1,"handle_status":8,"order_type":"53","areaid":"310113","item_id":80},{"address":"辽宁省","access_date":"2016-04-12 12:09:09","account":"1***7","quantity":1,"handle_status":8,"order_type":"53","areaid":"210102","item_id":80},{"address":"黑龙江省","access_date":"2016-04-12 12:09:09","account":"1***6","quantity":1,"handle_status":8,"order_type":"53","areaid":"230524","item_id":80},{"address":"黑龙江省","access_date":"2016-04-12 12:09:09","account":"1***2","quantity":1,"handle_status":8,"order_type":"53","areaid":"231202","item_id":80},{"address":"广东省","access_date":"2016-04-12 12:09:09","account":"金***8","quantity":1,"handle_status":8,"order_type":"53","areaid":"440982","item_id":80},{"address":"河北省","access_date":"2016-04-12 12:09:09","account":"1***5","quantity":1,"handle_status":8,"order_type":"53","areaid":"130203","item_id":80},{"address":"江苏省","access_date":"2016-04-12 12:09:09","account":"w***2","quantity":1,"handle_status":8,"order_type":"53","areaid":"321302","item_id":80},{"address":"广东省","access_date":"2016-04-12 12:09:09","account":"g***i","quantity":1,"handle_status":8,"order_type":"53","areaid":"440305","item_id":80},{"address":"安徽省","access_date":"2016-04-12 12:09:09","account":"放***嘟","quantity":1,"handle_status":8,"order_type":"53","areaid":"340503","item_id":80},{"address":"吉林省","access_date":"2016-04-12 12:09:09","account":"1***1","quantity":1,"handle_status":8,"order_type":"53","areaid":"220202","item_id":80},{"address":"江苏省","access_date":"2016-04-12 12:09:09","account":"1***9","quantity":1,"handle_status":8,"order_type":"53","areaid":"320582","item_id":80},{"address":"黑龙江省","access_date":"2016-04-12 12:09:09","account":"q***4","quantity":1,"handle_status":8,"order_type":"53","areaid":"230604","item_id":80},{"address":"辽宁省","access_date":"2016-04-12 12:09:09","account":"1***w","quantity":1,"handle_status":8,"order_type":"53","areaid":"210211","item_id":80},{"address":"河北省","access_date":"2016-04-12 12:09:09","account":"p***2","quantity":1,"handle_status":8,"order_type":"53","areaid":"130126","item_id":80},{"address":"浙江省","access_date":"2016-04-12 12:09:09","account":"登***极","quantity":1,"handle_status":8,"order_type":"53","areaid":"330327","item_id":80},{"address":"广东省","access_date":"2016-04-12 12:09:09","account":"忘***6","quantity":1,"handle_status":8,"order_type":"53","areaid":"ff8080814cd0d0f4014cd571e2a50002","item_id":80},{"address":"广东省","access_date":"2016-04-12 12:09:09","account":"6***3","quantity":1,"handle_status":8,"order_type":"53","areaid":"440306","item_id":80},{"address":"江西省","access_date":"2016-04-12 12:09:09","account":"f***7","quantity":1,"handle_status":8,"order_type":"53","areaid":"360122","item_id":80},{"address":"辽宁省","access_date":"2016-04-12 12:09:09","account":"1***7","quantity":1,"handle_status":8,"order_type":"53","areaid":"210411","item_id":80},{"address":"浙江省","access_date":"2016-04-12 12:09:09","account":"c***3","quantity":1,"handle_status":8,"order_type":"53","areaid":"330212","item_id":80},{"address":"天津市","access_date":"2016-04-12 12:09:09","account":"齐***志","quantity":1,"handle_status":8,"order_type":"53","areaid":"120104","item_id":80},{"address":"吉林省","access_date":"2016-04-12 12:09:09","account":"l***0","quantity":1,"handle_status":8,"order_type":"53","areaid":"222424","item_id":80},{"address":"山西省","access_date":"2016-04-12 12:09:09","account":"L***2","quantity":1,"handle_status":8,"order_type":"53","areaid":"140726","item_id":80},{"address":"上海市","access_date":"2016-04-12 12:09:09","account":"1***2","quantity":1,"handle_status":8,"order_type":"53","areaid":"310115","item_id":80},{"address":"江苏省","access_date":"2016-04-12 12:09:09","account":"1***5","quantity":1,"handle_status":8,"order_type":"53","areaid":"320102","item_id":80},{"address":"湖南省","access_date":"2016-04-12 12:09:09","account":"d***2","quantity":1,"handle_status":8,"order_type":"53","areaid":"431382","item_id":80},{"address":"江苏省","access_date":"2016-04-12 12:09:09","account":"W***1","quantity":1,"handle_status":8,"order_type":"53","areaid":"320903","item_id":80},{"address":"江苏省","access_date":"2016-04-12 12:09:09","account":"1***6","quantity":1,"handle_status":8,"order_type":"53","areaid":"321002","item_id":80},{"address":"浙江省","access_date":"2016-04-12 12:09:09","account":"c***9","quantity":1,"handle_status":8,"order_type":"53","areaid":"331004","item_id":80},{"address":"黑龙江省","access_date":"2016-04-12 12:09:09","account":"a***b","quantity":1,"handle_status":8,"order_type":"53","areaid":"230402","item_id":80},{"address":"广东省","access_date":"2016-04-12 12:09:09","account":"t***6","quantity":1,"handle_status":8,"order_type":"53","areaid":"440112","item_id":80},{"address":"山东省","access_date":"2016-04-12 12:09:09","account":"1***3","quantity":1,"handle_status":8,"order_type":"53","areaid":"370481","item_id":80},{"address":"浙江省","access_date":"2016-04-12 12:09:09","account":"施***图","quantity":1,"handle_status":8,"order_type":"53","areaid":"330105","item_id":80},{"address":"河南省","access_date":"2016-04-12 12:09:09","account":"b***x","quantity":1,"handle_status":8,"order_type":"53","areaid":"410421","item_id":80},{"address":"北京市","access_date":"2016-04-12 12:09:09","account":"刘***鑫","quantity":1,"handle_status":8,"order_type":"53","areaid":"110105","item_id":80},{"address":"湖南省","access_date":"2016-04-12 12:09:09","account":"x***0","quantity":1,"handle_status":8,"order_type":"53","areaid":"431322","item_id":80},{"address":"云南省","access_date":"2016-04-12 12:09:09","account":"z***9","quantity":1,"handle_status":8,"order_type":"53","areaid":"530502","item_id":80},{"address":"黑龙江省","access_date":"2016-04-12 12:09:09","account":"3***2","quantity":1,"handle_status":8,"order_type":"53","areaid":"230704","item_id":80},{"address":"河北省","access_date":"2016-04-12 12:09:09","account":"张***a","quantity":1,"handle_status":8,"order_type":"53","areaid":"130424","item_id":80},{"address":"天津市","access_date":"2016-04-12 12:09:08","account":"t***y","quantity":1,"handle_status":8,"order_type":"53","areaid":"120104","item_id":80},{"address":"山东省","access_date":"2016-04-12 12:09:08","account":"B***4","quantity":1,"handle_status":8,"order_type":"53","areaid":"370801","item_id":80},{"address":"山东省","access_date":"2016-04-12 12:09:08","account":"1***9","quantity":1,"handle_status":8,"order_type":"53","areaid":"370214","item_id":80},{"address":"上海市","access_date":"2016-04-12 12:09:08","account":"f***y","quantity":1,"handle_status":8,"order_type":"53","areaid":"310110","item_id":80},{"address":"内蒙古自治区","access_date":"2016-04-12 12:09:08","account":"苏***2","quantity":1,"handle_status":8,"order_type":"53","areaid":"150202","item_id":80},{"address":"江苏省","access_date":"2016-04-12 12:09:08","account":"c***3","quantity":1,"handle_status":8,"order_type":"53","areaid":"320682","item_id":80},{"address":"广东省","access_date":"2016-04-12 12:09:08","account":"s***g","quantity":1,"handle_status":8,"order_type":"53","areaid":"440106","item_id":80},{"address":"山西省","access_date":"2016-04-12 12:09:08","account":"m***g","quantity":1,"handle_status":8,"order_type":"53","areaid":"140106","item_id":80},{"address":"江苏省","access_date":"2016-04-12 12:09:08","account":"z***n","quantity":1,"handle_status":8,"order_type":"53","areaid":"320106","item_id":80},{"address":"河北省","access_date":"2016-04-12 12:09:08","account":"李***青","quantity":1,"handle_status":8,"order_type":"53","areaid":"130622","item_id":80},{"address":"北京市","access_date":"2016-04-12 12:09:08","account":"w***b","quantity":1,"handle_status":8,"order_type":"53","areaid":"110105","item_id":80},{"address":"江苏省","access_date":"2016-04-12 12:09:08","account":"w***8","quantity":1,"handle_status":8,"order_type":"53","areaid":"320412","item_id":80},{"address":"安徽省","access_date":"2016-04-12 12:09:08","account":"涵***涵","quantity":1,"handle_status":8,"order_type":"53","areaid":"340103","item_id":80},{"address":"陕西省","access_date":"2016-04-12 12:09:08","account":"1***5","quantity":1,"handle_status":8,"order_type":"53","areaid":"610422","item_id":80},{"address":"河南省","access_date":"2016-04-12 12:09:08","account":"w***6","quantity":1,"handle_status":8,"order_type":"53","areaid":"410703","item_id":80},{"address":"吉林省","access_date":"2016-04-12 12:09:08","account":"m***y","quantity":1,"handle_status":8,"order_type":"53","areaid":"220581","item_id":80},{"address":"广东省","access_date":"2016-04-12 12:09:08","account":"w***b","quantity":1,"handle_status":8,"order_type":"53","areaid":"440114","item_id":80},{"address":"河北省","access_date":"2016-04-12 12:09:08","account":"z***g","quantity":1,"handle_status":8,"order_type":"53","areaid":"130105","item_id":80},{"address":"山西省","access_date":"2016-04-12 12:09:08","account":"d***4","quantity":1,"handle_status":8,"order_type":"53","areaid":"140202","item_id":80},{"address":"浙江省","access_date":"2016-04-12 12:09:08","account":"s***2","quantity":1,"handle_status":8,"order_type":"53","areaid":"330302","item_id":80},{"address":"湖南省","access_date":"2016-04-12 12:09:08","account":"b***g","quantity":1,"handle_status":8,"order_type":"53","areaid":"430408","item_id":80},{"address":"广东省","access_date":"2016-04-12 12:09:08","account":"1***2","quantity":1,"handle_status":8,"order_type":"53","areaid":"440606","item_id":80},{"address":"山东省","access_date":"2016-04-12 12:09:08","account":"k***7","quantity":1,"handle_status":8,"order_type":"53","areaid":"371602","item_id":80},{"address":"贵州省","access_date":"2016-04-12 12:09:08","account":"l***3","quantity":1,"handle_status":8,"order_type":"53","areaid":"520302","item_id":80},{"address":"河北省","access_date":"2016-04-12 12:09:08","account":"3***2","quantity":1,"handle_status":8,"order_type":"53","areaid":"130602","item_id":80},{"address":"北京市","access_date":"2016-04-12 12:09:08","account":"1***0","quantity":1,"handle_status":8,"order_type":"53","areaid":"110108","item_id":80},{"address":"黑龙江省","access_date":"2016-04-12 12:09:08","account":"李***华","quantity":1,"handle_status":8,"order_type":"53","areaid":"231226","item_id":80},{"address":"江苏省","access_date":"2016-04-12 12:09:08","account":"王***平","quantity":1,"handle_status":8,"order_type":"53","areaid":"320508","item_id":80},{"address":"浙江省","access_date":"2016-04-12 12:09:08","account":"z***c","quantity":1,"handle_status":8,"order_type":"53","areaid":"331081","item_id":80},{"address":"福建省","access_date":"2016-04-12 12:09:08","account":"太***8","quantity":1,"handle_status":8,"order_type":"53","areaid":"350402","item_id":80},{"address":"福建省","access_date":"2016-04-12 12:09:08","account":"1***5","quantity":1,"handle_status":8,"order_type":"53","areaid":"350521","item_id":80},{"address":"黑龙江省","access_date":"2016-04-12 12:09:08","account":"丁***春","quantity":1,"handle_status":8,"order_type":"53","areaid":"230102","item_id":80},{"address":"江西省","access_date":"2016-04-12 12:09:08","account":"1***5","quantity":1,"handle_status":8,"order_type":"53","areaid":"360122","item_id":80},{"address":"山东省","access_date":"2016-04-12 12:09:08","account":"1***5","quantity":1,"handle_status":8,"order_type":"53","areaid":"370826","item_id":80},{"address":"吉林省","access_date":"2016-04-12 12:09:08","account":"a***y","quantity":1,"handle_status":8,"order_type":"53","areaid":"220203","item_id":80},{"address":"安徽省","access_date":"2016-04-12 12:09:08","account":"h***8","quantity":1,"handle_status":8,"order_type":"53","areaid":"340104","item_id":80},{"address":"北京市","access_date":"2016-04-12 12:09:08","account":"m***n","quantity":1,"handle_status":8,"order_type":"53","areaid":"110105","item_id":80},{"address":"江苏省","access_date":"2016-04-12 12:09:07","account":"1***8","quantity":1,"handle_status":8,"order_type":"53","areaid":"320802","item_id":80},{"address":"江苏省","access_date":"2016-04-12 12:09:07","account":"逸***笑","quantity":1,"handle_status":8,"order_type":"53","areaid":"320211","item_id":80},{"address":"辽宁省","access_date":"2016-04-12 12:09:07","account":"t***z","quantity":1,"handle_status":8,"order_type":"53","areaid":"211221","item_id":80},{"address":"吉林省","access_date":"2016-04-12 12:09:07","account":"行***景","quantity":1,"handle_status":8,"order_type":"53","areaid":"220281","item_id":80},{"address":"北京市","access_date":"2016-04-12 12:09:07","account":"d***y","quantity":1,"handle_status":8,"order_type":"53","areaid":"110108","item_id":80},{"address":"上海市","access_date":"2016-04-12 12:09:07","account":"1***0","quantity":1,"handle_status":8,"order_type":"53","areaid":"310106","item_id":80},{"address":"浙江省","access_date":"2016-04-12 12:09:07","account":"s***8","quantity":1,"handle_status":8,"order_type":"53","areaid":"330602","item_id":80},{"address":"山东省","access_date":"2016-04-12 12:09:07","account":"1***8","quantity":1,"handle_status":8,"order_type":"53","areaid":"370403","item_id":80},{"address":"河北省","access_date":"2016-04-12 12:09:07","account":"1***2","quantity":1,"handle_status":8,"order_type":"53","areaid":"130203","item_id":80},{"address":"河北省","access_date":"2016-04-12 12:09:07","account":"r***t","quantity":1,"handle_status":8,"order_type":"53","areaid":"130524","item_id":80},{"address":"山东省","access_date":"2016-04-12 12:09:07","account":"x***0","quantity":1,"handle_status":8,"order_type":"53","areaid":"370902","item_id":80},{"address":"山东省","access_date":"2016-04-12 12:09:07","account":"t***3","quantity":1,"handle_status":8,"order_type":"53","areaid":"371002","item_id":80},{"address":"江苏省","access_date":"2016-04-12 12:09:07","account":"1***7","quantity":1,"handle_status":8,"order_type":"53","areaid":"320114","item_id":80},{"address":"辽宁省","access_date":"2016-04-12 12:09:07","account":"g***g","quantity":1,"handle_status":8,"order_type":"53","areaid":"210112","item_id":80},{"address":"山西省","access_date":"2016-04-12 12:09:07","account":"1***8","quantity":1,"handle_status":8,"order_type":"53","areaid":"140203","item_id":80},{"address":"上海市","access_date":"2016-04-12 12:09:07","account":"c***7","quantity":1,"handle_status":8,"order_type":"53","areaid":"310115","item_id":80},{"address":"辽宁省","access_date":"2016-04-12 12:09:07","account":"符***亚","quantity":1,"handle_status":8,"order_type":"53","areaid":"210302","item_id":80},{"address":"河南省","access_date":"2016-04-12 12:09:07","account":"1***9","quantity":1,"handle_status":8,"order_type":"53","areaid":"411002","item_id":80},{"address":"河北省","access_date":"2016-04-12 12:09:07","account":"1***6","quantity":1,"handle_status":8,"order_type":"53","areaid":"130684","item_id":80},{"address":"辽宁省","access_date":"2016-04-12 12:09:07","account":"李***博","quantity":1,"handle_status":8,"order_type":"53","areaid":"210302","item_id":80},{"address":"黑龙江省","access_date":"2016-04-12 12:09:07","account":"j***6","quantity":1,"handle_status":8,"order_type":"53","areaid":"230921","item_id":80},{"address":"湖北省","access_date":"2016-04-12 12:09:07","account":"南***尧","quantity":1,"handle_status":8,"order_type":"53","areaid":"421002","item_id":80},{"address":"安徽省","access_date":"2016-04-12 12:09:07","account":"q***n","quantity":1,"handle_status":8,"order_type":"53","areaid":"340104","item_id":80},{"address":"江苏省","access_date":"2016-04-12 12:09:07","account":"1***2","quantity":1,"handle_status":8,"order_type":"53","areaid":"320508","item_id":80},{"address":"浙江省","access_date":"2016-04-12 12:09:07","account":"c***1","quantity":1,"handle_status":8,"order_type":"53","areaid":"331082","item_id":80},{"address":"四川省","access_date":"2016-04-12 12:09:07","account":"l***1","quantity":1,"handle_status":8,"order_type":"53","areaid":"510184","item_id":80},{"address":"福建省","access_date":"2016-04-12 12:09:07","account":"1***5","quantity":1,"handle_status":8,"order_type":"53","areaid":"350302","item_id":80},{"address":"浙江省","access_date":"2016-04-12 12:09:07","account":"1***8","quantity":1,"handle_status":8,"order_type":"53","areaid":"330302","item_id":80},{"address":"河北省","access_date":"2016-04-12 12:09:07","account":"l***b","quantity":1,"handle_status":8,"order_type":"53","areaid":"130181","item_id":80},{"address":"黑龙江省","access_date":"2016-04-12 12:09:07","account":"魔***1","quantity":1,"handle_status":8,"order_type":"53","areaid":"230402","item_id":80},{"address":"福建省","access_date":"2016-04-12 12:09:07","account":"人***黄","quantity":1,"handle_status":8,"order_type":"53","areaid":"350203","item_id":80},{"address":"上海市","access_date":"2016-04-12 12:09:07","account":"l***g","quantity":1,"handle_status":8,"order_type":"53","areaid":"310107","item_id":80},{"address":"安徽省","access_date":"2016-04-12 12:09:07","account":"d***b","quantity":1,"handle_status":8,"order_type":"53","areaid":"340202","item_id":80},{"address":"福建省","access_date":"2016-04-12 12:09:07","account":"e***m","quantity":1,"handle_status":8,"order_type":"53","areaid":"350302","item_id":80},{"address":"浙江省","access_date":"2016-04-12 12:09:07","account":"f***n","quantity":1,"handle_status":8,"order_type":"53","areaid":"330102","item_id":80},{"address":"陕西省","access_date":"2016-04-12 12:09:07","account":"j***y","quantity":1,"handle_status":8,"order_type":"53","areaid":"610113","item_id":80},{"address":"河北省","access_date":"2016-04-12 12:09:07","account":"q***2","quantity":1,"handle_status":8,"order_type":"53","areaid":"130301","item_id":80},{"address":"上海市","access_date":"2016-04-12 12:09:07","account":"k***7","quantity":1,"handle_status":8,"order_type":"53","areaid":"310108","item_id":80},{"address":"北京市","access_date":"2016-04-12 12:09:06","account":"L***9","quantity":1,"handle_status":8,"order_type":"53","areaid":"110101","item_id":80},{"address":"河南省","access_date":"2016-04-12 12:09:06","account":"1***1","quantity":1,"handle_status":8,"order_type":"53","areaid":"410105","item_id":80},{"address":"黑龙江省","access_date":"2016-04-12 12:09:06","account":"d***r","quantity":1,"handle_status":8,"order_type":"53","areaid":"230110","item_id":80},{"address":"安徽省","access_date":"2016-04-12 12:09:06","account":"1***6","quantity":1,"handle_status":8,"order_type":"53","areaid":"340403","item_id":80},{"address":"江苏省","access_date":"2016-04-12 12:09:06","account":"d***w","quantity":1,"handle_status":8,"order_type":"53","areaid":"320113","item_id":80},{"address":"江西省","access_date":"2016-04-12 12:09:06","account":"1***3","quantity":1,"handle_status":8,"order_type":"53","areaid":"360122","item_id":80},{"address":"江苏省","access_date":"2016-04-12 12:09:06","account":"y***9","quantity":1,"handle_status":8,"order_type":"53","areaid":"320509","item_id":80},{"address":"湖南省","access_date":"2016-04-12 12:09:06","account":"f***g","quantity":1,"handle_status":8,"order_type":"53","areaid":"431002","item_id":80},{"address":"北京市","access_date":"2016-04-12 12:09:06","account":"q***g","quantity":1,"handle_status":8,"order_type":"53","areaid":"110105","item_id":80},{"address":"江苏省","access_date":"2016-04-12 12:09:06","account":"1***7","quantity":1,"handle_status":8,"order_type":"53","areaid":"320106","item_id":80},{"address":"广东省","access_date":"2016-04-12 12:09:06","account":"y***1","quantity":1,"handle_status":8,"order_type":"53","areaid":"440303","item_id":80},{"address":"山东省","access_date":"2016-04-12 12:09:06","account":"苏***坡","quantity":1,"handle_status":8,"order_type":"53","areaid":"370782","item_id":80},{"address":"广东省","access_date":"2016-04-12 12:09:06","account":"R***u","quantity":1,"handle_status":8,"order_type":"53","areaid":"440606","item_id":80},{"address":"海南省","access_date":"2016-04-12 12:09:06","account":"1***5","quantity":1,"handle_status":8,"order_type":"53","areaid":"469005","item_id":80},{"address":"内蒙古自治区","access_date":"2016-04-12 12:09:06","account":"1***8","quantity":1,"handle_status":8,"order_type":"53","areaid":"150104","item_id":80},{"address":"新疆维吾尔自治区","access_date":"2016-04-12 12:09:06","account":"1***2","quantity":1,"handle_status":8,"order_type":"53","areaid":"652301","item_id":80},{"address":"河北省","access_date":"2016-04-12 12:09:06","account":"1***3","quantity":1,"handle_status":8,"order_type":"53","areaid":"130126","item_id":80},{"address":"湖北省","access_date":"2016-04-12 12:09:06","account":"t***7","quantity":1,"handle_status":8,"order_type":"53","areaid":"429004","item_id":80},{"address":"浙江省","access_date":"2016-04-12 12:09:06","account":"h***1","quantity":1,"handle_status":8,"order_type":"53","areaid":"330203","item_id":80},{"address":"江苏省","access_date":"2016-04-12 12:09:06","account":"1***3","quantity":1,"handle_status":8,"order_type":"53","areaid":"320104","item_id":80},{"address":"上海市","access_date":"2016-04-12 12:09:06","account":"m***i","quantity":1,"handle_status":8,"order_type":"53","areaid":"310113","item_id":80},{"address":"陕西省","access_date":"2016-04-12 12:09:06","account":"z***4","quantity":1,"handle_status":8,"order_type":"53","areaid":"610104","item_id":80},{"address":"辽宁省","access_date":"2016-04-12 12:09:06","account":"1***9","quantity":1,"handle_status":8,"order_type":"53","areaid":"210104","item_id":80},{"address":"江苏省","access_date":"2016-04-12 12:09:06","account":"c***j","quantity":1,"handle_status":8,"order_type":"53","areaid":"320681","item_id":80},{"address":"广东省","access_date":"2016-04-12 12:09:06","account":"y***g","quantity":1,"handle_status":8,"order_type":"53","areaid":"440304","item_id":80},{"address":"广东省","access_date":"2016-04-12 12:09:06","account":"l***i","quantity":1,"handle_status":8,"order_type":"53","areaid":"440606","item_id":80},{"address":"山东省","access_date":"2016-04-12 12:09:06","account":"z***n","quantity":1,"handle_status":8,"order_type":"53","areaid":"370481","item_id":80},{"address":"广东省","access_date":"2016-04-12 12:09:06","account":"胡***水","quantity":1,"handle_status":8,"order_type":"53","areaid":"440303","item_id":80},{"address":"北京市","access_date":"2016-04-12 12:09:06","account":"z***1","quantity":1,"handle_status":8,"order_type":"53","areaid":"110108","item_id":80},{"address":"北京市","access_date":"2016-04-12 12:09:06","account":"3***9","quantity":1,"handle_status":8,"order_type":"53","areaid":"110106","item_id":80},{"address":"江苏省","access_date":"2016-04-12 12:09:06","account":"夜***茫","quantity":1,"handle_status":8,"order_type":"53","areaid":"320412","item_id":80},{"address":"山东省","access_date":"2016-04-12 12:09:06","account":"s***n","quantity":1,"handle_status":8,"order_type":"53","areaid":"371722","item_id":80},{"address":"安徽省","access_date":"2016-04-12 12:09:06","account":"z***e","quantity":1,"handle_status":8,"order_type":"53","areaid":"340104","item_id":80},{"address":"上海市","access_date":"2016-04-12 12:09:06","account":"憧***来","quantity":1,"handle_status":8,"order_type":"53","areaid":"310120","item_id":80},{"address":"河南省","access_date":"2016-04-12 12:09:06","account":"江***山","quantity":1,"handle_status":8,"order_type":"53","areaid":"410611","item_id":80},{"address":"山东省","access_date":"2016-04-12 12:09:06","account":"n***n","quantity":1,"handle_status":8,"order_type":"53","areaid":"370102","item_id":80},{"address":"福建省","access_date":"2016-04-12 12:09:06","account":"s***f","quantity":1,"handle_status":8,"order_type":"53","areaid":"350203","item_id":80},{"address":"上海市","access_date":"2016-04-12 12:09:06","account":"1***8","quantity":1,"handle_status":8,"order_type":"53","areaid":"310110","item_id":80},{"address":"上海市","access_date":"2016-04-12 12:09:06","account":"o***2","quantity":1,"handle_status":8,"order_type":"53","areaid":"310108","item_id":80},{"address":"浙江省","access_date":"2016-04-12 12:09:06","account":"1***2","quantity":1,"handle_status":8,"order_type":"53","areaid":"330702","item_id":80},{"address":"山东省","access_date":"2016-04-12 12:09:05","account":"1***6","quantity":1,"handle_status":8,"order_type":"53","areaid":"370883","item_id":80},{"address":"上海市","access_date":"2016-04-12 12:09:05","account":"1***9","quantity":1,"handle_status":8,"order_type":"53","areaid":"310115","item_id":80},{"address":"浙江省","access_date":"2016-04-12 12:09:05","account":"1***3","quantity":1,"handle_status":8,"order_type":"53","areaid":"330102","item_id":80},{"address":"上海市","access_date":"2016-04-12 12:09:05","account":"四***禄","quantity":1,"handle_status":8,"order_type":"53","areaid":"310115","item_id":80},{"address":"安徽省","access_date":"2016-04-12 12:09:05","account":"z***w","quantity":1,"handle_status":8,"order_type":"53","areaid":"340302","item_id":80},{"address":"湖北省","access_date":"2016-04-12 12:09:05","account":"1***3","quantity":1,"handle_status":8,"order_type":"53","areaid":"421002","item_id":80},{"address":"上海市","access_date":"2016-04-12 12:09:05","account":"q***i","quantity":1,"handle_status":8,"order_type":"53","areaid":"310115","item_id":80},{"address":"浙江省","access_date":"2016-04-12 12:09:05","account":"s***0","quantity":1,"handle_status":8,"order_type":"53","areaid":"330281","item_id":80},{"address":"北京市","access_date":"2016-04-12 12:09:05","account":"1***6","quantity":1,"handle_status":8,"order_type":"53","areaid":"110115","item_id":80},{"address":"山东省","access_date":"2016-04-12 12:09:05","account":"1***9","quantity":1,"handle_status":8,"order_type":"53","areaid":"371501","item_id":80},{"address":"浙江省","access_date":"2016-04-12 12:09:05","account":"y***7","quantity":1,"handle_status":8,"order_type":"53","areaid":"330483","item_id":80},{"address":"辽宁省","access_date":"2016-04-12 12:09:05","account":"一***年","quantity":1,"handle_status":8,"order_type":"53","areaid":"210911","item_id":80},{"address":"上海市","access_date":"2016-04-12 12:09:05","account":"w***5","quantity":1,"handle_status":8,"order_type":"53","areaid":"310115","item_id":80},{"address":"江苏省","access_date":"2016-04-12 12:09:05","account":"1***8","quantity":1,"handle_status":8,"order_type":"53","areaid":"320402","item_id":80},{"address":"江西省","access_date":"2016-04-12 12:09:05","account":"z***g","quantity":1,"handle_status":8,"order_type":"53","areaid":"360902","item_id":80},{"address":"广东省","access_date":"2016-04-12 12:09:05","account":"郑***良","quantity":1,"handle_status":8,"order_type":"53","areaid":"440104","item_id":80},{"address":"山东省","access_date":"2016-04-12 12:09:05","account":"y***o","quantity":1,"handle_status":8,"order_type":"53","areaid":"370801","item_id":80},{"address":"广东省","access_date":"2016-04-12 12:09:05","account":"丁***君","quantity":1,"handle_status":8,"order_type":"53","areaid":"440303","item_id":80},{"address":"江苏省","access_date":"2016-04-12 12:09:05","account":"1***6","quantity":1,"handle_status":8,"order_type":"53","areaid":"320509","item_id":80},{"address":"山东省","access_date":"2016-04-12 12:09:05","account":"q***d","quantity":1,"handle_status":8,"order_type":"53","areaid":"370105","item_id":80},{"address":"江苏省","access_date":"2016-04-12 12:09:05","account":"z***g","quantity":1,"handle_status":8,"order_type":"53","areaid":"320102","item_id":80},{"address":"甘肃省","access_date":"2016-04-12 12:09:05","account":"1***7","quantity":1,"handle_status":8,"order_type":"53","areaid":"620102","item_id":80},{"address":"浙江省","access_date":"2016-04-12 12:09:05","account":"P***1","quantity":1,"handle_status":8,"order_type":"53","areaid":"330782","item_id":80},{"address":"浙江省","access_date":"2016-04-12 12:09:05","account":"1***8","quantity":1,"handle_status":8,"order_type":"53","areaid":"331121","item_id":80},{"address":"江苏省","access_date":"2016-04-12 12:09:05","account":"m***2","quantity":1,"handle_status":8,"order_type":"53","areaid":"320703","item_id":80},{"address":"河北省","access_date":"2016-04-12 12:09:05","account":"z***1","quantity":1,"handle_status":8,"order_type":"53","areaid":"130604","item_id":80},{"address":"山东省","access_date":"2016-04-12 12:09:05","account":"老***隋","quantity":1,"handle_status":8,"order_type":"53","areaid":"370783","item_id":80},{"address":"上海市","access_date":"2016-04-12 12:09:05","account":"于***雷","quantity":1,"handle_status":8,"order_type":"53","areaid":"310115","item_id":80},{"address":"上海市","access_date":"2016-04-12 12:09:05","account":"1***0","quantity":1,"handle_status":8,"order_type":"53","areaid":"310113","item_id":80},{"address":"广东省","access_date":"2016-04-12 12:09:05","account":"c***d","quantity":1,"handle_status":8,"order_type":"53","areaid":"440111","item_id":80},{"address":"陕西省","access_date":"2016-04-12 12:09:05","account":"刘***8","quantity":1,"handle_status":8,"order_type":"53","areaid":"610632","item_id":80},{"address":"河北省","access_date":"2016-04-12 12:09:05","account":"任***强","quantity":1,"handle_status":8,"order_type":"53","areaid":"130203","item_id":80},{"address":"湖北省","access_date":"2016-04-12 12:09:05","account":"A***鱼","quantity":1,"handle_status":8,"order_type":"53","areaid":"421002","item_id":80},{"address":"北京市","access_date":"2016-04-12 12:09:05","account":"1***9","quantity":1,"handle_status":8,"order_type":"53","areaid":"110115","item_id":80},{"address":"北京市","access_date":"2016-04-12 12:09:05","account":"1***4","quantity":1,"handle_status":8,"order_type":"53","areaid":"110115","item_id":80},{"address":"福建省","access_date":"2016-04-12 12:09:05","account":"萨***拉","quantity":1,"handle_status":8,"order_type":"53","areaid":"350182","item_id":80},{"address":"江苏省","access_date":"2016-04-12 12:09:05","account":"k***n","quantity":1,"handle_status":8,"order_type":"53","areaid":"320106","item_id":80},{"address":"江苏省","access_date":"2016-04-12 12:09:04","account":"s***4","quantity":1,"handle_status":8,"order_type":"53","areaid":"320701","item_id":80},{"address":"辽宁省","access_date":"2016-04-12 12:09:04","account":"z***2","quantity":1,"handle_status":8,"order_type":"53","areaid":"210711","item_id":80},{"address":"江苏省","access_date":"2016-04-12 12:09:04","account":"1***9","quantity":1,"handle_status":8,"order_type":"53","areaid":"320281","item_id":80},{"address":"北京市","access_date":"2016-04-12 12:09:04","account":"1***3","quantity":1,"handle_status":-6,"order_type":"53","areaid":"110115","item_id":80},{"address":"湖北省","access_date":"2016-04-12 12:09:04","account":"o***d","quantity":1,"handle_status":8,"order_type":"53","areaid":"420106","item_id":80},{"address":"湖北省","access_date":"2016-04-12 12:09:04","account":"h***n","quantity":1,"handle_status":8,"order_type":"53","areaid":"421002","item_id":80},{"address":"河北省","access_date":"2016-04-12 12:09:04","account":"1***3","quantity":1,"handle_status":8,"order_type":"53","areaid":"130102","item_id":80},{"address":"山东省","access_date":"2016-04-12 12:09:04","account":"1***2","quantity":1,"handle_status":8,"order_type":"53","areaid":"370202","item_id":80},{"address":"辽宁省","access_date":"2016-04-12 12:09:04","account":"1***4","quantity":1,"handle_status":8,"order_type":"53","areaid":"210702","item_id":80}]