[{"address":"山西省","access_date":"2017-02-16 09:29:49","account":"f***x","quantity":1,"handle_status":8,"order_type":"2","areaid":"141182","item_id":139},{"address":"湖北省","access_date":"2017-02-16 01:33:05","account":"z***i","quantity":1,"handle_status":8,"order_type":"2","areaid":"420106","item_id":139},{"address":"安徽省","access_date":"2017-02-15 20:01:32","account":"杨***5","quantity":1,"handle_status":8,"order_type":"2","areaid":"340403","item_id":139},{"address":"安徽省","access_date":"2017-02-15 20:01:00","account":"杨***5","quantity":2,"handle_status":-6,"order_type":"2","areaid":"340403","item_id":139},{"address":"广东省","access_date":"2017-02-15 17:43:34","account":"1***9","quantity":1,"handle_status":8,"order_type":"2","areaid":"440106","item_id":139},{"address":"湖北省","access_date":"2017-02-15 16:34:48","account":"万***8","quantity":1,"handle_status":8,"order_type":"2","areaid":"420111","item_id":139},{"address":"湖南省","access_date":"2017-02-15 15:59:52","account":"6***9","quantity":1,"handle_status":8,"order_type":"2","areaid":"431128","item_id":139},{"address":"湖南省","access_date":"2017-02-15 14:56:22","account":"6***9","quantity":1,"handle_status":8,"order_type":"2","areaid":"431128","item_id":139},{"address":"陕西省","access_date":"2017-01-17 13:38:46","account":"1***7","quantity":1,"handle_status":8,"order_type":"2","areaid":"610103","item_id":139},{"address":"浙江省","access_date":"2017-01-17 10:24:21","account":"1***6","quantity":1,"handle_status":8,"order_type":"2","areaid":"330226","item_id":139},{"address":"吉林省","access_date":"2017-01-17 09:09:30","account":"s***9","quantity":1,"handle_status":8,"order_type":"2","areaid":"220722","item_id":139},{"address":"四川省","access_date":"2017-01-17 09:08:59","account":"g***e","quantity":1,"handle_status":8,"order_type":"2","areaid":"510105","item_id":139},{"address":"江苏省","access_date":"2017-01-16 22:49:30","account":"z***b","quantity":1,"handle_status":8,"order_type":"2","areaid":"320115","item_id":139},{"address":"辽宁省","access_date":"2017-01-16 21:25:51","account":"w***g","quantity":1,"handle_status":8,"order_type":"2","areaid":"210504","item_id":139},{"address":"江西省","access_date":"2017-01-16 20:08:18","account":"宝***考","quantity":1,"handle_status":8,"order_type":"2","areaid":"360111","item_id":139},{"address":"湖北省","access_date":"2017-01-16 19:21:34","account":"o***6","quantity":1,"handle_status":8,"order_type":"2","areaid":"420106","item_id":139},{"address":"浙江省","access_date":"2017-01-16 19:08:26","account":"z***4","quantity":1,"handle_status":8,"order_type":"2","areaid":"330381","item_id":139},{"address":"浙江省","access_date":"2017-01-16 19:04:01","account":"z***5","quantity":1,"handle_status":-6,"order_type":"2","areaid":"330381","item_id":139},{"address":"江西省","access_date":"2017-01-16 15:05:54","account":"紫***长","quantity":1,"handle_status":8,"order_type":"2","areaid":"360111","item_id":139},{"address":"江苏省","access_date":"2017-01-16 14:09:27","account":"w***8","quantity":1,"handle_status":8,"order_type":"2","areaid":"320115","item_id":139},{"address":"河南省","access_date":"2017-01-16 14:08:28","account":"1***7","quantity":1,"handle_status":-6,"order_type":"2","areaid":"411002","item_id":139},{"address":"河南省","access_date":"2017-01-16 12:23:45","account":"梦***由","quantity":1,"handle_status":8,"order_type":"2","areaid":"411303","item_id":139},{"address":"广东省","access_date":"2017-01-16 00:30:22","account":"1***6","quantity":1,"handle_status":8,"order_type":"2","areaid":"440403","item_id":139},{"address":"重庆市","access_date":"2017-01-15 20:19:26","account":"1***0","quantity":1,"handle_status":8,"order_type":"2","areaid":"500112","item_id":139},{"address":"重庆市","access_date":"2017-01-15 16:42:08","account":"1***0","quantity":8,"handle_status":8,"order_type":"2","areaid":"500112","item_id":139},{"address":"黑龙江省","access_date":"2017-01-15 14:05:00","account":"h***8","quantity":1,"handle_status":8,"order_type":"2","areaid":"231002","item_id":139},{"address":"广西壮族自治区","access_date":"2017-01-15 12:13:03","account":"y***0","quantity":1,"handle_status":-6,"order_type":"2","areaid":"450602","item_id":139},{"address":"浙江省","access_date":"2017-01-15 10:29:39","account":"1***7","quantity":1,"handle_status":-6,"order_type":"2","areaid":"330381","item_id":139},{"address":"上海市","access_date":"2017-01-15 00:20:25","account":"1***6","quantity":1,"handle_status":-6,"order_type":"2","areaid":"310112","item_id":139},{"address":"江西省","access_date":"2017-01-14 18:20:36","account":"e***6","quantity":1,"handle_status":8,"order_type":"2","areaid":"360983","item_id":139},{"address":"浙江省","access_date":"2017-01-14 14:47:42","account":"w***8","quantity":1,"handle_status":8,"order_type":"2","areaid":"331024","item_id":139},{"address":"上海市","access_date":"2017-01-14 12:00:17","account":"1***8","quantity":1,"handle_status":8,"order_type":"2","areaid":"310104","item_id":139},{"address":"广西壮族自治区","access_date":"2017-01-14 08:44:26","account":"1***6","quantity":1,"handle_status":8,"order_type":"2","areaid":"450603","item_id":139},{"address":"广东省","access_date":"2017-01-13 19:22:02","account":"1***6","quantity":1,"handle_status":8,"order_type":"2","areaid":"ff8080814cd0d0f4014cd56f66b80001","item_id":139},{"address":"浙江省","access_date":"2017-01-13 18:12:34","account":"z***5","quantity":1,"handle_status":8,"order_type":"2","areaid":"330702","item_id":139},{"address":"浙江省","access_date":"2017-01-13 17:56:18","account":"z***5","quantity":1,"handle_status":8,"order_type":"2","areaid":"330702","item_id":139},{"address":"安徽省","access_date":"2017-01-13 16:19:55","account":"d***y","quantity":1,"handle_status":8,"order_type":"2","areaid":"340202","item_id":139},{"address":"山东省","access_date":"2017-01-13 15:49:27","account":"j***8","quantity":1,"handle_status":8,"order_type":"2","areaid":"370104","item_id":139},{"address":"北京市","access_date":"2017-01-13 15:06:53","account":"s***e","quantity":1,"handle_status":8,"order_type":"2","areaid":"110102","item_id":139},{"address":"湖北省","access_date":"2017-01-13 12:29:09","account":"5***7","quantity":1,"handle_status":8,"order_type":"2","areaid":"420106","item_id":139},{"address":"北京市","access_date":"2017-01-13 11:12:25","account":"z***y","quantity":1,"handle_status":8,"order_type":"2","areaid":"110108","item_id":139},{"address":"福建省","access_date":"2017-01-13 10:59:16","account":"海***k","quantity":1,"handle_status":8,"order_type":"2","areaid":"350203","item_id":139},{"address":"河南省","access_date":"2017-01-13 10:28:52","account":"1***9","quantity":1,"handle_status":8,"order_type":"2","areaid":"410425","item_id":139},{"address":"北京市","access_date":"2017-01-13 10:21:42","account":"t***u","quantity":1,"handle_status":8,"order_type":"2","areaid":"110108","item_id":139},{"address":"河南省","access_date":"2017-01-13 10:01:00","account":"4***5","quantity":1,"handle_status":8,"order_type":"2","areaid":"410181","item_id":139},{"address":"江苏省","access_date":"2017-01-13 09:32:14","account":"j***s","quantity":1,"handle_status":8,"order_type":"2","areaid":"321012","item_id":139},{"address":"贵州省","access_date":"2017-01-13 07:36:23","account":"陈***明","quantity":1,"handle_status":8,"order_type":"2","areaid":"520111","item_id":139},{"address":"天津市","access_date":"2017-01-12 22:23:19","account":"s***2","quantity":1,"handle_status":8,"order_type":"2","areaid":"120116","item_id":139},{"address":"浙江省","access_date":"2017-01-12 21:44:54","account":"h***g","quantity":1,"handle_status":8,"order_type":"2","areaid":"330105","item_id":139},{"address":"湖南省","access_date":"2017-01-12 21:33:05","account":"l***1","quantity":1,"handle_status":8,"order_type":"2","areaid":"431026","item_id":139},{"address":"上海市","access_date":"2017-01-12 21:32:32","account":"y***9","quantity":1,"handle_status":8,"order_type":"2","areaid":"310114","item_id":139},{"address":"北京市","access_date":"2017-01-12 17:37:18","account":"1***4","quantity":1,"handle_status":8,"order_type":"2","areaid":"110102","item_id":139},{"address":"重庆市","access_date":"2017-01-12 15:23:21","account":"1***9","quantity":1,"handle_status":8,"order_type":"2","areaid":"500107","item_id":139},{"address":"内蒙古自治区","access_date":"2017-01-12 14:46:33","account":"y***8","quantity":1,"handle_status":8,"order_type":"2","areaid":"150581","item_id":139},{"address":"河南省","access_date":"2017-01-12 14:01:16","account":"s***5","quantity":1,"handle_status":8,"order_type":"2","areaid":"410402","item_id":139},{"address":"四川省","access_date":"2017-01-12 13:47:00","account":"1***7","quantity":1,"handle_status":8,"order_type":"2","areaid":"512081","item_id":139},{"address":"湖北省","access_date":"2017-01-12 11:08:24","account":"百***君","quantity":1,"handle_status":8,"order_type":"2","areaid":"429005","item_id":139},{"address":"重庆市","access_date":"2017-01-12 10:35:04","account":"重***雨","quantity":1,"handle_status":8,"order_type":"2","areaid":"500106","item_id":139},{"address":"上海市","access_date":"2017-01-12 10:17:48","account":"y***3","quantity":1,"handle_status":8,"order_type":"2","areaid":"310113","item_id":139},{"address":"上海市","access_date":"2017-01-12 10:16:30","account":"y***n","quantity":1,"handle_status":8,"order_type":"2","areaid":"310107","item_id":139},{"address":"陕西省","access_date":"2017-01-12 09:20:08","account":"c***n","quantity":1,"handle_status":-6,"order_type":"2","areaid":"610113","item_id":139},{"address":"山西省","access_date":"2017-01-12 09:02:34","account":"1***3","quantity":1,"handle_status":8,"order_type":"2","areaid":"140928","item_id":139},{"address":"山西省","access_date":"2017-01-12 08:37:26","account":"h***7","quantity":1,"handle_status":8,"order_type":"2","areaid":"140702","item_id":139},{"address":"北京市","access_date":"2017-01-12 08:29:12","account":"x***1","quantity":1,"handle_status":8,"order_type":"2","areaid":"110101","item_id":139},{"address":"新疆维吾尔自治区","access_date":"2017-01-12 07:19:43","account":"l***6","quantity":1,"handle_status":8,"order_type":"2","areaid":"650203","item_id":139},{"address":"广东省","access_date":"2017-01-12 02:38:37","account":"y***7","quantity":1,"handle_status":8,"order_type":"2","areaid":"440111","item_id":139},{"address":"吉林省","access_date":"2017-01-11 23:41:24","account":"1***5","quantity":1,"handle_status":8,"order_type":"2","areaid":"220104","item_id":139},{"address":"北京市","access_date":"2017-01-11 21:42:12","account":"1***8","quantity":1,"handle_status":8,"order_type":"2","areaid":"110101","item_id":139},{"address":"河北省","access_date":"2017-01-11 21:38:25","account":"s***C","quantity":1,"handle_status":8,"order_type":"2","areaid":"130824","item_id":139},{"address":"上海市","access_date":"2017-01-11 20:10:03","account":"s***0","quantity":1,"handle_status":8,"order_type":"2","areaid":"310104","item_id":139},{"address":"江西省","access_date":"2017-01-11 19:41:17","account":"l***7","quantity":1,"handle_status":8,"order_type":"2","areaid":"361028","item_id":139},{"address":"山东省","access_date":"2017-01-11 18:52:33","account":"张***河","quantity":1,"handle_status":8,"order_type":"2","areaid":"370211","item_id":139},{"address":"山东省","access_date":"2017-01-11 18:43:20","account":"w***7","quantity":1,"handle_status":8,"order_type":"2","areaid":"371302","item_id":139},{"address":"上海市","access_date":"2017-01-11 18:16:30","account":"j***o","quantity":1,"handle_status":8,"order_type":"2","areaid":"310115","item_id":139},{"address":"广西壮族自治区","access_date":"2017-01-11 18:01:52","account":"1***8","quantity":1,"handle_status":8,"order_type":"2","areaid":"450802","item_id":139},{"address":"重庆市","access_date":"2017-01-11 15:03:16","account":"h***6","quantity":1,"handle_status":8,"order_type":"2","areaid":"500107","item_id":139},{"address":"江苏省","access_date":"2017-01-11 14:26:30","account":"任***8","quantity":1,"handle_status":8,"order_type":"2","areaid":"320981","item_id":139},{"address":"陕西省","access_date":"2017-01-11 13:51:13","account":"c***2","quantity":1,"handle_status":8,"order_type":"2","areaid":"610126","item_id":139},{"address":"北京市","access_date":"2017-01-11 13:01:55","account":"一***x","quantity":1,"handle_status":8,"order_type":"2","areaid":"110112","item_id":139},{"address":"北京市","access_date":"2017-01-11 12:45:18","account":"1***1","quantity":1,"handle_status":8,"order_type":"2","areaid":"110102","item_id":139},{"address":"青海省","access_date":"2017-01-11 12:11:05","account":"q***n","quantity":1,"handle_status":8,"order_type":"2","areaid":"630103","item_id":139},{"address":"江苏省","access_date":"2017-01-11 11:57:25","account":"a***8","quantity":1,"handle_status":8,"order_type":"2","areaid":"321003","item_id":139},{"address":"重庆市","access_date":"2017-01-11 11:37:54","account":"h***6","quantity":1,"handle_status":8,"order_type":"2","areaid":"500107","item_id":139},{"address":"吉林省","access_date":"2017-01-11 11:22:40","account":"q***g","quantity":1,"handle_status":8,"order_type":"2","areaid":"220303","item_id":139},{"address":"辽宁省","access_date":"2017-01-11 09:59:14","account":"c***8","quantity":2,"handle_status":8,"order_type":"2","areaid":"210302","item_id":139},{"address":"辽宁省","access_date":"2017-01-11 09:52:02","account":"c***8","quantity":1,"handle_status":8,"order_type":"2","areaid":"210302","item_id":139},{"address":"上海市","access_date":"2017-01-11 09:49:08","account":"l***5","quantity":1,"handle_status":8,"order_type":"2","areaid":"310112","item_id":139},{"address":"河南省","access_date":"2017-01-11 08:29:58","account":"1***2","quantity":1,"handle_status":8,"order_type":"2","areaid":"410502","item_id":139},{"address":"辽宁省","access_date":"2017-01-11 07:36:25","account":"霍***0","quantity":1,"handle_status":8,"order_type":"2","areaid":"210703","item_id":139},{"address":"河南省","access_date":"2017-01-11 07:20:08","account":"1***5","quantity":1,"handle_status":8,"order_type":"2","areaid":"410105","item_id":139},{"address":"河南省","access_date":"2017-01-11 07:10:32","account":"1***5","quantity":1,"handle_status":8,"order_type":"2","areaid":"410105","item_id":139},{"address":"重庆市","access_date":"2017-01-11 03:10:50","account":"t***i","quantity":1,"handle_status":8,"order_type":"2","areaid":"500118","item_id":139},{"address":"河南省","access_date":"2017-01-10 22:53:46","account":"王***亮","quantity":1,"handle_status":8,"order_type":"2","areaid":"410105","item_id":139},{"address":"山西省","access_date":"2017-01-10 21:25:50","account":"g***g","quantity":1,"handle_status":-6,"order_type":"2","areaid":"140721","item_id":139},{"address":"宁夏回族自治区","access_date":"2017-01-10 19:05:50","account":"j***3","quantity":1,"handle_status":8,"order_type":"2","areaid":"640105","item_id":139},{"address":"四川省","access_date":"2017-01-10 19:03:17","account":"w***6","quantity":1,"handle_status":8,"order_type":"2","areaid":"510106","item_id":139},{"address":"天津市","access_date":"2017-01-10 18:03:10","account":"s***e","quantity":1,"handle_status":8,"order_type":"2","areaid":"120104","item_id":139},{"address":"内蒙古自治区","access_date":"2017-01-10 17:05:49","account":"c***3","quantity":1,"handle_status":8,"order_type":"2","areaid":"152922","item_id":139},{"address":"河南省","access_date":"2017-01-10 16:46:21","account":"h***j","quantity":1,"handle_status":8,"order_type":"2","areaid":"410102","item_id":139},{"address":"湖北省","access_date":"2017-01-10 16:22:34","account":"d***7","quantity":1,"handle_status":8,"order_type":"2","areaid":"420106","item_id":139},{"address":"北京市","access_date":"2017-01-10 14:20:46","account":"k***n","quantity":1,"handle_status":8,"order_type":"2","areaid":"110105","item_id":139},{"address":"河北省","access_date":"2017-01-10 13:50:02","account":"谷***文","quantity":1,"handle_status":8,"order_type":"2","areaid":"130229","item_id":139},{"address":"湖北省","access_date":"2017-01-10 13:44:32","account":"w***9","quantity":1,"handle_status":8,"order_type":"2","areaid":"420112","item_id":139},{"address":"北京市","access_date":"2017-01-10 12:25:25","account":"t***3","quantity":1,"handle_status":8,"order_type":"2","areaid":"110108","item_id":139},{"address":"上海市","access_date":"2017-01-10 12:21:09","account":"l***5","quantity":1,"handle_status":8,"order_type":"2","areaid":"310104","item_id":139},{"address":"湖北省","access_date":"2017-01-10 12:04:31","account":"w***l","quantity":1,"handle_status":8,"order_type":"2","areaid":"421022","item_id":139},{"address":"湖北省","access_date":"2017-01-10 11:29:29","account":"1***6","quantity":1,"handle_status":8,"order_type":"2","areaid":"420704","item_id":139},{"address":"河南省","access_date":"2017-01-10 10:45:37","account":"D***5","quantity":1,"handle_status":-6,"order_type":"2","areaid":"410403","item_id":139},{"address":"上海市","access_date":"2017-01-10 10:42:50","account":"h***y","quantity":1,"handle_status":8,"order_type":"2","areaid":"310108","item_id":139},{"address":"山东省","access_date":"2017-01-10 10:26:20","account":"天***z","quantity":1,"handle_status":8,"order_type":"2","areaid":"371202","item_id":139},{"address":"北京市","access_date":"2017-01-10 10:11:43","account":"1***0","quantity":1,"handle_status":8,"order_type":"2","areaid":"110105","item_id":139},{"address":"北京市","access_date":"2017-01-10 09:24:39","account":"1***9","quantity":1,"handle_status":8,"order_type":"2","areaid":"110102","item_id":139},{"address":"四川省","access_date":"2017-01-10 08:59:20","account":"o***e","quantity":1,"handle_status":8,"order_type":"2","areaid":"511112","item_id":139},{"address":"上海市","access_date":"2017-01-09 23:18:53","account":"T***u","quantity":1,"handle_status":8,"order_type":"2","areaid":"310117","item_id":139},{"address":"广西壮族自治区","access_date":"2017-01-09 22:52:23","account":"i***9","quantity":1,"handle_status":8,"order_type":"2","areaid":"450107","item_id":139},{"address":"上海市","access_date":"2017-01-09 22:51:18","account":"1***5","quantity":1,"handle_status":8,"order_type":"2","areaid":"310105","item_id":139},{"address":"山东省","access_date":"2017-01-09 22:38:45","account":"0***王","quantity":2,"handle_status":8,"order_type":"2","areaid":"370105","item_id":139},{"address":"上海市","access_date":"2017-01-09 22:32:54","account":"y***4","quantity":1,"handle_status":8,"order_type":"2","areaid":"310115","item_id":139},{"address":"湖北省","access_date":"2017-01-09 21:45:42","account":"a***4","quantity":1,"handle_status":8,"order_type":"2","areaid":"420106","item_id":139},{"address":"四川省","access_date":"2017-01-09 21:40:32","account":"g***5","quantity":1,"handle_status":8,"order_type":"2","areaid":"511028","item_id":139},{"address":"内蒙古自治区","access_date":"2017-01-09 19:31:57","account":"h***6","quantity":1,"handle_status":8,"order_type":"2","areaid":"150782","item_id":139},{"address":"安徽省","access_date":"2017-01-09 18:48:46","account":"s***9","quantity":1,"handle_status":8,"order_type":"2","areaid":"340104","item_id":139},{"address":"辽宁省","access_date":"2017-01-09 18:18:28","account":"8***3","quantity":1,"handle_status":8,"order_type":"2","areaid":"210283","item_id":139},{"address":"内蒙古自治区","access_date":"2017-01-09 18:13:17","account":"b***8","quantity":1,"handle_status":8,"order_type":"2","areaid":"150721","item_id":139},{"address":"新疆维吾尔自治区","access_date":"2017-01-09 17:34:18","account":"3***0","quantity":1,"handle_status":8,"order_type":"2","areaid":"654202","item_id":139},{"address":"山东省","access_date":"2017-01-09 16:56:26","account":"z***t","quantity":1,"handle_status":8,"order_type":"2","areaid":"370202","item_id":139},{"address":"浙江省","access_date":"2017-01-09 16:46:50","account":"y***0","quantity":1,"handle_status":8,"order_type":"2","areaid":"330481","item_id":139},{"address":"北京市","access_date":"2017-01-09 16:13:26","account":"大***子","quantity":1,"handle_status":8,"order_type":"2","areaid":"110105","item_id":139},{"address":"浙江省","access_date":"2017-01-09 15:35:50","account":"a***u","quantity":1,"handle_status":-6,"order_type":"2","areaid":"330109","item_id":139},{"address":"福建省","access_date":"2017-01-09 15:35:39","account":"w***b","quantity":2,"handle_status":8,"order_type":"2","areaid":"350104","item_id":139},{"address":"安徽省","access_date":"2017-01-09 15:28:00","account":"z***n","quantity":1,"handle_status":8,"order_type":"2","areaid":"340111","item_id":139},{"address":"四川省","access_date":"2017-01-09 14:06:04","account":"d***0","quantity":1,"handle_status":8,"order_type":"2","areaid":"511702","item_id":139},{"address":"上海市","access_date":"2017-01-09 13:46:32","account":"C***g","quantity":2,"handle_status":8,"order_type":"2","areaid":"310105","item_id":139},{"address":"甘肃省","access_date":"2017-01-09 13:14:28","account":"挑***1","quantity":1,"handle_status":-6,"order_type":"2","areaid":"621121","item_id":139},{"address":"上海市","access_date":"2017-01-09 12:08:27","account":"吴***8","quantity":1,"handle_status":8,"order_type":"2","areaid":"310120","item_id":139},{"address":"北京市","access_date":"2017-01-09 12:08:00","account":"s***i","quantity":1,"handle_status":8,"order_type":"2","areaid":"110105","item_id":139},{"address":"山东省","access_date":"2017-01-09 11:55:29","account":"1***9","quantity":1,"handle_status":-6,"order_type":"2","areaid":"370202","item_id":139},{"address":"河北省","access_date":"2017-01-09 11:53:32","account":"1***8","quantity":1,"handle_status":8,"order_type":"2","areaid":"130208","item_id":139},{"address":"上海市","access_date":"2017-01-09 11:15:50","account":"y***4","quantity":1,"handle_status":8,"order_type":"2","areaid":"310115","item_id":139},{"address":"广东省","access_date":"2017-01-09 11:11:18","account":"l***m","quantity":1,"handle_status":8,"order_type":"2","areaid":"ff8080814cd0d0f4014cd56f66b80001","item_id":139},{"address":"黑龙江省","access_date":"2017-01-09 11:05:15","account":"j***7","quantity":1,"handle_status":8,"order_type":"2","areaid":"230804","item_id":139},{"address":"浙江省","access_date":"2017-01-09 10:39:56","account":"A***3","quantity":1,"handle_status":8,"order_type":"2","areaid":"330203","item_id":139},{"address":"江苏省","access_date":"2017-01-09 10:38:13","account":"1***8","quantity":1,"handle_status":8,"order_type":"2","areaid":"320581","item_id":139},{"address":"江苏省","access_date":"2017-01-09 10:04:29","account":"s***o","quantity":1,"handle_status":8,"order_type":"2","areaid":"320585","item_id":139},{"address":"广西壮族自治区","access_date":"2017-01-09 09:35:14","account":"C***8","quantity":1,"handle_status":-6,"order_type":"2","areaid":"450521","item_id":139},{"address":"新疆维吾尔自治区","access_date":"2017-01-09 09:26:39","account":"h***r","quantity":1,"handle_status":8,"order_type":"2","areaid":"650102","item_id":139},{"address":"浙江省","access_date":"2017-01-09 08:50:54","account":"c***h","quantity":1,"handle_status":8,"order_type":"2","areaid":"330102","item_id":139},{"address":"北京市","access_date":"2017-01-09 08:26:48","account":"1***4","quantity":1,"handle_status":8,"order_type":"2","areaid":"110108","item_id":139},{"address":"湖南省","access_date":"2017-01-09 08:16:24","account":"l***2","quantity":1,"handle_status":8,"order_type":"2","areaid":"430405","item_id":139},{"address":"浙江省","access_date":"2017-01-09 07:51:57","account":"圆***8","quantity":1,"handle_status":8,"order_type":"2","areaid":"330281","item_id":139},{"address":"河北省","access_date":"2017-01-08 22:05:00","account":"1***6","quantity":1,"handle_status":8,"order_type":"2","areaid":"130604","item_id":139},{"address":"山西省","access_date":"2017-01-08 21:37:14","account":"l***a","quantity":1,"handle_status":8,"order_type":"2","areaid":"141181","item_id":139},{"address":"河北省","access_date":"2017-01-08 20:55:27","account":"大***7","quantity":1,"handle_status":8,"order_type":"2","areaid":"130224","item_id":139},{"address":"浙江省","access_date":"2017-01-08 20:28:47","account":"i***s","quantity":1,"handle_status":8,"order_type":"2","areaid":"330104","item_id":139},{"address":"福建省","access_date":"2017-01-08 19:29:00","account":"f***m","quantity":1,"handle_status":8,"order_type":"2","areaid":"350104","item_id":139},{"address":"山东省","access_date":"2017-01-08 19:15:39","account":"1***8","quantity":1,"handle_status":8,"order_type":"2","areaid":"371325","item_id":139},{"address":"山东省","access_date":"2017-01-08 19:05:55","account":"2***g","quantity":1,"handle_status":8,"order_type":"2","areaid":"370602","item_id":139},{"address":"内蒙古自治区","access_date":"2017-01-08 17:23:47","account":"x***6","quantity":1,"handle_status":8,"order_type":"2","areaid":"150204","item_id":139},{"address":"北京市","access_date":"2017-01-08 17:23:41","account":"s***y","quantity":1,"handle_status":8,"order_type":"2","areaid":"110106","item_id":139},{"address":"福建省","access_date":"2017-01-08 14:56:58","account":"A***K","quantity":1,"handle_status":8,"order_type":"2","areaid":"350181","item_id":139},{"address":"江西省","access_date":"2017-01-08 14:45:31","account":"d***1","quantity":1,"handle_status":8,"order_type":"2","areaid":"360104","item_id":139},{"address":"湖南省","access_date":"2017-01-08 13:50:20","account":"l***9","quantity":1,"handle_status":8,"order_type":"2","areaid":"430105","item_id":139},{"address":"贵州省","access_date":"2017-01-08 13:49:44","account":"1***8","quantity":1,"handle_status":8,"order_type":"2","areaid":"520402","item_id":139},{"address":"山西省","access_date":"2017-01-08 12:53:46","account":"琐***5","quantity":1,"handle_status":8,"order_type":"2","areaid":"140105","item_id":139},{"address":"四川省","access_date":"2017-01-08 12:36:46","account":"w***7","quantity":1,"handle_status":-6,"order_type":"2","areaid":"511402","item_id":139},{"address":"辽宁省","access_date":"2017-01-08 12:31:10","account":"f***1","quantity":1,"handle_status":8,"order_type":"2","areaid":"210404","item_id":139},{"address":"安徽省","access_date":"2017-01-08 12:23:21","account":"布***侠","quantity":1,"handle_status":8,"order_type":"2","areaid":"340703","item_id":139},{"address":"山西省","access_date":"2017-01-08 12:09:58","account":"琐***5","quantity":5,"handle_status":8,"order_type":"2","areaid":"140105","item_id":139},{"address":"广东省","access_date":"2017-01-08 11:54:29","account":"l***g","quantity":1,"handle_status":8,"order_type":"2","areaid":"440306","item_id":139},{"address":"湖北省","access_date":"2017-01-08 11:28:16","account":"b***9","quantity":1,"handle_status":8,"order_type":"2","areaid":"420102","item_id":139},{"address":"浙江省","access_date":"2017-01-08 11:03:51","account":"z***4","quantity":1,"handle_status":-6,"order_type":"2","areaid":"330381","item_id":139},{"address":"四川省","access_date":"2017-01-07 23:20:06","account":"8***0","quantity":1,"handle_status":8,"order_type":"2","areaid":"511402","item_id":139},{"address":"四川省","access_date":"2017-01-07 23:12:30","account":"8***0","quantity":1,"handle_status":8,"order_type":"2","areaid":"511402","item_id":139},{"address":"浙江省","access_date":"2017-01-07 22:06:52","account":"啃***猫","quantity":1,"handle_status":8,"order_type":"2","areaid":"330782","item_id":139},{"address":"上海市","access_date":"2017-01-07 21:47:36","account":"s***8","quantity":1,"handle_status":8,"order_type":"2","areaid":"310104","item_id":139},{"address":"福建省","access_date":"2017-01-07 21:24:13","account":"1***9","quantity":1,"handle_status":8,"order_type":"2","areaid":"350182","item_id":139},{"address":"江苏省","access_date":"2017-01-07 21:15:43","account":"c***0","quantity":1,"handle_status":8,"order_type":"2","areaid":"320106","item_id":139},{"address":"湖北省","access_date":"2017-01-07 21:04:50","account":"张***友","quantity":1,"handle_status":8,"order_type":"2","areaid":"429005","item_id":139},{"address":"江苏省","access_date":"2017-01-07 20:50:39","account":"x***0","quantity":1,"handle_status":8,"order_type":"2","areaid":"320211","item_id":139},{"address":"吉林省","access_date":"2017-01-07 20:49:16","account":"1***7","quantity":1,"handle_status":8,"order_type":"2","areaid":"220204","item_id":139},{"address":"江苏省","access_date":"2017-01-07 20:30:01","account":"1***3","quantity":1,"handle_status":8,"order_type":"2","areaid":"320205","item_id":139},{"address":"天津市","access_date":"2017-01-07 18:27:40","account":"京***1","quantity":1,"handle_status":8,"order_type":"2","areaid":"120114","item_id":139},{"address":"北京市","access_date":"2017-01-07 18:05:24","account":"h***u","quantity":1,"handle_status":8,"order_type":"2","areaid":"110102","item_id":139},{"address":"北京市","access_date":"2017-01-07 17:59:55","account":"h***u","quantity":1,"handle_status":-6,"order_type":"2","areaid":"110102","item_id":139},{"address":"北京市","access_date":"2017-01-07 16:23:37","account":"h***0","quantity":1,"handle_status":8,"order_type":"2","areaid":"110105","item_id":139},{"address":"陕西省","access_date":"2017-01-07 13:39:25","account":"王***9","quantity":1,"handle_status":8,"order_type":"2","areaid":"610821","item_id":139},{"address":"云南省","access_date":"2017-01-07 13:25:04","account":"1***0","quantity":1,"handle_status":8,"order_type":"2","areaid":"530111","item_id":139},{"address":"四川省","access_date":"2017-01-07 13:09:02","account":"H***U","quantity":1,"handle_status":8,"order_type":"2","areaid":"511024","item_id":139},{"address":"河北省","access_date":"2017-01-07 12:02:52","account":"徐***程","quantity":1,"handle_status":8,"order_type":"2","areaid":"131082","item_id":139},{"address":"上海市","access_date":"2017-01-07 11:36:45","account":"x***6","quantity":1,"handle_status":8,"order_type":"2","areaid":"310115","item_id":139},{"address":"广东省","access_date":"2017-01-07 11:35:05","account":"l***3","quantity":1,"handle_status":8,"order_type":"2","areaid":"440513","item_id":139},{"address":"江苏省","access_date":"2017-01-07 11:28:21","account":"1***7","quantity":1,"handle_status":8,"order_type":"2","areaid":"320106","item_id":139},{"address":"四川省","access_date":"2017-01-07 11:24:15","account":"l***9","quantity":1,"handle_status":8,"order_type":"2","areaid":"511902","item_id":139},{"address":"贵州省","access_date":"2017-01-07 11:19:38","account":"1***8","quantity":1,"handle_status":8,"order_type":"2","areaid":"522324","item_id":139},{"address":"上海市","access_date":"2017-01-07 11:01:23","account":"m***y","quantity":1,"handle_status":8,"order_type":"2","areaid":"310112","item_id":139},{"address":"江苏省","access_date":"2017-01-07 10:59:49","account":"g***n","quantity":1,"handle_status":8,"order_type":"2","areaid":"321003","item_id":139},{"address":"四川省","access_date":"2017-01-07 10:58:43","account":"L***5","quantity":1,"handle_status":8,"order_type":"2","areaid":"510122","item_id":139},{"address":"江西省","access_date":"2017-01-07 10:25:16","account":"1***5","quantity":1,"handle_status":8,"order_type":"2","areaid":"360521","item_id":139},{"address":"云南省","access_date":"2017-01-07 10:07:17","account":"y***8","quantity":1,"handle_status":8,"order_type":"2","areaid":"530402","item_id":139},{"address":"上海市","access_date":"2017-01-07 10:06:08","account":"w***3","quantity":1,"handle_status":8,"order_type":"2","areaid":"310101","item_id":139},{"address":"江苏省","access_date":"2017-01-07 09:29:29","account":"前***茶","quantity":1,"handle_status":8,"order_type":"2","areaid":"320113","item_id":139},{"address":"四川省","access_date":"2017-01-07 09:09:20","account":"w***5","quantity":1,"handle_status":8,"order_type":"2","areaid":"513433","item_id":139},{"address":"四川省","access_date":"2017-01-07 08:57:53","account":"1***0","quantity":1,"handle_status":8,"order_type":"2","areaid":"510322","item_id":139},{"address":"内蒙古自治区","access_date":"2017-01-07 08:49:43","account":"春***玉","quantity":1,"handle_status":8,"order_type":"2","areaid":"150923","item_id":139},{"address":"山东省","access_date":"2017-01-07 08:46:06","account":"t***2","quantity":1,"handle_status":8,"order_type":"2","areaid":"371322","item_id":139},{"address":"天津市","access_date":"2017-01-07 08:37:47","account":"彩***峰","quantity":1,"handle_status":8,"order_type":"2","areaid":"120114","item_id":139},{"address":"山东省","access_date":"2017-01-07 08:04:18","account":"y***i","quantity":1,"handle_status":8,"order_type":"2","areaid":"371325","item_id":139},{"address":"陕西省","access_date":"2017-01-07 07:20:07","account":"田***森","quantity":1,"handle_status":8,"order_type":"2","areaid":"610113","item_id":139},{"address":"湖南省","access_date":"2017-01-07 07:17:40","account":"四***天","quantity":1,"handle_status":8,"order_type":"2","areaid":"431022","item_id":139},{"address":"广东省","access_date":"2017-01-07 07:01:01","account":"元***兄","quantity":1,"handle_status":8,"order_type":"2","areaid":"ff8080814cd0d0f4014cd571e2a50002","item_id":139},{"address":"江苏省","access_date":"2017-01-07 06:22:24","account":"Z***G","quantity":1,"handle_status":8,"order_type":"2","areaid":"320601","item_id":139},{"address":"山西省","access_date":"2017-01-07 04:43:24","account":"1***q","quantity":1,"handle_status":8,"order_type":"2","areaid":"141121","item_id":139},{"address":"河北省","access_date":"2017-01-07 04:27:39","account":"y***1","quantity":1,"handle_status":8,"order_type":"2","areaid":"130821","item_id":139},{"address":"四川省","access_date":"2017-01-07 00:32:12","account":"1***0","quantity":1,"handle_status":8,"order_type":"2","areaid":"510322","item_id":139},{"address":"广东省","access_date":"2017-01-07 00:02:42","account":"1***8","quantity":1,"handle_status":8,"order_type":"2","areaid":"441423","item_id":139},{"address":"新疆维吾尔自治区","access_date":"2017-01-06 23:21:48","account":"随***心","quantity":1,"handle_status":8,"order_type":"2","areaid":"650103","item_id":139},{"address":"福建省","access_date":"2017-01-06 23:03:26","account":"n***s","quantity":1,"handle_status":8,"order_type":"2","areaid":"350102","item_id":139},{"address":"陕西省","access_date":"2017-01-06 22:46:29","account":"招***民","quantity":1,"handle_status":8,"order_type":"2","areaid":"610629","item_id":139},{"address":"安徽省","access_date":"2017-01-06 22:29:50","account":"z***n","quantity":1,"handle_status":8,"order_type":"2","areaid":"340111","item_id":139},{"address":"重庆市","access_date":"2017-01-06 22:25:30","account":"1***7","quantity":1,"handle_status":8,"order_type":"2","areaid":"500104","item_id":139},{"address":"山东省","access_date":"2017-01-06 21:51:16","account":"l***1","quantity":1,"handle_status":8,"order_type":"2","areaid":"370323","item_id":139},{"address":"广东省","access_date":"2017-01-06 21:49:07","account":"w***6","quantity":1,"handle_status":8,"order_type":"2","areaid":"440307","item_id":139},{"address":"北京市","access_date":"2017-01-06 21:37:24","account":"l***1","quantity":1,"handle_status":8,"order_type":"2","areaid":"110114","item_id":139},{"address":"山东省","access_date":"2017-01-06 21:37:00","account":"1***8","quantity":2,"handle_status":8,"order_type":"2","areaid":"370103","item_id":139},{"address":"山东省","access_date":"2017-01-06 21:21:16","account":"思***舞","quantity":1,"handle_status":8,"order_type":"2","areaid":"370304","item_id":139},{"address":"浙江省","access_date":"2017-01-06 21:09:48","account":"p***0","quantity":1,"handle_status":8,"order_type":"2","areaid":"331021","item_id":139},{"address":"北京市","access_date":"2017-01-06 21:08:17","account":"c***l","quantity":1,"handle_status":8,"order_type":"2","areaid":"110105","item_id":139},{"address":"北京市","access_date":"2017-01-06 21:06:21","account":"1***8","quantity":1,"handle_status":8,"order_type":"2","areaid":"110113","item_id":139},{"address":"福建省","access_date":"2017-01-06 20:52:32","account":"c***9","quantity":1,"handle_status":8,"order_type":"2","areaid":"350104","item_id":139},{"address":"江苏省","access_date":"2017-01-06 20:31:13","account":"木***人","quantity":1,"handle_status":8,"order_type":"2","areaid":"320404","item_id":139},{"address":"江西省","access_date":"2017-01-06 20:31:05","account":"j***l","quantity":1,"handle_status":8,"order_type":"2","areaid":"360502","item_id":139},{"address":"黑龙江省","access_date":"2017-01-06 20:26:17","account":"z***3","quantity":1,"handle_status":8,"order_type":"2","areaid":"230805","item_id":139},{"address":"湖南省","access_date":"2017-01-06 20:00:24","account":"1***1","quantity":1,"handle_status":-6,"order_type":"2","areaid":"430105","item_id":139},{"address":"江西省","access_date":"2017-01-06 19:56:24","account":"邱***文","quantity":1,"handle_status":8,"order_type":"2","areaid":"361102","item_id":139},{"address":"北京市","access_date":"2017-01-06 19:55:31","account":"1***6","quantity":1,"handle_status":8,"order_type":"2","areaid":"110102","item_id":139},{"address":"山东省","access_date":"2017-01-06 19:45:59","account":"1***1","quantity":1,"handle_status":-6,"order_type":"2","areaid":"370902","item_id":139},{"address":"北京市","access_date":"2017-01-06 19:30:36","account":"1***7","quantity":1,"handle_status":8,"order_type":"2","areaid":"110106","item_id":139},{"address":"上海市","access_date":"2017-01-06 19:27:09","account":"d***9","quantity":1,"handle_status":8,"order_type":"2","areaid":"310113","item_id":139},{"address":"四川省","access_date":"2017-01-06 18:49:46","account":"g***8","quantity":1,"handle_status":8,"order_type":"2","areaid":"510302","item_id":139},{"address":"湖南省","access_date":"2017-01-06 18:43:20","account":"c***p","quantity":1,"handle_status":8,"order_type":"2","areaid":"430103","item_id":139},{"address":"广西壮族自治区","access_date":"2017-01-06 18:26:32","account":"1***8","quantity":1,"handle_status":8,"order_type":"2","areaid":"450325","item_id":139},{"address":"江苏省","access_date":"2017-01-06 18:12:58","account":"b***3","quantity":1,"handle_status":-6,"order_type":"2","areaid":"321281","item_id":139},{"address":"上海市","access_date":"2017-01-06 17:20:06","account":"1***2","quantity":1,"handle_status":8,"order_type":"2","areaid":"310104","item_id":139},{"address":"重庆市","access_date":"2017-01-06 17:17:52","account":"1***9","quantity":1,"handle_status":8,"order_type":"2","areaid":"500112","item_id":139},{"address":"浙江省","access_date":"2017-01-06 17:08:33","account":"z***n","quantity":2,"handle_status":8,"order_type":"2","areaid":"330282","item_id":139},{"address":"辽宁省","access_date":"2017-01-06 17:01:57","account":"1***2","quantity":1,"handle_status":8,"order_type":"2","areaid":"210202","item_id":139},{"address":"山西省","access_date":"2017-01-06 16:58:06","account":"1***0","quantity":1,"handle_status":8,"order_type":"2","areaid":"140203","item_id":139},{"address":"浙江省","access_date":"2017-01-06 16:57:13","account":"1***8","quantity":1,"handle_status":8,"order_type":"2","areaid":"330382","item_id":139},{"address":"广东省","access_date":"2017-01-06 16:52:59","account":"j***6","quantity":1,"handle_status":8,"order_type":"2","areaid":"441423","item_id":139},{"address":"山东省","access_date":"2017-01-06 16:49:37","account":"x***9","quantity":1,"handle_status":8,"order_type":"2","areaid":"371701","item_id":139},{"address":"福建省","access_date":"2017-01-06 16:45:21","account":"o***k","quantity":1,"handle_status":8,"order_type":"2","areaid":"350723","item_id":139},{"address":"江苏省","access_date":"2017-01-06 16:33:16","account":"z***1","quantity":1,"handle_status":8,"order_type":"2","areaid":"320612","item_id":139},{"address":"山东省","access_date":"2017-01-06 16:32:31","account":"1***0","quantity":1,"handle_status":8,"order_type":"2","areaid":"370103","item_id":139},{"address":"山东省","access_date":"2017-01-06 16:29:28","account":"z***q","quantity":1,"handle_status":8,"order_type":"2","areaid":"371702","item_id":139},{"address":"江西省","access_date":"2017-01-06 16:16:19","account":"j***i","quantity":1,"handle_status":8,"order_type":"2","areaid":"360502","item_id":139},{"address":"内蒙古自治区","access_date":"2017-01-06 16:15:21","account":"l***3","quantity":1,"handle_status":8,"order_type":"2","areaid":"150104","item_id":139},{"address":"湖南省","access_date":"2017-01-06 16:12:04","account":"唐***宝","quantity":1,"handle_status":8,"order_type":"2","areaid":"431224","item_id":139},{"address":"上海市","access_date":"2017-01-06 16:11:08","account":"s***r","quantity":1,"handle_status":8,"order_type":"2","areaid":"310115","item_id":139},{"address":"山西省","access_date":"2017-01-06 15:44:59","account":"l***2","quantity":1,"handle_status":8,"order_type":"2","areaid":"140106","item_id":139},{"address":"北京市","access_date":"2017-01-06 15:44:29","account":"1***7","quantity":1,"handle_status":8,"order_type":"2","areaid":"110106","item_id":139},{"address":"山东省","access_date":"2017-01-06 15:44:11","account":"1***8","quantity":1,"handle_status":8,"order_type":"2","areaid":"371201","item_id":139},{"address":"广东省","access_date":"2017-01-06 15:43:00","account":"1***9","quantity":1,"handle_status":-6,"order_type":"2","areaid":"440114","item_id":139},{"address":"北京市","access_date":"2017-01-06 15:42:57","account":"1***0","quantity":1,"handle_status":8,"order_type":"2","areaid":"110105","item_id":139},{"address":"广西壮族自治区","access_date":"2017-01-06 15:38:06","account":"1***1","quantity":1,"handle_status":8,"order_type":"2","areaid":"450325","item_id":139},{"address":"内蒙古自治区","access_date":"2017-01-06 15:36:54","account":"b***d","quantity":1,"handle_status":8,"order_type":"2","areaid":"150207","item_id":139},{"address":"江西省","access_date":"2017-01-06 15:33:23","account":"1***4","quantity":1,"handle_status":8,"order_type":"2","areaid":"360782","item_id":139},{"address":"浙江省","access_date":"2017-01-06 15:24:22","account":"孙***明","quantity":1,"handle_status":8,"order_type":"2","areaid":"330183","item_id":139},{"address":"贵州省","access_date":"2017-01-06 15:22:27","account":"黄***忠","quantity":1,"handle_status":8,"order_type":"2","areaid":"522324","item_id":139},{"address":"河南省","access_date":"2017-01-06 15:17:55","account":"1***7","quantity":1,"handle_status":8,"order_type":"2","areaid":"410902","item_id":139},{"address":"河南省","access_date":"2017-01-06 15:15:22","account":"1***7","quantity":1,"handle_status":8,"order_type":"2","areaid":"410902","item_id":139},{"address":"江苏省","access_date":"2017-01-06 15:12:39","account":"j***u","quantity":2,"handle_status":8,"order_type":"2","areaid":"320104","item_id":139},{"address":"上海市","access_date":"2017-01-06 15:05:09","account":"v***x","quantity":1,"handle_status":8,"order_type":"2","areaid":"310115","item_id":139},{"address":"浙江省","access_date":"2017-01-06 15:01:00","account":"c***p","quantity":1,"handle_status":8,"order_type":"2","areaid":"330103","item_id":139},{"address":"江苏省","access_date":"2017-01-06 14:59:38","account":"l***o","quantity":1,"handle_status":8,"order_type":"2","areaid":"320705","item_id":139},{"address":"贵州省","access_date":"2017-01-06 14:54:00","account":"1***8","quantity":1,"handle_status":8,"order_type":"2","areaid":"522324","item_id":139},{"address":"江苏省","access_date":"2017-01-06 14:45:38","account":"s***n","quantity":1,"handle_status":8,"order_type":"2","areaid":"320507","item_id":139},{"address":"山东省","access_date":"2017-01-06 14:38:38","account":"雪***峰","quantity":1,"handle_status":8,"order_type":"2","areaid":"370102","item_id":139},{"address":"山东省","access_date":"2017-01-06 14:36:24","account":"蓝***6","quantity":1,"handle_status":8,"order_type":"2","areaid":"370705","item_id":139},{"address":"湖南省","access_date":"2017-01-06 14:34:36","account":"h***8","quantity":1,"handle_status":8,"order_type":"2","areaid":"431202","item_id":139},{"address":"北京市","access_date":"2017-01-06 14:33:40","account":"1***7","quantity":1,"handle_status":8,"order_type":"2","areaid":"110106","item_id":139},{"address":"上海市","access_date":"2017-01-06 14:31:44","account":"1***5","quantity":1,"handle_status":8,"order_type":"2","areaid":"310110","item_id":139},{"address":"上海市","access_date":"2017-01-06 14:28:03","account":"y***5","quantity":1,"handle_status":8,"order_type":"2","areaid":"310115","item_id":139},{"address":"河北省","access_date":"2017-01-06 14:27:37","account":"s***2","quantity":1,"handle_status":-6,"order_type":"2","areaid":"131003","item_id":139},{"address":"江苏省","access_date":"2017-01-06 14:27:16","account":"恒***忠","quantity":1,"handle_status":8,"order_type":"2","areaid":"320412","item_id":139},{"address":"辽宁省","access_date":"2017-01-06 14:24:19","account":"t***s","quantity":1,"handle_status":-6,"order_type":"2","areaid":"211002","item_id":139},{"address":"河北省","access_date":"2017-01-06 14:24:18","account":"s***n","quantity":2,"handle_status":8,"order_type":"2","areaid":"131003","item_id":139},{"address":"内蒙古自治区","access_date":"2017-01-06 14:12:14","account":"8***8","quantity":1,"handle_status":8,"order_type":"2","areaid":"150102","item_id":139},{"address":"北京市","access_date":"2017-01-06 14:10:20","account":"1***9","quantity":1,"handle_status":8,"order_type":"2","areaid":"110105","item_id":139},{"address":"广东省","access_date":"2017-01-06 14:10:05","account":"a***g","quantity":1,"handle_status":8,"order_type":"2","areaid":"440304","item_id":139},{"address":"山西省","access_date":"2017-01-06 14:09:56","account":"9***8","quantity":1,"handle_status":8,"order_type":"2","areaid":"140107","item_id":139},{"address":"江西省","access_date":"2017-01-06 14:09:38","account":"千***要","quantity":1,"handle_status":8,"order_type":"2","areaid":"360302","item_id":139},{"address":"广东省","access_date":"2017-01-06 14:04:21","account":"凤***鸣","quantity":1,"handle_status":8,"order_type":"2","areaid":"440113","item_id":139},{"address":"上海市","access_date":"2017-01-06 14:03:01","account":"s***3","quantity":1,"handle_status":8,"order_type":"2","areaid":"310116","item_id":139},{"address":"广东省","access_date":"2017-01-06 14:02:07","account":"1***H","quantity":1,"handle_status":-6,"order_type":"2","areaid":"440306","item_id":139},{"address":"内蒙古自治区","access_date":"2017-01-06 13:51:12","account":"x***6","quantity":1,"handle_status":8,"order_type":"2","areaid":"150204","item_id":139},{"address":"山东省","access_date":"2017-01-06 13:48:50","account":"1***7","quantity":1,"handle_status":8,"order_type":"2","areaid":"370202","item_id":139},{"address":"上海市","access_date":"2017-01-06 13:46:19","account":"t***u","quantity":1,"handle_status":8,"order_type":"2","areaid":"310109","item_id":139},{"address":"北京市","access_date":"2017-01-06 13:44:30","account":"l***n","quantity":1,"handle_status":8,"order_type":"2","areaid":"110108","item_id":139},{"address":"北京市","access_date":"2017-01-06 13:43:27","account":"w***x","quantity":1,"handle_status":8,"order_type":"2","areaid":"110105","item_id":139},{"address":"河北省","access_date":"2017-01-06 13:43:22","account":"后***好","quantity":1,"handle_status":8,"order_type":"2","areaid":"130532","item_id":139},{"address":"上海市","access_date":"2017-01-06 13:28:01","account":"1***3","quantity":1,"handle_status":8,"order_type":"2","areaid":"310112","item_id":139},{"address":"北京市","access_date":"2017-01-06 13:24:49","account":"1***5","quantity":1,"handle_status":8,"order_type":"2","areaid":"110105","item_id":139},{"address":"安徽省","access_date":"2017-01-06 13:22:31","account":"灵***豆","quantity":1,"handle_status":8,"order_type":"2","areaid":"341002","item_id":139},{"address":"陕西省","access_date":"2017-01-06 13:21:42","account":"c***8","quantity":1,"handle_status":8,"order_type":"2","areaid":"611022","item_id":139},{"address":"江苏省","access_date":"2017-01-06 13:07:01","account":"1***7","quantity":1,"handle_status":8,"order_type":"2","areaid":"320106","item_id":139},{"address":"广东省","access_date":"2017-01-06 13:05:35","account":"1***2","quantity":1,"handle_status":8,"order_type":"2","areaid":"440304","item_id":139},{"address":"江苏省","access_date":"2017-01-06 13:02:37","account":"x***f","quantity":1,"handle_status":8,"order_type":"2","areaid":"320601","item_id":139},{"address":"浙江省","access_date":"2017-01-06 13:00:06","account":"y***5","quantity":1,"handle_status":8,"order_type":"2","areaid":"330784","item_id":139},{"address":"安徽省","access_date":"2017-01-06 12:59:22","account":"w***2","quantity":1,"handle_status":8,"order_type":"2","areaid":"340202","item_id":139},{"address":"上海市","access_date":"2017-01-06 12:58:46","account":"v***x","quantity":1,"handle_status":8,"order_type":"2","areaid":"310113","item_id":139},{"address":"青海省","access_date":"2017-01-06 12:57:32","account":"1***5","quantity":1,"handle_status":8,"order_type":"2","areaid":"630221","item_id":139},{"address":"河南省","access_date":"2017-01-06 12:52:57","account":"狼***生","quantity":1,"handle_status":8,"order_type":"2","areaid":"411627","item_id":139},{"address":"河南省","access_date":"2017-01-06 12:52:38","account":"n***j","quantity":1,"handle_status":8,"order_type":"2","areaid":"411302","item_id":139},{"address":"广东省","access_date":"2017-01-06 12:46:44","account":"1***8","quantity":2,"handle_status":8,"order_type":"2","areaid":"440105","item_id":139},{"address":"河南省","access_date":"2017-01-06 12:45:42","account":"b***0","quantity":1,"handle_status":8,"order_type":"2","areaid":"411627","item_id":139},{"address":"贵州省","access_date":"2017-01-06 12:37:42","account":"z***0","quantity":1,"handle_status":-6,"order_type":"2","areaid":"520222","item_id":139},{"address":"湖南省","access_date":"2017-01-06 12:32:48","account":"陈***瑛","quantity":1,"handle_status":8,"order_type":"2","areaid":"431302","item_id":139},{"address":"上海市","access_date":"2017-01-06 12:31:20","account":"1***9","quantity":1,"handle_status":8,"order_type":"2","areaid":"310115","item_id":139},{"address":"上海市","access_date":"2017-01-06 12:29:43","account":"三***方","quantity":1,"handle_status":8,"order_type":"2","areaid":"310116","item_id":139},{"address":"广东省","access_date":"2017-01-06 12:28:18","account":"r***n","quantity":1,"handle_status":8,"order_type":"2","areaid":"440183","item_id":139},{"address":"湖北省","access_date":"2017-01-06 12:27:25","account":"z***f","quantity":1,"handle_status":8,"order_type":"2","areaid":"420502","item_id":139},{"address":"湖南省","access_date":"2017-01-06 12:25:56","account":"6***2","quantity":1,"handle_status":8,"order_type":"2","areaid":"430405","item_id":139},{"address":"辽宁省","access_date":"2017-01-06 12:24:35","account":"w***i","quantity":1,"handle_status":8,"order_type":"2","areaid":"210404","item_id":139},{"address":"江西省","access_date":"2017-01-06 12:22:46","account":"l***0","quantity":1,"handle_status":8,"order_type":"2","areaid":"360101","item_id":139},{"address":"安徽省","access_date":"2017-01-06 12:22:27","account":"1***n","quantity":1,"handle_status":-6,"order_type":"2","areaid":"340603","item_id":139},{"address":"江苏省","access_date":"2017-01-06 12:21:43","account":"1***6","quantity":1,"handle_status":-6,"order_type":"2","areaid":"321281","item_id":139},{"address":"山东省","access_date":"2017-01-06 12:17:47","account":"1***9","quantity":1,"handle_status":8,"order_type":"2","areaid":"370523","item_id":139},{"address":"浙江省","access_date":"2017-01-06 12:11:15","account":"z***d","quantity":1,"handle_status":8,"order_type":"2","areaid":"330102","item_id":139},{"address":"北京市","access_date":"2017-01-06 12:09:09","account":"1***8","quantity":1,"handle_status":8,"order_type":"2","areaid":"110105","item_id":139},{"address":"江苏省","access_date":"2017-01-06 12:06:36","account":"d***2","quantity":1,"handle_status":-6,"order_type":"2","areaid":"320602","item_id":139},{"address":"江西省","access_date":"2017-01-06 11:58:28","account":"1***8","quantity":1,"handle_status":8,"order_type":"2","areaid":"360702","item_id":139},{"address":"江苏省","access_date":"2017-01-06 11:55:50","account":"l***m","quantity":1,"handle_status":8,"order_type":"2","areaid":"320902","item_id":139},{"address":"湖南省","access_date":"2017-01-06 11:49:00","account":"1***9","quantity":1,"handle_status":8,"order_type":"2","areaid":"430421","item_id":139},{"address":"上海市","access_date":"2017-01-06 11:47:26","account":"1***2","quantity":1,"handle_status":8,"order_type":"2","areaid":"310106","item_id":139},{"address":"上海市","access_date":"2017-01-06 11:45:29","account":"b***n","quantity":1,"handle_status":8,"order_type":"2","areaid":"310101","item_id":139},{"address":"河北省","access_date":"2017-01-06 11:40:38","account":"q***y","quantity":1,"handle_status":8,"order_type":"2","areaid":"130503","item_id":139},{"address":"北京市","access_date":"2017-01-06 11:39:15","account":"随***游","quantity":1,"handle_status":8,"order_type":"2","areaid":"110107","item_id":139},{"address":"山东省","access_date":"2017-01-06 11:32:52","account":"j***8","quantity":1,"handle_status":8,"order_type":"2","areaid":"370681","item_id":139},{"address":"江西省","access_date":"2017-01-06 11:32:27","account":"1***9","quantity":1,"handle_status":8,"order_type":"2","areaid":"360702","item_id":139},{"address":"山东省","access_date":"2017-01-06 11:30:08","account":"b***j","quantity":1,"handle_status":8,"order_type":"2","areaid":"371602","item_id":139},{"address":"上海市","access_date":"2017-01-06 11:20:41","account":"t***t","quantity":1,"handle_status":8,"order_type":"2","areaid":"310110","item_id":139},{"address":"四川省","access_date":"2017-01-06 11:19:49","account":"c***2","quantity":1,"handle_status":8,"order_type":"2","areaid":"510124","item_id":139},{"address":"河北省","access_date":"2017-01-06 11:19:09","account":"f***7","quantity":1,"handle_status":8,"order_type":"2","areaid":"130323","item_id":139},{"address":"山东省","access_date":"2017-01-06 11:14:12","account":"j***8","quantity":2,"handle_status":8,"order_type":"2","areaid":"370681","item_id":139},{"address":"江西省","access_date":"2017-01-06 11:14:02","account":"1***6","quantity":2,"handle_status":8,"order_type":"2","areaid":"361002","item_id":139},{"address":"安徽省","access_date":"2017-01-06 11:12:33","account":"x***5","quantity":1,"handle_status":8,"order_type":"2","areaid":"341321","item_id":139},{"address":"山东省","access_date":"2017-01-06 11:10:00","account":"l***1","quantity":1,"handle_status":8,"order_type":"2","areaid":"370704","item_id":139},{"address":"湖南省","access_date":"2017-01-06 11:08:52","account":"1***2","quantity":1,"handle_status":8,"order_type":"2","areaid":"430524","item_id":139},{"address":"福建省","access_date":"2017-01-06 11:07:04","account":"太***8","quantity":1,"handle_status":8,"order_type":"2","areaid":"350402","item_id":139},{"address":"安徽省","access_date":"2017-01-06 11:06:49","account":"涵***涵","quantity":1,"handle_status":8,"order_type":"2","areaid":"340103","item_id":139},{"address":"北京市","access_date":"2017-01-06 11:06:07","account":"小***Y","quantity":1,"handle_status":8,"order_type":"2","areaid":"110105","item_id":139},{"address":"黑龙江省","access_date":"2017-01-06 11:05:40","account":"1***3","quantity":1,"handle_status":8,"order_type":"2","areaid":"230381","item_id":139},{"address":"山东省","access_date":"2017-01-06 11:05:12","account":"m***a","quantity":1,"handle_status":8,"order_type":"2","areaid":"370883","item_id":139},{"address":"吉林省","access_date":"2017-01-06 11:05:08","account":"小***呵","quantity":1,"handle_status":8,"order_type":"2","areaid":"222401","item_id":139},{"address":"山东省","access_date":"2017-01-06 11:02:56","account":"m***6","quantity":1,"handle_status":8,"order_type":"2","areaid":"370883","item_id":139},{"address":"山东省","access_date":"2017-01-06 11:02:33","account":"k***8","quantity":1,"handle_status":8,"order_type":"2","areaid":"371302","item_id":139},{"address":"浙江省","access_date":"2017-01-06 11:00:37","account":"海***9","quantity":1,"handle_status":8,"order_type":"2","areaid":"331002","item_id":139},{"address":"四川省","access_date":"2017-01-06 10:59:37","account":"g***6","quantity":1,"handle_status":8,"order_type":"2","areaid":"510108","item_id":139},{"address":"湖南省","access_date":"2017-01-06 10:58:25","account":"w***w","quantity":1,"handle_status":8,"order_type":"2","areaid":"430405","item_id":139},{"address":"重庆市","access_date":"2017-01-06 10:56:22","account":"熊***成","quantity":1,"handle_status":8,"order_type":"2","areaid":"500105","item_id":139},{"address":"北京市","access_date":"2017-01-06 10:55:44","account":"m***1","quantity":1,"handle_status":8,"order_type":"2","areaid":"110114","item_id":139},{"address":"广东省","access_date":"2017-01-06 10:54:49","account":"1***5","quantity":2,"handle_status":8,"order_type":"2","areaid":"ff8080814cd0d0f4014cd56f66b80001","item_id":139},{"address":"山西省","access_date":"2017-01-06 10:53:21","account":"H***7","quantity":1,"handle_status":8,"order_type":"2","areaid":"140902","item_id":139},{"address":"广西壮族自治区","access_date":"2017-01-06 10:51:45","account":"z***g","quantity":1,"handle_status":8,"order_type":"2","areaid":"450102","item_id":139},{"address":"上海市","access_date":"2017-01-06 10:51:34","account":"w***y","quantity":1,"handle_status":8,"order_type":"2","areaid":"310104","item_id":139},{"address":"山东省","access_date":"2017-01-06 10:51:20","account":"1***2","quantity":1,"handle_status":8,"order_type":"2","areaid":"370523","item_id":139},{"address":"安徽省","access_date":"2017-01-06 10:51:04","account":"l***1","quantity":1,"handle_status":8,"order_type":"2","areaid":"341502","item_id":139},{"address":"山东省","access_date":"2017-01-06 10:50:50","account":"z***8","quantity":1,"handle_status":8,"order_type":"2","areaid":"370724","item_id":139},{"address":"广西壮族自治区","access_date":"2017-01-06 10:49:36","account":"l***8","quantity":1,"handle_status":8,"order_type":"2","areaid":"450105","item_id":139},{"address":"山东省","access_date":"2017-01-06 10:49:04","account":"1***0","quantity":1,"handle_status":8,"order_type":"2","areaid":"370112","item_id":139},{"address":"山东省","access_date":"2017-01-06 10:48:47","account":"k***3","quantity":1,"handle_status":8,"order_type":"2","areaid":"371602","item_id":139},{"address":"广东省","access_date":"2017-01-06 10:48:47","account":"聆***8","quantity":1,"handle_status":8,"order_type":"2","areaid":"440305","item_id":139},{"address":"浙江省","access_date":"2017-01-06 10:48:01","account":"陈***春","quantity":1,"handle_status":8,"order_type":"2","areaid":"330327","item_id":139},{"address":"上海市","access_date":"2017-01-06 10:47:42","account":"w***9","quantity":1,"handle_status":8,"order_type":"2","areaid":"310109","item_id":139},{"address":"浙江省","access_date":"2017-01-06 10:47:07","account":"z***y","quantity":1,"handle_status":8,"order_type":"2","areaid":"330726","item_id":139},{"address":"北京市","access_date":"2017-01-06 10:47:06","account":"z***n","quantity":1,"handle_status":8,"order_type":"2","areaid":"110108","item_id":139},{"address":"吉林省","access_date":"2017-01-06 10:47:01","account":"p***0","quantity":1,"handle_status":8,"order_type":"2","areaid":"220104","item_id":139},{"address":"北京市","access_date":"2017-01-06 10:45:58","account":"1***8","quantity":1,"handle_status":8,"order_type":"2","areaid":"110101","item_id":139},{"address":"辽宁省","access_date":"2017-01-06 10:45:45","account":"z***b","quantity":1,"handle_status":8,"order_type":"2","areaid":"210602","item_id":139},{"address":"云南省","access_date":"2017-01-06 10:45:31","account":"y***g","quantity":1,"handle_status":8,"order_type":"2","areaid":"530381","item_id":139},{"address":"陕西省","access_date":"2017-01-06 10:43:37","account":"1***0","quantity":1,"handle_status":8,"order_type":"2","areaid":"610113","item_id":139},{"address":"湖南省","access_date":"2017-01-06 10:43:23","account":"陈***y","quantity":1,"handle_status":8,"order_type":"2","areaid":"430407","item_id":139},{"address":"福建省","access_date":"2017-01-06 10:42:43","account":"任***摇","quantity":1,"handle_status":8,"order_type":"2","areaid":"350582","item_id":139},{"address":"山东省","access_date":"2017-01-06 10:42:04","account":"z***8","quantity":1,"handle_status":8,"order_type":"2","areaid":"370724","item_id":139},{"address":"上海市","access_date":"2017-01-06 10:40:47","account":"1***8","quantity":1,"handle_status":-6,"order_type":"2","areaid":"310107","item_id":139},{"address":"山东省","access_date":"2017-01-06 10:39:32","account":"k***3","quantity":1,"handle_status":8,"order_type":"2","areaid":"371602","item_id":139},{"address":"江苏省","access_date":"2017-01-06 10:39:16","account":"s***n","quantity":1,"handle_status":-6,"order_type":"2","areaid":"320506","item_id":139},{"address":"浙江省","access_date":"2017-01-06 10:39:09","account":"d***2","quantity":1,"handle_status":8,"order_type":"2","areaid":"330106","item_id":139},{"address":"河南省","access_date":"2017-01-06 10:38:21","account":"晨***4","quantity":1,"handle_status":8,"order_type":"2","areaid":"411421","item_id":139},{"address":"湖南省","access_date":"2017-01-06 10:37:40","account":"s***o","quantity":1,"handle_status":8,"order_type":"2","areaid":"430105","item_id":139},{"address":"山东省","access_date":"2017-01-06 10:37:34","account":"l***y","quantity":1,"handle_status":8,"order_type":"2","areaid":"370213","item_id":139},{"address":"湖南省","access_date":"2017-01-06 10:37:28","account":"c***n","quantity":1,"handle_status":8,"order_type":"2","areaid":"430407","item_id":139},{"address":"山东省","access_date":"2017-01-06 10:36:58","account":"1***6","quantity":1,"handle_status":8,"order_type":"2","areaid":"370602","item_id":139},{"address":"河北省","access_date":"2017-01-06 10:35:20","account":"王***翔","quantity":1,"handle_status":8,"order_type":"2","areaid":"130302","item_id":139},{"address":"江苏省","access_date":"2017-01-06 10:35:17","account":"1***1","quantity":1,"handle_status":8,"order_type":"2","areaid":"321324","item_id":139},{"address":"广西壮族自治区","access_date":"2017-01-06 10:34:45","account":"l***4","quantity":1,"handle_status":8,"order_type":"2","areaid":"450105","item_id":139},{"address":"上海市","access_date":"2017-01-06 10:34:32","account":"c***y","quantity":1,"handle_status":8,"order_type":"2","areaid":"310110","item_id":139},{"address":"天津市","access_date":"2017-01-06 10:34:17","account":"w***u","quantity":1,"handle_status":8,"order_type":"2","areaid":"120113","item_id":139},{"address":"广东省","access_date":"2017-01-06 10:33:58","account":"1***7","quantity":1,"handle_status":8,"order_type":"2","areaid":"ff8080814cd0d0f4014cd56f66b80001","item_id":139},{"address":"四川省","access_date":"2017-01-06 10:33:52","account":"天***9","quantity":1,"handle_status":8,"order_type":"2","areaid":"511601","item_id":139},{"address":"北京市","access_date":"2017-01-06 10:33:36","account":"g***i","quantity":1,"handle_status":8,"order_type":"2","areaid":"110105","item_id":139},{"address":"河北省","access_date":"2017-01-06 10:33:24","account":"s***n","quantity":1,"handle_status":-6,"order_type":"2","areaid":"131003","item_id":139},{"address":"江苏省","access_date":"2017-01-06 10:33:22","account":"周***峰","quantity":1,"handle_status":8,"order_type":"2","areaid":"320612","item_id":139},{"address":"江苏省","access_date":"2017-01-06 10:33:12","account":"b***3","quantity":1,"handle_status":8,"order_type":"2","areaid":"321281","item_id":139},{"address":"福建省","access_date":"2017-01-06 10:33:08","account":"l***1","quantity":1,"handle_status":8,"order_type":"2","areaid":"350103","item_id":139},{"address":"浙江省","access_date":"2017-01-06 10:33:08","account":"y***l","quantity":1,"handle_status":8,"order_type":"2","areaid":"331081","item_id":139},{"address":"上海市","access_date":"2017-01-06 10:33:06","account":"z***8","quantity":1,"handle_status":8,"order_type":"2","areaid":"310107","item_id":139},{"address":"山东省","access_date":"2017-01-06 10:33:05","account":"s***5","quantity":1,"handle_status":8,"order_type":"2","areaid":"371001","item_id":139},{"address":"辽宁省","access_date":"2017-01-06 10:33:02","account":"东***人","quantity":1,"handle_status":-6,"order_type":"2","areaid":"211382","item_id":139},{"address":"山东省","access_date":"2017-01-06 10:32:40","account":"f***g","quantity":1,"handle_status":8,"order_type":"2","areaid":"370323","item_id":139},{"address":"河北省","access_date":"2017-01-06 10:32:27","account":"s***2","quantity":1,"handle_status":-6,"order_type":"2","areaid":"131003","item_id":139},{"address":"河南省","access_date":"2017-01-06 10:32:25","account":"l***i","quantity":1,"handle_status":8,"order_type":"2","areaid":"410205","item_id":139},{"address":"湖南省","access_date":"2017-01-06 10:32:00","account":"河***叔","quantity":1,"handle_status":8,"order_type":"2","areaid":"430524","item_id":139},{"address":"辽宁省","access_date":"2017-01-06 10:31:33","account":"1***6","quantity":1,"handle_status":8,"order_type":"2","areaid":"210803","item_id":139},{"address":"湖南省","access_date":"2017-01-06 10:31:28","account":"l***u","quantity":1,"handle_status":8,"order_type":"2","areaid":"430407","item_id":139},{"address":"湖南省","access_date":"2017-01-06 10:31:18","account":"肖***林","quantity":2,"handle_status":8,"order_type":"2","areaid":"431202","item_id":139},{"address":"上海市","access_date":"2017-01-06 10:31:18","account":"1***8","quantity":1,"handle_status":8,"order_type":"2","areaid":"310116","item_id":139},{"address":"山东省","access_date":"2017-01-06 10:31:12","account":"x***6","quantity":1,"handle_status":8,"order_type":"2","areaid":"370214","item_id":139},{"address":"上海市","access_date":"2017-01-06 10:31:07","account":"s***0","quantity":1,"handle_status":8,"order_type":"2","areaid":"310107","item_id":139},{"address":"山西省","access_date":"2017-01-06 10:31:00","account":"z***5","quantity":1,"handle_status":8,"order_type":"2","areaid":"141002","item_id":139},{"address":"浙江省","access_date":"2017-01-06 10:30:57","account":"w***j","quantity":1,"handle_status":8,"order_type":"2","areaid":"330204","item_id":139},{"address":"山东省","access_date":"2017-01-06 10:30:37","account":"大***0","quantity":1,"handle_status":8,"order_type":"2","areaid":"370785","item_id":139},{"address":"河北省","access_date":"2017-01-06 10:30:10","account":"m***j","quantity":1,"handle_status":8,"order_type":"2","areaid":"130503","item_id":139},{"address":"上海市","access_date":"2017-01-06 10:30:08","account":"c***y","quantity":1,"handle_status":8,"order_type":"2","areaid":"310110","item_id":139},{"address":"上海市","access_date":"2017-01-06 10:29:43","account":"陆***健","quantity":2,"handle_status":8,"order_type":"2","areaid":"310115","item_id":139},{"address":"江苏省","access_date":"2017-01-06 10:29:40","account":"m***m","quantity":1,"handle_status":-6,"order_type":"2","areaid":"320114","item_id":139},{"address":"山东省","access_date":"2017-01-06 10:29:15","account":"s***8","quantity":1,"handle_status":8,"order_type":"2","areaid":"370602","item_id":139},{"address":"福建省","access_date":"2017-01-06 10:29:12","account":"c***3","quantity":1,"handle_status":8,"order_type":"2","areaid":"350505","item_id":139}]