[{"address":"北京市","access_date":"2016-03-10 11:18:26","account":"s***o","quantity":1,"handle_status":8,"order_type":"2","areaid":"110106","item_id":74},{"address":"江苏省","access_date":"2016-03-09 15:42:15","account":"z***l","quantity":1,"handle_status":8,"order_type":"2","areaid":"320501","item_id":74},{"address":"辽宁省","access_date":"2016-03-09 15:42:11","account":"j***s","quantity":1,"handle_status":8,"order_type":"2","areaid":"210782","item_id":74},{"address":"北京市","access_date":"2016-03-09 14:54:13","account":"l***n","quantity":1,"handle_status":8,"order_type":"2","areaid":"110106","item_id":74},{"address":"广东省","access_date":"2016-03-09 14:51:16","account":"云***波","quantity":1,"handle_status":8,"order_type":"2","areaid":"ff8080814cd0d0f4014cd56f66b80001","item_id":74},{"address":"四川省","access_date":"2016-03-09 14:48:12","account":"z***2","quantity":1,"handle_status":8,"order_type":"2","areaid":"510105","item_id":74},{"address":"江苏省","access_date":"2016-03-09 14:08:28","account":"z***x","quantity":1,"handle_status":8,"order_type":"2","areaid":"320925","item_id":74},{"address":"广东省","access_date":"2016-03-09 14:05:06","account":"1***1","quantity":2,"handle_status":8,"order_type":"2","areaid":"441422","item_id":74},{"address":"江西省","access_date":"2016-03-09 14:04:14","account":"1***4","quantity":1,"handle_status":-6,"order_type":"2","areaid":"360103","item_id":74},{"address":"江苏省","access_date":"2016-03-09 14:01:56","account":"t***h","quantity":2,"handle_status":8,"order_type":"2","areaid":"321201","item_id":74},{"address":"山东省","access_date":"2016-03-09 14:00:46","account":"y***u","quantity":1,"handle_status":8,"order_type":"2","areaid":"370502","item_id":74}]