[{"address":"北京市","access_date":"2015-09-11 11:00:14","account":"Y***e","quantity":1,"handle_status":8,"order_type":"spike","areaid":"110102","item_id":19},{"address":"北京市","access_date":"2015-09-11 11:00:11","account":"D***m","quantity":1,"handle_status":8,"order_type":"spike","areaid":"110102","item_id":19},{"address":"北京市","access_date":"2015-09-11 11:00:11","account":"P***5","quantity":1,"handle_status":8,"order_type":"spike","areaid":"110102","item_id":19},{"address":"北京市","access_date":"2015-09-11 11:00:11","account":"清***流","quantity":1,"handle_status":8,"order_type":"spike","areaid":"110102","item_id":19},{"address":"北京市","access_date":"2015-09-11 11:00:08","account":"l***0","quantity":1,"handle_status":8,"order_type":"spike","areaid":"110108","item_id":19},{"address":"北京市","access_date":"2015-09-10 11:00:17","account":"w***i","quantity":1,"handle_status":8,"order_type":"spike","areaid":"110102","item_id":19},{"address":"北京市","access_date":"2015-09-10 11:00:13","account":"z***子","quantity":1,"handle_status":8,"order_type":"spike","areaid":"110108","item_id":19},{"address":"上海市","access_date":"2015-09-10 11:00:12","account":"l***a","quantity":1,"handle_status":8,"order_type":"spike","areaid":"310107","item_id":19},{"address":"北京市","access_date":"2015-09-10 11:00:12","account":"清***流","quantity":1,"handle_status":8,"order_type":"spike","areaid":"110102","item_id":19},{"address":"重庆市","access_date":"2015-09-10 11:00:09","account":"w***k","quantity":1,"handle_status":8,"order_type":"spike","areaid":"500228","item_id":19},{"address":"上海市","access_date":"2015-08-28 11:00:23","account":"h***2","quantity":1,"handle_status":8,"order_type":"spike","areaid":"310107","item_id":19},{"address":"北京市","access_date":"2015-08-28 11:00:18","account":"l***i","quantity":1,"handle_status":8,"order_type":"spike","areaid":"110105","item_id":19},{"address":"北京市","access_date":"2015-08-28 11:00:14","account":"t***4","quantity":1,"handle_status":8,"order_type":"spike","areaid":"110102","item_id":19},{"address":"北京市","access_date":"2015-08-28 11:00:14","account":"d***9","quantity":1,"handle_status":8,"order_type":"spike","areaid":"110102","item_id":19},{"address":"北京市","access_date":"2015-08-28 11:00:10","account":"t***l","quantity":1,"handle_status":8,"order_type":"spike","areaid":"110102","item_id":19},{"address":"北京市","access_date":"2015-08-27 14:00:14","account":"z***子","quantity":1,"handle_status":8,"order_type":"spike","areaid":"110108","item_id":19},{"address":"北京市","access_date":"2015-08-27 14:00:13","account":"D***m","quantity":1,"handle_status":8,"order_type":"spike","areaid":"110102","item_id":19},{"address":"北京市","access_date":"2015-08-27 14:00:13","account":"y***g","quantity":1,"handle_status":8,"order_type":"spike","areaid":"110102","item_id":19},{"address":"北京市","access_date":"2015-08-27 14:00:10","account":"w***e","quantity":1,"handle_status":8,"order_type":"spike","areaid":"110102","item_id":19},{"address":"上海市","access_date":"2015-08-27 14:00:09","account":"h***2","quantity":1,"handle_status":8,"order_type":"spike","areaid":"310107","item_id":19},{"address":"北京市","access_date":"2015-08-24 11:00:29","account":"l***g","quantity":1,"handle_status":8,"order_type":"spike","areaid":"110102","item_id":19},{"address":"上海市","access_date":"2015-08-24 11:00:27","account":"h***2","quantity":1,"handle_status":8,"order_type":"spike","areaid":"310107","item_id":19},{"address":"北京市","access_date":"2015-08-24 11:00:18","account":"N***i","quantity":1,"handle_status":8,"order_type":"spike","areaid":"110102","item_id":19},{"address":"北京市","access_date":"2015-08-24 11:00:15","account":"s***6","quantity":1,"handle_status":8,"order_type":"spike","areaid":"110102","item_id":19},{"address":"北京市","access_date":"2015-08-24 11:00:13","account":"v***e","quantity":1,"handle_status":8,"order_type":"spike","areaid":"110105","item_id":19},{"address":"北京市","access_date":"2015-08-20 10:30:32","account":"d***9","quantity":1,"handle_status":8,"order_type":"spike","areaid":"110102","item_id":19},{"address":"北京市","access_date":"2015-08-20 10:00:52","account":"w***i","quantity":1,"handle_status":8,"order_type":"spike","areaid":"110102","item_id":19},{"address":"北京市","access_date":"2015-08-20 10:00:51","account":"s***n","quantity":1,"handle_status":8,"order_type":"spike","areaid":"110102","item_id":19},{"address":"北京市","access_date":"2015-08-20 10:00:47","account":"s***6","quantity":1,"handle_status":8,"order_type":"spike","areaid":"110102","item_id":19},{"address":"北京市","access_date":"2015-08-20 10:00:41","account":"e***2","quantity":1,"handle_status":8,"order_type":"spike","areaid":"110102","item_id":19}]